mes_destino,njud,arquivo,data,boletim,retranca,entidade,bloqueado,src
08,NJUD_PROG_20260803,BOLETIM_RADIO_TJRN_22_01_2026_B8_TSF_JULGAMENTOS_TEMAS_REPERCUSSAO_.mp3,2026-08-03,B1,TSF_JULGAMENTOS_TEMAS_REPERCUSSAO_,TJRN,NAO,H:\Meu Drive\RADIO TJRN CONTEÚDO\00_PRODUCAO_2026\01_BOLETINS_DIARIOS\03_AUDIOS_RADIO\01 - JAN - 26\BOLETIM_RADIO_TJRN_22_01_2026_B8_TSF_JULGAMENTOS_TEMAS_REPERCUSSAO_.mp3
08,NJUD_PROG_20260803,BOLETIM_RADIO_TJRN_22_01_2026_B9_TCERN_EXIGENCIA_TRANSPARENCIA_PARLAMENTARES.mp3,2026-08-03,B2,TCERN_EXIGENCIA_TRANSPARENCIA_PARLAMENTARES,TJRN,NAO,H:\Meu Drive\RADIO TJRN CONTEÚDO\00_PRODUCAO_2026\01_BOLETINS_DIARIOS\03_AUDIOS_RADIO\01 - JAN - 26\BOLETIM_RADIO_TJRN_22_01_2026_B9_TCERN_EXIGENCIA_TRANSPARENCIA_PARLAMENTARES.mp3
08,NJUD_PROG_20260803,BOLETIM_RADIO_TJRN_23_01_2026_B1_GESTAO_DOCUMENTAL_RECICLAGEM.mp3,2026-08-03,B3,GESTAO_DOCUMENTAL_RECICLAGEM,TJRN,NAO,H:\Meu Drive\RADIO TJRN CONTEÚDO\00_PRODUCAO_2026\01_BOLETINS_DIARIOS\03_AUDIOS_RADIO\01 - JAN - 26\BOLETIM_RADIO_TJRN_23_01_2026_B1_GESTAO_DOCUMENTAL_RECICLAGEM.mp3
08,NJUD_PROG_20260803,BOLETIM_RADIO_TJRN_23_01_2026_B2_PAGAMENTO_IPTU_PENDENTES.mp3,2026-08-03,B4,PAGAMENTO_IPTU_PENDENTES,TJRN,NAO,H:\Meu Drive\RADIO TJRN CONTEÚDO\00_PRODUCAO_2026\01_BOLETINS_DIARIOS\03_AUDIOS_RADIO\01 - JAN - 26\BOLETIM_RADIO_TJRN_23_01_2026_B2_PAGAMENTO_IPTU_PENDENTES.mp3
08,NJUD_PROG_20260804,BOLETIM_RADIO_TJRN_23_01_2026_B3_INDENIZACAO_CANCER_PROSTATA.mp3,2026-08-04,B1,INDENIZACAO_CANCER_PROSTATA,TJRN,NAO,H:\Meu Drive\RADIO TJRN CONTEÚDO\00_PRODUCAO_2026\01_BOLETINS_DIARIOS\03_AUDIOS_RADIO\01 - JAN - 26\BOLETIM_RADIO_TJRN_23_01_2026_B3_INDENIZACAO_CANCER_PROSTATA.mp3
08,NJUD_PROG_20260804,BOLETIM_RADIO_TJRN_26_01_2026_B10_TTRRN_SOLENIDADE_PLENO_ABERTURA_.mp3,2026-08-04,B2,TTRRN_SOLENIDADE_PLENO_ABERTURA_,TJRN,NAO,H:\Meu Drive\RADIO TJRN CONTEÚDO\00_PRODUCAO_2026\01_BOLETINS_DIARIOS\03_AUDIOS_RADIO\01 - JAN - 26\BOLETIM_RADIO_TJRN_26_01_2026_B10_TTRRN_SOLENIDADE_PLENO_ABERTURA_.mp3
08,NJUD_PROG_20260804,BOLETIM_RADIO_TJRN_26_01_2026_B1_CURSO_CAPACITACAO_NUPEC_ESMARN.mp3,2026-08-04,B3,CURSO_CAPACITACAO_NUPEC_ESMARN,TJRN,NAO,H:\Meu Drive\RADIO TJRN CONTEÚDO\00_PRODUCAO_2026\01_BOLETINS_DIARIOS\03_AUDIOS_RADIO\01 - JAN - 26\BOLETIM_RADIO_TJRN_26_01_2026_B1_CURSO_CAPACITACAO_NUPEC_ESMARN.mp3
08,NJUD_PROG_20260804,BOLETIM_RADIO_TJRN_26_01_2026_B2_ESTAGIO_DIREITO_6_JUIZADO.mp3,2026-08-04,B4,ESTAGIO_DIREITO_6_JUIZADO,TJRN,NAO,H:\Meu Drive\RADIO TJRN CONTEÚDO\00_PRODUCAO_2026\01_BOLETINS_DIARIOS\03_AUDIOS_RADIO\01 - JAN - 26\BOLETIM_RADIO_TJRN_26_01_2026_B2_ESTAGIO_DIREITO_6_JUIZADO.mp3
08,NJUD_PROG_20260805,BOLETIM_RADIO_TJRN_26_01_2026_B3_RESSONANCIA_PACIENTE_IDOSA.mp3,2026-08-05,B1,RESSONANCIA_PACIENTE_IDOSA,TJRN,NAO,H:\Meu Drive\RADIO TJRN CONTEÚDO\00_PRODUCAO_2026\01_BOLETINS_DIARIOS\03_AUDIOS_RADIO\01 - JAN - 26\BOLETIM_RADIO_TJRN_26_01_2026_B3_RESSONANCIA_PACIENTE_IDOSA.mp3
08,NJUD_PROG_20260805,BOLETIM_RADIO_TJRN_26_01_2026_B4_LIXAO_CEU_ABERTO.mp3,2026-08-05,B2,LIXAO_CEU_ABERTO,TJRN,NAO,H:\Meu Drive\RADIO TJRN CONTEÚDO\00_PRODUCAO_2026\01_BOLETINS_DIARIOS\03_AUDIOS_RADIO\01 - JAN - 26\BOLETIM_RADIO_TJRN_26_01_2026_B4_LIXAO_CEU_ABERTO.mp3
08,NJUD_PROG_20260805,BOLETIM_RADIO_TJRN_26_01_2026_B5_CONTRATACAO_SOFTWARE_ANGICOS.mp3,2026-08-05,B3,CONTRATACAO_SOFTWARE_ANGICOS,TJRN,NAO,H:\Meu Drive\RADIO TJRN CONTEÚDO\00_PRODUCAO_2026\01_BOLETINS_DIARIOS\03_AUDIOS_RADIO\01 - JAN - 26\BOLETIM_RADIO_TJRN_26_01_2026_B5_CONTRATACAO_SOFTWARE_ANGICOS.mp3
08,NJUD_PROG_20260805,BOLETIM_RADIO_TJRN_26_01_2026_B6_SELECAO_TABELIAES_ALEXANDRIA.mp3,2026-08-05,B4,SELECAO_TABELIAES_ALEXANDRIA,TJRN,NAO,H:\Meu Drive\RADIO TJRN CONTEÚDO\00_PRODUCAO_2026\01_BOLETINS_DIARIOS\03_AUDIOS_RADIO\01 - JAN - 26\BOLETIM_RADIO_TJRN_26_01_2026_B6_SELECAO_TABELIAES_ALEXANDRIA.mp3
08,NJUD_PROG_20260806,BOLETIM_RADIO_TJRN_26_01_2026_B7_ESTAGIO_2_VARA_MOSSORO.mp3,2026-08-06,B1,ESTAGIO_2_VARA_MOSSORO,TJRN,NAO,H:\Meu Drive\RADIO TJRN CONTEÚDO\00_PRODUCAO_2026\01_BOLETINS_DIARIOS\03_AUDIOS_RADIO\01 - JAN - 26\BOLETIM_RADIO_TJRN_26_01_2026_B7_ESTAGIO_2_VARA_MOSSORO.mp3
08,NJUD_PROG_20260806,BOLETIM_RADIO_TJRN_26_01_2026_B8_TJRN_DOIS_JUIZES_EMPOSSADOS.mp3,2026-08-06,B2,TJRN_DOIS_JUIZES_EMPOSSADOS,TJRN,NAO,H:\Meu Drive\RADIO TJRN CONTEÚDO\00_PRODUCAO_2026\01_BOLETINS_DIARIOS\03_AUDIOS_RADIO\01 - JAN - 26\BOLETIM_RADIO_TJRN_26_01_2026_B8_TJRN_DOIS_JUIZES_EMPOSSADOS.mp3
08,NJUD_PROG_20260806,BOLETIM_RADIO_TJRN_26_01_2026_B9_OABRN_VISITA_DELEGACIA_PLANTAO_.mp3,2026-08-06,B3,OABRN_VISITA_DELEGACIA_PLANTAO_,TJRN,NAO,H:\Meu Drive\RADIO TJRN CONTEÚDO\00_PRODUCAO_2026\01_BOLETINS_DIARIOS\03_AUDIOS_RADIO\01 - JAN - 26\BOLETIM_RADIO_TJRN_26_01_2026_B9_OABRN_VISITA_DELEGACIA_PLANTAO_.mp3
08,NJUD_PROG_20260806,BOLETIM_RADIO_TJRN_27_01_2026_B10_PENAS_PECUNIARIAS_PARNAMIRIM.mp3,2026-08-06,B4,PENAS_PECUNIARIAS_PARNAMIRIM,TJRN,NAO,H:\Meu Drive\RADIO TJRN CONTEÚDO\00_PRODUCAO_2026\01_BOLETINS_DIARIOS\03_AUDIOS_RADIO\01 - JAN - 26\BOLETIM_RADIO_TJRN_27_01_2026_B10_PENAS_PECUNIARIAS_PARNAMIRIM.mp3
08,NJUD_PROG_20260807,BOLETIM_RADIO_TJRN_27_01_2026_B1_TCERN_AUDITORIA_PREVIDENCIA_ITAU_.mp3,2026-08-07,B1,TCERN_AUDITORIA_PREVIDENCIA_ITAU_,TJRN,NAO,H:\Meu Drive\RADIO TJRN CONTEÚDO\00_PRODUCAO_2026\01_BOLETINS_DIARIOS\03_AUDIOS_RADIO\01 - JAN - 26\BOLETIM_RADIO_TJRN_27_01_2026_B1_TCERN_AUDITORIA_PREVIDENCIA_ITAU_.mp3
08,NJUD_PROG_20260807,BOLETIM_RADIO_TJRN_27_01_2026_B2_MPRN_PROMOVE_AUDIENCIA_ENSINO_PUBLICO_.mp3,2026-08-07,B2,MPRN_PROMOVE_AUDIENCIA_ENSINO_PUBLICO_,TJRN,NAO,H:\Meu Drive\RADIO TJRN CONTEÚDO\00_PRODUCAO_2026\01_BOLETINS_DIARIOS\03_AUDIOS_RADIO\01 - JAN - 26\BOLETIM_RADIO_TJRN_27_01_2026_B2_MPRN_PROMOVE_AUDIENCIA_ENSINO_PUBLICO_.mp3
08,NJUD_PROG_20260807,BOLETIM_RADIO_TJRN_27_01_2026_B4_TRTRN_EMPRESA_ISENTA_MORTE_VIGILANTE.mp3,2026-08-07,B3,TRTRN_EMPRESA_ISENTA_MORTE_VIGILANTE,TJRN,NAO,H:\Meu Drive\RADIO TJRN CONTEÚDO\00_PRODUCAO_2026\01_BOLETINS_DIARIOS\03_AUDIOS_RADIO\01 - JAN - 26\BOLETIM_RADIO_TJRN_27_01_2026_B4_TRTRN_EMPRESA_ISENTA_MORTE_VIGILANTE.mp3
08,NJUD_PROG_20260807,BOLETIM_RADIO_TJRN_27_01_2026_B6_INDENIZACAO_EMPRESTIMO_FRAUDULENTO.mp3,2026-08-07,B4,INDENIZACAO_EMPRESTIMO_FRAUDULENTO,TJRN,NAO,H:\Meu Drive\RADIO TJRN CONTEÚDO\00_PRODUCAO_2026\01_BOLETINS_DIARIOS\03_AUDIOS_RADIO\01 - JAN - 26\BOLETIM_RADIO_TJRN_27_01_2026_B6_INDENIZACAO_EMPRESTIMO_FRAUDULENTO.mp3
08,NJUD_PROG_20260810,BOLETIM_RADIO_TJRN_27_01_2026_B7_CLINICA_CONDENACAO_MORTE_FILHOTES.mp3,2026-08-10,B1,CLINICA_CONDENACAO_MORTE_FILHOTES,TJRN,NAO,H:\Meu Drive\RADIO TJRN CONTEÚDO\00_PRODUCAO_2026\01_BOLETINS_DIARIOS\03_AUDIOS_RADIO\01 - JAN - 26\BOLETIM_RADIO_TJRN_27_01_2026_B7_CLINICA_CONDENACAO_MORTE_FILHOTES.mp3
08,NJUD_PROG_20260810,BOLETIM_RADIO_TJRN_27_01_2026_B8_IMPROBIDADE_EX_PRESIDENTE_CAMARA_SAO_GONCALO.mp3,2026-08-10,B2,IMPROBIDADE_EX_PRESIDENTE_CAMARA_SAO_GONCALO,TJRN,NAO,H:\Meu Drive\RADIO TJRN CONTEÚDO\00_PRODUCAO_2026\01_BOLETINS_DIARIOS\03_AUDIOS_RADIO\01 - JAN - 26\BOLETIM_RADIO_TJRN_27_01_2026_B8_IMPROBIDADE_EX_PRESIDENTE_CAMARA_SAO_GONCALO.mp3
08,NJUD_PROG_20260810,BOLETIM_RADIO_TJRN_27_01_2026_B9_RESSARCIMENTO_NEGADO_ASSESSOR_POLITICO.mp3,2026-08-10,B3,RESSARCIMENTO_NEGADO_ASSESSOR_POLITICO,TJRN,NAO,H:\Meu Drive\RADIO TJRN CONTEÚDO\00_PRODUCAO_2026\01_BOLETINS_DIARIOS\03_AUDIOS_RADIO\01 - JAN - 26\BOLETIM_RADIO_TJRN_27_01_2026_B9_RESSARCIMENTO_NEGADO_ASSESSOR_POLITICO.mp3
08,NJUD_PROG_20260810,BOLETIM_RADIO_TJRN_28_01_2026_B10_TJRN_ESTABELECE_ORIENTACOES_CARNAVAL.mp3,2026-08-10,B4,TJRN_ESTABELECE_ORIENTACOES_CARNAVAL,TJRN,NAO,H:\Meu Drive\RADIO TJRN CONTEÚDO\00_PRODUCAO_2026\01_BOLETINS_DIARIOS\03_AUDIOS_RADIO\01 - JAN - 26\BOLETIM_RADIO_TJRN_28_01_2026_B10_TJRN_ESTABELECE_ORIENTACOES_CARNAVAL.mp3
08,NJUD_PROG_20260811,BOLETIM_RADIO_TJRN_28_01_2026_B1_3_VARA_PARNAMIRIM_ESTAGIO_.mp3,2026-08-11,B1,3_VARA_PARNAMIRIM_ESTAGIO_,TJRN,NAO,H:\Meu Drive\RADIO TJRN CONTEÚDO\00_PRODUCAO_2026\01_BOLETINS_DIARIOS\03_AUDIOS_RADIO\01 - JAN - 26\BOLETIM_RADIO_TJRN_28_01_2026_B1_3_VARA_PARNAMIRIM_ESTAGIO_.mp3
08,NJUD_PROG_20260811,BOLETIM_RADIO_TJRN_28_01_2026_B2_DPERN_EDITAL_LOCACAO_FLORANIA_.mp3,2026-08-11,B2,DPERN_EDITAL_LOCACAO_FLORANIA_,TJRN,NAO,H:\Meu Drive\RADIO TJRN CONTEÚDO\00_PRODUCAO_2026\01_BOLETINS_DIARIOS\03_AUDIOS_RADIO\01 - JAN - 26\BOLETIM_RADIO_TJRN_28_01_2026_B2_DPERN_EDITAL_LOCACAO_FLORANIA_.mp3
08,NJUD_PROG_20260811,BOLETIM_RADIO_TJRN_28_01_2026_B3_MPRN_PROCESSO_SIMPLIFICADO_.mp3,2026-08-11,B3,MPRN_PROCESSO_SIMPLIFICADO_,TJRN,NAO,H:\Meu Drive\RADIO TJRN CONTEÚDO\00_PRODUCAO_2026\01_BOLETINS_DIARIOS\03_AUDIOS_RADIO\01 - JAN - 26\BOLETIM_RADIO_TJRN_28_01_2026_B3_MPRN_PROCESSO_SIMPLIFICADO_.mp3
08,NJUD_PROG_20260811,BOLETIM_RADIO_TJRN_28_01_2026_B4_CNJ_JUDICIARIO_MENOR_ESTOQUE.mp3,2026-08-11,B4,CNJ_JUDICIARIO_MENOR_ESTOQUE,TJRN,NAO,H:\Meu Drive\RADIO TJRN CONTEÚDO\00_PRODUCAO_2026\01_BOLETINS_DIARIOS\03_AUDIOS_RADIO\01 - JAN - 26\BOLETIM_RADIO_TJRN_28_01_2026_B4_CNJ_JUDICIARIO_MENOR_ESTOQUE.mp3
08,NJUD_PROG_20260812,BOLETIM_RADIO_TJRN_28_01_2026_B5_TJRN_RECURSOS_PENAS_ACARI.mp3,2026-08-12,B1,TJRN_RECURSOS_PENAS_ACARI,TJRN,NAO,H:\Meu Drive\RADIO TJRN CONTEÚDO\00_PRODUCAO_2026\01_BOLETINS_DIARIOS\03_AUDIOS_RADIO\01 - JAN - 26\BOLETIM_RADIO_TJRN_28_01_2026_B5_TJRN_RECURSOS_PENAS_ACARI.mp3
08,NJUD_PROG_20260812,BOLETIM_RADIO_TJRN_28_01_2026_B6_TJRN_PARNAMIRIM_CIRURGIA_IDOSA.mp3,2026-08-12,B2,TJRN_PARNAMIRIM_CIRURGIA_IDOSA,TJRN,NAO,H:\Meu Drive\RADIO TJRN CONTEÚDO\00_PRODUCAO_2026\01_BOLETINS_DIARIOS\03_AUDIOS_RADIO\01 - JAN - 26\BOLETIM_RADIO_TJRN_28_01_2026_B6_TJRN_PARNAMIRIM_CIRURGIA_IDOSA.mp3
08,NJUD_PROG_20260812,BOLETIM_RADIO_TJRN_28_01_2026_B7_TJRN_PLANO_SAUDE_CONDENADO.mp3,2026-08-12,B3,TJRN_PLANO_SAUDE_CONDENADO,TJRN,NAO,H:\Meu Drive\RADIO TJRN CONTEÚDO\00_PRODUCAO_2026\01_BOLETINS_DIARIOS\03_AUDIOS_RADIO\01 - JAN - 26\BOLETIM_RADIO_TJRN_28_01_2026_B7_TJRN_PLANO_SAUDE_CONDENADO.mp3
08,NJUD_PROG_20260812,BOLETIM_RADIO_TJRN_28_01_2026_B8_TJRN_COMPANHIA_AEREA_INDENIZACAO_.mp3,2026-08-12,B4,TJRN_COMPANHIA_AEREA_INDENIZACAO_,TJRN,NAO,H:\Meu Drive\RADIO TJRN CONTEÚDO\00_PRODUCAO_2026\01_BOLETINS_DIARIOS\03_AUDIOS_RADIO\01 - JAN - 26\BOLETIM_RADIO_TJRN_28_01_2026_B8_TJRN_COMPANHIA_AEREA_INDENIZACAO_.mp3
08,NJUD_PROG_20260813,BOLETIM_RADIO_TJRN_28_01_2026_B9_TJRN_DECLARA_INCONSTITUCIONAL_CARGOS_.mp3,2026-08-13,B1,TJRN_DECLARA_INCONSTITUCIONAL_CARGOS_,TJRN,NAO,H:\Meu Drive\RADIO TJRN CONTEÚDO\00_PRODUCAO_2026\01_BOLETINS_DIARIOS\03_AUDIOS_RADIO\01 - JAN - 26\BOLETIM_RADIO_TJRN_28_01_2026_B9_TJRN_DECLARA_INCONSTITUCIONAL_CARGOS_.mp3
08,NJUD_PROG_20260813,BOLETIM_RADIO_TJRN_29_01_2026_B10_REGRAS_CRIANCAS_CARNAVAL.mp3,2026-08-13,B2,REGRAS_CRIANCAS_CARNAVAL,TJRN,NAO,H:\Meu Drive\RADIO TJRN CONTEÚDO\00_PRODUCAO_2026\01_BOLETINS_DIARIOS\03_AUDIOS_RADIO\01 - JAN - 26\BOLETIM_RADIO_TJRN_29_01_2026_B10_REGRAS_CRIANCAS_CARNAVAL.mp3
08,NJUD_PROG_20260813,BOLETIM_RADIO_TJRN_29_01_2026_B1_LEILAO_TERRENO_BARAUNA.mp3,2026-08-13,B3,LEILAO_TERRENO_BARAUNA,TJRN,NAO,H:\Meu Drive\RADIO TJRN CONTEÚDO\00_PRODUCAO_2026\01_BOLETINS_DIARIOS\03_AUDIOS_RADIO\01 - JAN - 26\BOLETIM_RADIO_TJRN_29_01_2026_B1_LEILAO_TERRENO_BARAUNA.mp3
08,NJUD_PROG_20260813,BOLETIM_RADIO_TJRN_29_01_2026_B2_CNJ_SUSPENSAO_PRAZOS_PROCESSUAIS_INSS.mp3,2026-08-13,B4,CNJ_SUSPENSAO_PRAZOS_PROCESSUAIS_INSS,TJRN,NAO,H:\Meu Drive\RADIO TJRN CONTEÚDO\00_PRODUCAO_2026\01_BOLETINS_DIARIOS\03_AUDIOS_RADIO\01 - JAN - 26\BOLETIM_RADIO_TJRN_29_01_2026_B2_CNJ_SUSPENSAO_PRAZOS_PROCESSUAIS_INSS.mp3
08,NJUD_PROG_20260814,BOLETIM_RADIO_TJRN_29_01_2026_B3_SELECAO_TABELIAO_SERRA_NEGRA.mp3,2026-08-14,B1,SELECAO_TABELIAO_SERRA_NEGRA,TJRN,NAO,H:\Meu Drive\RADIO TJRN CONTEÚDO\00_PRODUCAO_2026\01_BOLETINS_DIARIOS\03_AUDIOS_RADIO\01 - JAN - 26\BOLETIM_RADIO_TJRN_29_01_2026_B3_SELECAO_TABELIAO_SERRA_NEGRA.mp3
08,NJUD_PROG_20260814,BOLETIM_RADIO_TJRN_29_01_2026_B4_PARECERIA_SECRETARIA_CULTURA.mp3,2026-08-14,B2,PARECERIA_SECRETARIA_CULTURA,TJRN,NAO,H:\Meu Drive\RADIO TJRN CONTEÚDO\00_PRODUCAO_2026\01_BOLETINS_DIARIOS\03_AUDIOS_RADIO\01 - JAN - 26\BOLETIM_RADIO_TJRN_29_01_2026_B4_PARECERIA_SECRETARIA_CULTURA.mp3
08,NJUD_PROG_20260814,BOLETIM_RADIO_TJRN_29_01_2026_B5_PLATAFORMA_NAO_EXCLUSAO_CONTAS_GOLPE.mp3,2026-08-14,B3,PLATAFORMA_NAO_EXCLUSAO_CONTAS_GOLPE,TJRN,NAO,H:\Meu Drive\RADIO TJRN CONTEÚDO\00_PRODUCAO_2026\01_BOLETINS_DIARIOS\03_AUDIOS_RADIO\01 - JAN - 26\BOLETIM_RADIO_TJRN_29_01_2026_B5_PLATAFORMA_NAO_EXCLUSAO_CONTAS_GOLPE.mp3
08,NJUD_PROG_20260814,BOLETIM_RADIO_TJRN_29_01_2026_B6_INDENIZACAO_MOTORISTA_FALHAS_REPAROS.mp3,2026-08-14,B4,INDENIZACAO_MOTORISTA_FALHAS_REPAROS,TJRN,NAO,H:\Meu Drive\RADIO TJRN CONTEÚDO\00_PRODUCAO_2026\01_BOLETINS_DIARIOS\03_AUDIOS_RADIO\01 - JAN - 26\BOLETIM_RADIO_TJRN_29_01_2026_B6_INDENIZACAO_MOTORISTA_FALHAS_REPAROS.mp3
08,NJUD_PROG_20260817,BOLETIM_RADIO_TJRN_29_01_2026_B7_LEI_POLUICAO_SONORA_DERRUBADA.mp3,2026-08-17,B1,LEI_POLUICAO_SONORA_DERRUBADA,TJRN,NAO,H:\Meu Drive\RADIO TJRN CONTEÚDO\00_PRODUCAO_2026\01_BOLETINS_DIARIOS\03_AUDIOS_RADIO\01 - JAN - 26\BOLETIM_RADIO_TJRN_29_01_2026_B7_LEI_POLUICAO_SONORA_DERRUBADA.mp3
08,NJUD_PROG_20260817,BOLETIM_RADIO_TJRN_29_01_2026_B8_EMPRESA_ONLINE_CONDENADA_DANOS_MORAIS.mp3,2026-08-17,B2,EMPRESA_ONLINE_CONDENADA_DANOS_MORAIS,TJRN,NAO,H:\Meu Drive\RADIO TJRN CONTEÚDO\00_PRODUCAO_2026\01_BOLETINS_DIARIOS\03_AUDIOS_RADIO\01 - JAN - 26\BOLETIM_RADIO_TJRN_29_01_2026_B8_EMPRESA_ONLINE_CONDENADA_DANOS_MORAIS.mp3
08,NJUD_PROG_20260817,BOLETIM_RADIO_TJRN_29_01_2026_B9_FORNECIMENTO_TRATAMENTO_OFTALMOLOGICO.mp3,2026-08-17,B3,FORNECIMENTO_TRATAMENTO_OFTALMOLOGICO,TJRN,NAO,H:\Meu Drive\RADIO TJRN CONTEÚDO\00_PRODUCAO_2026\01_BOLETINS_DIARIOS\03_AUDIOS_RADIO\01 - JAN - 26\BOLETIM_RADIO_TJRN_29_01_2026_B9_FORNECIMENTO_TRATAMENTO_OFTALMOLOGICO.mp3
08,NJUD_PROG_20260817,BOLETIM_RADIO_TJRN_30_01_2026_B1_TJRN_AMPLIA_PRODUTIVIDADE.mp3,2026-08-17,B4,TJRN_AMPLIA_PRODUTIVIDADE,TJRN,NAO,H:\Meu Drive\RADIO TJRN CONTEÚDO\00_PRODUCAO_2026\01_BOLETINS_DIARIOS\03_AUDIOS_RADIO\01 - JAN - 26\BOLETIM_RADIO_TJRN_30_01_2026_B1_TJRN_AMPLIA_PRODUTIVIDADE.mp3
08,NJUD_PROG_20260818,BOLETIM_RADIO_TJRN_30_01_2026_B2_TJRN_SESSAO_CRIMINAL_ANTECIPADA.mp3,2026-08-18,B1,TJRN_SESSAO_CRIMINAL_ANTECIPADA,TJRN,NAO,H:\Meu Drive\RADIO TJRN CONTEÚDO\00_PRODUCAO_2026\01_BOLETINS_DIARIOS\03_AUDIOS_RADIO\01 - JAN - 26\BOLETIM_RADIO_TJRN_30_01_2026_B2_TJRN_SESSAO_CRIMINAL_ANTECIPADA.mp3
08,NJUD_PROG_20260818,BOLETIM_RADIO_TJRN_23_02_2026_B10_CONDENACAO_FALSO_TERAPEUTA.mp3,2026-08-18,B2,CONDENACAO_FALSO_TERAPEUTA,TJRN,NAO,H:\Meu Drive\RADIO TJRN CONTEÚDO\00_PRODUCAO_2026\01_BOLETINS_DIARIOS\03_AUDIOS_RADIO\02 - FEV - 26\BOLETIM_RADIO_TJRN_23_02_2026_B10_CONDENACAO_FALSO_TERAPEUTA.mp3
08,NJUD_PROG_20260818,BOLETIM_RADIO_TJRN_23_02_2026_B1_TJRN_LAUDO_MEDICO_ASSISTENTE.mp3,2026-08-18,B3,TJRN_LAUDO_MEDICO_ASSISTENTE,TJRN,NAO,H:\Meu Drive\RADIO TJRN CONTEÚDO\00_PRODUCAO_2026\01_BOLETINS_DIARIOS\03_AUDIOS_RADIO\02 - FEV - 26\BOLETIM_RADIO_TJRN_23_02_2026_B1_TJRN_LAUDO_MEDICO_ASSISTENTE.mp3
08,NJUD_PROG_20260818,BOLETIM_RADIO_TJRN_23_02_2026_B2_TJRN_MULHER_CONDENADA_DETENCAO_.mp3,2026-08-18,B4,TJRN_MULHER_CONDENADA_DETENCAO_,TJRN,NAO,H:\Meu Drive\RADIO TJRN CONTEÚDO\00_PRODUCAO_2026\01_BOLETINS_DIARIOS\03_AUDIOS_RADIO\02 - FEV - 26\BOLETIM_RADIO_TJRN_23_02_2026_B2_TJRN_MULHER_CONDENADA_DETENCAO_.mp3
08,NJUD_PROG_20260819,BOLETIM_RADIO_TJRN_23_02_2026_B3_TJRN_PLANO_SAUDE_CUSTEAR_TRATAMENTO.mp3,2026-08-19,B1,TJRN_PLANO_SAUDE_CUSTEAR_TRATAMENTO,TJRN,NAO,H:\Meu Drive\RADIO TJRN CONTEÚDO\00_PRODUCAO_2026\01_BOLETINS_DIARIOS\03_AUDIOS_RADIO\02 - FEV - 26\BOLETIM_RADIO_TJRN_23_02_2026_B3_TJRN_PLANO_SAUDE_CUSTEAR_TRATAMENTO.mp3
08,NJUD_PROG_20260819,BOLETIM_RADIO_TJRN_23_02_2026_B4_TJRN_SEMANA_MULHER_2026.mp3,2026-08-19,B2,TJRN_SEMANA_MULHER_2026,TJRN,NAO,H:\Meu Drive\RADIO TJRN CONTEÚDO\00_PRODUCAO_2026\01_BOLETINS_DIARIOS\03_AUDIOS_RADIO\02 - FEV - 26\BOLETIM_RADIO_TJRN_23_02_2026_B4_TJRN_SEMANA_MULHER_2026.mp3
08,NJUD_PROG_20260819,BOLETIM_RADIO_TJRN_23_02_2026_B5_ESTAGIO_CEJUSC_CURRAIS_NOVOS.mp3,2026-08-19,B3,ESTAGIO_CEJUSC_CURRAIS_NOVOS,TJRN,NAO,H:\Meu Drive\RADIO TJRN CONTEÚDO\00_PRODUCAO_2026\01_BOLETINS_DIARIOS\03_AUDIOS_RADIO\02 - FEV - 26\BOLETIM_RADIO_TJRN_23_02_2026_B5_ESTAGIO_CEJUSC_CURRAIS_NOVOS.mp3
08,NJUD_PROG_20260819,BOLETIM_RADIO_TJRN_23_02_2026_B6_FORNECIMENTO_ENERGIA_ESCOLAS.mp3,2026-08-19,B4,FORNECIMENTO_ENERGIA_ESCOLAS,TJRN,NAO,H:\Meu Drive\RADIO TJRN CONTEÚDO\00_PRODUCAO_2026\01_BOLETINS_DIARIOS\03_AUDIOS_RADIO\02 - FEV - 26\BOLETIM_RADIO_TJRN_23_02_2026_B6_FORNECIMENTO_ENERGIA_ESCOLAS.mp3
08,NJUD_PROG_20260820,BOLETIM_RADIO_TJRN_23_02_2026_B7_DANOS_MORAIS_ATRASO_VOO.mp3,2026-08-20,B1,DANOS_MORAIS_ATRASO_VOO,TJRN,NAO,H:\Meu Drive\RADIO TJRN CONTEÚDO\00_PRODUCAO_2026\01_BOLETINS_DIARIOS\03_AUDIOS_RADIO\02 - FEV - 26\BOLETIM_RADIO_TJRN_23_02_2026_B7_DANOS_MORAIS_ATRASO_VOO.mp3
08,NJUD_PROG_20260820,BOLETIM_RADIO_TJRN_23_02_2026_B8_COSERN_DANOS_MORAIS.mp3,2026-08-20,B2,COSERN_DANOS_MORAIS,TJRN,NAO,H:\Meu Drive\RADIO TJRN CONTEÚDO\00_PRODUCAO_2026\01_BOLETINS_DIARIOS\03_AUDIOS_RADIO\02 - FEV - 26\BOLETIM_RADIO_TJRN_23_02_2026_B8_COSERN_DANOS_MORAIS.mp3
08,NJUD_PROG_20260820,BOLETIM_RADIO_TJRN_23_02_2026_B9_INDENIZACAO_FALHAS_PANO_SAUDE.mp3,2026-08-20,B3,INDENIZACAO_FALHAS_PANO_SAUDE,TJRN,NAO,H:\Meu Drive\RADIO TJRN CONTEÚDO\00_PRODUCAO_2026\01_BOLETINS_DIARIOS\03_AUDIOS_RADIO\02 - FEV - 26\BOLETIM_RADIO_TJRN_23_02_2026_B9_INDENIZACAO_FALHAS_PANO_SAUDE.mp3
08,NJUD_PROG_20260820,BOLETIM_RADIO_TJRN_24_02_2026_B10_ESMARN_ATUALIZACAO_SITE.mp3,2026-08-20,B4,ESMARN_ATUALIZACAO_SITE,TJRN,NAO,H:\Meu Drive\RADIO TJRN CONTEÚDO\00_PRODUCAO_2026\01_BOLETINS_DIARIOS\03_AUDIOS_RADIO\02 - FEV - 26\BOLETIM_RADIO_TJRN_24_02_2026_B10_ESMARN_ATUALIZACAO_SITE.mp3
08,NJUD_PROG_20260821,BOLETIM_RADIO_TJRN_24_02_2026_B1_TJRN_SAO_JOSE_PROCESSO_SELETIVO_.mp3,2026-08-21,B1,TJRN_SAO_JOSE_PROCESSO_SELETIVO_,TJRN,NAO,H:\Meu Drive\RADIO TJRN CONTEÚDO\00_PRODUCAO_2026\01_BOLETINS_DIARIOS\03_AUDIOS_RADIO\02 - FEV - 26\BOLETIM_RADIO_TJRN_24_02_2026_B1_TJRN_SAO_JOSE_PROCESSO_SELETIVO_.mp3
08,NJUD_PROG_20260821,BOLETIM_RADIO_TJRN_24_02_2026_B2_TJRN_ACOLHE_APELO_MP_.mp3,2026-08-21,B2,TJRN_ACOLHE_APELO_MP_,TJRN,NAO,H:\Meu Drive\RADIO TJRN CONTEÚDO\00_PRODUCAO_2026\01_BOLETINS_DIARIOS\03_AUDIOS_RADIO\02 - FEV - 26\BOLETIM_RADIO_TJRN_24_02_2026_B2_TJRN_ACOLHE_APELO_MP_.mp3
08,NJUD_PROG_20260821,BOLETIM_RADIO_TJRN_24_02_2026_B3_TJRN_MANTEM_DECISAO_NOMEACAO_.mp3,2026-08-21,B3,TJRN_MANTEM_DECISAO_NOMEACAO_,TJRN,NAO,H:\Meu Drive\RADIO TJRN CONTEÚDO\00_PRODUCAO_2026\01_BOLETINS_DIARIOS\03_AUDIOS_RADIO\02 - FEV - 26\BOLETIM_RADIO_TJRN_24_02_2026_B3_TJRN_MANTEM_DECISAO_NOMEACAO_.mp3
08,NJUD_PROG_20260821,BOLETIM_RADIO_TJRN_24_02_2026_B4_TJRN_IMOBILIARIA_CONDENADA_.mp3,2026-08-21,B4,TJRN_IMOBILIARIA_CONDENADA_,TJRN,NAO,H:\Meu Drive\RADIO TJRN CONTEÚDO\00_PRODUCAO_2026\01_BOLETINS_DIARIOS\03_AUDIOS_RADIO\02 - FEV - 26\BOLETIM_RADIO_TJRN_24_02_2026_B4_TJRN_IMOBILIARIA_CONDENADA_.mp3
08,NJUD_PROG_20260824,BOLETIM_RADIO_TJRN_24_02_2026_B5_TJRN_PARTICIPACAO_EMPRESA_SAUDE.mp3,2026-08-24,B1,TJRN_PARTICIPACAO_EMPRESA_SAUDE,TJRN,NAO,H:\Meu Drive\RADIO TJRN CONTEÚDO\00_PRODUCAO_2026\01_BOLETINS_DIARIOS\03_AUDIOS_RADIO\02 - FEV - 26\BOLETIM_RADIO_TJRN_24_02_2026_B5_TJRN_PARTICIPACAO_EMPRESA_SAUDE.mp3
08,NJUD_PROG_20260824,BOLETIM_RADIO_TJRN_24_02_2026_B6_VARA_FAMILIA_ESTAGIO_.mp3,2026-08-24,B2,VARA_FAMILIA_ESTAGIO_,TJRN,NAO,H:\Meu Drive\RADIO TJRN CONTEÚDO\00_PRODUCAO_2026\01_BOLETINS_DIARIOS\03_AUDIOS_RADIO\02 - FEV - 26\BOLETIM_RADIO_TJRN_24_02_2026_B6_VARA_FAMILIA_ESTAGIO_.mp3
08,NJUD_PROG_20260824,BOLETIM_RADIO_TJRN_24_02_2026_B7_ESMARN_CURSO_PLANILHAS_ELETRONICAS_.mp3,2026-08-24,B3,ESMARN_CURSO_PLANILHAS_ELETRONICAS_,TJRN,NAO,H:\Meu Drive\RADIO TJRN CONTEÚDO\00_PRODUCAO_2026\01_BOLETINS_DIARIOS\03_AUDIOS_RADIO\02 - FEV - 26\BOLETIM_RADIO_TJRN_24_02_2026_B7_ESMARN_CURSO_PLANILHAS_ELETRONICAS_.mp3
08,NJUD_PROG_20260824,BOLETIM_RADIO_TJRN_24_02_2026_B8_CNJ_PRAZO_ENVIO_CONTRIBUICOES.mp3,2026-08-24,B4,CNJ_PRAZO_ENVIO_CONTRIBUICOES,TJRN,NAO,H:\Meu Drive\RADIO TJRN CONTEÚDO\00_PRODUCAO_2026\01_BOLETINS_DIARIOS\03_AUDIOS_RADIO\02 - FEV - 26\BOLETIM_RADIO_TJRN_24_02_2026_B8_CNJ_PRAZO_ENVIO_CONTRIBUICOES.mp3
08,NJUD_PROG_20260825,BOLETIM_RADIO_TJRN_24_02_2026_B9_MPRN_UFRN_SEMINARIO_POLITICAS_PUBLICAS_.mp3,2026-08-25,B1,MPRN_UFRN_SEMINARIO_POLITICAS_PUBLICAS_,TJRN,NAO,H:\Meu Drive\RADIO TJRN CONTEÚDO\00_PRODUCAO_2026\01_BOLETINS_DIARIOS\03_AUDIOS_RADIO\02 - FEV - 26\BOLETIM_RADIO_TJRN_24_02_2026_B9_MPRN_UFRN_SEMINARIO_POLITICAS_PUBLICAS_.mp3
08,NJUD_PROG_20260825,BOLETIM_RADIO_TJRN_26_02_2026_B10_INDENIZACAO_PATINETE_ELETRICO_.mp3,2026-08-25,B2,INDENIZACAO_PATINETE_ELETRICO_,TJRN,NAO,H:\Meu Drive\RADIO TJRN CONTEÚDO\00_PRODUCAO_2026\01_BOLETINS_DIARIOS\03_AUDIOS_RADIO\02 - FEV - 26\BOLETIM_RADIO_TJRN_26_02_2026_B10_INDENIZACAO_PATINETE_ELETRICO_.mp3
08,NJUD_PROG_20260825,BOLETIM_RADIO_TJRN_26_02_2026_B1_TJRN_ESTADO_REALIZE_PROCEDIMENTO_MEDICO_.mp3,2026-08-25,B3,TJRN_ESTADO_REALIZE_PROCEDIMENTO_MEDICO_,TJRN,NAO,H:\Meu Drive\RADIO TJRN CONTEÚDO\00_PRODUCAO_2026\01_BOLETINS_DIARIOS\03_AUDIOS_RADIO\02 - FEV - 26\BOLETIM_RADIO_TJRN_26_02_2026_B1_TJRN_ESTADO_REALIZE_PROCEDIMENTO_MEDICO_.mp3
08,NJUD_PROG_20260825,BOLETIM_RADIO_TJRN_26_02_2026_B2_TJRN_MANTIDA_SENTENCA_APLICADA_.mp3,2026-08-25,B4,TJRN_MANTIDA_SENTENCA_APLICADA_,TJRN,NAO,H:\Meu Drive\RADIO TJRN CONTEÚDO\00_PRODUCAO_2026\01_BOLETINS_DIARIOS\03_AUDIOS_RADIO\02 - FEV - 26\BOLETIM_RADIO_TJRN_26_02_2026_B2_TJRN_MANTIDA_SENTENCA_APLICADA_.mp3
08,NJUD_PROG_20260826,BOLETIM_RADIO_TJRN_26_02_2026_B3_TJRN_REDE_SOCIAL_DEVE_EXCLUIR.mp3,2026-08-26,B1,TJRN_REDE_SOCIAL_DEVE_EXCLUIR,TJRN,NAO,H:\Meu Drive\RADIO TJRN CONTEÚDO\00_PRODUCAO_2026\01_BOLETINS_DIARIOS\03_AUDIOS_RADIO\02 - FEV - 26\BOLETIM_RADIO_TJRN_26_02_2026_B3_TJRN_REDE_SOCIAL_DEVE_EXCLUIR.mp3
08,NJUD_PROG_20260826,BOLETIM_RADIO_TJRN_26_02_2026_B4_TJRN_PEDIDO_PENSAO_PROVISORIA_.mp3,2026-08-26,B2,TJRN_PEDIDO_PENSAO_PROVISORIA_,TJRN,NAO,H:\Meu Drive\RADIO TJRN CONTEÚDO\00_PRODUCAO_2026\01_BOLETINS_DIARIOS\03_AUDIOS_RADIO\02 - FEV - 26\BOLETIM_RADIO_TJRN_26_02_2026_B4_TJRN_PEDIDO_PENSAO_PROVISORIA_.mp3
08,NJUD_PROG_20260826,BOLETIM_RADIO_TJRN_26_02_2026_B5_DANOS_MORAIS_VENDA_VEICULO.mp3,2026-08-26,B3,DANOS_MORAIS_VENDA_VEICULO,TJRN,NAO,H:\Meu Drive\RADIO TJRN CONTEÚDO\00_PRODUCAO_2026\01_BOLETINS_DIARIOS\03_AUDIOS_RADIO\02 - FEV - 26\BOLETIM_RADIO_TJRN_26_02_2026_B5_DANOS_MORAIS_VENDA_VEICULO.mp3
08,NJUD_PROG_20260826,BOLETIM_RADIO_TJRN_26_02_2026_B6_SESSAO_HIBRIDA_CRIMINAL_2_03.mp3,2026-08-26,B4,SESSAO_HIBRIDA_CRIMINAL_2_03,TJRN,NAO,H:\Meu Drive\RADIO TJRN CONTEÚDO\00_PRODUCAO_2026\01_BOLETINS_DIARIOS\03_AUDIOS_RADIO\02 - FEV - 26\BOLETIM_RADIO_TJRN_26_02_2026_B6_SESSAO_HIBRIDA_CRIMINAL_2_03.mp3
08,NJUD_PROG_20260827,BOLETIM_RADIO_TJRN_26_02_2026_B7_MEDIDA_PROTETIVA_RELACAO_HOMOAFETIVA.mp3,2026-08-27,B1,MEDIDA_PROTETIVA_RELACAO_HOMOAFETIVA,TJRN,NAO,H:\Meu Drive\RADIO TJRN CONTEÚDO\00_PRODUCAO_2026\01_BOLETINS_DIARIOS\03_AUDIOS_RADIO\02 - FEV - 26\BOLETIM_RADIO_TJRN_26_02_2026_B7_MEDIDA_PROTETIVA_RELACAO_HOMOAFETIVA.mp3
08,NJUD_PROG_20260827,BOLETIM_RADIO_TJRN_26_02_2026_B8_CARTILHA_JULGAMENTO_PERSPECTIVA_DE_GENERO.mp3,2026-08-27,B2,CARTILHA_JULGAMENTO_PERSPECTIVA_DE_GENERO,TJRN,NAO,H:\Meu Drive\RADIO TJRN CONTEÚDO\00_PRODUCAO_2026\01_BOLETINS_DIARIOS\03_AUDIOS_RADIO\02 - FEV - 26\BOLETIM_RADIO_TJRN_26_02_2026_B8_CARTILHA_JULGAMENTO_PERSPECTIVA_DE_GENERO.mp3
08,NJUD_PROG_20260827,BOLETIM_RADIO_TJRN_26_02_2026_B9_MEDICAMENTO_ANEMIA_FALCIFORME.mp3,2026-08-27,B3,MEDICAMENTO_ANEMIA_FALCIFORME,TJRN,NAO,H:\Meu Drive\RADIO TJRN CONTEÚDO\00_PRODUCAO_2026\01_BOLETINS_DIARIOS\03_AUDIOS_RADIO\02 - FEV - 26\BOLETIM_RADIO_TJRN_26_02_2026_B9_MEDICAMENTO_ANEMIA_FALCIFORME.mp3
08,NJUD_PROG_20260827,BOLETIM_RADIO_TJRN_27_02_2026_B10_ESMARN_NOVO_SITE.mp3,2026-08-27,B4,ESMARN_NOVO_SITE,TJRN,NAO,H:\Meu Drive\RADIO TJRN CONTEÚDO\00_PRODUCAO_2026\01_BOLETINS_DIARIOS\03_AUDIOS_RADIO\02 - FEV - 26\BOLETIM_RADIO_TJRN_27_02_2026_B10_ESMARN_NOVO_SITE.mp3
08,NJUD_PROG_20260828,BOLETIM_RADIO_TJRN_27_02_2026_B1_HOMICIDIO_DIVIDA_JURI.mp3,2026-08-28,B1,HOMICIDIO_DIVIDA_JURI,TJRN,NAO,H:\Meu Drive\RADIO TJRN CONTEÚDO\00_PRODUCAO_2026\01_BOLETINS_DIARIOS\03_AUDIOS_RADIO\02 - FEV - 26\BOLETIM_RADIO_TJRN_27_02_2026_B1_HOMICIDIO_DIVIDA_JURI.mp3
08,NJUD_PROG_20260828,BOLETIM_RADIO_TJRN_27_02_2026_B2_IMPROBIDADE_CONTRATO_IGREJA.mp3,2026-08-28,B2,IMPROBIDADE_CONTRATO_IGREJA,TJRN,NAO,H:\Meu Drive\RADIO TJRN CONTEÚDO\00_PRODUCAO_2026\01_BOLETINS_DIARIOS\03_AUDIOS_RADIO\02 - FEV - 26\BOLETIM_RADIO_TJRN_27_02_2026_B2_IMPROBIDADE_CONTRATO_IGREJA.mp3
08,NJUD_PROG_20260828,BOLETIM_RADIO_TJRN_27_02_2026_B3_JURI_HOMICIDIO_TRANSITO.mp3,2026-08-28,B3,JURI_HOMICIDIO_TRANSITO,TJRN,NAO,H:\Meu Drive\RADIO TJRN CONTEÚDO\00_PRODUCAO_2026\01_BOLETINS_DIARIOS\03_AUDIOS_RADIO\02 - FEV - 26\BOLETIM_RADIO_TJRN_27_02_2026_B3_JURI_HOMICIDIO_TRANSITO.mp3
08,NJUD_PROG_20260828,BOLETIM_RADIO_TJRN_27_02_2026_B4_JUSTICA_REABRE_PREGAO_ELETRONICO_NATAL.mp3,2026-08-28,B4,JUSTICA_REABRE_PREGAO_ELETRONICO_NATAL,TJRN,NAO,H:\Meu Drive\RADIO TJRN CONTEÚDO\00_PRODUCAO_2026\01_BOLETINS_DIARIOS\03_AUDIOS_RADIO\02 - FEV - 26\BOLETIM_RADIO_TJRN_27_02_2026_B4_JUSTICA_REABRE_PREGAO_ELETRONICO_NATAL.mp3
08,NJUD_PROG_20260831,BOLETIM_RADIO_TJRN_27_02_2026_B5_PERFIL_DE_VENDAS_DEVE_SER_REATIVADO.mp3,2026-08-31,B1,PERFIL_DE_VENDAS_DEVE_SER_REATIVADO,TJRN,NAO,H:\Meu Drive\RADIO TJRN CONTEÚDO\00_PRODUCAO_2026\01_BOLETINS_DIARIOS\03_AUDIOS_RADIO\02 - FEV - 26\BOLETIM_RADIO_TJRN_27_02_2026_B5_PERFIL_DE_VENDAS_DEVE_SER_REATIVADO.mp3
08,NJUD_PROG_20260831,BOLETIM_RADIO_TJRN_27_02_2026_B6_ABERTURA_ESTAGIO_20_NATAL.mp3,2026-08-31,B2,ABERTURA_ESTAGIO_20_NATAL,TJRN,NAO,H:\Meu Drive\RADIO TJRN CONTEÚDO\00_PRODUCAO_2026\01_BOLETINS_DIARIOS\03_AUDIOS_RADIO\02 - FEV - 26\BOLETIM_RADIO_TJRN_27_02_2026_B6_ABERTURA_ESTAGIO_20_NATAL.mp3
08,NJUD_PROG_20260831,BOLETIM_RADIO_TJRN_27_02_2026_B7_ABERTURA_ESTAGIO_CURRAIS_NOVOS.mp3,2026-08-31,B3,ABERTURA_ESTAGIO_CURRAIS_NOVOS,TJRN,NAO,H:\Meu Drive\RADIO TJRN CONTEÚDO\00_PRODUCAO_2026\01_BOLETINS_DIARIOS\03_AUDIOS_RADIO\02 - FEV - 26\BOLETIM_RADIO_TJRN_27_02_2026_B7_ABERTURA_ESTAGIO_CURRAIS_NOVOS.mp3
08,NJUD_PROG_20260831,BOLETIM_RADIO_TJRN_27_02_2026_B8_MPRN_OPERACAO_CENTRO_TERAPEUTICO_.mp3,2026-08-31,B4,MPRN_OPERACAO_CENTRO_TERAPEUTICO_,TJRN,NAO,H:\Meu Drive\RADIO TJRN CONTEÚDO\00_PRODUCAO_2026\01_BOLETINS_DIARIOS\03_AUDIOS_RADIO\02 - FEV - 26\BOLETIM_RADIO_TJRN_27_02_2026_B8_MPRN_OPERACAO_CENTRO_TERAPEUTICO_.mp3
09,NJUD_PROG_20260901,BOLETIM_RADIO_TJRN_27_02_2026_B9_TRTRN_TRIBUNAIS_CONVENIO_.mp3,2026-09-01,B1,TRTRN_TRIBUNAIS_CONVENIO_,TJRN,NAO,H:\Meu Drive\RADIO TJRN CONTEÚDO\00_PRODUCAO_2026\01_BOLETINS_DIARIOS\03_AUDIOS_RADIO\02 - FEV - 26\BOLETIM_RADIO_TJRN_27_02_2026_B9_TRTRN_TRIBUNAIS_CONVENIO_.mp3
09,NJUD_PROG_20260901,BOLETIM_RADIO_TJRN_04_03_2026_B10_MPRN_FIRMA_ACORDO_INTERINSTITUCIONAL_.mp3,2026-09-01,B2,MPRN_FIRMA_ACORDO_INTERINSTITUCIONAL_,TJRN,NAO,H:\Meu Drive\RADIO TJRN CONTEÚDO\00_PRODUCAO_2026\01_BOLETINS_DIARIOS\03_AUDIOS_RADIO\03 - MAR - 26\BOLETIM_RADIO_TJRN_04_03_2026_B10_MPRN_FIRMA_ACORDO_INTERINSTITUCIONAL_.mp3
09,NJUD_PROG_20260901,BOLETIM_RADIO_TJRN_04_03_2026_B6_PENAS_PECUNIARIAS_CANGUARETAMA.mp3,2026-09-01,B3,PENAS_PECUNIARIAS_CANGUARETAMA,TJRN,NAO,H:\Meu Drive\RADIO TJRN CONTEÚDO\00_PRODUCAO_2026\01_BOLETINS_DIARIOS\03_AUDIOS_RADIO\03 - MAR - 26\BOLETIM_RADIO_TJRN_04_03_2026_B6_PENAS_PECUNIARIAS_CANGUARETAMA.mp3
09,NJUD_PROG_20260901,BOLETIM_RADIO_TJRN_04_03_2026_B7_TRTRN_SOCIO_RESPONSABILIZADO_.mp3,2026-09-01,B4,TRTRN_SOCIO_RESPONSABILIZADO_,TJRN,NAO,H:\Meu Drive\RADIO TJRN CONTEÚDO\00_PRODUCAO_2026\01_BOLETINS_DIARIOS\03_AUDIOS_RADIO\03 - MAR - 26\BOLETIM_RADIO_TJRN_04_03_2026_B7_TRTRN_SOCIO_RESPONSABILIZADO_.mp3
09,NJUD_PROG_20260902,BOLETIM_RADIO_TJRN_04_03_2026_B9_CNJ_NOTA_TECNICA_COMBATE_FALSO_ADVOGADO_.mp3,2026-09-02,B1,CNJ_NOTA_TECNICA_COMBATE_FALSO_ADVOGADO_,TJRN,NAO,H:\Meu Drive\RADIO TJRN CONTEÚDO\00_PRODUCAO_2026\01_BOLETINS_DIARIOS\03_AUDIOS_RADIO\03 - MAR - 26\BOLETIM_RADIO_TJRN_04_03_2026_B9_CNJ_NOTA_TECNICA_COMBATE_FALSO_ADVOGADO_.mp3
09,NJUD_PROG_20260902,BOLETIM_RADIO_TJRN_10_03_2026_B10_TJRN_TERMO_GUIA_UNICA_ARRECADACAO_.mp3,2026-09-02,B2,TJRN_TERMO_GUIA_UNICA_ARRECADACAO_,TJRN,NAO,H:\Meu Drive\RADIO TJRN CONTEÚDO\00_PRODUCAO_2026\01_BOLETINS_DIARIOS\03_AUDIOS_RADIO\03 - MAR - 26\BOLETIM_RADIO_TJRN_10_03_2026_B10_TJRN_TERMO_GUIA_UNICA_ARRECADACAO_.mp3
09,NJUD_PROG_20260902,BOLETIM_RADIO_TJRN_10_03_2026_B6_TJRN_PARTICIPACAO_ATLETA_CAMPEONATO.mp3,2026-09-02,B3,TJRN_PARTICIPACAO_ATLETA_CAMPEONATO,TJRN,NAO,H:\Meu Drive\RADIO TJRN CONTEÚDO\00_PRODUCAO_2026\01_BOLETINS_DIARIOS\03_AUDIOS_RADIO\03 - MAR - 26\BOLETIM_RADIO_TJRN_10_03_2026_B6_TJRN_PARTICIPACAO_ATLETA_CAMPEONATO.mp3
09,NJUD_PROG_20260902,BOLETIM_RADIO_TJRN_10_03_2026_B7_TJRN_PARNAMIRIM_ESTAGIO_DIREITO_.mp3,2026-09-02,B4,TJRN_PARNAMIRIM_ESTAGIO_DIREITO_,TJRN,NAO,H:\Meu Drive\RADIO TJRN CONTEÚDO\00_PRODUCAO_2026\01_BOLETINS_DIARIOS\03_AUDIOS_RADIO\03 - MAR - 26\BOLETIM_RADIO_TJRN_10_03_2026_B7_TJRN_PARNAMIRIM_ESTAGIO_DIREITO_.mp3
09,NJUD_PROG_20260903,BOLETIM_RADIO_TJRN_10_03_2026_B8_TJRN_EMPRESA_SETOR_INFORMATICA_.mp3,2026-09-03,B1,TJRN_EMPRESA_SETOR_INFORMATICA_,TJRN,NAO,H:\Meu Drive\RADIO TJRN CONTEÚDO\00_PRODUCAO_2026\01_BOLETINS_DIARIOS\03_AUDIOS_RADIO\03 - MAR - 26\BOLETIM_RADIO_TJRN_10_03_2026_B8_TJRN_EMPRESA_SETOR_INFORMATICA_.mp3
09,NJUD_PROG_20260903,BOLETIM_RADIO_TJRN_10_03_2026_B9_TJRN_PRESTADOR_SERVICOS_ACUSADO_.mp3,2026-09-03,B2,TJRN_PRESTADOR_SERVICOS_ACUSADO_,TJRN,NAO,H:\Meu Drive\RADIO TJRN CONTEÚDO\00_PRODUCAO_2026\01_BOLETINS_DIARIOS\03_AUDIOS_RADIO\03 - MAR - 26\BOLETIM_RADIO_TJRN_10_03_2026_B9_TJRN_PRESTADOR_SERVICOS_ACUSADO_.mp3
09,NJUD_PROG_20260903,BOLETIM_RADIO_TJRN_17_03_2026_B1_TJRN_NEGA_DECISAO_DANO_MORAL_.mp3,2026-09-03,B3,TJRN_NEGA_DECISAO_DANO_MORAL_,TJRN,NAO,H:\Meu Drive\RADIO TJRN CONTEÚDO\00_PRODUCAO_2026\01_BOLETINS_DIARIOS\03_AUDIOS_RADIO\03 - MAR - 26\BOLETIM_RADIO_TJRN_17_03_2026_B1_TJRN_NEGA_DECISAO_DANO_MORAL_.mp3
09,NJUD_PROG_20260903,BOLETIM_RADIO_TJRN_23_03_2026_B10_TRATAMENTO_DOMICILIAR_CRIANCA.mp3,2026-09-03,B4,TRATAMENTO_DOMICILIAR_CRIANCA,TJRN,NAO,H:\Meu Drive\RADIO TJRN CONTEÚDO\00_PRODUCAO_2026\01_BOLETINS_DIARIOS\03_AUDIOS_RADIO\03 - MAR - 26\BOLETIM_RADIO_TJRN_23_03_2026_B10_TRATAMENTO_DOMICILIAR_CRIANCA.mp3
09,NJUD_PROG_20260904,BOLETIM_RADIO_TJRN_23_03_2026_B1_RESSARCIMENTO_CUSTOS_FISIOTERAPIA.mp3,2026-09-04,B1,RESSARCIMENTO_CUSTOS_FISIOTERAPIA,TJRN,NAO,H:\Meu Drive\RADIO TJRN CONTEÚDO\00_PRODUCAO_2026\01_BOLETINS_DIARIOS\03_AUDIOS_RADIO\03 - MAR - 26\BOLETIM_RADIO_TJRN_23_03_2026_B1_RESSARCIMENTO_CUSTOS_FISIOTERAPIA.mp3
09,NJUD_PROG_20260904,BOLETIM_RADIO_TJRN_23_03_2026_B2_SUSPENSAO_EVENTOS_PRAIA_MIAMI.mp3,2026-09-04,B2,SUSPENSAO_EVENTOS_PRAIA_MIAMI,TJRN,NAO,H:\Meu Drive\RADIO TJRN CONTEÚDO\00_PRODUCAO_2026\01_BOLETINS_DIARIOS\03_AUDIOS_RADIO\03 - MAR - 26\BOLETIM_RADIO_TJRN_23_03_2026_B2_SUSPENSAO_EVENTOS_PRAIA_MIAMI.mp3
09,NJUD_PROG_20260904,BOLETIM_RADIO_TJRN_23_03_2026_B3_AULA_INAUGURAL_DOUTORADO_ESMARN.mp3,2026-09-04,B3,AULA_INAUGURAL_DOUTORADO_ESMARN,TJRN,NAO,H:\Meu Drive\RADIO TJRN CONTEÚDO\00_PRODUCAO_2026\01_BOLETINS_DIARIOS\03_AUDIOS_RADIO\03 - MAR - 26\BOLETIM_RADIO_TJRN_23_03_2026_B3_AULA_INAUGURAL_DOUTORADO_ESMARN.mp3
09,NJUD_PROG_20260904,BOLETIM_RADIO_TJRN_23_03_2026_B4_NEGADA_REVISAO_MEDIDAS_PROTETIVAS.mp3,2026-09-04,B4,NEGADA_REVISAO_MEDIDAS_PROTETIVAS,TJRN,NAO,H:\Meu Drive\RADIO TJRN CONTEÚDO\00_PRODUCAO_2026\01_BOLETINS_DIARIOS\03_AUDIOS_RADIO\03 - MAR - 26\BOLETIM_RADIO_TJRN_23_03_2026_B4_NEGADA_REVISAO_MEDIDAS_PROTETIVAS.mp3
09,NJUD_PROG_20260908,BOLETIM_RADIO_TJRN_23_03_2026_B5_INTERNACAO_PENDENCIAS.mp3,2026-09-08,B1,INTERNACAO_PENDENCIAS,TJRN,NAO,H:\Meu Drive\RADIO TJRN CONTEÚDO\00_PRODUCAO_2026\01_BOLETINS_DIARIOS\03_AUDIOS_RADIO\03 - MAR - 26\BOLETIM_RADIO_TJRN_23_03_2026_B5_INTERNACAO_PENDENCIAS.mp3
09,NJUD_PROG_20260908,BOLETIM_RADIO_TJRN_23_03_2026_B6_CANCELAMENTO_ABUSIVO_PASSAGEM.mp3,2026-09-08,B2,CANCELAMENTO_ABUSIVO_PASSAGEM,TJRN,NAO,H:\Meu Drive\RADIO TJRN CONTEÚDO\00_PRODUCAO_2026\01_BOLETINS_DIARIOS\03_AUDIOS_RADIO\03 - MAR - 26\BOLETIM_RADIO_TJRN_23_03_2026_B6_CANCELAMENTO_ABUSIVO_PASSAGEM.mp3
09,NJUD_PROG_20260908,BOLETIM_RADIO_TJRN_23_03_2026_B7_DEVOLUCAO_MILHAS.mp3,2026-09-08,B3,DEVOLUCAO_MILHAS,TJRN,NAO,H:\Meu Drive\RADIO TJRN CONTEÚDO\00_PRODUCAO_2026\01_BOLETINS_DIARIOS\03_AUDIOS_RADIO\03 - MAR - 26\BOLETIM_RADIO_TJRN_23_03_2026_B7_DEVOLUCAO_MILHAS.mp3
09,NJUD_PROG_20260908,BOLETIM_RADIO_TJRN_23_03_2026_B8_MUTIRAO_EFICIENCIA_PJE.mp3,2026-09-08,B4,MUTIRAO_EFICIENCIA_PJE,TJRN,NAO,H:\Meu Drive\RADIO TJRN CONTEÚDO\00_PRODUCAO_2026\01_BOLETINS_DIARIOS\03_AUDIOS_RADIO\03 - MAR - 26\BOLETIM_RADIO_TJRN_23_03_2026_B8_MUTIRAO_EFICIENCIA_PJE.mp3
09,NJUD_PROG_20260909,BOLETIM_RADIO_TJRN_23_03_2026_B9_CAPACITACAO_ESCUTA_PROTEGIDA.mp3,2026-09-09,B1,CAPACITACAO_ESCUTA_PROTEGIDA,TJRN,NAO,H:\Meu Drive\RADIO TJRN CONTEÚDO\00_PRODUCAO_2026\01_BOLETINS_DIARIOS\03_AUDIOS_RADIO\03 - MAR - 26\BOLETIM_RADIO_TJRN_23_03_2026_B9_CAPACITACAO_ESCUTA_PROTEGIDA.mp3
09,NJUD_PROG_20260909,BOLETIM_RADIO_TJRN_24_03_2026_B10_MPRN_ORIENTA_PREFEITOS_GASTOS_JUNINOS_.mp3,2026-09-09,B2,MPRN_ORIENTA_PREFEITOS_GASTOS_JUNINOS_,TJRN,NAO,H:\Meu Drive\RADIO TJRN CONTEÚDO\00_PRODUCAO_2026\01_BOLETINS_DIARIOS\03_AUDIOS_RADIO\03 - MAR - 26\BOLETIM_RADIO_TJRN_24_03_2026_B10_MPRN_ORIENTA_PREFEITOS_GASTOS_JUNINOS_.mp3
09,NJUD_PROG_20260909,BOLETIM_RADIO_TJRN_24_03_2026_B1_TJRN_PLANO_SAUDE_NEGA_TRATAMENTO.mp3,2026-09-09,B3,TJRN_PLANO_SAUDE_NEGA_TRATAMENTO,TJRN,NAO,H:\Meu Drive\RADIO TJRN CONTEÚDO\00_PRODUCAO_2026\01_BOLETINS_DIARIOS\03_AUDIOS_RADIO\03 - MAR - 26\BOLETIM_RADIO_TJRN_24_03_2026_B1_TJRN_PLANO_SAUDE_NEGA_TRATAMENTO.mp3
09,NJUD_PROG_20260909,BOLETIM_RADIO_TJRN_24_03_2026_B2_TJRN_SERRA_MEL_CONVOCACAO_CANDIDATO_.mp3,2026-09-09,B4,TJRN_SERRA_MEL_CONVOCACAO_CANDIDATO_,TJRN,NAO,H:\Meu Drive\RADIO TJRN CONTEÚDO\00_PRODUCAO_2026\01_BOLETINS_DIARIOS\03_AUDIOS_RADIO\03 - MAR - 26\BOLETIM_RADIO_TJRN_24_03_2026_B2_TJRN_SERRA_MEL_CONVOCACAO_CANDIDATO_.mp3
09,NJUD_PROG_20260910,BOLETIM_RADIO_TJRN_24_03_2026_B3_TJRN_ATRASO_REEMBOLSO.mp3,2026-09-10,B1,TJRN_ATRASO_REEMBOLSO,TJRN,NAO,H:\Meu Drive\RADIO TJRN CONTEÚDO\00_PRODUCAO_2026\01_BOLETINS_DIARIOS\03_AUDIOS_RADIO\03 - MAR - 26\BOLETIM_RADIO_TJRN_24_03_2026_B3_TJRN_ATRASO_REEMBOLSO.mp3
09,NJUD_PROG_20260910,BOLETIM_RADIO_TJRN_24_03_2026_B4_TJRN_COLISAO_CAMINHAO_ENTULHOS_.mp3,2026-09-10,B2,TJRN_COLISAO_CAMINHAO_ENTULHOS_,TJRN,NAO,H:\Meu Drive\RADIO TJRN CONTEÚDO\00_PRODUCAO_2026\01_BOLETINS_DIARIOS\03_AUDIOS_RADIO\03 - MAR - 26\BOLETIM_RADIO_TJRN_24_03_2026_B4_TJRN_COLISAO_CAMINHAO_ENTULHOS_.mp3
09,NJUD_PROG_20260910,BOLETIM_RADIO_TJRN_24_03_2026_B5_TJRN_CUMPRIMENTO_IMEDIATO_E_MULTA.mp3,2026-09-10,B3,TJRN_CUMPRIMENTO_IMEDIATO_E_MULTA,TJRN,NAO,H:\Meu Drive\RADIO TJRN CONTEÚDO\00_PRODUCAO_2026\01_BOLETINS_DIARIOS\03_AUDIOS_RADIO\03 - MAR - 26\BOLETIM_RADIO_TJRN_24_03_2026_B5_TJRN_CUMPRIMENTO_IMEDIATO_E_MULTA.mp3
09,NJUD_PROG_20260910,BOLETIM_RADIO_TJRN_24_03_2026_B6_TJRN_EMPRESA_CONDENADA_NEGATIVACAO_INDEVIDA.mp3,2026-09-10,B4,TJRN_EMPRESA_CONDENADA_NEGATIVACAO_INDEVIDA,TJRN,NAO,H:\Meu Drive\RADIO TJRN CONTEÚDO\00_PRODUCAO_2026\01_BOLETINS_DIARIOS\03_AUDIOS_RADIO\03 - MAR - 26\BOLETIM_RADIO_TJRN_24_03_2026_B6_TJRN_EMPRESA_CONDENADA_NEGATIVACAO_INDEVIDA.mp3
09,NJUD_PROG_20260911,BOLETIM_RADIO_TJRN_24_03_2026_B7_TJRN_COMPANHIA_AEREA_CONDENADA_OVERBOOKING_.mp3,2026-09-11,B1,TJRN_COMPANHIA_AEREA_CONDENADA_OVERBOOKING_,TJRN,NAO,H:\Meu Drive\RADIO TJRN CONTEÚDO\00_PRODUCAO_2026\01_BOLETINS_DIARIOS\03_AUDIOS_RADIO\03 - MAR - 26\BOLETIM_RADIO_TJRN_24_03_2026_B7_TJRN_COMPANHIA_AEREA_CONDENADA_OVERBOOKING_.mp3
09,NJUD_PROG_20260911,BOLETIM_RADIO_TJRN_24_03_2026_B8_TJRN_PARELHAS_PROJETOS_PRESTACOES_PECUNIARIAS_.mp3,2026-09-11,B2,TJRN_PARELHAS_PROJETOS_PRESTACOES_PECUNIARIAS_,TJRN,NAO,H:\Meu Drive\RADIO TJRN CONTEÚDO\00_PRODUCAO_2026\01_BOLETINS_DIARIOS\03_AUDIOS_RADIO\03 - MAR - 26\BOLETIM_RADIO_TJRN_24_03_2026_B8_TJRN_PARELHAS_PROJETOS_PRESTACOES_PECUNIARIAS_.mp3
09,NJUD_PROG_20260911,BOLETIM_RADIO_TJRN_24_03_2026_B9_DPERN_BLOQUEIO_VERBAS_.mp3,2026-09-11,B3,DPERN_BLOQUEIO_VERBAS_,TJRN,NAO,H:\Meu Drive\RADIO TJRN CONTEÚDO\00_PRODUCAO_2026\01_BOLETINS_DIARIOS\03_AUDIOS_RADIO\03 - MAR - 26\BOLETIM_RADIO_TJRN_24_03_2026_B9_DPERN_BLOQUEIO_VERBAS_.mp3
09,NJUD_PROG_20260911,BOLETIM_RADIO_TJRN_25_03_2026_B1_TJRN_CURSO_SEGURANCA_INSTITUCIONAL_.mp3,2026-09-11,B4,TJRN_CURSO_SEGURANCA_INSTITUCIONAL_,TJRN,NAO,H:\Meu Drive\RADIO TJRN CONTEÚDO\00_PRODUCAO_2026\01_BOLETINS_DIARIOS\03_AUDIOS_RADIO\03 - MAR - 26\BOLETIM_RADIO_TJRN_25_03_2026_B1_TJRN_CURSO_SEGURANCA_INSTITUCIONAL_.mp3
09,NJUD_PROG_20260914,BOLETIM_RADIO_TJRN_26_03_2026_B10_TRTRN_VARA_NEGA_DANOS_MORAIS_.mp3,2026-09-14,B1,TRTRN_VARA_NEGA_DANOS_MORAIS_,TJRN,NAO,H:\Meu Drive\RADIO TJRN CONTEÚDO\00_PRODUCAO_2026\01_BOLETINS_DIARIOS\03_AUDIOS_RADIO\03 - MAR - 26\BOLETIM_RADIO_TJRN_26_03_2026_B10_TRTRN_VARA_NEGA_DANOS_MORAIS_.mp3
09,NJUD_PROG_20260914,BOLETIM_RADIO_TJRN_26_03_2026_B1_TJRN_CANGUARETAMA_SELECAO_INTERINO.mp3,2026-09-14,B2,TJRN_CANGUARETAMA_SELECAO_INTERINO,TJRN,NAO,H:\Meu Drive\RADIO TJRN CONTEÚDO\00_PRODUCAO_2026\01_BOLETINS_DIARIOS\03_AUDIOS_RADIO\03 - MAR - 26\BOLETIM_RADIO_TJRN_26_03_2026_B1_TJRN_CANGUARETAMA_SELECAO_INTERINO.mp3
09,NJUD_PROG_20260914,BOLETIM_RADIO_TJRN_26_03_2026_B2_TJRN_INAUGURA_PLATAFORMA_ACESSIBILIDADE.mp3,2026-09-14,B3,TJRN_INAUGURA_PLATAFORMA_ACESSIBILIDADE,TJRN,NAO,H:\Meu Drive\RADIO TJRN CONTEÚDO\00_PRODUCAO_2026\01_BOLETINS_DIARIOS\03_AUDIOS_RADIO\03 - MAR - 26\BOLETIM_RADIO_TJRN_26_03_2026_B2_TJRN_INAUGURA_PLATAFORMA_ACESSIBILIDADE.mp3
09,NJUD_PROG_20260914,BOLETIM_RADIO_TJRN_26_03_2026_B3_TJRN_GARANTE_ABANDONO_PERMANENCIA_RETROATIVO_.mp3,2026-09-14,B4,TJRN_GARANTE_ABANDONO_PERMANENCIA_RETROATIVO_,TJRN,NAO,H:\Meu Drive\RADIO TJRN CONTEÚDO\00_PRODUCAO_2026\01_BOLETINS_DIARIOS\03_AUDIOS_RADIO\03 - MAR - 26\BOLETIM_RADIO_TJRN_26_03_2026_B3_TJRN_GARANTE_ABANDONO_PERMANENCIA_RETROATIVO_.mp3
09,NJUD_PROG_20260915,BOLETIM_RADIO_TJRN_26_03_2026_B4_TJRN_EMPRESA_ENERGIA_SOLAR_CONDENADA_.mp3,2026-09-15,B1,TJRN_EMPRESA_ENERGIA_SOLAR_CONDENADA_,TJRN,NAO,H:\Meu Drive\RADIO TJRN CONTEÚDO\00_PRODUCAO_2026\01_BOLETINS_DIARIOS\03_AUDIOS_RADIO\03 - MAR - 26\BOLETIM_RADIO_TJRN_26_03_2026_B4_TJRN_EMPRESA_ENERGIA_SOLAR_CONDENADA_.mp3
09,NJUD_PROG_20260915,BOLETIM_RADIO_TJRN_26_03_2026_B5_TJRN_EMPRESA_HOME_CARE_CONDENADA_.mp3,2026-09-15,B2,TJRN_EMPRESA_HOME_CARE_CONDENADA_,TJRN,NAO,H:\Meu Drive\RADIO TJRN CONTEÚDO\00_PRODUCAO_2026\01_BOLETINS_DIARIOS\03_AUDIOS_RADIO\03 - MAR - 26\BOLETIM_RADIO_TJRN_26_03_2026_B5_TJRN_EMPRESA_HOME_CARE_CONDENADA_.mp3
09,NJUD_PROG_20260915,BOLETIM_RADIO_TJRN_26_03_2026_B6_TJRN_NEGA_ACAO_IMPROBIDADE_CONTRATACAO_.mp3,2026-09-15,B3,TJRN_NEGA_ACAO_IMPROBIDADE_CONTRATACAO_,TJRN,NAO,H:\Meu Drive\RADIO TJRN CONTEÚDO\00_PRODUCAO_2026\01_BOLETINS_DIARIOS\03_AUDIOS_RADIO\03 - MAR - 26\BOLETIM_RADIO_TJRN_26_03_2026_B6_TJRN_NEGA_ACAO_IMPROBIDADE_CONTRATACAO_.mp3
09,NJUD_PROG_20260915,BOLETIM_RADIO_TJRN_26_03_2026_B7_TJRN_REMICAO_PENA_POR_ESTUDO_.mp3,2026-09-15,B4,TJRN_REMICAO_PENA_POR_ESTUDO_,TJRN,NAO,H:\Meu Drive\RADIO TJRN CONTEÚDO\00_PRODUCAO_2026\01_BOLETINS_DIARIOS\03_AUDIOS_RADIO\03 - MAR - 26\BOLETIM_RADIO_TJRN_26_03_2026_B7_TJRN_REMICAO_PENA_POR_ESTUDO_.mp3
09,NJUD_PROG_20260916,BOLETIM_RADIO_TJRN_26_03_2026_B8_TJRN_SENTENCA_DETERMINA_REPARACAO_DEFEITOS_.mp3,2026-09-16,B1,TJRN_SENTENCA_DETERMINA_REPARACAO_DEFEITOS_,TJRN,NAO,H:\Meu Drive\RADIO TJRN CONTEÚDO\00_PRODUCAO_2026\01_BOLETINS_DIARIOS\03_AUDIOS_RADIO\03 - MAR - 26\BOLETIM_RADIO_TJRN_26_03_2026_B8_TJRN_SENTENCA_DETERMINA_REPARACAO_DEFEITOS_.mp3
09,NJUD_PROG_20260916,BOLETIM_RADIO_TJRN_26_03_2026_B9_TJRN_PARNAMIRIM_DEVE_APRESENTAR_PLANO_CAPS_.mp3,2026-09-16,B2,TJRN_PARNAMIRIM_DEVE_APRESENTAR_PLANO_CAPS_,TJRN,NAO,H:\Meu Drive\RADIO TJRN CONTEÚDO\00_PRODUCAO_2026\01_BOLETINS_DIARIOS\03_AUDIOS_RADIO\03 - MAR - 26\BOLETIM_RADIO_TJRN_26_03_2026_B9_TJRN_PARNAMIRIM_DEVE_APRESENTAR_PLANO_CAPS_.mp3
09,NJUD_PROG_20260916,BOLETIM_RADIO_TJRN_27_03_2026_B10_FALHAS_SERVICO_TELEFONIA_.mp3,2026-09-16,B3,FALHAS_SERVICO_TELEFONIA_,TJRN,NAO,H:\Meu Drive\RADIO TJRN CONTEÚDO\00_PRODUCAO_2026\01_BOLETINS_DIARIOS\03_AUDIOS_RADIO\03 - MAR - 26\BOLETIM_RADIO_TJRN_27_03_2026_B10_FALHAS_SERVICO_TELEFONIA_.mp3
09,NJUD_PROG_20260916,BOLETIM_RADIO_TJRN_27_03_2026_B1_TJRN_ESTADO_DEVE_CONCEDER_NOVO_PRAZO_APROVADO_.mp3,2026-09-16,B4,TJRN_ESTADO_DEVE_CONCEDER_NOVO_PRAZO_APROVADO_,TJRN,NAO,H:\Meu Drive\RADIO TJRN CONTEÚDO\00_PRODUCAO_2026\01_BOLETINS_DIARIOS\03_AUDIOS_RADIO\03 - MAR - 26\BOLETIM_RADIO_TJRN_27_03_2026_B1_TJRN_ESTADO_DEVE_CONCEDER_NOVO_PRAZO_APROVADO_.mp3
09,NJUD_PROG_20260917,BOLETIM_RADIO_TJRN_27_03_2026_B2_TJRN_VARA_CRIMINAL_RESULTADO_SELECAO_.mp3,2026-09-17,B1,TJRN_VARA_CRIMINAL_RESULTADO_SELECAO_,TJRN,NAO,H:\Meu Drive\RADIO TJRN CONTEÚDO\00_PRODUCAO_2026\01_BOLETINS_DIARIOS\03_AUDIOS_RADIO\03 - MAR - 26\BOLETIM_RADIO_TJRN_27_03_2026_B2_TJRN_VARA_CRIMINAL_RESULTADO_SELECAO_.mp3
09,NJUD_PROG_20260917,BOLETIM_RADIO_TJRN_27_03_2026_B3_TJRN_CAFE_DA_MANHA_OFICIAL_JUSTICA_.mp3,2026-09-17,B2,TJRN_CAFE_DA_MANHA_OFICIAL_JUSTICA_,TJRN,NAO,H:\Meu Drive\RADIO TJRN CONTEÚDO\00_PRODUCAO_2026\01_BOLETINS_DIARIOS\03_AUDIOS_RADIO\03 - MAR - 26\BOLETIM_RADIO_TJRN_27_03_2026_B3_TJRN_CAFE_DA_MANHA_OFICIAL_JUSTICA_.mp3
09,NJUD_PROG_20260917,BOLETIM_RADIO_TJRN_27_03_2026_B4_TJRN_OFICINAS_ENTREGA_VOLUNTARIA_.mp3,2026-09-17,B3,TJRN_OFICINAS_ENTREGA_VOLUNTARIA_,TJRN,NAO,H:\Meu Drive\RADIO TJRN CONTEÚDO\00_PRODUCAO_2026\01_BOLETINS_DIARIOS\03_AUDIOS_RADIO\03 - MAR - 26\BOLETIM_RADIO_TJRN_27_03_2026_B4_TJRN_OFICINAS_ENTREGA_VOLUNTARIA_.mp3
09,NJUD_PROG_20260917,BOLETIM_RADIO_TJRN_27_03_2026_B5_TJRN_DETERMINA_ESTADO_NOMEIE_APROVADOS_.mp3,2026-09-17,B4,TJRN_DETERMINA_ESTADO_NOMEIE_APROVADOS_,TJRN,NAO,H:\Meu Drive\RADIO TJRN CONTEÚDO\00_PRODUCAO_2026\01_BOLETINS_DIARIOS\03_AUDIOS_RADIO\03 - MAR - 26\BOLETIM_RADIO_TJRN_27_03_2026_B5_TJRN_DETERMINA_ESTADO_NOMEIE_APROVADOS_.mp3
09,NJUD_PROG_20260918,BOLETIM_RADIO_TJRN_27_03_2026_B6_TJRN_CONSUMIDORA_RECEBERA_INDENIZACAO_.mp3,2026-09-18,B1,TJRN_CONSUMIDORA_RECEBERA_INDENIZACAO_,TJRN,NAO,H:\Meu Drive\RADIO TJRN CONTEÚDO\00_PRODUCAO_2026\01_BOLETINS_DIARIOS\03_AUDIOS_RADIO\03 - MAR - 26\BOLETIM_RADIO_TJRN_27_03_2026_B6_TJRN_CONSUMIDORA_RECEBERA_INDENIZACAO_.mp3
09,NJUD_PROG_20260918,BOLETIM_RADIO_TJRN_27_03_2026_B7_TJRN_REDE_SOCIAL_CONDENADA_INDENIZACAO_.mp3,2026-09-18,B2,TJRN_REDE_SOCIAL_CONDENADA_INDENIZACAO_,TJRN,NAO,H:\Meu Drive\RADIO TJRN CONTEÚDO\00_PRODUCAO_2026\01_BOLETINS_DIARIOS\03_AUDIOS_RADIO\03 - MAR - 26\BOLETIM_RADIO_TJRN_27_03_2026_B7_TJRN_REDE_SOCIAL_CONDENADA_INDENIZACAO_.mp3
09,NJUD_PROG_20260918,BOLETIM_RADIO_TJRN_27_03_2026_B8_TJRN_TURMA_RECURSAL_INSALUBRIDADE_SAMU_.mp3,2026-09-18,B3,TJRN_TURMA_RECURSAL_INSALUBRIDADE_SAMU_,TJRN,NAO,H:\Meu Drive\RADIO TJRN CONTEÚDO\00_PRODUCAO_2026\01_BOLETINS_DIARIOS\03_AUDIOS_RADIO\03 - MAR - 26\BOLETIM_RADIO_TJRN_27_03_2026_B8_TJRN_TURMA_RECURSAL_INSALUBRIDADE_SAMU_.mp3
09,NJUD_PROG_20260918,BOLETIM_RADIO_TJRN_27_03_2026_B9_TJRN_CORTE_INDEVIDO_DE_ENERGIA_.mp3,2026-09-18,B4,TJRN_CORTE_INDEVIDO_DE_ENERGIA_,TJRN,NAO,H:\Meu Drive\RADIO TJRN CONTEÚDO\00_PRODUCAO_2026\01_BOLETINS_DIARIOS\03_AUDIOS_RADIO\03 - MAR - 26\BOLETIM_RADIO_TJRN_27_03_2026_B9_TJRN_CORTE_INDEVIDO_DE_ENERGIA_.mp3
09,NJUD_PROG_20260921,BOLETIM_RADIO_TJRN_30_03_2026_B10_PENSAO_GUARDA_MUNICIPAL.mp3,2026-09-21,B1,PENSAO_GUARDA_MUNICIPAL,TJRN,NAO,H:\Meu Drive\RADIO TJRN CONTEÚDO\00_PRODUCAO_2026\01_BOLETINS_DIARIOS\03_AUDIOS_RADIO\03 - MAR - 26\BOLETIM_RADIO_TJRN_30_03_2026_B10_PENSAO_GUARDA_MUNICIPAL.mp3
09,NJUD_PROG_20260921,BOLETIM_RADIO_TJRN_30_03_2026_B1_DANOS_MORAIS_NOME_NEGATIVADO.mp3,2026-09-21,B2,DANOS_MORAIS_NOME_NEGATIVADO,TJRN,NAO,H:\Meu Drive\RADIO TJRN CONTEÚDO\00_PRODUCAO_2026\01_BOLETINS_DIARIOS\03_AUDIOS_RADIO\03 - MAR - 26\BOLETIM_RADIO_TJRN_30_03_2026_B1_DANOS_MORAIS_NOME_NEGATIVADO.mp3
09,NJUD_PROG_20260921,BOLETIM_RADIO_TJRN_30_03_2026_B2_GMF_EM_ACAO_PAU_DOS_FERROS.mp3,2026-09-21,B3,GMF_EM_ACAO_PAU_DOS_FERROS,TJRN,NAO,H:\Meu Drive\RADIO TJRN CONTEÚDO\00_PRODUCAO_2026\01_BOLETINS_DIARIOS\03_AUDIOS_RADIO\03 - MAR - 26\BOLETIM_RADIO_TJRN_30_03_2026_B2_GMF_EM_ACAO_PAU_DOS_FERROS.mp3
09,NJUD_PROG_20260921,BOLETIM_RADIO_TJRN_30_03_2026_B4_RESIDENCIA_TERAPEUTICA_EGRESSOS.mp3,2026-09-21,B4,RESIDENCIA_TERAPEUTICA_EGRESSOS,TJRN,NAO,H:\Meu Drive\RADIO TJRN CONTEÚDO\00_PRODUCAO_2026\01_BOLETINS_DIARIOS\03_AUDIOS_RADIO\03 - MAR - 26\BOLETIM_RADIO_TJRN_30_03_2026_B4_RESIDENCIA_TERAPEUTICA_EGRESSOS.mp3
09,NJUD_PROG_20260922,BOLETIM_RADIO_TJRN_30_03_2026_B5_EVENTO_INOVACAO_SETIC.mp3,2026-09-22,B1,EVENTO_INOVACAO_SETIC,TJRN,NAO,H:\Meu Drive\RADIO TJRN CONTEÚDO\00_PRODUCAO_2026\01_BOLETINS_DIARIOS\03_AUDIOS_RADIO\03 - MAR - 26\BOLETIM_RADIO_TJRN_30_03_2026_B5_EVENTO_INOVACAO_SETIC.mp3
09,NJUD_PROG_20260922,BOLETIM_RADIO_TJRN_30_03_2026_B6_AUTOMOVEL_DEFEITO_FABRICACAO.mp3,2026-09-22,B2,AUTOMOVEL_DEFEITO_FABRICACAO,TJRN,NAO,H:\Meu Drive\RADIO TJRN CONTEÚDO\00_PRODUCAO_2026\01_BOLETINS_DIARIOS\03_AUDIOS_RADIO\03 - MAR - 26\BOLETIM_RADIO_TJRN_30_03_2026_B6_AUTOMOVEL_DEFEITO_FABRICACAO.mp3
09,NJUD_PROG_20260922,BOLETIM_RADIO_TJRN_30_03_2026_B7_DESCONTOS_PREVIDENCIARIOS.mp3,2026-09-22,B3,DESCONTOS_PREVIDENCIARIOS,TJRN,NAO,H:\Meu Drive\RADIO TJRN CONTEÚDO\00_PRODUCAO_2026\01_BOLETINS_DIARIOS\03_AUDIOS_RADIO\03 - MAR - 26\BOLETIM_RADIO_TJRN_30_03_2026_B7_DESCONTOS_PREVIDENCIARIOS.mp3
09,NJUD_PROG_20260922,BOLETIM_RADIO_TJRN_30_03_2026_B8_BLOQUEIO_INDEVIDO_BANCO.mp3,2026-09-22,B4,BLOQUEIO_INDEVIDO_BANCO,TJRN,NAO,H:\Meu Drive\RADIO TJRN CONTEÚDO\00_PRODUCAO_2026\01_BOLETINS_DIARIOS\03_AUDIOS_RADIO\03 - MAR - 26\BOLETIM_RADIO_TJRN_30_03_2026_B8_BLOQUEIO_INDEVIDO_BANCO.mp3
09,NJUD_PROG_20260923,BOLETIM_RADIO_TJRN_30_03_2026_B9_GMF_ACAO_MOSSORO.mp3,2026-09-23,B1,GMF_ACAO_MOSSORO,TJRN,NAO,H:\Meu Drive\RADIO TJRN CONTEÚDO\00_PRODUCAO_2026\01_BOLETINS_DIARIOS\03_AUDIOS_RADIO\03 - MAR - 26\BOLETIM_RADIO_TJRN_30_03_2026_B9_GMF_ACAO_MOSSORO.mp3
09,NJUD_PROG_20260923,BOLETIM_RADIO_TJRN_31_03_2026_B10_TJRN_REFORMA_DECISAO_CONTRATACAO_ASSESSORIA_.mp3,2026-09-23,B2,TJRN_REFORMA_DECISAO_CONTRATACAO_ASSESSORIA_,TJRN,NAO,H:\Meu Drive\RADIO TJRN CONTEÚDO\00_PRODUCAO_2026\01_BOLETINS_DIARIOS\03_AUDIOS_RADIO\03 - MAR - 26\BOLETIM_RADIO_TJRN_31_03_2026_B10_TJRN_REFORMA_DECISAO_CONTRATACAO_ASSESSORIA_.mp3
09,NJUD_PROG_20260923,BOLETIM_RADIO_TJRN_31_03_2026_B1_INJURIA_QUALIFICADA_IDOSA.mp3,2026-09-23,B3,INJURIA_QUALIFICADA_IDOSA,TJRN,NAO,H:\Meu Drive\RADIO TJRN CONTEÚDO\00_PRODUCAO_2026\01_BOLETINS_DIARIOS\03_AUDIOS_RADIO\03 - MAR - 26\BOLETIM_RADIO_TJRN_31_03_2026_B1_INJURIA_QUALIFICADA_IDOSA.mp3
09,NJUD_PROG_20260923,BOLETIM_RADIO_TJRN_31_03_2026_B2_REINTEGRACAO_POSSE_IMOVEL.mp3,2026-09-23,B4,REINTEGRACAO_POSSE_IMOVEL,TJRN,NAO,H:\Meu Drive\RADIO TJRN CONTEÚDO\00_PRODUCAO_2026\01_BOLETINS_DIARIOS\03_AUDIOS_RADIO\03 - MAR - 26\BOLETIM_RADIO_TJRN_31_03_2026_B2_REINTEGRACAO_POSSE_IMOVEL.mp3
09,NJUD_PROG_20260924,BOLETIM_RADIO_TJRN_31_03_2026_B3_BANCA_HETEROIDENTIFICACAO_ENAM.mp3,2026-09-24,B1,BANCA_HETEROIDENTIFICACAO_ENAM,TJRN,NAO,H:\Meu Drive\RADIO TJRN CONTEÚDO\00_PRODUCAO_2026\01_BOLETINS_DIARIOS\03_AUDIOS_RADIO\03 - MAR - 26\BOLETIM_RADIO_TJRN_31_03_2026_B3_BANCA_HETEROIDENTIFICACAO_ENAM.mp3
09,NJUD_PROG_20260924,BOLETIM_RADIO_TJRN_31_03_2026_B4_CONVOCADOS_CONCURSO.mp3,2026-09-24,B2,CONVOCADOS_CONCURSO,TJRN,NAO,H:\Meu Drive\RADIO TJRN CONTEÚDO\00_PRODUCAO_2026\01_BOLETINS_DIARIOS\03_AUDIOS_RADIO\03 - MAR - 26\BOLETIM_RADIO_TJRN_31_03_2026_B4_CONVOCADOS_CONCURSO.mp3
09,NJUD_PROG_20260924,BOLETIM_RADIO_TJRN_31_03_2026_B5_TJRN_FINALISTA_COMUNICACAO_PUBLICA.mp3,2026-09-24,B3,TJRN_FINALISTA_COMUNICACAO_PUBLICA,TJRN,NAO,H:\Meu Drive\RADIO TJRN CONTEÚDO\00_PRODUCAO_2026\01_BOLETINS_DIARIOS\03_AUDIOS_RADIO\03 - MAR - 26\BOLETIM_RADIO_TJRN_31_03_2026_B5_TJRN_FINALISTA_COMUNICACAO_PUBLICA.mp3
09,NJUD_PROG_20260924,BOLETIM_RADIO_TJRN_31_03_2026_B6_PAVILHAO_MARIO_NEGOCIO.mp3,2026-09-24,B4,PAVILHAO_MARIO_NEGOCIO,TJRN,NAO,H:\Meu Drive\RADIO TJRN CONTEÚDO\00_PRODUCAO_2026\01_BOLETINS_DIARIOS\03_AUDIOS_RADIO\03 - MAR - 26\BOLETIM_RADIO_TJRN_31_03_2026_B6_PAVILHAO_MARIO_NEGOCIO.mp3
09,NJUD_PROG_20260925,BOLETIM_RADIO_TJRN_31_03_2026_B7_TJRN_CONDENA_HOMEM_INJURIA_.mp3,2026-09-25,B1,TJRN_CONDENA_HOMEM_INJURIA_,TJRN,NAO,H:\Meu Drive\RADIO TJRN CONTEÚDO\00_PRODUCAO_2026\01_BOLETINS_DIARIOS\03_AUDIOS_RADIO\03 - MAR - 26\BOLETIM_RADIO_TJRN_31_03_2026_B7_TJRN_CONDENA_HOMEM_INJURIA_.mp3
09,NJUD_PROG_20260925,BOLETIM_RADIO_TJRN_31_03_2026_B8_TJRN_DESCREDENCIAMENTO_CLINICA_.mp3,2026-09-25,B2,TJRN_DESCREDENCIAMENTO_CLINICA_,TJRN,NAO,H:\Meu Drive\RADIO TJRN CONTEÚDO\00_PRODUCAO_2026\01_BOLETINS_DIARIOS\03_AUDIOS_RADIO\03 - MAR - 26\BOLETIM_RADIO_TJRN_31_03_2026_B8_TJRN_DESCREDENCIAMENTO_CLINICA_.mp3
09,NJUD_PROG_20260925,BOLETIM_RADIO_TJRN_31_03_2026_B9_TJRN_PROCEDIMENTOS_REPARADORES_.mp3,2026-09-25,B3,TJRN_PROCEDIMENTOS_REPARADORES_,TJRN,NAO,H:\Meu Drive\RADIO TJRN CONTEÚDO\00_PRODUCAO_2026\01_BOLETINS_DIARIOS\03_AUDIOS_RADIO\03 - MAR - 26\BOLETIM_RADIO_TJRN_31_03_2026_B9_TJRN_PROCEDIMENTOS_REPARADORES_.mp3
09,NJUD_PROG_20260925,BOLETIM_RADIO_TJRN_06_04_2026_B10_TJRN_CONDENA_FALSO_ADVOGADO_.mp3,2026-09-25,B4,TJRN_CONDENA_FALSO_ADVOGADO_,TJRN,NAO,H:\Meu Drive\RADIO TJRN CONTEÚDO\00_PRODUCAO_2026\01_BOLETINS_DIARIOS\03_AUDIOS_RADIO\04 - ABR - 26\BOLETIM_RADIO_TJRN_06_04_2026_B10_TJRN_CONDENA_FALSO_ADVOGADO_.mp3
09,NJUD_PROG_20260928,BOLETIM_RADIO_TJRN_06_04_2026_B1_TJRN_FALHA_ELETRONICA_REGISTRO_DOCUMENTO_.mp3,2026-09-28,B1,TJRN_FALHA_ELETRONICA_REGISTRO_DOCUMENTO_,TJRN,NAO,H:\Meu Drive\RADIO TJRN CONTEÚDO\00_PRODUCAO_2026\01_BOLETINS_DIARIOS\03_AUDIOS_RADIO\04 - ABR - 26\BOLETIM_RADIO_TJRN_06_04_2026_B1_TJRN_FALHA_ELETRONICA_REGISTRO_DOCUMENTO_.mp3
09,NJUD_PROG_20260928,BOLETIM_RADIO_TJRN_06_04_2026_B2_TJRN_PROJETO_GMF_REDE_SOCIOEDUCATIVA_.mp3,2026-09-28,B2,TJRN_PROJETO_GMF_REDE_SOCIOEDUCATIVA_,TJRN,NAO,H:\Meu Drive\RADIO TJRN CONTEÚDO\00_PRODUCAO_2026\01_BOLETINS_DIARIOS\03_AUDIOS_RADIO\04 - ABR - 26\BOLETIM_RADIO_TJRN_06_04_2026_B2_TJRN_PROJETO_GMF_REDE_SOCIOEDUCATIVA_.mp3
09,NJUD_PROG_20260928,BOLETIM_RADIO_TJRN_06_04_2026_B3_TJRN_COJUD_PROCESSO_SELETIVO_.mp3,2026-09-28,B3,TJRN_COJUD_PROCESSO_SELETIVO_,TJRN,NAO,H:\Meu Drive\RADIO TJRN CONTEÚDO\00_PRODUCAO_2026\01_BOLETINS_DIARIOS\03_AUDIOS_RADIO\04 - ABR - 26\BOLETIM_RADIO_TJRN_06_04_2026_B3_TJRN_COJUD_PROCESSO_SELETIVO_.mp3
09,NJUD_PROG_20260928,BOLETIM_RADIO_TJRN_06_04_2026_B4_TJRN_MUNICIPIO_GARANTIR_CONSULTAS_.mp3,2026-09-28,B4,TJRN_MUNICIPIO_GARANTIR_CONSULTAS_,TJRN,NAO,H:\Meu Drive\RADIO TJRN CONTEÚDO\00_PRODUCAO_2026\01_BOLETINS_DIARIOS\03_AUDIOS_RADIO\04 - ABR - 26\BOLETIM_RADIO_TJRN_06_04_2026_B4_TJRN_MUNICIPIO_GARANTIR_CONSULTAS_.mp3
09,NJUD_PROG_20260929,BOLETIM_RADIO_TJRN_06_04_2026_B5_TJRN_MANTEM_RESPONSABILIZACAO_DANOS_ENCHENTE_.mp3,2026-09-29,B1,TJRN_MANTEM_RESPONSABILIZACAO_DANOS_ENCHENTE_,TJRN,NAO,H:\Meu Drive\RADIO TJRN CONTEÚDO\00_PRODUCAO_2026\01_BOLETINS_DIARIOS\03_AUDIOS_RADIO\04 - ABR - 26\BOLETIM_RADIO_TJRN_06_04_2026_B5_TJRN_MANTEM_RESPONSABILIZACAO_DANOS_ENCHENTE_.mp3
09,NJUD_PROG_20260929,BOLETIM_RADIO_TJRN_06_04_2026_B6_TJRN_NEGA_RECURSO_ACUSADO_TENTATIVA_FEMINICIDIO_.mp3,2026-09-29,B2,TJRN_NEGA_RECURSO_ACUSADO_TENTATIVA_FEMINICIDIO_,TJRN,NAO,H:\Meu Drive\RADIO TJRN CONTEÚDO\00_PRODUCAO_2026\01_BOLETINS_DIARIOS\03_AUDIOS_RADIO\04 - ABR - 26\BOLETIM_RADIO_TJRN_06_04_2026_B6_TJRN_NEGA_RECURSO_ACUSADO_TENTATIVA_FEMINICIDIO_.mp3
09,NJUD_PROG_20260929,BOLETIM_RADIO_TJRN_06_04_2026_B7_TJRN_ACORDOS_EXTRAJUDICIAIS_PROSSEGUIMENTOS_.mp3,2026-09-29,B3,TJRN_ACORDOS_EXTRAJUDICIAIS_PROSSEGUIMENTOS_,TJRN,NAO,H:\Meu Drive\RADIO TJRN CONTEÚDO\00_PRODUCAO_2026\01_BOLETINS_DIARIOS\03_AUDIOS_RADIO\04 - ABR - 26\BOLETIM_RADIO_TJRN_06_04_2026_B7_TJRN_ACORDOS_EXTRAJUDICIAIS_PROSSEGUIMENTOS_.mp3
09,NJUD_PROG_20260929,BOLETIM_RADIO_TJRN_06_04_2026_B8_TJRN_DECISAO_REALIZACAO_PERICIA_GRAFOTECNICA_.mp3,2026-09-29,B4,TJRN_DECISAO_REALIZACAO_PERICIA_GRAFOTECNICA_,TJRN,NAO,H:\Meu Drive\RADIO TJRN CONTEÚDO\00_PRODUCAO_2026\01_BOLETINS_DIARIOS\03_AUDIOS_RADIO\04 - ABR - 26\BOLETIM_RADIO_TJRN_06_04_2026_B8_TJRN_DECISAO_REALIZACAO_PERICIA_GRAFOTECNICA_.mp3
09,NJUD_PROG_20260930,BOLETIM_RADIO_TJRN_06_04_2026_B9_TJRN_GARANTE_COBERTURA_PARTO_SEM_CARENCIA_.mp3,2026-09-30,B1,TJRN_GARANTE_COBERTURA_PARTO_SEM_CARENCIA_,TJRN,NAO,H:\Meu Drive\RADIO TJRN CONTEÚDO\00_PRODUCAO_2026\01_BOLETINS_DIARIOS\03_AUDIOS_RADIO\04 - ABR - 26\BOLETIM_RADIO_TJRN_06_04_2026_B9_TJRN_GARANTE_COBERTURA_PARTO_SEM_CARENCIA_.mp3
09,NJUD_PROG_20260930,BOLETIM_RADIO_TJRN_07_04_2026_B8_MPRN_EX_SECRETARIO_MOSSORO_CONDENADO.mp3,2026-09-30,B2,MPRN_EX_SECRETARIO_MOSSORO_CONDENADO,TJRN,NAO,H:\Meu Drive\RADIO TJRN CONTEÚDO\00_PRODUCAO_2026\01_BOLETINS_DIARIOS\03_AUDIOS_RADIO\04 - ABR - 26\BOLETIM_RADIO_TJRN_07_04_2026_B8_MPRN_EX_SECRETARIO_MOSSORO_CONDENADO.mp3
09,NJUD_PROG_20260930,BOLETIM_RADIO_TJRN_08_04_2026_B10_TJRN_SEMANA_NACIONAL_SAUDE.mp3,2026-09-30,B3,TJRN_SEMANA_NACIONAL_SAUDE,TJRN,NAO,H:\Meu Drive\RADIO TJRN CONTEÚDO\00_PRODUCAO_2026\01_BOLETINS_DIARIOS\03_AUDIOS_RADIO\04 - ABR - 26\BOLETIM_RADIO_TJRN_08_04_2026_B10_TJRN_SEMANA_NACIONAL_SAUDE.mp3
09,NJUD_PROG_20260930,BOLETIM_RADIO_TJRN_08_04_2026_B1_TJRN_SANTA_CRUZ_PROJETOS_SOCIAIS_.mp3,2026-09-30,B4,TJRN_SANTA_CRUZ_PROJETOS_SOCIAIS_,TJRN,NAO,H:\Meu Drive\RADIO TJRN CONTEÚDO\00_PRODUCAO_2026\01_BOLETINS_DIARIOS\03_AUDIOS_RADIO\04 - ABR - 26\BOLETIM_RADIO_TJRN_08_04_2026_B1_TJRN_SANTA_CRUZ_PROJETOS_SOCIAIS_.mp3
10,NJUD_PROG_20261001,BOLETIM_RADIO_TJRN_08_04_2026_B2_TJRN_BANCO_CONDENADO_VAZAMENTOS_DADOS_.mp3,2026-10-01,B1,TJRN_BANCO_CONDENADO_VAZAMENTOS_DADOS_,TJRN,NAO,H:\Meu Drive\RADIO TJRN CONTEÚDO\00_PRODUCAO_2026\01_BOLETINS_DIARIOS\03_AUDIOS_RADIO\04 - ABR - 26\BOLETIM_RADIO_TJRN_08_04_2026_B2_TJRN_BANCO_CONDENADO_VAZAMENTOS_DADOS_.mp3
10,NJUD_PROG_20261001,BOLETIM_RADIO_TJRN_08_04_2026_B3_TJRN_ACAO_ALIMENTOS_IDOSO_ALZHEIMER_.mp3,2026-10-01,B2,TJRN_ACAO_ALIMENTOS_IDOSO_ALZHEIMER_,TJRN,NAO,H:\Meu Drive\RADIO TJRN CONTEÚDO\00_PRODUCAO_2026\01_BOLETINS_DIARIOS\03_AUDIOS_RADIO\04 - ABR - 26\BOLETIM_RADIO_TJRN_08_04_2026_B3_TJRN_ACAO_ALIMENTOS_IDOSO_ALZHEIMER_.mp3
10,NJUD_PROG_20261001,BOLETIM_RADIO_TJRN_08_04_2026_B4_TJRN_PLANO_SAUDE_CONDENADO_CIRURGIA_OCULAR_.mp3,2026-10-01,B3,TJRN_PLANO_SAUDE_CONDENADO_CIRURGIA_OCULAR_,TJRN,NAO,H:\Meu Drive\RADIO TJRN CONTEÚDO\00_PRODUCAO_2026\01_BOLETINS_DIARIOS\03_AUDIOS_RADIO\04 - ABR - 26\BOLETIM_RADIO_TJRN_08_04_2026_B4_TJRN_PLANO_SAUDE_CONDENADO_CIRURGIA_OCULAR_.mp3
10,NJUD_PROG_20261001,BOLETIM_RADIO_TJRN_08_04_2026_B5_TJRN_SENTENCA_EXIGENCIA_PROCURACAO_DETRAN_.mp3,2026-10-01,B4,TJRN_SENTENCA_EXIGENCIA_PROCURACAO_DETRAN_,TJRN,NAO,H:\Meu Drive\RADIO TJRN CONTEÚDO\00_PRODUCAO_2026\01_BOLETINS_DIARIOS\03_AUDIOS_RADIO\04 - ABR - 26\BOLETIM_RADIO_TJRN_08_04_2026_B5_TJRN_SENTENCA_EXIGENCIA_PROCURACAO_DETRAN_.mp3
10,NJUD_PROG_20261002,BOLETIM_RADIO_TJRN_08_04_2026_B6_TJRN_VIGILANTE_AUXILIAR_CONDENADOS_.mp3,2026-10-02,B1,TJRN_VIGILANTE_AUXILIAR_CONDENADOS_,TJRN,NAO,H:\Meu Drive\RADIO TJRN CONTEÚDO\00_PRODUCAO_2026\01_BOLETINS_DIARIOS\03_AUDIOS_RADIO\04 - ABR - 26\BOLETIM_RADIO_TJRN_08_04_2026_B6_TJRN_VIGILANTE_AUXILIAR_CONDENADOS_.mp3
10,NJUD_PROG_20261002,BOLETIM_RADIO_TJRN_08_04_2026_B7_TJRN_PLATAFORMA_NAO_EFETIVA_RESERVA_HOTEL.mp3,2026-10-02,B2,TJRN_PLATAFORMA_NAO_EFETIVA_RESERVA_HOTEL,TJRN,NAO,H:\Meu Drive\RADIO TJRN CONTEÚDO\00_PRODUCAO_2026\01_BOLETINS_DIARIOS\03_AUDIOS_RADIO\04 - ABR - 26\BOLETIM_RADIO_TJRN_08_04_2026_B7_TJRN_PLATAFORMA_NAO_EFETIVA_RESERVA_HOTEL.mp3
10,NJUD_PROG_20261002,BOLETIM_RADIO_TJRN_08_04_2026_B8_TJRN_FALHA_DEPOSITO_BANCARIO_.mp3,2026-10-02,B3,TJRN_FALHA_DEPOSITO_BANCARIO_,TJRN,NAO,H:\Meu Drive\RADIO TJRN CONTEÚDO\00_PRODUCAO_2026\01_BOLETINS_DIARIOS\03_AUDIOS_RADIO\04 - ABR - 26\BOLETIM_RADIO_TJRN_08_04_2026_B8_TJRN_FALHA_DEPOSITO_BANCARIO_.mp3
10,NJUD_PROG_20261002,BOLETIM_RADIO_TJRN_08_04_2026_B9_TJRN_ANULA_CONTRATO_OTICA_.mp3,2026-10-02,B4,TJRN_ANULA_CONTRATO_OTICA_,TJRN,NAO,H:\Meu Drive\RADIO TJRN CONTEÚDO\00_PRODUCAO_2026\01_BOLETINS_DIARIOS\03_AUDIOS_RADIO\04 - ABR - 26\BOLETIM_RADIO_TJRN_08_04_2026_B9_TJRN_ANULA_CONTRATO_OTICA_.mp3
10,NJUD_PROG_20261005,BOLETIM_RADIO_TJRN_09_04_2026_B10_TRERN_AUTOATENDIMENTO_ELEITORAL_BIOMETRIA_.mp3,2026-10-05,B1,TRERN_AUTOATENDIMENTO_ELEITORAL_BIOMETRIA_,TJRN,NAO,H:\Meu Drive\RADIO TJRN CONTEÚDO\00_PRODUCAO_2026\01_BOLETINS_DIARIOS\03_AUDIOS_RADIO\04 - ABR - 26\BOLETIM_RADIO_TJRN_09_04_2026_B10_TRERN_AUTOATENDIMENTO_ELEITORAL_BIOMETRIA_.mp3
10,NJUD_PROG_20261005,BOLETIM_RADIO_TJRN_09_04_2026_B1_TJRN_COBRANCA_INDEVIDA_BAGAGEM_.mp3,2026-10-05,B2,TJRN_COBRANCA_INDEVIDA_BAGAGEM_,TJRN,NAO,H:\Meu Drive\RADIO TJRN CONTEÚDO\00_PRODUCAO_2026\01_BOLETINS_DIARIOS\03_AUDIOS_RADIO\04 - ABR - 26\BOLETIM_RADIO_TJRN_09_04_2026_B1_TJRN_COBRANCA_INDEVIDA_BAGAGEM_.mp3
10,NJUD_PROG_20261005,BOLETIM_RADIO_TJRN_09_04_2026_B2_TJRN_MANTEM_CONDENACAO_ACUSADOS_ROUBO.mp3,2026-10-05,B3,TJRN_MANTEM_CONDENACAO_ACUSADOS_ROUBO,TJRN,NAO,H:\Meu Drive\RADIO TJRN CONTEÚDO\00_PRODUCAO_2026\01_BOLETINS_DIARIOS\03_AUDIOS_RADIO\04 - ABR - 26\BOLETIM_RADIO_TJRN_09_04_2026_B2_TJRN_MANTEM_CONDENACAO_ACUSADOS_ROUBO.mp3
10,NJUD_PROG_20261005,BOLETIM_RADIO_TJRN_09_04_2026_B3_TJRN_TECNICO_PAGAMENTO_SERVICO_.mp3,2026-10-05,B4,TJRN_TECNICO_PAGAMENTO_SERVICO_,TJRN,NAO,H:\Meu Drive\RADIO TJRN CONTEÚDO\00_PRODUCAO_2026\01_BOLETINS_DIARIOS\03_AUDIOS_RADIO\04 - ABR - 26\BOLETIM_RADIO_TJRN_09_04_2026_B3_TJRN_TECNICO_PAGAMENTO_SERVICO_.mp3
10,NJUD_PROG_20261006,BOLETIM_RADIO_TJRN_09_04_2026_B4_TJRN_SUPOSTO_DESVIO_FUNCAO_PM.mp3,2026-10-06,B1,TJRN_SUPOSTO_DESVIO_FUNCAO_PM,TJRN,NAO,H:\Meu Drive\RADIO TJRN CONTEÚDO\00_PRODUCAO_2026\01_BOLETINS_DIARIOS\03_AUDIOS_RADIO\04 - ABR - 26\BOLETIM_RADIO_TJRN_09_04_2026_B4_TJRN_SUPOSTO_DESVIO_FUNCAO_PM.mp3
10,NJUD_PROG_20261006,BOLETIM_RADIO_TJRN_09_04_2026_B5_TJRN_MANTIDA_CONDENACAO_EMPRESA_AEREA_.mp3,2026-10-06,B2,TJRN_MANTIDA_CONDENACAO_EMPRESA_AEREA_,TJRN,NAO,H:\Meu Drive\RADIO TJRN CONTEÚDO\00_PRODUCAO_2026\01_BOLETINS_DIARIOS\03_AUDIOS_RADIO\04 - ABR - 26\BOLETIM_RADIO_TJRN_09_04_2026_B5_TJRN_MANTIDA_CONDENACAO_EMPRESA_AEREA_.mp3
10,NJUD_PROG_20261006,BOLETIM_RADIO_TJRN_09_04_2026_B6_TJRN_CAMARA_SESSAO_EXTRAORDINARIA_HIBRIDA_.mp3,2026-10-06,B3,TJRN_CAMARA_SESSAO_EXTRAORDINARIA_HIBRIDA_,TJRN,NAO,H:\Meu Drive\RADIO TJRN CONTEÚDO\00_PRODUCAO_2026\01_BOLETINS_DIARIOS\03_AUDIOS_RADIO\04 - ABR - 26\BOLETIM_RADIO_TJRN_09_04_2026_B6_TJRN_CAMARA_SESSAO_EXTRAORDINARIA_HIBRIDA_.mp3
10,NJUD_PROG_20261006,BOLETIM_RADIO_TJRN_09_04_2026_B7_TJRN_SEMANA_NACIONAL_REGISTRO_CIVIL.mp3,2026-10-06,B4,TJRN_SEMANA_NACIONAL_REGISTRO_CIVIL,TJRN,NAO,H:\Meu Drive\RADIO TJRN CONTEÚDO\00_PRODUCAO_2026\01_BOLETINS_DIARIOS\03_AUDIOS_RADIO\04 - ABR - 26\BOLETIM_RADIO_TJRN_09_04_2026_B7_TJRN_SEMANA_NACIONAL_REGISTRO_CIVIL.mp3
10,NJUD_PROG_20261007,BOLETIM_RADIO_TJRN_09_04_2026_B8_TRTRN_NOVA_SALA_ESPERA_AUDIENCIA_.mp3,2026-10-07,B1,TRTRN_NOVA_SALA_ESPERA_AUDIENCIA_,TJRN,NAO,H:\Meu Drive\RADIO TJRN CONTEÚDO\00_PRODUCAO_2026\01_BOLETINS_DIARIOS\03_AUDIOS_RADIO\04 - ABR - 26\BOLETIM_RADIO_TJRN_09_04_2026_B8_TRTRN_NOVA_SALA_ESPERA_AUDIENCIA_.mp3
10,NJUD_PROG_20261007,BOLETIM_RADIO_TJRN_09_04_2026_B9_TRERN_CAMPANHA_ARRECADACOES_LIVROS_INFANTIS_.mp3,2026-10-07,B2,TRERN_CAMPANHA_ARRECADACOES_LIVROS_INFANTIS_,TJRN,NAO,H:\Meu Drive\RADIO TJRN CONTEÚDO\00_PRODUCAO_2026\01_BOLETINS_DIARIOS\03_AUDIOS_RADIO\04 - ABR - 26\BOLETIM_RADIO_TJRN_09_04_2026_B9_TRERN_CAMPANHA_ARRECADACOES_LIVROS_INFANTIS_.mp3
10,NJUD_PROG_20261007,BOLETIM_RADIO_TJRN_10_04_2026_B10_TJRN_DETERMINA_SUSPENSAO_ATO_CANDIDATA_APROVADA.mp3,2026-10-07,B3,TJRN_DETERMINA_SUSPENSAO_ATO_CANDIDATA_APROVADA,TJRN,NAO,H:\Meu Drive\RADIO TJRN CONTEÚDO\00_PRODUCAO_2026\01_BOLETINS_DIARIOS\03_AUDIOS_RADIO\04 - ABR - 26\BOLETIM_RADIO_TJRN_10_04_2026_B10_TJRN_DETERMINA_SUSPENSAO_ATO_CANDIDATA_APROVADA.mp3
10,NJUD_PROG_20261007,BOLETIM_RADIO_TJRN_10_04_2026_B1_TJRN_DECISAO_REALIZACAO_PERICIA_ASSINATURA_.mp3,2026-10-07,B4,TJRN_DECISAO_REALIZACAO_PERICIA_ASSINATURA_,TJRN,NAO,H:\Meu Drive\RADIO TJRN CONTEÚDO\00_PRODUCAO_2026\01_BOLETINS_DIARIOS\03_AUDIOS_RADIO\04 - ABR - 26\BOLETIM_RADIO_TJRN_10_04_2026_B1_TJRN_DECISAO_REALIZACAO_PERICIA_ASSINATURA_.mp3
10,NJUD_PROG_20261008,BOLETIM_RADIO_TJRN_10_04_2026_B2_TJRN_SUPERLOTACAO_CARCERARIA_PROGRESSAO_REGIME_.mp3,2026-10-08,B1,TJRN_SUPERLOTACAO_CARCERARIA_PROGRESSAO_REGIME_,TJRN,NAO,H:\Meu Drive\RADIO TJRN CONTEÚDO\00_PRODUCAO_2026\01_BOLETINS_DIARIOS\03_AUDIOS_RADIO\04 - ABR - 26\BOLETIM_RADIO_TJRN_10_04_2026_B2_TJRN_SUPERLOTACAO_CARCERARIA_PROGRESSAO_REGIME_.mp3
10,NJUD_PROG_20261008,BOLETIM_RADIO_TJRN_10_04_2026_B3_TJRN_COSERN_CANCELAR_DEBITO_FRAUDE_.mp3,2026-10-08,B2,TJRN_COSERN_CANCELAR_DEBITO_FRAUDE_,TJRN,NAO,H:\Meu Drive\RADIO TJRN CONTEÚDO\00_PRODUCAO_2026\01_BOLETINS_DIARIOS\03_AUDIOS_RADIO\04 - ABR - 26\BOLETIM_RADIO_TJRN_10_04_2026_B3_TJRN_COSERN_CANCELAR_DEBITO_FRAUDE_.mp3
10,NJUD_PROG_20261008,BOLETIM_RADIO_TJRN_10_04_2026_B4_TJRN_CLIENTE_SOFRE_GOLPE_EMPRESTIMO_CONSIGNADO_.mp3,2026-10-08,B3,TJRN_CLIENTE_SOFRE_GOLPE_EMPRESTIMO_CONSIGNADO_,TJRN,NAO,H:\Meu Drive\RADIO TJRN CONTEÚDO\00_PRODUCAO_2026\01_BOLETINS_DIARIOS\03_AUDIOS_RADIO\04 - ABR - 26\BOLETIM_RADIO_TJRN_10_04_2026_B4_TJRN_CLIENTE_SOFRE_GOLPE_EMPRESTIMO_CONSIGNADO_.mp3
10,NJUD_PROG_20261008,BOLETIM_RADIO_TJRN_10_04_2026_B5_TJRN_RECONHECE_DIREITO_CORRETOR_.mp3,2026-10-08,B4,TJRN_RECONHECE_DIREITO_CORRETOR_,TJRN,NAO,H:\Meu Drive\RADIO TJRN CONTEÚDO\00_PRODUCAO_2026\01_BOLETINS_DIARIOS\03_AUDIOS_RADIO\04 - ABR - 26\BOLETIM_RADIO_TJRN_10_04_2026_B5_TJRN_RECONHECE_DIREITO_CORRETOR_.mp3
10,NJUD_PROG_20261009,BOLETIM_RADIO_TJRN_10_04_2026_B6_TJRN_PLANO_SAUDE_COBRANCA_EXCESSIVA_.mp3,2026-10-09,B1,TJRN_PLANO_SAUDE_COBRANCA_EXCESSIVA_,TJRN,NAO,H:\Meu Drive\RADIO TJRN CONTEÚDO\00_PRODUCAO_2026\01_BOLETINS_DIARIOS\03_AUDIOS_RADIO\04 - ABR - 26\BOLETIM_RADIO_TJRN_10_04_2026_B6_TJRN_PLANO_SAUDE_COBRANCA_EXCESSIVA_.mp3
10,NJUD_PROG_20261009,BOLETIM_RADIO_TJRN_10_04_2026_B7_TJRN_TRIPLO_HOMICIDIO_NISIA_FLORESTA_JURI_MANTIDO_.mp3,2026-10-09,B2,TJRN_TRIPLO_HOMICIDIO_NISIA_FLORESTA_JURI_MANTIDO_,TJRN,NAO,H:\Meu Drive\RADIO TJRN CONTEÚDO\00_PRODUCAO_2026\01_BOLETINS_DIARIOS\03_AUDIOS_RADIO\04 - ABR - 26\BOLETIM_RADIO_TJRN_10_04_2026_B7_TJRN_TRIPLO_HOMICIDIO_NISIA_FLORESTA_JURI_MANTIDO_.mp3
10,NJUD_PROG_20261009,BOLETIM_RADIO_TJRN_10_04_2026_B8_TJRN_DUPLA_CONDENADA_ASSALTO_.mp3,2026-10-09,B3,TJRN_DUPLA_CONDENADA_ASSALTO_,TJRN,NAO,H:\Meu Drive\RADIO TJRN CONTEÚDO\00_PRODUCAO_2026\01_BOLETINS_DIARIOS\03_AUDIOS_RADIO\04 - ABR - 26\BOLETIM_RADIO_TJRN_10_04_2026_B8_TJRN_DUPLA_CONDENADA_ASSALTO_.mp3
10,NJUD_PROG_20261009,BOLETIM_RADIO_TJRN_10_04_2026_B9_TJRN_RECONHECE_DESCUMPRIMENTO_CONTRATUAL_.mp3,2026-10-09,B4,TJRN_RECONHECE_DESCUMPRIMENTO_CONTRATUAL_,TJRN,NAO,H:\Meu Drive\RADIO TJRN CONTEÚDO\00_PRODUCAO_2026\01_BOLETINS_DIARIOS\03_AUDIOS_RADIO\04 - ABR - 26\BOLETIM_RADIO_TJRN_10_04_2026_B9_TJRN_RECONHECE_DESCUMPRIMENTO_CONTRATUAL_.mp3
10,NJUD_PROG_20261013,BOLETIM_RADIO_TJRN_13_04_2026_B10_SUPLEMENTO_CRIANCA_SELETIVIDADE.mp3,2026-10-13,B1,SUPLEMENTO_CRIANCA_SELETIVIDADE,TJRN,NAO,H:\Meu Drive\RADIO TJRN CONTEÚDO\00_PRODUCAO_2026\01_BOLETINS_DIARIOS\03_AUDIOS_RADIO\04 - ABR - 26\BOLETIM_RADIO_TJRN_13_04_2026_B10_SUPLEMENTO_CRIANCA_SELETIVIDADE.mp3
10,NJUD_PROG_20261013,BOLETIM_RADIO_TJRN_13_04_2026_B1_TJRN_CONDENA_PLATAFORMA_DIGITAL_FALHA_.mp3,2026-10-13,B2,TJRN_CONDENA_PLATAFORMA_DIGITAL_FALHA_,TJRN,NAO,H:\Meu Drive\RADIO TJRN CONTEÚDO\00_PRODUCAO_2026\01_BOLETINS_DIARIOS\03_AUDIOS_RADIO\04 - ABR - 26\BOLETIM_RADIO_TJRN_13_04_2026_B1_TJRN_CONDENA_PLATAFORMA_DIGITAL_FALHA_.mp3
10,NJUD_PROG_20261013,BOLETIM_RADIO_TJRN_13_04_2026_B2_TJRN_PARNAMIRIM_CONDENADO_ACIDENTE_TRANSPORTE_.mp3,2026-10-13,B3,TJRN_PARNAMIRIM_CONDENADO_ACIDENTE_TRANSPORTE_,TJRN,NAO,H:\Meu Drive\RADIO TJRN CONTEÚDO\00_PRODUCAO_2026\01_BOLETINS_DIARIOS\03_AUDIOS_RADIO\04 - ABR - 26\BOLETIM_RADIO_TJRN_13_04_2026_B2_TJRN_PARNAMIRIM_CONDENADO_ACIDENTE_TRANSPORTE_.mp3
10,NJUD_PROG_20261013,BOLETIM_RADIO_TJRN_13_04_2026_B3_TJRN_IPERN_CONDENADO_INDENIZAR_SERVIDORA_.mp3,2026-10-13,B4,TJRN_IPERN_CONDENADO_INDENIZAR_SERVIDORA_,TJRN,NAO,H:\Meu Drive\RADIO TJRN CONTEÚDO\00_PRODUCAO_2026\01_BOLETINS_DIARIOS\03_AUDIOS_RADIO\04 - ABR - 26\BOLETIM_RADIO_TJRN_13_04_2026_B3_TJRN_IPERN_CONDENADO_INDENIZAR_SERVIDORA_.mp3
10,NJUD_PROG_20261014,BOLETIM_RADIO_TJRN_13_04_2026_B4_TJRN_ACUSADOS_CRIMES_TRAFICO_.mp3,2026-10-14,B1,TJRN_ACUSADOS_CRIMES_TRAFICO_,TJRN,NAO,H:\Meu Drive\RADIO TJRN CONTEÚDO\00_PRODUCAO_2026\01_BOLETINS_DIARIOS\03_AUDIOS_RADIO\04 - ABR - 26\BOLETIM_RADIO_TJRN_13_04_2026_B4_TJRN_ACUSADOS_CRIMES_TRAFICO_.mp3
10,NJUD_PROG_20261014,BOLETIM_RADIO_TJRN_13_04_2026_B5_TJRN_PASSAGEIRA_RECEBEU_MALA_DANIFICADA_.mp3,2026-10-14,B2,TJRN_PASSAGEIRA_RECEBEU_MALA_DANIFICADA_,TJRN,NAO,H:\Meu Drive\RADIO TJRN CONTEÚDO\00_PRODUCAO_2026\01_BOLETINS_DIARIOS\03_AUDIOS_RADIO\04 - ABR - 26\BOLETIM_RADIO_TJRN_13_04_2026_B5_TJRN_PASSAGEIRA_RECEBEU_MALA_DANIFICADA_.mp3
10,NJUD_PROG_20261014,BOLETIM_RADIO_TJRN_13_04_2026_B6_TJRN_CONVOCA_45_TECNICOS_.mp3,2026-10-14,B3,TJRN_CONVOCA_45_TECNICOS_,TJRN,NAO,H:\Meu Drive\RADIO TJRN CONTEÚDO\00_PRODUCAO_2026\01_BOLETINS_DIARIOS\03_AUDIOS_RADIO\04 - ABR - 26\BOLETIM_RADIO_TJRN_13_04_2026_B6_TJRN_CONVOCA_45_TECNICOS_.mp3
10,NJUD_PROG_20261014,BOLETIM_RADIO_TJRN_13_04_2026_B7_DANOS_MORAIS_MANOBRA_IRREGULAR.mp3,2026-10-14,B4,DANOS_MORAIS_MANOBRA_IRREGULAR,TJRN,NAO,H:\Meu Drive\RADIO TJRN CONTEÚDO\00_PRODUCAO_2026\01_BOLETINS_DIARIOS\03_AUDIOS_RADIO\04 - ABR - 26\BOLETIM_RADIO_TJRN_13_04_2026_B7_DANOS_MORAIS_MANOBRA_IRREGULAR.mp3
10,NJUD_PROG_20261015,BOLETIM_RADIO_TJRN_13_04_2026_B8_SUSPENSAO_FATURA_ENERGIA_ELETRICA.mp3,2026-10-15,B1,SUSPENSAO_FATURA_ENERGIA_ELETRICA,TJRN,NAO,H:\Meu Drive\RADIO TJRN CONTEÚDO\00_PRODUCAO_2026\01_BOLETINS_DIARIOS\03_AUDIOS_RADIO\04 - ABR - 26\BOLETIM_RADIO_TJRN_13_04_2026_B8_SUSPENSAO_FATURA_ENERGIA_ELETRICA.mp3
10,NJUD_PROG_20261015,BOLETIM_RADIO_TJRN_13_04_2026_B9_CONTRATACAO_MEDICO_IRREGULAR.mp3,2026-10-15,B2,CONTRATACAO_MEDICO_IRREGULAR,TJRN,NAO,H:\Meu Drive\RADIO TJRN CONTEÚDO\00_PRODUCAO_2026\01_BOLETINS_DIARIOS\03_AUDIOS_RADIO\04 - ABR - 26\BOLETIM_RADIO_TJRN_13_04_2026_B9_CONTRATACAO_MEDICO_IRREGULAR.mp3
10,NJUD_PROG_20261015,BOLETIM_RADIO_TJRN_14_04_2026_B1_BLOQUEIO_TRATAMENTO_CRIANCA_TEA.mp3,2026-10-15,B3,BLOQUEIO_TRATAMENTO_CRIANCA_TEA,TJRN,NAO,H:\Meu Drive\RADIO TJRN CONTEÚDO\00_PRODUCAO_2026\01_BOLETINS_DIARIOS\03_AUDIOS_RADIO\04 - ABR - 26\BOLETIM_RADIO_TJRN_14_04_2026_B1_BLOQUEIO_TRATAMENTO_CRIANCA_TEA.mp3
10,NJUD_PROG_20261015,BOLETIM_RADIO_TJRN_14_04_2026_B2_ANULACAO_DEBITO_TRIBUTARIO.mp3,2026-10-15,B4,ANULACAO_DEBITO_TRIBUTARIO,TJRN,NAO,H:\Meu Drive\RADIO TJRN CONTEÚDO\00_PRODUCAO_2026\01_BOLETINS_DIARIOS\03_AUDIOS_RADIO\04 - ABR - 26\BOLETIM_RADIO_TJRN_14_04_2026_B2_ANULACAO_DEBITO_TRIBUTARIO.mp3
10,NJUD_PROG_20261016,BOLETIM_RADIO_TJRN_14_04_2026_B3_CONDENACAO_PLANO_CIRURGIA_FACIAL.mp3,2026-10-16,B1,CONDENACAO_PLANO_CIRURGIA_FACIAL,TJRN,NAO,H:\Meu Drive\RADIO TJRN CONTEÚDO\00_PRODUCAO_2026\01_BOLETINS_DIARIOS\03_AUDIOS_RADIO\04 - ABR - 26\BOLETIM_RADIO_TJRN_14_04_2026_B3_CONDENACAO_PLANO_CIRURGIA_FACIAL.mp3
10,NJUD_PROG_20261016,BOLETIM_RADIO_TJRN_14_04_2026_B4_INDENIZACAO_FALTA_HIGIENE_HOSPEDAGEM.mp3,2026-10-16,B2,INDENIZACAO_FALTA_HIGIENE_HOSPEDAGEM,TJRN,NAO,H:\Meu Drive\RADIO TJRN CONTEÚDO\00_PRODUCAO_2026\01_BOLETINS_DIARIOS\03_AUDIOS_RADIO\04 - ABR - 26\BOLETIM_RADIO_TJRN_14_04_2026_B4_INDENIZACAO_FALTA_HIGIENE_HOSPEDAGEM.mp3
10,NJUD_PROG_20261016,BOLETIM_RADIO_TJRN_14_04_2026_B5_ACAO_EXTINTA_HETEROIDENTIFICACAO.mp3,2026-10-16,B3,ACAO_EXTINTA_HETEROIDENTIFICACAO,TJRN,NAO,H:\Meu Drive\RADIO TJRN CONTEÚDO\00_PRODUCAO_2026\01_BOLETINS_DIARIOS\03_AUDIOS_RADIO\04 - ABR - 26\BOLETIM_RADIO_TJRN_14_04_2026_B5_ACAO_EXTINTA_HETEROIDENTIFICACAO.mp3
10,NJUD_PROG_20261016,BOLETIM_RADIO_TJRN_22_04_2026_B10_MPRN_RECOMENDA_RETIRADA_PLACAS_AREZ.mp3,2026-10-16,B4,MPRN_RECOMENDA_RETIRADA_PLACAS_AREZ,TJRN,NAO,H:\Meu Drive\RADIO TJRN CONTEÚDO\00_PRODUCAO_2026\01_BOLETINS_DIARIOS\03_AUDIOS_RADIO\04 - ABR - 26\BOLETIM_RADIO_TJRN_22_04_2026_B10_MPRN_RECOMENDA_RETIRADA_PLACAS_AREZ.mp3
10,NJUD_PROG_20261019,BOLETIM_RADIO_TJRN_22_04_2026_B1_FORUM_NACIONAL_MEDIACAO.mp3,2026-10-19,B1,FORUM_NACIONAL_MEDIACAO,TJRN,NAO,H:\Meu Drive\RADIO TJRN CONTEÚDO\00_PRODUCAO_2026\01_BOLETINS_DIARIOS\03_AUDIOS_RADIO\04 - ABR - 26\BOLETIM_RADIO_TJRN_22_04_2026_B1_FORUM_NACIONAL_MEDIACAO.mp3
10,NJUD_PROG_20261019,BOLETIM_RADIO_TJRN_22_04_2026_B2_ENCERRAMENTO_REGISTRE_SE.mp3,2026-10-19,B2,ENCERRAMENTO_REGISTRE_SE,TJRN,NAO,H:\Meu Drive\RADIO TJRN CONTEÚDO\00_PRODUCAO_2026\01_BOLETINS_DIARIOS\03_AUDIOS_RADIO\04 - ABR - 26\BOLETIM_RADIO_TJRN_22_04_2026_B2_ENCERRAMENTO_REGISTRE_SE.mp3
10,NJUD_PROG_20261019,BOLETIM_RADIO_TJRN_22_04_2026_B3_PENAS_PECUNIARIAS_ACARI.mp3,2026-10-19,B3,PENAS_PECUNIARIAS_ACARI,TJRN,NAO,H:\Meu Drive\RADIO TJRN CONTEÚDO\00_PRODUCAO_2026\01_BOLETINS_DIARIOS\03_AUDIOS_RADIO\04 - ABR - 26\BOLETIM_RADIO_TJRN_22_04_2026_B3_PENAS_PECUNIARIAS_ACARI.mp3
10,NJUD_PROG_20261019,BOLETIM_RADIO_TJRN_22_04_2026_B4_INDENIZACAO_ENERGIA.mp3,2026-10-19,B4,INDENIZACAO_ENERGIA,TJRN,NAO,H:\Meu Drive\RADIO TJRN CONTEÚDO\00_PRODUCAO_2026\01_BOLETINS_DIARIOS\03_AUDIOS_RADIO\04 - ABR - 26\BOLETIM_RADIO_TJRN_22_04_2026_B4_INDENIZACAO_ENERGIA.mp3
10,NJUD_PROG_20261020,BOLETIM_RADIO_TJRN_22_04_2026_B5_PAGAMENTO_ADICIONAL_RISCO_VIDA.mp3,2026-10-20,B1,PAGAMENTO_ADICIONAL_RISCO_VIDA,TJRN,NAO,H:\Meu Drive\RADIO TJRN CONTEÚDO\00_PRODUCAO_2026\01_BOLETINS_DIARIOS\03_AUDIOS_RADIO\04 - ABR - 26\BOLETIM_RADIO_TJRN_22_04_2026_B5_PAGAMENTO_ADICIONAL_RISCO_VIDA.mp3
10,NJUD_PROG_20261020,BOLETIM_RADIO_TJRN_22_04_2026_B6_USUCAPIAO_NEGADO.mp3,2026-10-20,B2,USUCAPIAO_NEGADO,TJRN,NAO,H:\Meu Drive\RADIO TJRN CONTEÚDO\00_PRODUCAO_2026\01_BOLETINS_DIARIOS\03_AUDIOS_RADIO\04 - ABR - 26\BOLETIM_RADIO_TJRN_22_04_2026_B6_USUCAPIAO_NEGADO.mp3
10,NJUD_PROG_20261020,BOLETIM_RADIO_TJRN_22_04_2026_B7_GARANTIA_TRATAMENTO_PACIENTE.mp3,2026-10-20,B3,GARANTIA_TRATAMENTO_PACIENTE,TJRN,NAO,H:\Meu Drive\RADIO TJRN CONTEÚDO\00_PRODUCAO_2026\01_BOLETINS_DIARIOS\03_AUDIOS_RADIO\04 - ABR - 26\BOLETIM_RADIO_TJRN_22_04_2026_B7_GARANTIA_TRATAMENTO_PACIENTE.mp3
10,NJUD_PROG_20261020,BOLETIM_RADIO_TJRN_22_04_2026_B8_ESTAGIO_POS_JOAO_CAMARA.mp3,2026-10-20,B4,ESTAGIO_POS_JOAO_CAMARA,TJRN,NAO,H:\Meu Drive\RADIO TJRN CONTEÚDO\00_PRODUCAO_2026\01_BOLETINS_DIARIOS\03_AUDIOS_RADIO\04 - ABR - 26\BOLETIM_RADIO_TJRN_22_04_2026_B8_ESTAGIO_POS_JOAO_CAMARA.mp3
10,NJUD_PROG_20261021,BOLETIM_RADIO_TJRN_22_04_2026_B9_TRTRN_CONTRATO_INTERMITENTE_FALHA_CTPS.mp3,2026-10-21,B1,TRTRN_CONTRATO_INTERMITENTE_FALHA_CTPS,TJRN,NAO,H:\Meu Drive\RADIO TJRN CONTEÚDO\00_PRODUCAO_2026\01_BOLETINS_DIARIOS\03_AUDIOS_RADIO\04 - ABR - 26\BOLETIM_RADIO_TJRN_22_04_2026_B9_TRTRN_CONTRATO_INTERMITENTE_FALHA_CTPS.mp3
10,NJUD_PROG_20261021,BOLETIM_RADIO_TJRN_23_04_2026_B10_TRT_RN_LEILAO_2026.mp3,2026-10-21,B2,TRT_RN_LEILAO_2026,TJRN,NAO,H:\Meu Drive\RADIO TJRN CONTEÚDO\00_PRODUCAO_2026\01_BOLETINS_DIARIOS\03_AUDIOS_RADIO\04 - ABR - 26\BOLETIM_RADIO_TJRN_23_04_2026_B10_TRT_RN_LEILAO_2026.mp3
10,NJUD_PROG_20261021,BOLETIM_RADIO_TJRN_23_04_2026_B1_ROUBO_MAJORADO_CONDENACAO.mp3,2026-10-21,B3,ROUBO_MAJORADO_CONDENACAO,TJRN,NAO,H:\Meu Drive\RADIO TJRN CONTEÚDO\00_PRODUCAO_2026\01_BOLETINS_DIARIOS\03_AUDIOS_RADIO\04 - ABR - 26\BOLETIM_RADIO_TJRN_23_04_2026_B1_ROUBO_MAJORADO_CONDENACAO.mp3
10,NJUD_PROG_20261021,BOLETIM_RADIO_TJRN_23_04_2026_B2_DANOS_MORAIS_MESA_MADEIRA.mp3,2026-10-21,B4,DANOS_MORAIS_MESA_MADEIRA,TJRN,NAO,H:\Meu Drive\RADIO TJRN CONTEÚDO\00_PRODUCAO_2026\01_BOLETINS_DIARIOS\03_AUDIOS_RADIO\04 - ABR - 26\BOLETIM_RADIO_TJRN_23_04_2026_B2_DANOS_MORAIS_MESA_MADEIRA.mp3
10,NJUD_PROG_20261022,BOLETIM_RADIO_TJRN_23_04_2026_B3_IRREGULARIDADE_LEILAO.mp3,2026-10-22,B1,IRREGULARIDADE_LEILAO,TJRN,NAO,H:\Meu Drive\RADIO TJRN CONTEÚDO\00_PRODUCAO_2026\01_BOLETINS_DIARIOS\03_AUDIOS_RADIO\04 - ABR - 26\BOLETIM_RADIO_TJRN_23_04_2026_B3_IRREGULARIDADE_LEILAO.mp3
10,NJUD_PROG_20261022,BOLETIM_RADIO_TJRN_23_04_2026_B4_FALHA_SEGURANCA_DADOS.mp3,2026-10-22,B2,FALHA_SEGURANCA_DADOS,TJRN,NAO,H:\Meu Drive\RADIO TJRN CONTEÚDO\00_PRODUCAO_2026\01_BOLETINS_DIARIOS\03_AUDIOS_RADIO\04 - ABR - 26\BOLETIM_RADIO_TJRN_23_04_2026_B4_FALHA_SEGURANCA_DADOS.mp3
10,NJUD_PROG_20261022,BOLETIM_RADIO_TJRN_23_04_2026_B5_EMPRESA_ONIBUS_CONDENACAO.mp3,2026-10-22,B3,EMPRESA_ONIBUS_CONDENACAO,TJRN,NAO,H:\Meu Drive\RADIO TJRN CONTEÚDO\00_PRODUCAO_2026\01_BOLETINS_DIARIOS\03_AUDIOS_RADIO\04 - ABR - 26\BOLETIM_RADIO_TJRN_23_04_2026_B5_EMPRESA_ONIBUS_CONDENACAO.mp3
10,NJUD_PROG_20261022,BOLETIM_RADIO_TJRN_23_04_2026_B6_GRUPO_APOIO_METAS_ESTAGIO.mp3,2026-10-22,B4,GRUPO_APOIO_METAS_ESTAGIO,TJRN,NAO,H:\Meu Drive\RADIO TJRN CONTEÚDO\00_PRODUCAO_2026\01_BOLETINS_DIARIOS\03_AUDIOS_RADIO\04 - ABR - 26\BOLETIM_RADIO_TJRN_23_04_2026_B6_GRUPO_APOIO_METAS_ESTAGIO.mp3
10,NJUD_PROG_20261023,BOLETIM_RADIO_TJRN_23_04_2026_B7_TCE_RN_TREINAMENTO_GESTORES_TRANSPARENCIA_.mp3,2026-10-23,B1,TCE_RN_TREINAMENTO_GESTORES_TRANSPARENCIA_,TJRN,NAO,H:\Meu Drive\RADIO TJRN CONTEÚDO\00_PRODUCAO_2026\01_BOLETINS_DIARIOS\03_AUDIOS_RADIO\04 - ABR - 26\BOLETIM_RADIO_TJRN_23_04_2026_B7_TCE_RN_TREINAMENTO_GESTORES_TRANSPARENCIA_.mp3
10,NJUD_PROG_20261023,BOLETIM_RADIO_TJRN_23_04_2026_B8_MPRN_RECOMENDA_REGULARIZACAO_LIXO.mp3,2026-10-23,B2,MPRN_RECOMENDA_REGULARIZACAO_LIXO,TJRN,NAO,H:\Meu Drive\RADIO TJRN CONTEÚDO\00_PRODUCAO_2026\01_BOLETINS_DIARIOS\03_AUDIOS_RADIO\04 - ABR - 26\BOLETIM_RADIO_TJRN_23_04_2026_B8_MPRN_RECOMENDA_REGULARIZACAO_LIXO.mp3
10,NJUD_PROG_20261023,BOLETIM_RADIO_TJRN_23_04_2026_B9_TRE_RN_APERFEICOAMENTO_MAGISTRATURA_.mp3,2026-10-23,B3,TRE_RN_APERFEICOAMENTO_MAGISTRATURA_,TJRN,NAO,H:\Meu Drive\RADIO TJRN CONTEÚDO\00_PRODUCAO_2026\01_BOLETINS_DIARIOS\03_AUDIOS_RADIO\04 - ABR - 26\BOLETIM_RADIO_TJRN_23_04_2026_B9_TRE_RN_APERFEICOAMENTO_MAGISTRATURA_.mp3
10,NJUD_PROG_20261023,BOLETIM_RADIO_TJRN_24_04_2026_B10_PROJETO_LAIS_SAUDE.mp3,2026-10-23,B4,PROJETO_LAIS_SAUDE,TJRN,NAO,H:\Meu Drive\RADIO TJRN CONTEÚDO\00_PRODUCAO_2026\01_BOLETINS_DIARIOS\03_AUDIOS_RADIO\04 - ABR - 26\BOLETIM_RADIO_TJRN_24_04_2026_B10_PROJETO_LAIS_SAUDE.mp3
10,NJUD_PROG_20261026,BOLETIM_RADIO_TJRN_24_04_2026_B1_ATRASO_TRANSPORTE_INDENIZACAO.mp3,2026-10-26,B1,ATRASO_TRANSPORTE_INDENIZACAO,TJRN,NAO,H:\Meu Drive\RADIO TJRN CONTEÚDO\00_PRODUCAO_2026\01_BOLETINS_DIARIOS\03_AUDIOS_RADIO\04 - ABR - 26\BOLETIM_RADIO_TJRN_24_04_2026_B1_ATRASO_TRANSPORTE_INDENIZACAO.mp3
10,NJUD_PROG_20261026,BOLETIM_RADIO_TJRN_24_04_2026_B2_BLOQUEIO_INDEVIDO_APLICATIVO.mp3,2026-10-26,B2,BLOQUEIO_INDEVIDO_APLICATIVO,TJRN,NAO,H:\Meu Drive\RADIO TJRN CONTEÚDO\00_PRODUCAO_2026\01_BOLETINS_DIARIOS\03_AUDIOS_RADIO\04 - ABR - 26\BOLETIM_RADIO_TJRN_24_04_2026_B2_BLOQUEIO_INDEVIDO_APLICATIVO.mp3
10,NJUD_PROG_20261026,BOLETIM_RADIO_TJRN_24_04_2026_B3_PERDA_AUDITIVA_MOTORISTA_AMBULANCIA.mp3,2026-10-26,B3,PERDA_AUDITIVA_MOTORISTA_AMBULANCIA,TJRN,NAO,H:\Meu Drive\RADIO TJRN CONTEÚDO\00_PRODUCAO_2026\01_BOLETINS_DIARIOS\03_AUDIOS_RADIO\04 - ABR - 26\BOLETIM_RADIO_TJRN_24_04_2026_B3_PERDA_AUDITIVA_MOTORISTA_AMBULANCIA.mp3
10,NJUD_PROG_20261026,BOLETIM_RADIO_TJRN_24_04_2026_B4_RETROATIVO_GRATIFICACAO_DENTISTA.mp3,2026-10-26,B4,RETROATIVO_GRATIFICACAO_DENTISTA,TJRN,NAO,H:\Meu Drive\RADIO TJRN CONTEÚDO\00_PRODUCAO_2026\01_BOLETINS_DIARIOS\03_AUDIOS_RADIO\04 - ABR - 26\BOLETIM_RADIO_TJRN_24_04_2026_B4_RETROATIVO_GRATIFICACAO_DENTISTA.mp3
10,NJUD_PROG_20261027,BOLETIM_RADIO_TJRN_24_04_2026_B5_REGULARIZACAO_EMPREENDIMENTO_PONTA_NEGRA.mp3,2026-10-27,B1,REGULARIZACAO_EMPREENDIMENTO_PONTA_NEGRA,TJRN,NAO,H:\Meu Drive\RADIO TJRN CONTEÚDO\00_PRODUCAO_2026\01_BOLETINS_DIARIOS\03_AUDIOS_RADIO\04 - ABR - 26\BOLETIM_RADIO_TJRN_24_04_2026_B5_REGULARIZACAO_EMPREENDIMENTO_PONTA_NEGRA.mp3
10,NJUD_PROG_20261027,BOLETIM_RADIO_TJRN_24_04_2026_B6_ESTAGIO_DIREITO_VARA_CIVEL.mp3,2026-10-27,B2,ESTAGIO_DIREITO_VARA_CIVEL,TJRN,NAO,H:\Meu Drive\RADIO TJRN CONTEÚDO\00_PRODUCAO_2026\01_BOLETINS_DIARIOS\03_AUDIOS_RADIO\04 - ABR - 26\BOLETIM_RADIO_TJRN_24_04_2026_B6_ESTAGIO_DIREITO_VARA_CIVEL.mp3
10,NJUD_PROG_20261027,BOLETIM_RADIO_TJRN_24_04_2026_B7_TRT_DIALOGO_CONCILIACAO.mp3,2026-10-27,B3,TRT_DIALOGO_CONCILIACAO,TJRN,NAO,H:\Meu Drive\RADIO TJRN CONTEÚDO\00_PRODUCAO_2026\01_BOLETINS_DIARIOS\03_AUDIOS_RADIO\04 - ABR - 26\BOLETIM_RADIO_TJRN_24_04_2026_B7_TRT_DIALOGO_CONCILIACAO.mp3
10,NJUD_PROG_20261027,BOLETIM_RADIO_TJRN_24_04_2026_B8_LIBERACAO_1_MILHAO_HENRIQUE_LAJES.mp3,2026-10-27,B4,LIBERACAO_1_MILHAO_HENRIQUE_LAJES,TJRN,NAO,H:\Meu Drive\RADIO TJRN CONTEÚDO\00_PRODUCAO_2026\01_BOLETINS_DIARIOS\03_AUDIOS_RADIO\04 - ABR - 26\BOLETIM_RADIO_TJRN_24_04_2026_B8_LIBERACAO_1_MILHAO_HENRIQUE_LAJES.mp3
10,NJUD_PROG_20261028,BOLETIM_RADIO_TJRN_24_04_2026_B9_CENTRAL_ESTADUAL_LIBRAS.mp3,2026-10-28,B1,CENTRAL_ESTADUAL_LIBRAS,TJRN,NAO,H:\Meu Drive\RADIO TJRN CONTEÚDO\00_PRODUCAO_2026\01_BOLETINS_DIARIOS\03_AUDIOS_RADIO\04 - ABR - 26\BOLETIM_RADIO_TJRN_24_04_2026_B9_CENTRAL_ESTADUAL_LIBRAS.mp3
10,NJUD_PROG_20261028,BOLETIM_RADIO_TJRN_27_04_2026_B10_TRTRN_EVENTO_PREPARATORIO_CONCILIACAO_.mp3,2026-10-28,B2,TRTRN_EVENTO_PREPARATORIO_CONCILIACAO_,TJRN,NAO,H:\Meu Drive\RADIO TJRN CONTEÚDO\00_PRODUCAO_2026\01_BOLETINS_DIARIOS\03_AUDIOS_RADIO\04 - ABR - 26\BOLETIM_RADIO_TJRN_27_04_2026_B10_TRTRN_EVENTO_PREPARATORIO_CONCILIACAO_.mp3
10,NJUD_PROG_20261028,BOLETIM_RADIO_TJRN_27_04_2026_B1_PLANO_SAUDE_CIRURGIA_BARIATRICA.mp3,2026-10-28,B3,PLANO_SAUDE_CIRURGIA_BARIATRICA,TJRN,NAO,H:\Meu Drive\RADIO TJRN CONTEÚDO\00_PRODUCAO_2026\01_BOLETINS_DIARIOS\03_AUDIOS_RADIO\04 - ABR - 26\BOLETIM_RADIO_TJRN_27_04_2026_B1_PLANO_SAUDE_CIRURGIA_BARIATRICA.mp3
10,NJUD_PROG_20261028,BOLETIM_RADIO_TJRN_27_04_2026_B2_CONDOMINIO_LICENCAS_LEGAIS.mp3,2026-10-28,B4,CONDOMINIO_LICENCAS_LEGAIS,TJRN,NAO,H:\Meu Drive\RADIO TJRN CONTEÚDO\00_PRODUCAO_2026\01_BOLETINS_DIARIOS\03_AUDIOS_RADIO\04 - ABR - 26\BOLETIM_RADIO_TJRN_27_04_2026_B2_CONDOMINIO_LICENCAS_LEGAIS.mp3
10,NJUD_PROG_20261029,BOLETIM_RADIO_TJRN_27_04_2026_B3_TERAPIAS_CRIANCA_TEA.mp3,2026-10-29,B1,TERAPIAS_CRIANCA_TEA,TJRN,NAO,H:\Meu Drive\RADIO TJRN CONTEÚDO\00_PRODUCAO_2026\01_BOLETINS_DIARIOS\03_AUDIOS_RADIO\04 - ABR - 26\BOLETIM_RADIO_TJRN_27_04_2026_B3_TERAPIAS_CRIANCA_TEA.mp3
10,NJUD_PROG_20261029,BOLETIM_RADIO_TJRN_27_04_2026_B4_CORTE_LUZ_SISTEMA_SOLAR.mp3,2026-10-29,B2,CORTE_LUZ_SISTEMA_SOLAR,TJRN,NAO,H:\Meu Drive\RADIO TJRN CONTEÚDO\00_PRODUCAO_2026\01_BOLETINS_DIARIOS\03_AUDIOS_RADIO\04 - ABR - 26\BOLETIM_RADIO_TJRN_27_04_2026_B4_CORTE_LUZ_SISTEMA_SOLAR.mp3
10,NJUD_PROG_20261029,BOLETIM_RADIO_TJRN_27_04_2026_B5_ADICIONAL_INSALUBRIDADE_TECNICO_SAMU.mp3,2026-10-29,B3,ADICIONAL_INSALUBRIDADE_TECNICO_SAMU,TJRN,NAO,H:\Meu Drive\RADIO TJRN CONTEÚDO\00_PRODUCAO_2026\01_BOLETINS_DIARIOS\03_AUDIOS_RADIO\04 - ABR - 26\BOLETIM_RADIO_TJRN_27_04_2026_B5_ADICIONAL_INSALUBRIDADE_TECNICO_SAMU.mp3
10,NJUD_PROG_20261029,BOLETIM_RADIO_TJRN_27_04_2026_B6_ESTAGIO_JARDIM_PIRANHAS.mp3,2026-10-29,B4,ESTAGIO_JARDIM_PIRANHAS,TJRN,NAO,H:\Meu Drive\RADIO TJRN CONTEÚDO\00_PRODUCAO_2026\01_BOLETINS_DIARIOS\03_AUDIOS_RADIO\04 - ABR - 26\BOLETIM_RADIO_TJRN_27_04_2026_B6_ESTAGIO_JARDIM_PIRANHAS.mp3
10,NJUD_PROG_20261030,BOLETIM_RADIO_TJRN_27_04_2026_B7_CONVOCACAO_HETEROIDENTIFICACAO_ENAM.mp3,2026-10-30,B1,CONVOCACAO_HETEROIDENTIFICACAO_ENAM,TJRN,NAO,H:\Meu Drive\RADIO TJRN CONTEÚDO\00_PRODUCAO_2026\01_BOLETINS_DIARIOS\03_AUDIOS_RADIO\04 - ABR - 26\BOLETIM_RADIO_TJRN_27_04_2026_B7_CONVOCACAO_HETEROIDENTIFICACAO_ENAM.mp3
10,NJUD_PROG_20261030,BOLETIM_RADIO_TJRN_27_04_2026_B8_TJRN_SESSAO_ORDINARIA_HIBRIDA_.mp3,2026-10-30,B2,TJRN_SESSAO_ORDINARIA_HIBRIDA_,TJRN,NAO,H:\Meu Drive\RADIO TJRN CONTEÚDO\00_PRODUCAO_2026\01_BOLETINS_DIARIOS\03_AUDIOS_RADIO\04 - ABR - 26\BOLETIM_RADIO_TJRN_27_04_2026_B8_TJRN_SESSAO_ORDINARIA_HIBRIDA_.mp3
10,NJUD_PROG_20261030,BOLETIM_RADIO_TJRN_27_04_2026_B9_MPRN_BLOQUEIO_PARNAMIRIM_.mp3,2026-10-30,B3,MPRN_BLOQUEIO_PARNAMIRIM_,TJRN,NAO,H:\Meu Drive\RADIO TJRN CONTEÚDO\00_PRODUCAO_2026\01_BOLETINS_DIARIOS\03_AUDIOS_RADIO\04 - ABR - 26\BOLETIM_RADIO_TJRN_27_04_2026_B9_MPRN_BLOQUEIO_PARNAMIRIM_.mp3
10,NJUD_PROG_20261030,BOLETIM_RADIO_TJRN_28_04_2026_B10_TJRN_COOPERACAO_TECNICA.mp3,2026-10-30,B4,TJRN_COOPERACAO_TECNICA,TJRN,NAO,H:\Meu Drive\RADIO TJRN CONTEÚDO\00_PRODUCAO_2026\01_BOLETINS_DIARIOS\03_AUDIOS_RADIO\04 - ABR - 26\BOLETIM_RADIO_TJRN_28_04_2026_B10_TJRN_COOPERACAO_TECNICA.mp3
11,NJUD_PROG_20261103,BOLETIM_RADIO_TJRN_28_04_2026_B1_TJRN_CASO_POLLYANA_.mp3,2026-11-03,B1,TJRN_CASO_POLLYANA_,TJRN,NAO,H:\Meu Drive\RADIO TJRN CONTEÚDO\00_PRODUCAO_2026\01_BOLETINS_DIARIOS\03_AUDIOS_RADIO\04 - ABR - 26\BOLETIM_RADIO_TJRN_28_04_2026_B1_TJRN_CASO_POLLYANA_.mp3
11,NJUD_PROG_20261103,BOLETIM_RADIO_TJRN_28_04_2026_B2_TJRN_3_CAMARA_INGRESSOS_COOPERADOS_.mp3,2026-11-03,B2,TJRN_3_CAMARA_INGRESSOS_COOPERADOS_,TJRN,NAO,H:\Meu Drive\RADIO TJRN CONTEÚDO\00_PRODUCAO_2026\01_BOLETINS_DIARIOS\03_AUDIOS_RADIO\04 - ABR - 26\BOLETIM_RADIO_TJRN_28_04_2026_B2_TJRN_3_CAMARA_INGRESSOS_COOPERADOS_.mp3
11,NJUD_PROG_20261103,BOLETIM_RADIO_TJRN_28_04_2026_B3_TJRN_EMPRESA_VESTUARIO_INDENIZACAO_.mp3,2026-11-03,B3,TJRN_EMPRESA_VESTUARIO_INDENIZACAO_,TJRN,NAO,H:\Meu Drive\RADIO TJRN CONTEÚDO\00_PRODUCAO_2026\01_BOLETINS_DIARIOS\03_AUDIOS_RADIO\04 - ABR - 26\BOLETIM_RADIO_TJRN_28_04_2026_B3_TJRN_EMPRESA_VESTUARIO_INDENIZACAO_.mp3
11,NJUD_PROG_20261103,BOLETIM_RADIO_TJRN_28_04_2026_B4_TJRN_CITACAO_CONJUGE_.mp3,2026-11-03,B4,TJRN_CITACAO_CONJUGE_,TJRN,NAO,H:\Meu Drive\RADIO TJRN CONTEÚDO\00_PRODUCAO_2026\01_BOLETINS_DIARIOS\03_AUDIOS_RADIO\04 - ABR - 26\BOLETIM_RADIO_TJRN_28_04_2026_B4_TJRN_CITACAO_CONJUGE_.mp3
11,NJUD_PROG_20261104,BOLETIM_RADIO_TJRN_28_04_2026_B5_TJRN_JUSTICA_POTIGUAR_NESGA_ISENCAO_.mp3,2026-11-04,B1,TJRN_JUSTICA_POTIGUAR_NESGA_ISENCAO_,TJRN,NAO,H:\Meu Drive\RADIO TJRN CONTEÚDO\00_PRODUCAO_2026\01_BOLETINS_DIARIOS\03_AUDIOS_RADIO\04 - ABR - 26\BOLETIM_RADIO_TJRN_28_04_2026_B5_TJRN_JUSTICA_POTIGUAR_NESGA_ISENCAO_.mp3
11,NJUD_PROG_20261104,BOLETIM_RADIO_TJRN_28_04_2026_B6_TJRN_OPERACAO_RECEPTOR_.mp3,2026-11-04,B2,TJRN_OPERACAO_RECEPTOR_,TJRN,NAO,H:\Meu Drive\RADIO TJRN CONTEÚDO\00_PRODUCAO_2026\01_BOLETINS_DIARIOS\03_AUDIOS_RADIO\04 - ABR - 26\BOLETIM_RADIO_TJRN_28_04_2026_B6_TJRN_OPERACAO_RECEPTOR_.mp3
11,NJUD_PROG_20261104,BOLETIM_RADIO_TJRN_28_04_2026_B7_MPRN_MANUNTENCAO_SERVICOS_SUS_.mp3,2026-11-04,B3,MPRN_MANUNTENCAO_SERVICOS_SUS_,TJRN,NAO,H:\Meu Drive\RADIO TJRN CONTEÚDO\00_PRODUCAO_2026\01_BOLETINS_DIARIOS\03_AUDIOS_RADIO\04 - ABR - 26\BOLETIM_RADIO_TJRN_28_04_2026_B7_MPRN_MANUNTENCAO_SERVICOS_SUS_.mp3
11,NJUD_PROG_20261104,BOLETIM_RADIO_TJRN_28_04_2026_B8_OABRN_LOCAIS_PROVA_ENAM.mp3,2026-11-04,B4,OABRN_LOCAIS_PROVA_ENAM,TJRN,NAO,H:\Meu Drive\RADIO TJRN CONTEÚDO\00_PRODUCAO_2026\01_BOLETINS_DIARIOS\03_AUDIOS_RADIO\04 - ABR - 26\BOLETIM_RADIO_TJRN_28_04_2026_B8_OABRN_LOCAIS_PROVA_ENAM.mp3
11,NJUD_PROG_20261105,BOLETIM_RADIO_TJRN_28_04_2026_B9_DPERN_DECISAO_INDIGENAS_WARAO.mp3,2026-11-05,B1,DPERN_DECISAO_INDIGENAS_WARAO,TJRN,NAO,H:\Meu Drive\RADIO TJRN CONTEÚDO\00_PRODUCAO_2026\01_BOLETINS_DIARIOS\03_AUDIOS_RADIO\04 - ABR - 26\BOLETIM_RADIO_TJRN_28_04_2026_B9_DPERN_DECISAO_INDIGENAS_WARAO.mp3
11,NJUD_PROG_20261105,BOLETIM_RADIO_TJRN_29_04_2026_B10_MPRN_OPERACAO_TRAFICO_DROGAS_.mp3,2026-11-05,B2,MPRN_OPERACAO_TRAFICO_DROGAS_,TJRN,NAO,H:\Meu Drive\RADIO TJRN CONTEÚDO\00_PRODUCAO_2026\01_BOLETINS_DIARIOS\03_AUDIOS_RADIO\04 - ABR - 26\BOLETIM_RADIO_TJRN_29_04_2026_B10_MPRN_OPERACAO_TRAFICO_DROGAS_.mp3
11,NJUD_PROG_20261105,BOLETIM_RADIO_TJRN_29_04_2026_B1_INSCRICOES_PREMIO_INNOVARE.mp3,2026-11-05,B3,INSCRICOES_PREMIO_INNOVARE,TJRN,NAO,H:\Meu Drive\RADIO TJRN CONTEÚDO\00_PRODUCAO_2026\01_BOLETINS_DIARIOS\03_AUDIOS_RADIO\04 - ABR - 26\BOLETIM_RADIO_TJRN_29_04_2026_B1_INSCRICOES_PREMIO_INNOVARE.mp3
11,NJUD_PROG_20261105,BOLETIM_RADIO_TJRN_29_04_2026_B2_CUSTEIO_MATERIAIS_CIRURGICOS.mp3,2026-11-05,B4,CUSTEIO_MATERIAIS_CIRURGICOS,TJRN,NAO,H:\Meu Drive\RADIO TJRN CONTEÚDO\00_PRODUCAO_2026\01_BOLETINS_DIARIOS\03_AUDIOS_RADIO\04 - ABR - 26\BOLETIM_RADIO_TJRN_29_04_2026_B2_CUSTEIO_MATERIAIS_CIRURGICOS.mp3
11,NJUD_PROG_20261106,BOLETIM_RADIO_TJRN_29_04_2026_B3_INDENIZACAO_GELADEIRA_DEFEITUOSA.mp3,2026-11-06,B1,INDENIZACAO_GELADEIRA_DEFEITUOSA,TJRN,NAO,H:\Meu Drive\RADIO TJRN CONTEÚDO\00_PRODUCAO_2026\01_BOLETINS_DIARIOS\03_AUDIOS_RADIO\04 - ABR - 26\BOLETIM_RADIO_TJRN_29_04_2026_B3_INDENIZACAO_GELADEIRA_DEFEITUOSA.mp3
11,NJUD_PROG_20261106,BOLETIM_RADIO_TJRN_29_04_2026_B4_EMPRESA_PENDENCIAS_TRIBUTARIAS.mp3,2026-11-06,B2,EMPRESA_PENDENCIAS_TRIBUTARIAS,TJRN,NAO,H:\Meu Drive\RADIO TJRN CONTEÚDO\00_PRODUCAO_2026\01_BOLETINS_DIARIOS\03_AUDIOS_RADIO\04 - ABR - 26\BOLETIM_RADIO_TJRN_29_04_2026_B4_EMPRESA_PENDENCIAS_TRIBUTARIAS.mp3
11,NJUD_PROG_20261106,BOLETIM_RADIO_TJRN_29_04_2026_B5_HOMICIDIO_CULPOSO_NEGADO_RECURSO.mp3,2026-11-06,B3,HOMICIDIO_CULPOSO_NEGADO_RECURSO,TJRN,NAO,H:\Meu Drive\RADIO TJRN CONTEÚDO\00_PRODUCAO_2026\01_BOLETINS_DIARIOS\03_AUDIOS_RADIO\04 - ABR - 26\BOLETIM_RADIO_TJRN_29_04_2026_B5_HOMICIDIO_CULPOSO_NEGADO_RECURSO.mp3
11,NJUD_PROG_20261106,BOLETIM_RADIO_TJRN_29_04_2026_B6_DANOS_MORAIS_FOGAO_DEFEITUOSO.mp3,2026-11-06,B4,DANOS_MORAIS_FOGAO_DEFEITUOSO,TJRN,NAO,H:\Meu Drive\RADIO TJRN CONTEÚDO\00_PRODUCAO_2026\01_BOLETINS_DIARIOS\03_AUDIOS_RADIO\04 - ABR - 26\BOLETIM_RADIO_TJRN_29_04_2026_B6_DANOS_MORAIS_FOGAO_DEFEITUOSO.mp3
11,NJUD_PROG_20261109,BOLETIM_RADIO_TJRN_29_04_2026_B7_SEGUNDA_SEMANA_PAUTA_VERDE.mp3,2026-11-09,B1,SEGUNDA_SEMANA_PAUTA_VERDE,TJRN,NAO,H:\Meu Drive\RADIO TJRN CONTEÚDO\00_PRODUCAO_2026\01_BOLETINS_DIARIOS\03_AUDIOS_RADIO\04 - ABR - 26\BOLETIM_RADIO_TJRN_29_04_2026_B7_SEGUNDA_SEMANA_PAUTA_VERDE.mp3
11,NJUD_PROG_20261109,BOLETIM_RADIO_TJRN_29_04_2026_B8_TJRN_PROGRAMA_JUSTICA_E_ESCOLA_.mp3,2026-11-09,B2,TJRN_PROGRAMA_JUSTICA_E_ESCOLA_,TJRN,NAO,H:\Meu Drive\RADIO TJRN CONTEÚDO\00_PRODUCAO_2026\01_BOLETINS_DIARIOS\03_AUDIOS_RADIO\04 - ABR - 26\BOLETIM_RADIO_TJRN_29_04_2026_B8_TJRN_PROGRAMA_JUSTICA_E_ESCOLA_.mp3
11,NJUD_PROG_20261109,BOLETIM_RADIO_TJRN_29_04_2026_B9_DPERN_RESTABELECIMENTO_AGUA_.mp3,2026-11-09,B3,DPERN_RESTABELECIMENTO_AGUA_,TJRN,NAO,H:\Meu Drive\RADIO TJRN CONTEÚDO\00_PRODUCAO_2026\01_BOLETINS_DIARIOS\03_AUDIOS_RADIO\04 - ABR - 26\BOLETIM_RADIO_TJRN_29_04_2026_B9_DPERN_RESTABELECIMENTO_AGUA_.mp3
11,NJUD_PROG_20261109,BOLETIM_RADIO_TJRN_30_04_2026_B10_TRTRN_REVERTE_JUSTA_CAUSA_.mp3,2026-11-09,B4,TRTRN_REVERTE_JUSTA_CAUSA_,TJRN,NAO,H:\Meu Drive\RADIO TJRN CONTEÚDO\00_PRODUCAO_2026\01_BOLETINS_DIARIOS\03_AUDIOS_RADIO\04 - ABR - 26\BOLETIM_RADIO_TJRN_30_04_2026_B10_TRTRN_REVERTE_JUSTA_CAUSA_.mp3
11,NJUD_PROG_20261110,BOLETIM_RADIO_TJRN_30_04_2026_B1_TJRN_CAMARA_VEREADORES_VIRGILIO_MACEDO_.mp3,2026-11-10,B1,TJRN_CAMARA_VEREADORES_VIRGILIO_MACEDO_,TJRN,NAO,H:\Meu Drive\RADIO TJRN CONTEÚDO\00_PRODUCAO_2026\01_BOLETINS_DIARIOS\03_AUDIOS_RADIO\04 - ABR - 26\BOLETIM_RADIO_TJRN_30_04_2026_B1_TJRN_CAMARA_VEREADORES_VIRGILIO_MACEDO_.mp3
11,NJUD_PROG_20261110,BOLETIM_RADIO_TJRN_30_04_2026_B2_TJRN_SESSAO_JURI_POLLYANA_.mp3,2026-11-10,B2,TJRN_SESSAO_JURI_POLLYANA_,TJRN,NAO,H:\Meu Drive\RADIO TJRN CONTEÚDO\00_PRODUCAO_2026\01_BOLETINS_DIARIOS\03_AUDIOS_RADIO\04 - ABR - 26\BOLETIM_RADIO_TJRN_30_04_2026_B2_TJRN_SESSAO_JURI_POLLYANA_.mp3
11,NJUD_PROG_20261110,BOLETIM_RADIO_TJRN_30_04_2026_B3_TJRN_MANTIDO_JURI_ACUSADOS_HOMICIDIOS_.mp3,2026-11-10,B3,TJRN_MANTIDO_JURI_ACUSADOS_HOMICIDIOS_,TJRN,NAO,H:\Meu Drive\RADIO TJRN CONTEÚDO\00_PRODUCAO_2026\01_BOLETINS_DIARIOS\03_AUDIOS_RADIO\04 - ABR - 26\BOLETIM_RADIO_TJRN_30_04_2026_B3_TJRN_MANTIDO_JURI_ACUSADOS_HOMICIDIOS_.mp3
11,NJUD_PROG_20261110,BOLETIM_RADIO_TJRN_30_04_2026_B4_TJRN_RECONHECE_VICIO_ACESSORIO_.mp3,2026-11-10,B4,TJRN_RECONHECE_VICIO_ACESSORIO_,TJRN,NAO,H:\Meu Drive\RADIO TJRN CONTEÚDO\00_PRODUCAO_2026\01_BOLETINS_DIARIOS\03_AUDIOS_RADIO\04 - ABR - 26\BOLETIM_RADIO_TJRN_30_04_2026_B4_TJRN_RECONHECE_VICIO_ACESSORIO_.mp3
11,NJUD_PROG_20261111,BOLETIM_RADIO_TJRN_30_04_2026_B5_TJRN_PACIENTE_ESCLEROSE_LATERAL.mp3,2026-11-11,B1,TJRN_PACIENTE_ESCLEROSE_LATERAL,TJRN,NAO,H:\Meu Drive\RADIO TJRN CONTEÚDO\00_PRODUCAO_2026\01_BOLETINS_DIARIOS\03_AUDIOS_RADIO\04 - ABR - 26\BOLETIM_RADIO_TJRN_30_04_2026_B5_TJRN_PACIENTE_ESCLEROSE_LATERAL.mp3
11,NJUD_PROG_20261111,BOLETIM_RADIO_TJRN_30_04_2026_B6_TJRN_REATIVACAO_PLANO_SAUDE_.mp3,2026-11-11,B2,TJRN_REATIVACAO_PLANO_SAUDE_,TJRN,NAO,H:\Meu Drive\RADIO TJRN CONTEÚDO\00_PRODUCAO_2026\01_BOLETINS_DIARIOS\03_AUDIOS_RADIO\04 - ABR - 26\BOLETIM_RADIO_TJRN_30_04_2026_B6_TJRN_REATIVACAO_PLANO_SAUDE_.mp3
11,NJUD_PROG_20261111,BOLETIM_RADIO_TJRN_30_04_2026_B7_TJRN_MULHER_INDENIZADA_PERFIL_FRAUDULENTO_.mp3,2026-11-11,B3,TJRN_MULHER_INDENIZADA_PERFIL_FRAUDULENTO_,TJRN,NAO,H:\Meu Drive\RADIO TJRN CONTEÚDO\00_PRODUCAO_2026\01_BOLETINS_DIARIOS\03_AUDIOS_RADIO\04 - ABR - 26\BOLETIM_RADIO_TJRN_30_04_2026_B7_TJRN_MULHER_INDENIZADA_PERFIL_FRAUDULENTO_.mp3
11,NJUD_PROG_20261111,BOLETIM_RADIO_TJRN_30_04_2026_B8_TJRN_CASO_POLLYANA_CONDENA_SEIS_.mp3,2026-11-11,B4,TJRN_CASO_POLLYANA_CONDENA_SEIS_,TJRN,NAO,H:\Meu Drive\RADIO TJRN CONTEÚDO\00_PRODUCAO_2026\01_BOLETINS_DIARIOS\03_AUDIOS_RADIO\04 - ABR - 26\BOLETIM_RADIO_TJRN_30_04_2026_B8_TJRN_CASO_POLLYANA_CONDENA_SEIS_.mp3
11,NJUD_PROG_20261112,BOLETIM_RADIO_TJRN_30_04_2026_B9_TJRN_DESTAQUE_PREMIO_NACIONAL_CNJ.mp3,2026-11-12,B1,TJRN_DESTAQUE_PREMIO_NACIONAL_CNJ,TJRN,NAO,H:\Meu Drive\RADIO TJRN CONTEÚDO\00_PRODUCAO_2026\01_BOLETINS_DIARIOS\03_AUDIOS_RADIO\04 - ABR - 26\BOLETIM_RADIO_TJRN_30_04_2026_B9_TJRN_DESTAQUE_PREMIO_NACIONAL_CNJ.mp3
11,NJUD_PROG_20261112,BOLETIM_RADIO_TJRN_21_05_2026_B10_TRTRN_CARTILHA_RESPEITO_ASSEDIO_MORAL_.mp3,2026-11-12,B2,TRTRN_CARTILHA_RESPEITO_ASSEDIO_MORAL_,TJRN,NAO,H:\Meu Drive\RADIO TJRN CONTEÚDO\00_PRODUCAO_2026\01_BOLETINS_DIARIOS\03_AUDIOS_RADIO\05 - MAI - 26\BOLETIM_RADIO_TJRN_21_05_2026_B10_TRTRN_CARTILHA_RESPEITO_ASSEDIO_MORAL_.mp3
11,NJUD_PROG_20261112,BOLETIM_RADIO_TJRN_21_05_2026_B6_TJRN_FALHA_PRESTACAO_SERVICOS_TELECOMUNICACOES.mp3,2026-11-12,B3,TJRN_FALHA_PRESTACAO_SERVICOS_TELECOMUNICACOES,TJRN,NAO,H:\Meu Drive\RADIO TJRN CONTEÚDO\00_PRODUCAO_2026\01_BOLETINS_DIARIOS\03_AUDIOS_RADIO\05 - MAI - 26\BOLETIM_RADIO_TJRN_21_05_2026_B6_TJRN_FALHA_PRESTACAO_SERVICOS_TELECOMUNICACOES.mp3
11,NJUD_PROG_20261112,BOLETIM_RADIO_TJRN_21_05_2026_B7_TJRN_ESTAGIO_ESMARN_.mp3,2026-11-12,B4,TJRN_ESTAGIO_ESMARN_,TJRN,NAO,H:\Meu Drive\RADIO TJRN CONTEÚDO\00_PRODUCAO_2026\01_BOLETINS_DIARIOS\03_AUDIOS_RADIO\05 - MAI - 26\BOLETIM_RADIO_TJRN_21_05_2026_B7_TJRN_ESTAGIO_ESMARN_.mp3
11,NJUD_PROG_20261113,BOLETIM_RADIO_TJRN_21_05_2026_B8_TJRN_LANCA_BIBLIOTECA_DIGITAL_.mp3,2026-11-13,B1,TJRN_LANCA_BIBLIOTECA_DIGITAL_,TJRN,NAO,H:\Meu Drive\RADIO TJRN CONTEÚDO\00_PRODUCAO_2026\01_BOLETINS_DIARIOS\03_AUDIOS_RADIO\05 - MAI - 26\BOLETIM_RADIO_TJRN_21_05_2026_B8_TJRN_LANCA_BIBLIOTECA_DIGITAL_.mp3
11,NJUD_PROG_20261113,BOLETIM_RADIO_TJRN_21_05_2026_B9_OABRN_OBSERVATORIO_PUBLICIDADE.mp3,2026-11-13,B2,OABRN_OBSERVATORIO_PUBLICIDADE,TJRN,NAO,H:\Meu Drive\RADIO TJRN CONTEÚDO\00_PRODUCAO_2026\01_BOLETINS_DIARIOS\03_AUDIOS_RADIO\05 - MAI - 26\BOLETIM_RADIO_TJRN_21_05_2026_B9_OABRN_OBSERVATORIO_PUBLICIDADE.mp3
11,NJUD_PROG_20261113,BOLETIM_RADIO_TJRN_22_05_2026_B10_TJRN_CAMARA_CRIMINAL_ANTECIPADA_.mp3,2026-11-13,B3,TJRN_CAMARA_CRIMINAL_ANTECIPADA_,TJRN,NAO,H:\Meu Drive\RADIO TJRN CONTEÚDO\00_PRODUCAO_2026\01_BOLETINS_DIARIOS\03_AUDIOS_RADIO\05 - MAI - 26\BOLETIM_RADIO_TJRN_22_05_2026_B10_TJRN_CAMARA_CRIMINAL_ANTECIPADA_.mp3
11,NJUD_PROG_20261113,BOLETIM_RADIO_TJRN_22_05_2026_B1_TJRN_INDISPONIBILIDADE_SABADO_.mp3,2026-11-13,B4,TJRN_INDISPONIBILIDADE_SABADO_,TJRN,NAO,H:\Meu Drive\RADIO TJRN CONTEÚDO\00_PRODUCAO_2026\01_BOLETINS_DIARIOS\03_AUDIOS_RADIO\05 - MAI - 26\BOLETIM_RADIO_TJRN_22_05_2026_B1_TJRN_INDISPONIBILIDADE_SABADO_.mp3
11,NJUD_PROG_20261116,BOLETIM_RADIO_TJRN_22_05_2026_B2_TJRN_SUSPENDE_LICITACAO_SAMU.mp3,2026-11-16,B1,TJRN_SUSPENDE_LICITACAO_SAMU,TJRN,NAO,H:\Meu Drive\RADIO TJRN CONTEÚDO\00_PRODUCAO_2026\01_BOLETINS_DIARIOS\03_AUDIOS_RADIO\05 - MAI - 26\BOLETIM_RADIO_TJRN_22_05_2026_B2_TJRN_SUSPENDE_LICITACAO_SAMU.mp3
11,NJUD_PROG_20261116,BOLETIM_RADIO_TJRN_22_05_2026_B3_TJRN_DESTACA_FORTALECIMENTO_REDE_PROTECAO.mp3,2026-11-16,B2,TJRN_DESTACA_FORTALECIMENTO_REDE_PROTECAO,TJRN,NAO,H:\Meu Drive\RADIO TJRN CONTEÚDO\00_PRODUCAO_2026\01_BOLETINS_DIARIOS\03_AUDIOS_RADIO\05 - MAI - 26\BOLETIM_RADIO_TJRN_22_05_2026_B3_TJRN_DESTACA_FORTALECIMENTO_REDE_PROTECAO.mp3
11,NJUD_PROG_20261116,BOLETIM_RADIO_TJRN_22_05_2026_B4_TJRN_FIXA_PRAZO_60_DIAS_IDEMA.mp3,2026-11-16,B3,TJRN_FIXA_PRAZO_60_DIAS_IDEMA,TJRN,NAO,H:\Meu Drive\RADIO TJRN CONTEÚDO\00_PRODUCAO_2026\01_BOLETINS_DIARIOS\03_AUDIOS_RADIO\05 - MAI - 26\BOLETIM_RADIO_TJRN_22_05_2026_B4_TJRN_FIXA_PRAZO_60_DIAS_IDEMA.mp3
11,NJUD_PROG_20261116,BOLETIM_RADIO_TJRN_22_05_2026_B5_TJRN_OBITO_CRIANCA_MOSSORO.mp3,2026-11-16,B4,TJRN_OBITO_CRIANCA_MOSSORO,TJRN,NAO,H:\Meu Drive\RADIO TJRN CONTEÚDO\00_PRODUCAO_2026\01_BOLETINS_DIARIOS\03_AUDIOS_RADIO\05 - MAI - 26\BOLETIM_RADIO_TJRN_22_05_2026_B5_TJRN_OBITO_CRIANCA_MOSSORO.mp3
11,NJUD_PROG_20261117,BOLETIM_RADIO_TJRN_22_05_2026_B6_TJRN_FEMINICIDIO_JURI_POPULAR_.mp3,2026-11-17,B1,TJRN_FEMINICIDIO_JURI_POPULAR_,TJRN,NAO,H:\Meu Drive\RADIO TJRN CONTEÚDO\00_PRODUCAO_2026\01_BOLETINS_DIARIOS\03_AUDIOS_RADIO\05 - MAI - 26\BOLETIM_RADIO_TJRN_22_05_2026_B6_TJRN_FEMINICIDIO_JURI_POPULAR_.mp3
11,NJUD_PROG_20261117,BOLETIM_RADIO_TJRN_22_05_2026_B7_TJRN_MANTIDA_SEPARACAO_VALORES_INDENIZATORIOS_.mp3,2026-11-17,B2,TJRN_MANTIDA_SEPARACAO_VALORES_INDENIZATORIOS_,TJRN,NAO,H:\Meu Drive\RADIO TJRN CONTEÚDO\00_PRODUCAO_2026\01_BOLETINS_DIARIOS\03_AUDIOS_RADIO\05 - MAI - 26\BOLETIM_RADIO_TJRN_22_05_2026_B7_TJRN_MANTIDA_SEPARACAO_VALORES_INDENIZATORIOS_.mp3
11,NJUD_PROG_20261117,BOLETIM_RADIO_TJRN_22_05_2026_B8_TJRN_MORTE_FETO_DEFICIENCIA_.mp3,2026-11-17,B3,TJRN_MORTE_FETO_DEFICIENCIA_,TJRN,NAO,H:\Meu Drive\RADIO TJRN CONTEÚDO\00_PRODUCAO_2026\01_BOLETINS_DIARIOS\03_AUDIOS_RADIO\05 - MAI - 26\BOLETIM_RADIO_TJRN_22_05_2026_B8_TJRN_MORTE_FETO_DEFICIENCIA_.mp3
11,NJUD_PROG_20261117,BOLETIM_RADIO_TJRN_22_05_2026_B9_TJRN_COSERN_CONDENADA_OSCILACOES_.mp3,2026-11-17,B4,TJRN_COSERN_CONDENADA_OSCILACOES_,TJRN,NAO,H:\Meu Drive\RADIO TJRN CONTEÚDO\00_PRODUCAO_2026\01_BOLETINS_DIARIOS\03_AUDIOS_RADIO\05 - MAI - 26\BOLETIM_RADIO_TJRN_22_05_2026_B9_TJRN_COSERN_CONDENADA_OSCILACOES_.mp3
11,NJUD_PROG_20261118,BOLETIM_RADIO_TJRN_25_05_2026_B10_DPERN_GARANTE_LIMITE_COPARTICIPACAO_.mp3,2026-11-18,B1,DPERN_GARANTE_LIMITE_COPARTICIPACAO_,TJRN,NAO,H:\Meu Drive\RADIO TJRN CONTEÚDO\00_PRODUCAO_2026\01_BOLETINS_DIARIOS\03_AUDIOS_RADIO\05 - MAI - 26\BOLETIM_RADIO_TJRN_25_05_2026_B10_DPERN_GARANTE_LIMITE_COPARTICIPACAO_.mp3
11,NJUD_PROG_20261118,BOLETIM_RADIO_TJRN_25_05_2026_B1_SEMANA_ADOCAO_ASSEMBLEIA.mp3,2026-11-18,B2,SEMANA_ADOCAO_ASSEMBLEIA,TJRN,NAO,H:\Meu Drive\RADIO TJRN CONTEÚDO\00_PRODUCAO_2026\01_BOLETINS_DIARIOS\03_AUDIOS_RADIO\05 - MAI - 26\BOLETIM_RADIO_TJRN_25_05_2026_B1_SEMANA_ADOCAO_ASSEMBLEIA.mp3
11,NJUD_PROG_20261118,BOLETIM_RADIO_TJRN_25_05_2026_B2_CONDENACAO_MARCENEIRO.mp3,2026-11-18,B3,CONDENACAO_MARCENEIRO,TJRN,NAO,H:\Meu Drive\RADIO TJRN CONTEÚDO\00_PRODUCAO_2026\01_BOLETINS_DIARIOS\03_AUDIOS_RADIO\05 - MAI - 26\BOLETIM_RADIO_TJRN_25_05_2026_B2_CONDENACAO_MARCENEIRO.mp3
11,NJUD_PROG_20261118,BOLETIM_RADIO_TJRN_25_05_2026_B3_COPARTICIPACAO_LIMITADA_TEA.mp3,2026-11-18,B4,COPARTICIPACAO_LIMITADA_TEA,TJRN,NAO,H:\Meu Drive\RADIO TJRN CONTEÚDO\00_PRODUCAO_2026\01_BOLETINS_DIARIOS\03_AUDIOS_RADIO\05 - MAI - 26\BOLETIM_RADIO_TJRN_25_05_2026_B3_COPARTICIPACAO_LIMITADA_TEA.mp3
11,NJUD_PROG_20261119,BOLETIM_RADIO_TJRN_25_05_2026_B4_RESPONSABILIDADE_EMPRESA_TRANSPORTE_ACIDENTE.mp3,2026-11-19,B1,RESPONSABILIDADE_EMPRESA_TRANSPORTE_ACIDENTE,TJRN,NAO,H:\Meu Drive\RADIO TJRN CONTEÚDO\00_PRODUCAO_2026\01_BOLETINS_DIARIOS\03_AUDIOS_RADIO\05 - MAI - 26\BOLETIM_RADIO_TJRN_25_05_2026_B4_RESPONSABILIDADE_EMPRESA_TRANSPORTE_ACIDENTE.mp3
11,NJUD_PROG_20261119,BOLETIM_RADIO_TJRN_25_05_2026_B5_CONSUMIDORA_VENCE_CAUSA_COSERN.mp3,2026-11-19,B2,CONSUMIDORA_VENCE_CAUSA_COSERN,TJRN,NAO,H:\Meu Drive\RADIO TJRN CONTEÚDO\00_PRODUCAO_2026\01_BOLETINS_DIARIOS\03_AUDIOS_RADIO\05 - MAI - 26\BOLETIM_RADIO_TJRN_25_05_2026_B5_CONSUMIDORA_VENCE_CAUSA_COSERN.mp3
11,NJUD_PROG_20261119,BOLETIM_RADIO_TJRN_25_05_2026_B6_ESTAGIO_DIREITO_MOSSORO.mp3,2026-11-19,B3,ESTAGIO_DIREITO_MOSSORO,TJRN,NAO,H:\Meu Drive\RADIO TJRN CONTEÚDO\00_PRODUCAO_2026\01_BOLETINS_DIARIOS\03_AUDIOS_RADIO\05 - MAI - 26\BOLETIM_RADIO_TJRN_25_05_2026_B6_ESTAGIO_DIREITO_MOSSORO.mp3
11,NJUD_PROG_20261119,BOLETIM_RADIO_TJRN_25_05_2026_B7_TJRN_NOVA_BIBLIOTECA_TJRN_.mp3,2026-11-19,B4,TJRN_NOVA_BIBLIOTECA_TJRN_,TJRN,NAO,H:\Meu Drive\RADIO TJRN CONTEÚDO\00_PRODUCAO_2026\01_BOLETINS_DIARIOS\03_AUDIOS_RADIO\05 - MAI - 26\BOLETIM_RADIO_TJRN_25_05_2026_B7_TJRN_NOVA_BIBLIOTECA_TJRN_.mp3
11,NJUD_PROG_20261120,BOLETIM_RADIO_TJRN_25_05_2026_B8_TJRN_CURSO_ADOCAO_.mp3,2026-11-20,B1,TJRN_CURSO_ADOCAO_,TJRN,NAO,H:\Meu Drive\RADIO TJRN CONTEÚDO\00_PRODUCAO_2026\01_BOLETINS_DIARIOS\03_AUDIOS_RADIO\05 - MAI - 26\BOLETIM_RADIO_TJRN_25_05_2026_B8_TJRN_CURSO_ADOCAO_.mp3
11,NJUD_PROG_20261120,BOLETIM_RADIO_TJRN_25_05_2026_B9_TRTRN_EMPRESA_PAGARA_INDENIZACAO_.mp3,2026-11-20,B2,TRTRN_EMPRESA_PAGARA_INDENIZACAO_,TJRN,NAO,H:\Meu Drive\RADIO TJRN CONTEÚDO\00_PRODUCAO_2026\01_BOLETINS_DIARIOS\03_AUDIOS_RADIO\05 - MAI - 26\BOLETIM_RADIO_TJRN_25_05_2026_B9_TRTRN_EMPRESA_PAGARA_INDENIZACAO_.mp3
11,NJUD_PROG_20261120,BOLETIM_RADIO_TJRN_26_05_2026_B10_DPERN_REGULAMENTACAO_CANNABIS_.mp3,2026-11-20,B3,DPERN_REGULAMENTACAO_CANNABIS_,TJRN,NAO,H:\Meu Drive\RADIO TJRN CONTEÚDO\00_PRODUCAO_2026\01_BOLETINS_DIARIOS\03_AUDIOS_RADIO\05 - MAI - 26\BOLETIM_RADIO_TJRN_26_05_2026_B10_DPERN_REGULAMENTACAO_CANNABIS_.mp3
11,NJUD_PROG_20261120,BOLETIM_RADIO_TJRN_26_05_2026_B1_TJRN_ENCERRAMENTO_SEMANA_ADOCAO_.mp3,2026-11-20,B4,TJRN_ENCERRAMENTO_SEMANA_ADOCAO_,TJRN,NAO,H:\Meu Drive\RADIO TJRN CONTEÚDO\00_PRODUCAO_2026\01_BOLETINS_DIARIOS\03_AUDIOS_RADIO\05 - MAI - 26\BOLETIM_RADIO_TJRN_26_05_2026_B1_TJRN_ENCERRAMENTO_SEMANA_ADOCAO_.mp3
11,NJUD_PROG_20261123,BOLETIM_RADIO_TJRN_26_05_2026_B2_TJRN_EMPRESAS_RESPONSABILIZADAS_CARGA_.mp3,2026-11-23,B1,TJRN_EMPRESAS_RESPONSABILIZADAS_CARGA_,TJRN,NAO,H:\Meu Drive\RADIO TJRN CONTEÚDO\00_PRODUCAO_2026\01_BOLETINS_DIARIOS\03_AUDIOS_RADIO\05 - MAI - 26\BOLETIM_RADIO_TJRN_26_05_2026_B2_TJRN_EMPRESAS_RESPONSABILIZADAS_CARGA_.mp3
11,NJUD_PROG_20261123,BOLETIM_RADIO_TJRN_26_05_2026_B3_TJRN_CONSUMIDORA_VENCE_ACAO_.mp3,2026-11-23,B2,TJRN_CONSUMIDORA_VENCE_ACAO_,TJRN,NAO,H:\Meu Drive\RADIO TJRN CONTEÚDO\00_PRODUCAO_2026\01_BOLETINS_DIARIOS\03_AUDIOS_RADIO\05 - MAI - 26\BOLETIM_RADIO_TJRN_26_05_2026_B3_TJRN_CONSUMIDORA_VENCE_ACAO_.mp3
11,NJUD_PROG_20261123,BOLETIM_RADIO_TJRN_26_05_2026_B4_TJRN_VARA_FAMILIA_SELECAO_.mp3,2026-11-23,B3,TJRN_VARA_FAMILIA_SELECAO_,TJRN,NAO,H:\Meu Drive\RADIO TJRN CONTEÚDO\00_PRODUCAO_2026\01_BOLETINS_DIARIOS\03_AUDIOS_RADIO\05 - MAI - 26\BOLETIM_RADIO_TJRN_26_05_2026_B4_TJRN_VARA_FAMILIA_SELECAO_.mp3
11,NJUD_PROG_20261123,BOLETIM_RADIO_TJRN_26_05_2026_B6_TJRN_PODCAST_IA_CIBERSEGURANCA_.mp3,2026-11-23,B4,TJRN_PODCAST_IA_CIBERSEGURANCA_,TJRN,NAO,H:\Meu Drive\RADIO TJRN CONTEÚDO\00_PRODUCAO_2026\01_BOLETINS_DIARIOS\03_AUDIOS_RADIO\05 - MAI - 26\BOLETIM_RADIO_TJRN_26_05_2026_B6_TJRN_PODCAST_IA_CIBERSEGURANCA_.mp3
11,NJUD_PROG_20261124,BOLETIM_RADIO_TJRN_26_05_2026_B7_TJRN_PLANO_SAUDE_INDENIZA_GESTANTE_.mp3,2026-11-24,B1,TJRN_PLANO_SAUDE_INDENIZA_GESTANTE_,TJRN,NAO,H:\Meu Drive\RADIO TJRN CONTEÚDO\00_PRODUCAO_2026\01_BOLETINS_DIARIOS\03_AUDIOS_RADIO\05 - MAI - 26\BOLETIM_RADIO_TJRN_26_05_2026_B7_TJRN_PLANO_SAUDE_INDENIZA_GESTANTE_.mp3
11,NJUD_PROG_20261124,BOLETIM_RADIO_TJRN_26_05_2026_B9_OABRN_PANFLETAGEM_FALSO_ADVOGADO_.mp3,2026-11-24,B2,OABRN_PANFLETAGEM_FALSO_ADVOGADO_,TJRN,NAO,H:\Meu Drive\RADIO TJRN CONTEÚDO\00_PRODUCAO_2026\01_BOLETINS_DIARIOS\03_AUDIOS_RADIO\05 - MAI - 26\BOLETIM_RADIO_TJRN_26_05_2026_B9_OABRN_PANFLETAGEM_FALSO_ADVOGADO_.mp3
11,NJUD_PROG_20261124,BOLETIM_RADIO_TJRN_27_05_2026_B10_MPRN_CONDENACAO_BANCO_COBRANCA.mp3,2026-11-24,B3,MPRN_CONDENACAO_BANCO_COBRANCA,TJRN,NAO,H:\Meu Drive\RADIO TJRN CONTEÚDO\00_PRODUCAO_2026\01_BOLETINS_DIARIOS\03_AUDIOS_RADIO\05 - MAI - 26\BOLETIM_RADIO_TJRN_27_05_2026_B10_MPRN_CONDENACAO_BANCO_COBRANCA.mp3
11,NJUD_PROG_20261124,BOLETIM_RADIO_TJRN_27_05_2026_B1_TJRN_ESTADO_FORNECER_APARELHO_IDOSA.mp3,2026-11-24,B4,TJRN_ESTADO_FORNECER_APARELHO_IDOSA,TJRN,NAO,H:\Meu Drive\RADIO TJRN CONTEÚDO\00_PRODUCAO_2026\01_BOLETINS_DIARIOS\03_AUDIOS_RADIO\05 - MAI - 26\BOLETIM_RADIO_TJRN_27_05_2026_B1_TJRN_ESTADO_FORNECER_APARELHO_IDOSA.mp3
11,NJUD_PROG_20261125,BOLETIM_RADIO_TJRN_27_05_2026_B2_TJRN_ESTADO_CONDENADO_OPERACAO_POLICIAL.mp3,2026-11-25,B1,TJRN_ESTADO_CONDENADO_OPERACAO_POLICIAL,TJRN,NAO,H:\Meu Drive\RADIO TJRN CONTEÚDO\00_PRODUCAO_2026\01_BOLETINS_DIARIOS\03_AUDIOS_RADIO\05 - MAI - 26\BOLETIM_RADIO_TJRN_27_05_2026_B2_TJRN_ESTADO_CONDENADO_OPERACAO_POLICIAL.mp3
11,NJUD_PROG_20261125,BOLETIM_RADIO_TJRN_27_05_2026_B3_TJRN_TRIBUNAIS_PLANOS_ACAO_JUNHO.mp3,2026-11-25,B2,TJRN_TRIBUNAIS_PLANOS_ACAO_JUNHO,TJRN,NAO,H:\Meu Drive\RADIO TJRN CONTEÚDO\00_PRODUCAO_2026\01_BOLETINS_DIARIOS\03_AUDIOS_RADIO\05 - MAI - 26\BOLETIM_RADIO_TJRN_27_05_2026_B3_TJRN_TRIBUNAIS_PLANOS_ACAO_JUNHO.mp3
11,NJUD_PROG_20261125,BOLETIM_RADIO_TJRN_27_05_2026_B4_TJRN_ACESSIBILIDADE_DIGITAL_.mp3,2026-11-25,B3,TJRN_ACESSIBILIDADE_DIGITAL_,TJRN,NAO,H:\Meu Drive\RADIO TJRN CONTEÚDO\00_PRODUCAO_2026\01_BOLETINS_DIARIOS\03_AUDIOS_RADIO\05 - MAI - 26\BOLETIM_RADIO_TJRN_27_05_2026_B4_TJRN_ACESSIBILIDADE_DIGITAL_.mp3
11,NJUD_PROG_20261125,BOLETIM_RADIO_TJRN_27_05_2026_B5_TJRN_LEILAO_85_IMOVEIS_.mp3,2026-11-25,B4,TJRN_LEILAO_85_IMOVEIS_,TJRN,NAO,H:\Meu Drive\RADIO TJRN CONTEÚDO\00_PRODUCAO_2026\01_BOLETINS_DIARIOS\03_AUDIOS_RADIO\05 - MAI - 26\BOLETIM_RADIO_TJRN_27_05_2026_B5_TJRN_LEILAO_85_IMOVEIS_.mp3
11,NJUD_PROG_20261126,BOLETIM_RADIO_TJRN_27_05_2026_B6_TJRN_CORREGEDORIA_APRIMORAMENTO_FUNDIARIA_.mp3,2026-11-26,B1,TJRN_CORREGEDORIA_APRIMORAMENTO_FUNDIARIA_,TJRN,NAO,H:\Meu Drive\RADIO TJRN CONTEÚDO\00_PRODUCAO_2026\01_BOLETINS_DIARIOS\03_AUDIOS_RADIO\05 - MAI - 26\BOLETIM_RADIO_TJRN_27_05_2026_B6_TJRN_CORREGEDORIA_APRIMORAMENTO_FUNDIARIA_.mp3
11,NJUD_PROG_20261126,BOLETIM_RADIO_TJRN_27_05_2026_B7_TJRN_CONSUMIDORA_INDENIZADA_CANCELAMENTO_VOO.mp3,2026-11-26,B2,TJRN_CONSUMIDORA_INDENIZADA_CANCELAMENTO_VOO,TJRN,NAO,H:\Meu Drive\RADIO TJRN CONTEÚDO\00_PRODUCAO_2026\01_BOLETINS_DIARIOS\03_AUDIOS_RADIO\05 - MAI - 26\BOLETIM_RADIO_TJRN_27_05_2026_B7_TJRN_CONSUMIDORA_INDENIZADA_CANCELAMENTO_VOO.mp3
11,NJUD_PROG_20261126,BOLETIM_RADIO_TJRN_27_05_2026_B8_TJRN_BANCO_COMPROVA_USO_CARTAO.mp3,2026-11-26,B3,TJRN_BANCO_COMPROVA_USO_CARTAO,TJRN,NAO,H:\Meu Drive\RADIO TJRN CONTEÚDO\00_PRODUCAO_2026\01_BOLETINS_DIARIOS\03_AUDIOS_RADIO\05 - MAI - 26\BOLETIM_RADIO_TJRN_27_05_2026_B8_TJRN_BANCO_COMPROVA_USO_CARTAO.mp3
11,NJUD_PROG_20261126,BOLETIM_RADIO_TJRN_27_05_2026_B9_TJRN_HOMEM_CONDENADO_PORTE_ILEGAL_ARMA_.mp3,2026-11-26,B4,TJRN_HOMEM_CONDENADO_PORTE_ILEGAL_ARMA_,TJRN,NAO,H:\Meu Drive\RADIO TJRN CONTEÚDO\00_PRODUCAO_2026\01_BOLETINS_DIARIOS\03_AUDIOS_RADIO\05 - MAI - 26\BOLETIM_RADIO_TJRN_27_05_2026_B9_TJRN_HOMEM_CONDENADO_PORTE_ILEGAL_ARMA_.mp3
11,NJUD_PROG_20261127,BOLETIM_RADIO_TJRN_28_05_2026_B10_TRTRN_SEMANA_MEIO_AMBIENTE_.mp3,2026-11-27,B1,TRTRN_SEMANA_MEIO_AMBIENTE_,TJRN,NAO,H:\Meu Drive\RADIO TJRN CONTEÚDO\00_PRODUCAO_2026\01_BOLETINS_DIARIOS\03_AUDIOS_RADIO\05 - MAI - 26\BOLETIM_RADIO_TJRN_28_05_2026_B10_TRTRN_SEMANA_MEIO_AMBIENTE_.mp3
11,NJUD_PROG_20261127,BOLETIM_RADIO_TJRN_28_05_2026_B1_TJRN_MANTEM_NEGATIVA_CADASTRO.mp3,2026-11-27,B2,TJRN_MANTEM_NEGATIVA_CADASTRO,TJRN,NAO,H:\Meu Drive\RADIO TJRN CONTEÚDO\00_PRODUCAO_2026\01_BOLETINS_DIARIOS\03_AUDIOS_RADIO\05 - MAI - 26\BOLETIM_RADIO_TJRN_28_05_2026_B1_TJRN_MANTEM_NEGATIVA_CADASTRO.mp3
11,NJUD_PROG_20261127,BOLETIM_RADIO_TJRN_28_05_2026_B2_TJRN_VARA_ASSU_INTERINO (1).mp3,2026-11-27,B3,TJRN_VARA_ASSU_INTERINO (1),TJRN,NAO,H:\Meu Drive\RADIO TJRN CONTEÚDO\00_PRODUCAO_2026\01_BOLETINS_DIARIOS\03_AUDIOS_RADIO\05 - MAI - 26\BOLETIM_RADIO_TJRN_28_05_2026_B2_TJRN_VARA_ASSU_INTERINO (1).mp3
11,NJUD_PROG_20261127,BOLETIM_RADIO_TJRN_28_05_2026_B2_TJRN_VARA_ASSU_INTERINO.mp3,2026-11-27,B4,TJRN_VARA_ASSU_INTERINO,TJRN,NAO,H:\Meu Drive\RADIO TJRN CONTEÚDO\00_PRODUCAO_2026\01_BOLETINS_DIARIOS\03_AUDIOS_RADIO\05 - MAI - 26\BOLETIM_RADIO_TJRN_28_05_2026_B2_TJRN_VARA_ASSU_INTERINO.mp3
11,NJUD_PROG_20261130,BOLETIM_RADIO_TJRN_28_05_2026_B3_TJRN_NOVA_VERSAO_PJE.mp3,2026-11-30,B1,TJRN_NOVA_VERSAO_PJE,TJRN,NAO,H:\Meu Drive\RADIO TJRN CONTEÚDO\00_PRODUCAO_2026\01_BOLETINS_DIARIOS\03_AUDIOS_RADIO\05 - MAI - 26\BOLETIM_RADIO_TJRN_28_05_2026_B3_TJRN_NOVA_VERSAO_PJE.mp3
11,NJUD_PROG_20261130,BOLETIM_RADIO_TJRN_28_05_2026_B4_TJRN_DEFINE_SULAMITA_MEMBRO_TRE_RN.mp3,2026-11-30,B2,TJRN_DEFINE_SULAMITA_MEMBRO_TRE_RN,TJRN,NAO,H:\Meu Drive\RADIO TJRN CONTEÚDO\00_PRODUCAO_2026\01_BOLETINS_DIARIOS\03_AUDIOS_RADIO\05 - MAI - 26\BOLETIM_RADIO_TJRN_28_05_2026_B4_TJRN_DEFINE_SULAMITA_MEMBRO_TRE_RN.mp3
11,NJUD_PROG_20261130,BOLETIM_RADIO_TJRN_28_05_2026_B5_TJRN_PROJETO_PREMIO_INNOVARE.mp3,2026-11-30,B3,TJRN_PROJETO_PREMIO_INNOVARE,TJRN,NAO,H:\Meu Drive\RADIO TJRN CONTEÚDO\00_PRODUCAO_2026\01_BOLETINS_DIARIOS\03_AUDIOS_RADIO\05 - MAI - 26\BOLETIM_RADIO_TJRN_28_05_2026_B5_TJRN_PROJETO_PREMIO_INNOVARE.mp3
11,NJUD_PROG_20261130,BOLETIM_RADIO_TJRN_28_05_2026_B6_ESMARN_INSCRICOES_PLANILHAS_ELETRONICAS_.mp3,2026-11-30,B4,ESMARN_INSCRICOES_PLANILHAS_ELETRONICAS_,TJRN,NAO,H:\Meu Drive\RADIO TJRN CONTEÚDO\00_PRODUCAO_2026\01_BOLETINS_DIARIOS\03_AUDIOS_RADIO\05 - MAI - 26\BOLETIM_RADIO_TJRN_28_05_2026_B6_ESMARN_INSCRICOES_PLANILHAS_ELETRONICAS_.mp3
12,NJUD_PROG_20261201,BOLETIM_RADIO_TJRN_28_05_2026_B7_TJRN_PLATAFORMA_PAGAMENTOS_BLOQUEIA_VALORES.mp3,2026-12-01,B1,TJRN_PLATAFORMA_PAGAMENTOS_BLOQUEIA_VALORES,TJRN,NAO,H:\Meu Drive\RADIO TJRN CONTEÚDO\00_PRODUCAO_2026\01_BOLETINS_DIARIOS\03_AUDIOS_RADIO\05 - MAI - 26\BOLETIM_RADIO_TJRN_28_05_2026_B7_TJRN_PLATAFORMA_PAGAMENTOS_BLOQUEIA_VALORES.mp3
12,NJUD_PROG_20261201,BOLETIM_RADIO_TJRN_28_05_2026_B9_TJRN_PLATAFORMA_APOSTA_CONDENADA_.mp3,2026-12-01,B2,TJRN_PLATAFORMA_APOSTA_CONDENADA_,TJRN,NAO,H:\Meu Drive\RADIO TJRN CONTEÚDO\00_PRODUCAO_2026\01_BOLETINS_DIARIOS\03_AUDIOS_RADIO\05 - MAI - 26\BOLETIM_RADIO_TJRN_28_05_2026_B9_TJRN_PLATAFORMA_APOSTA_CONDENADA_.mp3
12,NJUD_PROG_20261201,BOLETIM_RADIO_TJRN_29_05_2026_B10_MPRN_FISCALIZACAO_CAPS.mp3,2026-12-01,B3,MPRN_FISCALIZACAO_CAPS,TJRN,NAO,H:\Meu Drive\RADIO TJRN CONTEÚDO\00_PRODUCAO_2026\01_BOLETINS_DIARIOS\03_AUDIOS_RADIO\05 - MAI - 26\BOLETIM_RADIO_TJRN_29_05_2026_B10_MPRN_FISCALIZACAO_CAPS.mp3
12,NJUD_PROG_20261201,BOLETIM_RADIO_TJRN_29_05_2026_B1_TJRN_ALMINO_AFONSO_SELECAO_TABELIAO_.mp3,2026-12-01,B4,TJRN_ALMINO_AFONSO_SELECAO_TABELIAO_,TJRN,NAO,H:\Meu Drive\RADIO TJRN CONTEÚDO\00_PRODUCAO_2026\01_BOLETINS_DIARIOS\03_AUDIOS_RADIO\05 - MAI - 26\BOLETIM_RADIO_TJRN_29_05_2026_B1_TJRN_ALMINO_AFONSO_SELECAO_TABELIAO_.mp3
12,NJUD_PROG_20261202,BOLETIM_RADIO_TJRN_29_05_2026_B2_TJRN_SESSAO_HIBRIDA_CAMARA_CRIMINAL_.mp3,2026-12-02,B1,TJRN_SESSAO_HIBRIDA_CAMARA_CRIMINAL_,TJRN,NAO,H:\Meu Drive\RADIO TJRN CONTEÚDO\00_PRODUCAO_2026\01_BOLETINS_DIARIOS\03_AUDIOS_RADIO\05 - MAI - 26\BOLETIM_RADIO_TJRN_29_05_2026_B2_TJRN_SESSAO_HIBRIDA_CAMARA_CRIMINAL_.mp3
12,NJUD_PROG_20261202,BOLETIM_RADIO_TJRN_29_05_2026_B3_TJRN_PRORROGA_VALIDADE_CONCURSO_.mp3,2026-12-02,B2,TJRN_PRORROGA_VALIDADE_CONCURSO_,TJRN,NAO,H:\Meu Drive\RADIO TJRN CONTEÚDO\00_PRODUCAO_2026\01_BOLETINS_DIARIOS\03_AUDIOS_RADIO\05 - MAI - 26\BOLETIM_RADIO_TJRN_29_05_2026_B3_TJRN_PRORROGA_VALIDADE_CONCURSO_.mp3
12,NJUD_PROG_20261202,BOLETIM_RADIO_TJRN_29_05_2026_B4_TJRN_COMISSAO_SOLUCOES_FUNDIARIAS_.mp3,2026-12-02,B3,TJRN_COMISSAO_SOLUCOES_FUNDIARIAS_,TJRN,NAO,H:\Meu Drive\RADIO TJRN CONTEÚDO\00_PRODUCAO_2026\01_BOLETINS_DIARIOS\03_AUDIOS_RADIO\05 - MAI - 26\BOLETIM_RADIO_TJRN_29_05_2026_B4_TJRN_COMISSAO_SOLUCOES_FUNDIARIAS_.mp3
12,NJUD_PROG_20261202,BOLETIM_RADIO_TJRN_29_05_2026_B5_TJRN_RESULTADO_RECURSOS_HETEROIDENTIFICACAO_.mp3,2026-12-02,B4,TJRN_RESULTADO_RECURSOS_HETEROIDENTIFICACAO_,TJRN,NAO,H:\Meu Drive\RADIO TJRN CONTEÚDO\00_PRODUCAO_2026\01_BOLETINS_DIARIOS\03_AUDIOS_RADIO\05 - MAI - 26\BOLETIM_RADIO_TJRN_29_05_2026_B5_TJRN_RESULTADO_RECURSOS_HETEROIDENTIFICACAO_.mp3
12,NJUD_PROG_20261203,BOLETIM_RADIO_TJRN_29_05_2026_B6_TJRN_MAGISTRADOS_FONAJE_TRANSNACIONAL_.mp3,2026-12-03,B1,TJRN_MAGISTRADOS_FONAJE_TRANSNACIONAL_,TJRN,NAO,H:\Meu Drive\RADIO TJRN CONTEÚDO\00_PRODUCAO_2026\01_BOLETINS_DIARIOS\03_AUDIOS_RADIO\05 - MAI - 26\BOLETIM_RADIO_TJRN_29_05_2026_B6_TJRN_MAGISTRADOS_FONAJE_TRANSNACIONAL_.mp3
12,NJUD_PROG_20261203,BOLETIM_RADIO_TJRN_29_05_2026_B7_OABRN_ALERTA_USO_INDEVIDO_ENTIDADE.mp3,2026-12-03,B2,OABRN_ALERTA_USO_INDEVIDO_ENTIDADE,TJRN,NAO,H:\Meu Drive\RADIO TJRN CONTEÚDO\00_PRODUCAO_2026\01_BOLETINS_DIARIOS\03_AUDIOS_RADIO\05 - MAI - 26\BOLETIM_RADIO_TJRN_29_05_2026_B7_OABRN_ALERTA_USO_INDEVIDO_ENTIDADE.mp3
12,NJUD_PROG_20261203,BOLETIM_RADIO_TJRN_29_05_2026_B8_TJRN_EVENTO_CHATJURIS.mp3,2026-12-03,B3,TJRN_EVENTO_CHATJURIS,TJRN,NAO,H:\Meu Drive\RADIO TJRN CONTEÚDO\00_PRODUCAO_2026\01_BOLETINS_DIARIOS\03_AUDIOS_RADIO\05 - MAI - 26\BOLETIM_RADIO_TJRN_29_05_2026_B8_TJRN_EVENTO_CHATJURIS.mp3
12,NJUD_PROG_20261203,BOLETIM_RADIO_TJRN_29_05_2026_B9_TJRN_AREAS_DE_GESTAO_.mp3,2026-12-03,B4,TJRN_AREAS_DE_GESTAO_,TJRN,NAO,H:\Meu Drive\RADIO TJRN CONTEÚDO\00_PRODUCAO_2026\01_BOLETINS_DIARIOS\03_AUDIOS_RADIO\05 - MAI - 26\BOLETIM_RADIO_TJRN_29_05_2026_B9_TJRN_AREAS_DE_GESTAO_.mp3
12,NJUD_PROG_20261204,BOLETIM_RADIO_TJRN_02_02_2026_B10_DPERN_PRAZO_INSCRICOES_SUSTENTABILIDADE.mp3,2026-12-04,B1,DPERN_PRAZO_INSCRICOES_SUSTENTABILIDADE,TJRN,NAO,H:\Meu Drive\RADIO TJRN CONTEÚDO\00_PRODUCAO_2026\01_BOLETINS_DIARIOS\03_AUDIOS_RADIO\BOLETIM_RADIO_TJRN_02_02_2026_B10_DPERN_PRAZO_INSCRICOES_SUSTENTABILIDADE.mp3
12,NJUD_PROG_20261204,BOLETIM_RADIO_TJRN_02_02_2026_B1_TJRN_ACAO_IMPROBIDADE_SERVIDOR_DETRAN.mp3,2026-12-04,B2,TJRN_ACAO_IMPROBIDADE_SERVIDOR_DETRAN,TJRN,NAO,H:\Meu Drive\RADIO TJRN CONTEÚDO\00_PRODUCAO_2026\01_BOLETINS_DIARIOS\03_AUDIOS_RADIO\BOLETIM_RADIO_TJRN_02_02_2026_B1_TJRN_ACAO_IMPROBIDADE_SERVIDOR_DETRAN.mp3
12,NJUD_PROG_20261204,BOLETIM_RADIO_TJRN_02_02_2026_B2_TJRN_CRESCIMENTO_CAMARA_CRIMINAL_.mp3,2026-12-04,B3,TJRN_CRESCIMENTO_CAMARA_CRIMINAL_,TJRN,NAO,H:\Meu Drive\RADIO TJRN CONTEÚDO\00_PRODUCAO_2026\01_BOLETINS_DIARIOS\03_AUDIOS_RADIO\BOLETIM_RADIO_TJRN_02_02_2026_B2_TJRN_CRESCIMENTO_CAMARA_CRIMINAL_.mp3
12,NJUD_PROG_20261204,BOLETIM_RADIO_TJRN_02_02_2026_B3_TJRN_ACOES_PENITENCIARIA_ALCACUZ_.mp3,2026-12-04,B4,TJRN_ACOES_PENITENCIARIA_ALCACUZ_,TJRN,NAO,H:\Meu Drive\RADIO TJRN CONTEÚDO\00_PRODUCAO_2026\01_BOLETINS_DIARIOS\03_AUDIOS_RADIO\BOLETIM_RADIO_TJRN_02_02_2026_B3_TJRN_ACOES_PENITENCIARIA_ALCACUZ_.mp3
12,NJUD_PROG_20261207,BOLETIM_RADIO_TJRN_02_02_2026_B4_TJRN_FABRICANTE_REDE_FARMACIA_.mp3,2026-12-07,B1,TJRN_FABRICANTE_REDE_FARMACIA_,TJRN,NAO,H:\Meu Drive\RADIO TJRN CONTEÚDO\00_PRODUCAO_2026\01_BOLETINS_DIARIOS\03_AUDIOS_RADIO\BOLETIM_RADIO_TJRN_02_02_2026_B4_TJRN_FABRICANTE_REDE_FARMACIA_.mp3
12,NJUD_PROG_20261207,BOLETIM_RADIO_TJRN_02_02_2026_B5_TJRN_ESTAGIO_GRUPO_METAS.mp3,2026-12-07,B2,TJRN_ESTAGIO_GRUPO_METAS,TJRN,NAO,H:\Meu Drive\RADIO TJRN CONTEÚDO\00_PRODUCAO_2026\01_BOLETINS_DIARIOS\03_AUDIOS_RADIO\BOLETIM_RADIO_TJRN_02_02_2026_B5_TJRN_ESTAGIO_GRUPO_METAS.mp3
12,NJUD_PROG_20261207,BOLETIM_RADIO_TJRN_02_02_2026_B6_TJRN_CONDENA_HOMEM_MAUS_TRATOS.mp3,2026-12-07,B3,TJRN_CONDENA_HOMEM_MAUS_TRATOS,TJRN,NAO,H:\Meu Drive\RADIO TJRN CONTEÚDO\00_PRODUCAO_2026\01_BOLETINS_DIARIOS\03_AUDIOS_RADIO\BOLETIM_RADIO_TJRN_02_02_2026_B6_TJRN_CONDENA_HOMEM_MAUS_TRATOS.mp3
12,NJUD_PROG_20261207,BOLETIM_RADIO_TJRN_02_02_2026_B7_TJRN_ANULA_PREGAO_CONSORCIO_.mp3,2026-12-07,B4,TJRN_ANULA_PREGAO_CONSORCIO_,TJRN,NAO,H:\Meu Drive\RADIO TJRN CONTEÚDO\00_PRODUCAO_2026\01_BOLETINS_DIARIOS\03_AUDIOS_RADIO\BOLETIM_RADIO_TJRN_02_02_2026_B7_TJRN_ANULA_PREGAO_CONSORCIO_.mp3
12,NJUD_PROG_20261208,BOLETIM_RADIO_TJRN_02_02_2026_B8_TJRN_INCONSTITUCIONALIDADE_LEI_ENEM_.mp3,2026-12-08,B1,TJRN_INCONSTITUCIONALIDADE_LEI_ENEM_,TJRN,NAO,H:\Meu Drive\RADIO TJRN CONTEÚDO\00_PRODUCAO_2026\01_BOLETINS_DIARIOS\03_AUDIOS_RADIO\BOLETIM_RADIO_TJRN_02_02_2026_B8_TJRN_INCONSTITUCIONALIDADE_LEI_ENEM_.mp3
12,NJUD_PROG_20261208,BOLETIM_RADIO_TJRN_02_02_2026_B9_TRTRN_DESCARACTERIZA_TRABALHO_INTERMITENTE.mp3,2026-12-08,B2,TRTRN_DESCARACTERIZA_TRABALHO_INTERMITENTE,TJRN,NAO,H:\Meu Drive\RADIO TJRN CONTEÚDO\00_PRODUCAO_2026\01_BOLETINS_DIARIOS\03_AUDIOS_RADIO\BOLETIM_RADIO_TJRN_02_02_2026_B9_TRTRN_DESCARACTERIZA_TRABALHO_INTERMITENTE.mp3
12,NJUD_PROG_20261208,BOLETIM_RADIO_TJRN_02_03_2026_B10_TJRN_PRIMEIRO_TECNOLOGIA_FOCO_2026.mp3,2026-12-08,B3,TJRN_PRIMEIRO_TECNOLOGIA_FOCO_2026,TJRN,NAO,H:\Meu Drive\RADIO TJRN CONTEÚDO\00_PRODUCAO_2026\01_BOLETINS_DIARIOS\03_AUDIOS_RADIO\BOLETIM_RADIO_TJRN_02_03_2026_B10_TJRN_PRIMEIRO_TECNOLOGIA_FOCO_2026.mp3
12,NJUD_PROG_20261208,BOLETIM_RADIO_TJRN_02_03_2026_B1_TRERN_ADQUIRE_NOVAS_CADEIRAS_.mp3,2026-12-08,B4,TRERN_ADQUIRE_NOVAS_CADEIRAS_,TJRN,NAO,H:\Meu Drive\RADIO TJRN CONTEÚDO\00_PRODUCAO_2026\01_BOLETINS_DIARIOS\03_AUDIOS_RADIO\BOLETIM_RADIO_TJRN_02_03_2026_B1_TRERN_ADQUIRE_NOVAS_CADEIRAS_.mp3
12,NJUD_PROG_20261209,BOLETIM_RADIO_TJRN_02_03_2026_B2_ACESSIBILIDADE_CAPS_PARNAMIRIM.mp3,2026-12-09,B1,ACESSIBILIDADE_CAPS_PARNAMIRIM,TJRN,NAO,H:\Meu Drive\RADIO TJRN CONTEÚDO\00_PRODUCAO_2026\01_BOLETINS_DIARIOS\03_AUDIOS_RADIO\BOLETIM_RADIO_TJRN_02_03_2026_B2_ACESSIBILIDADE_CAPS_PARNAMIRIM.mp3
12,NJUD_PROG_20261209,BOLETIM_RADIO_TJRN_02_03_2026_B3_SUSPENSAO_DESCONTO_PENSAO.mp3,2026-12-09,B2,SUSPENSAO_DESCONTO_PENSAO,TJRN,NAO,H:\Meu Drive\RADIO TJRN CONTEÚDO\00_PRODUCAO_2026\01_BOLETINS_DIARIOS\03_AUDIOS_RADIO\BOLETIM_RADIO_TJRN_02_03_2026_B3_SUSPENSAO_DESCONTO_PENSAO.mp3
12,NJUD_PROG_20261209,BOLETIM_RADIO_TJRN_02_03_2026_B4_CONDENACAO_SALARIO_SEM_EXERCER_FUNCAO.mp3,2026-12-09,B3,CONDENACAO_SALARIO_SEM_EXERCER_FUNCAO,TJRN,NAO,H:\Meu Drive\RADIO TJRN CONTEÚDO\00_PRODUCAO_2026\01_BOLETINS_DIARIOS\03_AUDIOS_RADIO\BOLETIM_RADIO_TJRN_02_03_2026_B4_CONDENACAO_SALARIO_SEM_EXERCER_FUNCAO.mp3
12,NJUD_PROG_20261209,BOLETIM_RADIO_TJRN_02_03_2026_B5_LICENCA_REMUNERADA_JOAO_CAMARA.mp3,2026-12-09,B4,LICENCA_REMUNERADA_JOAO_CAMARA,TJRN,NAO,H:\Meu Drive\RADIO TJRN CONTEÚDO\00_PRODUCAO_2026\01_BOLETINS_DIARIOS\03_AUDIOS_RADIO\BOLETIM_RADIO_TJRN_02_03_2026_B5_LICENCA_REMUNERADA_JOAO_CAMARA.mp3
12,NJUD_PROG_20261210,BOLETIM_RADIO_TJRN_02_03_2026_B6_CONDENACAO_EXTRAVIO_BAGAGEM.mp3,2026-12-10,B1,CONDENACAO_EXTRAVIO_BAGAGEM,TJRN,NAO,H:\Meu Drive\RADIO TJRN CONTEÚDO\00_PRODUCAO_2026\01_BOLETINS_DIARIOS\03_AUDIOS_RADIO\BOLETIM_RADIO_TJRN_02_03_2026_B6_CONDENACAO_EXTRAVIO_BAGAGEM.mp3
12,NJUD_PROG_20261210,BOLETIM_RADIO_TJRN_02_03_2026_B7_RESPONSAVEL_INTERINO_CANGUARETAMA.mp3,2026-12-10,B2,RESPONSAVEL_INTERINO_CANGUARETAMA,TJRN,NAO,H:\Meu Drive\RADIO TJRN CONTEÚDO\00_PRODUCAO_2026\01_BOLETINS_DIARIOS\03_AUDIOS_RADIO\BOLETIM_RADIO_TJRN_02_03_2026_B7_RESPONSAVEL_INTERINO_CANGUARETAMA.mp3
12,NJUD_PROG_20261210,BOLETIM_RADIO_TJRN_02_03_2026_B8_TJRN_2_VARA_PARNAMIRIM_ESTAGIO.mp3,2026-12-10,B3,TJRN_2_VARA_PARNAMIRIM_ESTAGIO,TJRN,NAO,H:\Meu Drive\RADIO TJRN CONTEÚDO\00_PRODUCAO_2026\01_BOLETINS_DIARIOS\03_AUDIOS_RADIO\BOLETIM_RADIO_TJRN_02_03_2026_B8_TJRN_2_VARA_PARNAMIRIM_ESTAGIO.mp3
12,NJUD_PROG_20261210,BOLETIM_RADIO_TJRN_02_03_2026_B9_TJRN_JUSTICA_ELEVA_PERCENTUAL_ALIMENTOS_.mp3,2026-12-10,B4,TJRN_JUSTICA_ELEVA_PERCENTUAL_ALIMENTOS_,TJRN,NAO,H:\Meu Drive\RADIO TJRN CONTEÚDO\00_PRODUCAO_2026\01_BOLETINS_DIARIOS\03_AUDIOS_RADIO\BOLETIM_RADIO_TJRN_02_03_2026_B9_TJRN_JUSTICA_ELEVA_PERCENTUAL_ALIMENTOS_.mp3
12,NJUD_PROG_20261211,BOLETIM_RADIO_TJRN_03_02_2026_B10_TJRN_REDE_SOCIAL_CONDENADA_.mp3,2026-12-11,B1,TJRN_REDE_SOCIAL_CONDENADA_,TJRN,NAO,H:\Meu Drive\RADIO TJRN CONTEÚDO\00_PRODUCAO_2026\01_BOLETINS_DIARIOS\03_AUDIOS_RADIO\BOLETIM_RADIO_TJRN_03_02_2026_B10_TJRN_REDE_SOCIAL_CONDENADA_.mp3
12,NJUD_PROG_20261211,BOLETIM_RADIO_TJRN_03_02_2026_B1_TJRN_SUSPENDE_LICITACAO_CANGUARETAMA_.mp3,2026-12-11,B2,TJRN_SUSPENDE_LICITACAO_CANGUARETAMA_,TJRN,NAO,H:\Meu Drive\RADIO TJRN CONTEÚDO\00_PRODUCAO_2026\01_BOLETINS_DIARIOS\03_AUDIOS_RADIO\BOLETIM_RADIO_TJRN_03_02_2026_B1_TJRN_SUSPENDE_LICITACAO_CANGUARETAMA_.mp3
12,NJUD_PROG_20261211,BOLETIM_RADIO_TJRN_03_02_2026_B2_TJRN_IA_ROTINAS_PRESTACAO_JURISDICIONAL.mp3,2026-12-11,B3,TJRN_IA_ROTINAS_PRESTACAO_JURISDICIONAL,TJRN,NAO,H:\Meu Drive\RADIO TJRN CONTEÚDO\00_PRODUCAO_2026\01_BOLETINS_DIARIOS\03_AUDIOS_RADIO\BOLETIM_RADIO_TJRN_03_02_2026_B2_TJRN_IA_ROTINAS_PRESTACAO_JURISDICIONAL.mp3
12,NJUD_PROG_20261211,BOLETIM_RADIO_TJRN_03_02_2026_B3_VARA_CRIMINAL_ESTAGIO_.mp3,2026-12-11,B4,VARA_CRIMINAL_ESTAGIO_,TJRN,NAO,H:\Meu Drive\RADIO TJRN CONTEÚDO\00_PRODUCAO_2026\01_BOLETINS_DIARIOS\03_AUDIOS_RADIO\BOLETIM_RADIO_TJRN_03_02_2026_B3_VARA_CRIMINAL_ESTAGIO_.mp3
12,NJUD_PROG_20261214,BOLETIM_RADIO_TJRN_03_02_2026_B4_TJRN_COMARCA_EXTREMOZ_DEMANDAS_JUDICIAIS_.mp3,2026-12-14,B1,TJRN_COMARCA_EXTREMOZ_DEMANDAS_JUDICIAIS_,TJRN,NAO,H:\Meu Drive\RADIO TJRN CONTEÚDO\00_PRODUCAO_2026\01_BOLETINS_DIARIOS\03_AUDIOS_RADIO\BOLETIM_RADIO_TJRN_03_02_2026_B4_TJRN_COMARCA_EXTREMOZ_DEMANDAS_JUDICIAIS_.mp3
12,NJUD_PROG_20261214,BOLETIM_RADIO_TJRN_03_02_2026_B5_TRERN_CANAL_RECEBIMENTO_DENUNCIAS_.mp3,2026-12-14,B2,TRERN_CANAL_RECEBIMENTO_DENUNCIAS_,TJRN,NAO,H:\Meu Drive\RADIO TJRN CONTEÚDO\00_PRODUCAO_2026\01_BOLETINS_DIARIOS\03_AUDIOS_RADIO\BOLETIM_RADIO_TJRN_03_02_2026_B5_TRERN_CANAL_RECEBIMENTO_DENUNCIAS_.mp3
12,NJUD_PROG_20261214,BOLETIM_RADIO_TJRN_03_02_2026_B6_TJRN_PASSAGEIRO_INDENIZADO_.mp3,2026-12-14,B3,TJRN_PASSAGEIRO_INDENIZADO_,TJRN,NAO,H:\Meu Drive\RADIO TJRN CONTEÚDO\00_PRODUCAO_2026\01_BOLETINS_DIARIOS\03_AUDIOS_RADIO\BOLETIM_RADIO_TJRN_03_02_2026_B6_TJRN_PASSAGEIRO_INDENIZADO_.mp3
12,NJUD_PROG_20261214,BOLETIM_RADIO_TJRN_03_02_2026_B7_TJRN_MANTEM_INDEFERIMENTO_TRAILER_MOSSORO_.mp3,2026-12-14,B4,TJRN_MANTEM_INDEFERIMENTO_TRAILER_MOSSORO_,TJRN,NAO,H:\Meu Drive\RADIO TJRN CONTEÚDO\00_PRODUCAO_2026\01_BOLETINS_DIARIOS\03_AUDIOS_RADIO\BOLETIM_RADIO_TJRN_03_02_2026_B7_TJRN_MANTEM_INDEFERIMENTO_TRAILER_MOSSORO_.mp3
12,NJUD_PROG_20261215,BOLETIM_RADIO_TJRN_03_02_2026_B8_TJRN_OPERADORA_SAUDE_TRATAMENTO_AUTISMO_.mp3,2026-12-15,B1,TJRN_OPERADORA_SAUDE_TRATAMENTO_AUTISMO_,TJRN,NAO,H:\Meu Drive\RADIO TJRN CONTEÚDO\00_PRODUCAO_2026\01_BOLETINS_DIARIOS\03_AUDIOS_RADIO\BOLETIM_RADIO_TJRN_03_02_2026_B8_TJRN_OPERADORA_SAUDE_TRATAMENTO_AUTISMO_.mp3
12,NJUD_PROG_20261215,BOLETIM_RADIO_TJRN_03_02_2026_B9_TJRN_COMARCA_SAO_BENTO_INTERINO_.mp3,2026-12-15,B2,TJRN_COMARCA_SAO_BENTO_INTERINO_,TJRN,NAO,H:\Meu Drive\RADIO TJRN CONTEÚDO\00_PRODUCAO_2026\01_BOLETINS_DIARIOS\03_AUDIOS_RADIO\BOLETIM_RADIO_TJRN_03_02_2026_B9_TJRN_COMARCA_SAO_BENTO_INTERINO_.mp3
12,NJUD_PROG_20261215,BOLETIM_RADIO_TJRN_03_03_2026_B10_TJRN_CURSO_ESTRATEGICO_SEGURANCA_.mp3,2026-12-15,B3,TJRN_CURSO_ESTRATEGICO_SEGURANCA_,TJRN,NAO,H:\Meu Drive\RADIO TJRN CONTEÚDO\00_PRODUCAO_2026\01_BOLETINS_DIARIOS\03_AUDIOS_RADIO\BOLETIM_RADIO_TJRN_03_03_2026_B10_TJRN_CURSO_ESTRATEGICO_SEGURANCA_.mp3
12,NJUD_PROG_20261215,BOLETIM_RADIO_TJRN_03_03_2026_B1_MINICURSO_COMITE_SAUDE.mp3,2026-12-15,B4,MINICURSO_COMITE_SAUDE,TJRN,NAO,H:\Meu Drive\RADIO TJRN CONTEÚDO\00_PRODUCAO_2026\01_BOLETINS_DIARIOS\03_AUDIOS_RADIO\BOLETIM_RADIO_TJRN_03_03_2026_B1_MINICURSO_COMITE_SAUDE.mp3
12,NJUD_PROG_20261216,BOLETIM_RADIO_TJRN_03_03_2026_B2_CONVENIO_DEBITO_PRECATORIOS.mp3,2026-12-16,B1,CONVENIO_DEBITO_PRECATORIOS,TJRN,NAO,H:\Meu Drive\RADIO TJRN CONTEÚDO\00_PRODUCAO_2026\01_BOLETINS_DIARIOS\03_AUDIOS_RADIO\BOLETIM_RADIO_TJRN_03_03_2026_B2_CONVENIO_DEBITO_PRECATORIOS.mp3
12,NJUD_PROG_20261216,BOLETIM_RADIO_TJRN_03_03_2026_B3_CONDENACAO_FABRICANTE_PNEUS.mp3,2026-12-16,B2,CONDENACAO_FABRICANTE_PNEUS,TJRN,NAO,H:\Meu Drive\RADIO TJRN CONTEÚDO\00_PRODUCAO_2026\01_BOLETINS_DIARIOS\03_AUDIOS_RADIO\BOLETIM_RADIO_TJRN_03_03_2026_B3_CONDENACAO_FABRICANTE_PNEUS.mp3
12,NJUD_PROG_20261216,BOLETIM_RADIO_TJRN_03_03_2026_B4_ESTAGIO_ENSINO_MEDIO.mp3,2026-12-16,B3,ESTAGIO_ENSINO_MEDIO,TJRN,NAO,H:\Meu Drive\RADIO TJRN CONTEÚDO\00_PRODUCAO_2026\01_BOLETINS_DIARIOS\03_AUDIOS_RADIO\BOLETIM_RADIO_TJRN_03_03_2026_B4_ESTAGIO_ENSINO_MEDIO.mp3
12,NJUD_PROG_20261216,BOLETIM_RADIO_TJRN_03_03_2026_B5_CONVOCACAO_CONCURSO_CAERN.mp3,2026-12-16,B4,CONVOCACAO_CONCURSO_CAERN,TJRN,NAO,H:\Meu Drive\RADIO TJRN CONTEÚDO\00_PRODUCAO_2026\01_BOLETINS_DIARIOS\03_AUDIOS_RADIO\BOLETIM_RADIO_TJRN_03_03_2026_B5_CONVOCACAO_CONCURSO_CAERN.mp3
12,NJUD_PROG_20261217,BOLETIM_RADIO_TJRN_03_03_2026_B6_CONDENACAO_FRAUDE_LICITACAO.mp3,2026-12-17,B1,CONDENACAO_FRAUDE_LICITACAO,TJRN,NAO,H:\Meu Drive\RADIO TJRN CONTEÚDO\00_PRODUCAO_2026\01_BOLETINS_DIARIOS\03_AUDIOS_RADIO\BOLETIM_RADIO_TJRN_03_03_2026_B6_CONDENACAO_FRAUDE_LICITACAO.mp3
12,NJUD_PROG_20261217,BOLETIM_RADIO_TJRN_03_03_2026_B7_CONDENACAO_RESPONSABILIDADE_SOLIDARIA.mp3,2026-12-17,B2,CONDENACAO_RESPONSABILIDADE_SOLIDARIA,TJRN,NAO,H:\Meu Drive\RADIO TJRN CONTEÚDO\00_PRODUCAO_2026\01_BOLETINS_DIARIOS\03_AUDIOS_RADIO\BOLETIM_RADIO_TJRN_03_03_2026_B7_CONDENACAO_RESPONSABILIDADE_SOLIDARIA.mp3
12,NJUD_PROG_20261217,BOLETIM_RADIO_TJRN_03_03_2026_B8_AMPLIACAO_SALAS_DEPOIMENTO_ESPECIAL.mp3,2026-12-17,B3,AMPLIACAO_SALAS_DEPOIMENTO_ESPECIAL,TJRN,NAO,H:\Meu Drive\RADIO TJRN CONTEÚDO\00_PRODUCAO_2026\01_BOLETINS_DIARIOS\03_AUDIOS_RADIO\BOLETIM_RADIO_TJRN_03_03_2026_B8_AMPLIACAO_SALAS_DEPOIMENTO_ESPECIAL.mp3
12,NJUD_PROG_20261217,BOLETIM_RADIO_TJRN_03_03_2026_B9_PAGAMENTO_PASSAGENS_INTERMUNICIPAL.mp3,2026-12-17,B4,PAGAMENTO_PASSAGENS_INTERMUNICIPAL,TJRN,NAO,H:\Meu Drive\RADIO TJRN CONTEÚDO\00_PRODUCAO_2026\01_BOLETINS_DIARIOS\03_AUDIOS_RADIO\BOLETIM_RADIO_TJRN_03_03_2026_B9_PAGAMENTO_PASSAGENS_INTERMUNICIPAL.mp3
12,NJUD_PROG_20261218,BOLETIM_RADIO_TJRN_04_02_2026_B10_TJRN_NOMEACAO_CANDIDATO_CONCURSO_.mp3,2026-12-18,B1,TJRN_NOMEACAO_CANDIDATO_CONCURSO_,TJRN,NAO,H:\Meu Drive\RADIO TJRN CONTEÚDO\00_PRODUCAO_2026\01_BOLETINS_DIARIOS\03_AUDIOS_RADIO\BOLETIM_RADIO_TJRN_04_02_2026_B10_TJRN_NOMEACAO_CANDIDATO_CONCURSO_.mp3
12,NJUD_PROG_20261218,BOLETIM_RADIO_TJRN_04_02_2026_B1_CONVOCACAO_JUIZES_LEIGOS_JUIZADOS.mp3,2026-12-18,B2,CONVOCACAO_JUIZES_LEIGOS_JUIZADOS,TJRN,NAO,H:\Meu Drive\RADIO TJRN CONTEÚDO\00_PRODUCAO_2026\01_BOLETINS_DIARIOS\03_AUDIOS_RADIO\BOLETIM_RADIO_TJRN_04_02_2026_B1_CONVOCACAO_JUIZES_LEIGOS_JUIZADOS.mp3
12,NJUD_PROG_20261218,BOLETIM_RADIO_TJRN_04_02_2026_B2_DOACAO_LIVROS_SISTEMA_PRISIONAL.mp3,2026-12-18,B3,DOACAO_LIVROS_SISTEMA_PRISIONAL,TJRN,NAO,H:\Meu Drive\RADIO TJRN CONTEÚDO\00_PRODUCAO_2026\01_BOLETINS_DIARIOS\03_AUDIOS_RADIO\BOLETIM_RADIO_TJRN_04_02_2026_B2_DOACAO_LIVROS_SISTEMA_PRISIONAL.mp3
12,NJUD_PROG_20261218,BOLETIM_RADIO_TJRN_04_02_2026_B3_MANUAL_DE_GESTAO_PROCESSUAL.mp3,2026-12-18,B4,MANUAL_DE_GESTAO_PROCESSUAL,TJRN,NAO,H:\Meu Drive\RADIO TJRN CONTEÚDO\00_PRODUCAO_2026\01_BOLETINS_DIARIOS\03_AUDIOS_RADIO\BOLETIM_RADIO_TJRN_04_02_2026_B3_MANUAL_DE_GESTAO_PROCESSUAL.mp3
12,NJUD_PROG_20261221,BOLETIM_RADIO_TJRN_04_02_2026_B4_INDENIZACAO_MEDICAMENTOS_COSERN.mp3,2026-12-21,B1,INDENIZACAO_MEDICAMENTOS_COSERN,TJRN,NAO,H:\Meu Drive\RADIO TJRN CONTEÚDO\00_PRODUCAO_2026\01_BOLETINS_DIARIOS\03_AUDIOS_RADIO\BOLETIM_RADIO_TJRN_04_02_2026_B4_INDENIZACAO_MEDICAMENTOS_COSERN.mp3
12,NJUD_PROG_20261221,BOLETIM_RADIO_TJRN_04_02_2026_B5_CONDENACAO_ROUBO_POLICIAL_MACAIBA.mp3,2026-12-21,B2,CONDENACAO_ROUBO_POLICIAL_MACAIBA,TJRN,NAO,H:\Meu Drive\RADIO TJRN CONTEÚDO\00_PRODUCAO_2026\01_BOLETINS_DIARIOS\03_AUDIOS_RADIO\BOLETIM_RADIO_TJRN_04_02_2026_B5_CONDENACAO_ROUBO_POLICIAL_MACAIBA.mp3
12,NJUD_PROG_20261221,BOLETIM_RADIO_TJRN_04_02_2026_B6_CONDENACAO_BANCO_GOLPE_VEICULO.mp3,2026-12-21,B3,CONDENACAO_BANCO_GOLPE_VEICULO,TJRN,NAO,H:\Meu Drive\RADIO TJRN CONTEÚDO\00_PRODUCAO_2026\01_BOLETINS_DIARIOS\03_AUDIOS_RADIO\BOLETIM_RADIO_TJRN_04_02_2026_B6_CONDENACAO_BANCO_GOLPE_VEICULO.mp3
12,NJUD_PROG_20261221,BOLETIM_RADIO_TJRN_04_02_2026_B7_INDENIZACAO_EXTRAVIO_BAGAGEM_ASSU.mp3,2026-12-21,B4,INDENIZACAO_EXTRAVIO_BAGAGEM_ASSU,TJRN,NAO,H:\Meu Drive\RADIO TJRN CONTEÚDO\00_PRODUCAO_2026\01_BOLETINS_DIARIOS\03_AUDIOS_RADIO\BOLETIM_RADIO_TJRN_04_02_2026_B7_INDENIZACAO_EXTRAVIO_BAGAGEM_ASSU.mp3
12,NJUD_PROG_20261222,BOLETIM_RADIO_TJRN_04_02_2026_B8_MEDICAMENTO_ESCLEROSE_PLANO_SAUDE.mp3,2026-12-22,B1,MEDICAMENTO_ESCLEROSE_PLANO_SAUDE,TJRN,NAO,H:\Meu Drive\RADIO TJRN CONTEÚDO\00_PRODUCAO_2026\01_BOLETINS_DIARIOS\03_AUDIOS_RADIO\BOLETIM_RADIO_TJRN_04_02_2026_B8_MEDICAMENTO_ESCLEROSE_PLANO_SAUDE.mp3
12,NJUD_PROG_20261222,BOLETIM_RADIO_TJRN_04_02_2026_B9_MUDANCA_HORARIO_SEGUNDA_CAMARA.mp3,2026-12-22,B2,MUDANCA_HORARIO_SEGUNDA_CAMARA,TJRN,NAO,H:\Meu Drive\RADIO TJRN CONTEÚDO\00_PRODUCAO_2026\01_BOLETINS_DIARIOS\03_AUDIOS_RADIO\BOLETIM_RADIO_TJRN_04_02_2026_B9_MUDANCA_HORARIO_SEGUNDA_CAMARA.mp3
12,NJUD_PROG_20261222,BOLETIM_RADIO_TJRN_04_03_2026_B1_CAERN_CONDENADA_POR_SUSPENSAO_DE_AGUA.mp3,2026-12-22,B3,CAERN_CONDENADA_POR_SUSPENSAO_DE_AGUA,TJRN,NAO,H:\Meu Drive\RADIO TJRN CONTEÚDO\00_PRODUCAO_2026\01_BOLETINS_DIARIOS\03_AUDIOS_RADIO\BOLETIM_RADIO_TJRN_04_03_2026_B1_CAERN_CONDENADA_POR_SUSPENSAO_DE_AGUA.mp3
12,NJUD_PROG_20261222,BOLETIM_RADIO_TJRN_04_03_2026_B2_COSERN_DEVE_AUMENTAR_CARGA_ENERGETICA.mp3,2026-12-22,B4,COSERN_DEVE_AUMENTAR_CARGA_ENERGETICA,TJRN,NAO,H:\Meu Drive\RADIO TJRN CONTEÚDO\00_PRODUCAO_2026\01_BOLETINS_DIARIOS\03_AUDIOS_RADIO\BOLETIM_RADIO_TJRN_04_03_2026_B2_COSERN_DEVE_AUMENTAR_CARGA_ENERGETICA.mp3
12,NJUD_PROG_20261223,BOLETIM_RADIO_TJRN_04_03_2026_B3_PARNAMIRIM_DEVE_PAGAR_ALUGUEIS.mp3,2026-12-23,B1,PARNAMIRIM_DEVE_PAGAR_ALUGUEIS,TJRN,NAO,H:\Meu Drive\RADIO TJRN CONTEÚDO\00_PRODUCAO_2026\01_BOLETINS_DIARIOS\03_AUDIOS_RADIO\BOLETIM_RADIO_TJRN_04_03_2026_B3_PARNAMIRIM_DEVE_PAGAR_ALUGUEIS.mp3
12,NJUD_PROG_20261223,BOLETIM_RADIO_TJRN_04_03_2026_B4_REDE_SOCIAL_DEVE_INDENIZAR_USUARIA.mp3,2026-12-23,B2,REDE_SOCIAL_DEVE_INDENIZAR_USUARIA,TJRN,NAO,H:\Meu Drive\RADIO TJRN CONTEÚDO\00_PRODUCAO_2026\01_BOLETINS_DIARIOS\03_AUDIOS_RADIO\BOLETIM_RADIO_TJRN_04_03_2026_B4_REDE_SOCIAL_DEVE_INDENIZAR_USUARIA.mp3
12,NJUD_PROG_20261223,BOLETIM_RADIO_TJRN_04_03_2026_B5_COSERN_DEVE_INDENIZAR_USUARIA.mp3,2026-12-23,B3,COSERN_DEVE_INDENIZAR_USUARIA,TJRN,NAO,H:\Meu Drive\RADIO TJRN CONTEÚDO\00_PRODUCAO_2026\01_BOLETINS_DIARIOS\03_AUDIOS_RADIO\BOLETIM_RADIO_TJRN_04_03_2026_B5_COSERN_DEVE_INDENIZAR_USUARIA.mp3
12,NJUD_PROG_20261223,BOLETIM_RADIO_TJRN_04_05_2026_B10_ESTAGIO_POS_VICE_PRESIDENCIA.mp3,2026-12-23,B4,ESTAGIO_POS_VICE_PRESIDENCIA,TJRN,NAO,H:\Meu Drive\RADIO TJRN CONTEÚDO\00_PRODUCAO_2026\01_BOLETINS_DIARIOS\03_AUDIOS_RADIO\BOLETIM_RADIO_TJRN_04_05_2026_B10_ESTAGIO_POS_VICE_PRESIDENCIA.mp3
12,NJUD_PROG_20261224,BOLETIM_RADIO_TJRN_04_05_2026_B1_TJRN_VISITA_ALUNOS_UFRN_.mp3,2026-12-24,B1,TJRN_VISITA_ALUNOS_UFRN_,TJRN,NAO,H:\Meu Drive\RADIO TJRN CONTEÚDO\00_PRODUCAO_2026\01_BOLETINS_DIARIOS\03_AUDIOS_RADIO\BOLETIM_RADIO_TJRN_04_05_2026_B1_TJRN_VISITA_ALUNOS_UFRN_.mp3
12,NJUD_PROG_20261224,BOLETIM_RADIO_TJRN_04_05_2026_B2_TJRN_JURI_ACUSADO_MATAR_PERSONAL_.mp3,2026-12-24,B2,TJRN_JURI_ACUSADO_MATAR_PERSONAL_,TJRN,NAO,H:\Meu Drive\RADIO TJRN CONTEÚDO\00_PRODUCAO_2026\01_BOLETINS_DIARIOS\03_AUDIOS_RADIO\BOLETIM_RADIO_TJRN_04_05_2026_B2_TJRN_JURI_ACUSADO_MATAR_PERSONAL_.mp3
12,NJUD_PROG_20261224,BOLETIM_RADIO_TJRN_04_05_2026_B3_TJRN_INVESTE_GOVERNANCA.mp3,2026-12-24,B3,TJRN_INVESTE_GOVERNANCA,TJRN,NAO,H:\Meu Drive\RADIO TJRN CONTEÚDO\00_PRODUCAO_2026\01_BOLETINS_DIARIOS\03_AUDIOS_RADIO\BOLETIM_RADIO_TJRN_04_05_2026_B3_TJRN_INVESTE_GOVERNANCA.mp3
12,NJUD_PROG_20261224,BOLETIM_RADIO_TJRN_04_05_2026_B4_TJRN_CONDUZ_MEDIACAO_.mp3,2026-12-24,B4,TJRN_CONDUZ_MEDIACAO_,TJRN,NAO,H:\Meu Drive\RADIO TJRN CONTEÚDO\00_PRODUCAO_2026\01_BOLETINS_DIARIOS\03_AUDIOS_RADIO\BOLETIM_RADIO_TJRN_04_05_2026_B4_TJRN_CONDUZ_MEDIACAO_.mp3
12,NJUD_PROG_20261228,BOLETIM_RADIO_TJRN_04_05_2026_B5_RESTITUICAO_FALHA_PRODUTO.mp3,2026-12-28,B1,RESTITUICAO_FALHA_PRODUTO,TJRN,NAO,H:\Meu Drive\RADIO TJRN CONTEÚDO\00_PRODUCAO_2026\01_BOLETINS_DIARIOS\03_AUDIOS_RADIO\BOLETIM_RADIO_TJRN_04_05_2026_B5_RESTITUICAO_FALHA_PRODUTO.mp3
12,NJUD_PROG_20261228,BOLETIM_RADIO_TJRN_04_05_2026_B6_MAIO_TECNOLOGICO.mp3,2026-12-28,B2,MAIO_TECNOLOGICO,TJRN,NAO,H:\Meu Drive\RADIO TJRN CONTEÚDO\00_PRODUCAO_2026\01_BOLETINS_DIARIOS\03_AUDIOS_RADIO\BOLETIM_RADIO_TJRN_04_05_2026_B6_MAIO_TECNOLOGICO.mp3
12,NJUD_PROG_20261228,BOLETIM_RADIO_TJRN_04_05_2026_B7_IPTU_NATAL_TAXA_SELIC.mp3,2026-12-28,B3,IPTU_NATAL_TAXA_SELIC,TJRN,NAO,H:\Meu Drive\RADIO TJRN CONTEÚDO\00_PRODUCAO_2026\01_BOLETINS_DIARIOS\03_AUDIOS_RADIO\BOLETIM_RADIO_TJRN_04_05_2026_B7_IPTU_NATAL_TAXA_SELIC.mp3
12,NJUD_PROG_20261228,BOLETIM_RADIO_TJRN_04_05_2026_B8_CONCENTRACAO_EXECUCAO_PENAL_RN.mp3,2026-12-28,B4,CONCENTRACAO_EXECUCAO_PENAL_RN,TJRN,NAO,H:\Meu Drive\RADIO TJRN CONTEÚDO\00_PRODUCAO_2026\01_BOLETINS_DIARIOS\03_AUDIOS_RADIO\BOLETIM_RADIO_TJRN_04_05_2026_B8_CONCENTRACAO_EXECUCAO_PENAL_RN.mp3
12,NJUD_PROG_20261229,BOLETIM_RADIO_TJRN_04_05_2026_B9_SEMANA_COMBATE_ASSEDIO.mp3,2026-12-29,B1,SEMANA_COMBATE_ASSEDIO,TJRN,NAO,H:\Meu Drive\RADIO TJRN CONTEÚDO\00_PRODUCAO_2026\01_BOLETINS_DIARIOS\03_AUDIOS_RADIO\BOLETIM_RADIO_TJRN_04_05_2026_B9_SEMANA_COMBATE_ASSEDIO.mp3
12,NJUD_PROG_20261229,BOLETIM_RADIO_TJRN_05_02_2026_B10_ACAO_NACIONAL_CONTRA_FEMINICIDIO.mp3,2026-12-29,B2,ACAO_NACIONAL_CONTRA_FEMINICIDIO,TJRN,NAO,H:\Meu Drive\RADIO TJRN CONTEÚDO\00_PRODUCAO_2026\01_BOLETINS_DIARIOS\03_AUDIOS_RADIO\BOLETIM_RADIO_TJRN_05_02_2026_B10_ACAO_NACIONAL_CONTRA_FEMINICIDIO.mp3
12,NJUD_PROG_20261229,BOLETIM_RADIO_TJRN_05_02_2026_B1_TJRN_INSTALACAO_MEDIDORES_ENERGIA.mp3,2026-12-29,B3,TJRN_INSTALACAO_MEDIDORES_ENERGIA,TJRN,NAO,H:\Meu Drive\RADIO TJRN CONTEÚDO\00_PRODUCAO_2026\01_BOLETINS_DIARIOS\03_AUDIOS_RADIO\BOLETIM_RADIO_TJRN_05_02_2026_B1_TJRN_INSTALACAO_MEDIDORES_ENERGIA.mp3
12,NJUD_PROG_20261229,BOLETIM_RADIO_TJRN_05_02_2026_B2_TJRN_MORADOR_MOSSORO_TRATAMENTO_MEDICO_.mp3,2026-12-29,B4,TJRN_MORADOR_MOSSORO_TRATAMENTO_MEDICO_,TJRN,NAO,H:\Meu Drive\RADIO TJRN CONTEÚDO\00_PRODUCAO_2026\01_BOLETINS_DIARIOS\03_AUDIOS_RADIO\BOLETIM_RADIO_TJRN_05_02_2026_B2_TJRN_MORADOR_MOSSORO_TRATAMENTO_MEDICO_.mp3
12,NJUD_PROG_20261230,BOLETIM_RADIO_TJRN_05_02_2026_B3_TJRN_CONDENA_EX_ASSESSORA_IMPROBIDADE.mp3,2026-12-30,B1,TJRN_CONDENA_EX_ASSESSORA_IMPROBIDADE,TJRN,NAO,H:\Meu Drive\RADIO TJRN CONTEÚDO\00_PRODUCAO_2026\01_BOLETINS_DIARIOS\03_AUDIOS_RADIO\BOLETIM_RADIO_TJRN_05_02_2026_B3_TJRN_CONDENA_EX_ASSESSORA_IMPROBIDADE.mp3
12,NJUD_PROG_20261230,BOLETIM_RADIO_TJRN_05_02_2026_B4_TJRN_HOMEM_CONDENADO_ROUBO_.mp3,2026-12-30,B2,TJRN_HOMEM_CONDENADO_ROUBO_,TJRN,NAO,H:\Meu Drive\RADIO TJRN CONTEÚDO\00_PRODUCAO_2026\01_BOLETINS_DIARIOS\03_AUDIOS_RADIO\BOLETIM_RADIO_TJRN_05_02_2026_B4_TJRN_HOMEM_CONDENADO_ROUBO_.mp3
12,NJUD_PROG_20261230,BOLETIM_RADIO_TJRN_05_02_2026_B5_TJRN_REDE_SOCIAL_CONTA_PERFIL.mp3,2026-12-30,B3,TJRN_REDE_SOCIAL_CONTA_PERFIL,TJRN,NAO,H:\Meu Drive\RADIO TJRN CONTEÚDO\00_PRODUCAO_2026\01_BOLETINS_DIARIOS\03_AUDIOS_RADIO\BOLETIM_RADIO_TJRN_05_02_2026_B5_TJRN_REDE_SOCIAL_CONTA_PERFIL.mp3
12,NJUD_PROG_20261230,BOLETIM_RADIO_TJRN_05_02_2026_B6_TJRN_CONDENA_BANCO_DIGITAL_.mp3,2026-12-30,B4,TJRN_CONDENA_BANCO_DIGITAL_,TJRN,NAO,H:\Meu Drive\RADIO TJRN CONTEÚDO\00_PRODUCAO_2026\01_BOLETINS_DIARIOS\03_AUDIOS_RADIO\BOLETIM_RADIO_TJRN_05_02_2026_B6_TJRN_CONDENA_BANCO_DIGITAL_.mp3
12,NJUD_PROG_20261231,BOLETIM_RADIO_TJRN_05_02_2026_B7_TRTRN_BANCO_DANOS_MORAIS_ADOECIMENTO_MENTAL.mp3,2026-12-31,B1,TRTRN_BANCO_DANOS_MORAIS_ADOECIMENTO_MENTAL,TJRN,NAO,H:\Meu Drive\RADIO TJRN CONTEÚDO\00_PRODUCAO_2026\01_BOLETINS_DIARIOS\03_AUDIOS_RADIO\BOLETIM_RADIO_TJRN_05_02_2026_B7_TRTRN_BANCO_DANOS_MORAIS_ADOECIMENTO_MENTAL.mp3
12,NJUD_PROG_20261231,BOLETIM_RADIO_TJRN_05_02_2026_B8_OABRN_ALERTA_GOLPE_EXAME_ORDEM.mp3,2026-12-31,B2,OABRN_ALERTA_GOLPE_EXAME_ORDEM,TJRN,NAO,H:\Meu Drive\RADIO TJRN CONTEÚDO\00_PRODUCAO_2026\01_BOLETINS_DIARIOS\03_AUDIOS_RADIO\BOLETIM_RADIO_TJRN_05_02_2026_B8_OABRN_ALERTA_GOLPE_EXAME_ORDEM.mp3
12,NJUD_PROG_20261231,BOLETIM_RADIO_TJRN_05_02_2026_B9_SESSAO_EXTRAORDINARIA_PRIMEIRA_CAMARA_CIVEL.mp3,2026-12-31,B3,SESSAO_EXTRAORDINARIA_PRIMEIRA_CAMARA_CIVEL,TJRN,NAO,H:\Meu Drive\RADIO TJRN CONTEÚDO\00_PRODUCAO_2026\01_BOLETINS_DIARIOS\03_AUDIOS_RADIO\BOLETIM_RADIO_TJRN_05_02_2026_B9_SESSAO_EXTRAORDINARIA_PRIMEIRA_CAMARA_CIVEL.mp3
12,NJUD_PROG_20261231,BOLETIM_RADIO_TJRN_05_03_2026_B10_ESMARN_EDITAL_PROVA_PRATICA.mp3,2026-12-31,B4,ESMARN_EDITAL_PROVA_PRATICA,TJRN,NAO,H:\Meu Drive\RADIO TJRN CONTEÚDO\00_PRODUCAO_2026\01_BOLETINS_DIARIOS\03_AUDIOS_RADIO\BOLETIM_RADIO_TJRN_05_03_2026_B10_ESMARN_EDITAL_PROVA_PRATICA.mp3
01,NJUD_PROG_20270104,BOLETIM_RADIO_TJRN_05_03_2026_B1_TJRN_ATO_IMPROBIDADE_LICITATORIO_.mp3,2027-01-04,B1,TJRN_ATO_IMPROBIDADE_LICITATORIO_,TJRN,NAO,H:\Meu Drive\RADIO TJRN CONTEÚDO\00_PRODUCAO_2026\01_BOLETINS_DIARIOS\03_AUDIOS_RADIO\BOLETIM_RADIO_TJRN_05_03_2026_B1_TJRN_ATO_IMPROBIDADE_LICITATORIO_.mp3
01,NJUD_PROG_20270104,BOLETIM_RADIO_TJRN_05_03_2026_B2_TJRN_CONDENA_COMERCIANTES_REVENDA_.mp3,2027-01-04,B2,TJRN_CONDENA_COMERCIANTES_REVENDA_,TJRN,NAO,H:\Meu Drive\RADIO TJRN CONTEÚDO\00_PRODUCAO_2026\01_BOLETINS_DIARIOS\03_AUDIOS_RADIO\BOLETIM_RADIO_TJRN_05_03_2026_B2_TJRN_CONDENA_COMERCIANTES_REVENDA_.mp3
01,NJUD_PROG_20270104,BOLETIM_RADIO_TJRN_05_03_2026_B3_TJRN_ANPP_NEGADO_NOVA_DECISAO.mp3,2027-01-04,B3,TJRN_ANPP_NEGADO_NOVA_DECISAO,TJRN,NAO,H:\Meu Drive\RADIO TJRN CONTEÚDO\00_PRODUCAO_2026\01_BOLETINS_DIARIOS\03_AUDIOS_RADIO\BOLETIM_RADIO_TJRN_05_03_2026_B3_TJRN_ANPP_NEGADO_NOVA_DECISAO.mp3
01,NJUD_PROG_20270104,BOLETIM_RADIO_TJRN_05_03_2026_B4_TJRN_MANTEM_LICITACAO_CABEAMENTO_.mp3,2027-01-04,B4,TJRN_MANTEM_LICITACAO_CABEAMENTO_,TJRN,NAO,H:\Meu Drive\RADIO TJRN CONTEÚDO\00_PRODUCAO_2026\01_BOLETINS_DIARIOS\03_AUDIOS_RADIO\BOLETIM_RADIO_TJRN_05_03_2026_B4_TJRN_MANTEM_LICITACAO_CABEAMENTO_.mp3
01,NJUD_PROG_20270105,BOLETIM_RADIO_TJRN_05_03_2026_B5_TJRN_HOMEM_CONDENADO_ESTELIONATO.mp3,2027-01-05,B1,TJRN_HOMEM_CONDENADO_ESTELIONATO,TJRN,NAO,H:\Meu Drive\RADIO TJRN CONTEÚDO\00_PRODUCAO_2026\01_BOLETINS_DIARIOS\03_AUDIOS_RADIO\BOLETIM_RADIO_TJRN_05_03_2026_B5_TJRN_HOMEM_CONDENADO_ESTELIONATO.mp3
01,NJUD_PROG_20270105,BOLETIM_RADIO_TJRN_05_03_2026_B6_TJRN_RESPOSABILIDADE_REDE_SOCIAL_.mp3,2027-01-05,B2,TJRN_RESPOSABILIDADE_REDE_SOCIAL_,TJRN,NAO,H:\Meu Drive\RADIO TJRN CONTEÚDO\00_PRODUCAO_2026\01_BOLETINS_DIARIOS\03_AUDIOS_RADIO\BOLETIM_RADIO_TJRN_05_03_2026_B6_TJRN_RESPOSABILIDADE_REDE_SOCIAL_.mp3
01,NJUD_PROG_20270105,BOLETIM_RADIO_TJRN_05_03_2026_B7_TJRN_NOMEIA_13_APROVADOS_.mp3,2027-01-05,B3,TJRN_NOMEIA_13_APROVADOS_,TJRN,NAO,H:\Meu Drive\RADIO TJRN CONTEÚDO\00_PRODUCAO_2026\01_BOLETINS_DIARIOS\03_AUDIOS_RADIO\BOLETIM_RADIO_TJRN_05_03_2026_B7_TJRN_NOMEIA_13_APROVADOS_.mp3
01,NJUD_PROG_20270105,BOLETIM_RADIO_TJRN_05_03_2026_B8_DPERN_JARDIM_PRIMAVERA_.mp3,2027-01-05,B4,DPERN_JARDIM_PRIMAVERA_,TJRN,NAO,H:\Meu Drive\RADIO TJRN CONTEÚDO\00_PRODUCAO_2026\01_BOLETINS_DIARIOS\03_AUDIOS_RADIO\BOLETIM_RADIO_TJRN_05_03_2026_B8_DPERN_JARDIM_PRIMAVERA_.mp3
01,NJUD_PROG_20270106,BOLETIM_RADIO_TJRN_05_03_2026_B9_TRTRN_ASSISTENTE_VIRTUAL.mp3,2027-01-06,B1,TRTRN_ASSISTENTE_VIRTUAL,TJRN,NAO,H:\Meu Drive\RADIO TJRN CONTEÚDO\00_PRODUCAO_2026\01_BOLETINS_DIARIOS\03_AUDIOS_RADIO\BOLETIM_RADIO_TJRN_05_03_2026_B9_TRTRN_ASSISTENTE_VIRTUAL.mp3
01,NJUD_PROG_20270106,BOLETIM_RADIO_TJRN_05_05_2026_B10_VISITA_UNIVERSITARIOS_TJRN.mp3,2027-01-06,B2,VISITA_UNIVERSITARIOS_TJRN,TJRN,NAO,H:\Meu Drive\RADIO TJRN CONTEÚDO\00_PRODUCAO_2026\01_BOLETINS_DIARIOS\03_AUDIOS_RADIO\BOLETIM_RADIO_TJRN_05_05_2026_B10_VISITA_UNIVERSITARIOS_TJRN.mp3
01,NJUD_PROG_20270106,BOLETIM_RADIO_TJRN_05_05_2026_B1_ETAPA_HETEROIDENTIFICACAO_ENAM.mp3,2027-01-06,B3,ETAPA_HETEROIDENTIFICACAO_ENAM,TJRN,NAO,H:\Meu Drive\RADIO TJRN CONTEÚDO\00_PRODUCAO_2026\01_BOLETINS_DIARIOS\03_AUDIOS_RADIO\BOLETIM_RADIO_TJRN_05_05_2026_B1_ETAPA_HETEROIDENTIFICACAO_ENAM.mp3
01,NJUD_PROG_20270106,BOLETIM_RADIO_TJRN_05_05_2026_B2_POLICIAL_MILITAR_CONDENADO_TRIBUNAL_JURI.mp3,2027-01-06,B4,POLICIAL_MILITAR_CONDENADO_TRIBUNAL_JURI,TJRN,NAO,H:\Meu Drive\RADIO TJRN CONTEÚDO\00_PRODUCAO_2026\01_BOLETINS_DIARIOS\03_AUDIOS_RADIO\BOLETIM_RADIO_TJRN_05_05_2026_B2_POLICIAL_MILITAR_CONDENADO_TRIBUNAL_JURI.mp3
01,NJUD_PROG_20270107,BOLETIM_RADIO_TJRN_05_05_2026_B3_INDENIZACAO_ALAGAMENTO_CHUVAS.mp3,2027-01-07,B1,INDENIZACAO_ALAGAMENTO_CHUVAS,TJRN,NAO,H:\Meu Drive\RADIO TJRN CONTEÚDO\00_PRODUCAO_2026\01_BOLETINS_DIARIOS\03_AUDIOS_RADIO\BOLETIM_RADIO_TJRN_05_05_2026_B3_INDENIZACAO_ALAGAMENTO_CHUVAS.mp3
01,NJUD_PROG_20270107,BOLETIM_RADIO_TJRN_05_05_2026_B4_CONDENACAO_ENTREGA_ERRADA.mp3,2027-01-07,B2,CONDENACAO_ENTREGA_ERRADA,TJRN,NAO,H:\Meu Drive\RADIO TJRN CONTEÚDO\00_PRODUCAO_2026\01_BOLETINS_DIARIOS\03_AUDIOS_RADIO\BOLETIM_RADIO_TJRN_05_05_2026_B4_CONDENACAO_ENTREGA_ERRADA.mp3
01,NJUD_PROG_20270107,BOLETIM_RADIO_TJRN_05_05_2026_B5_CONDENACAO_NEGATIVACAO_INDEVIDA.mp3,2027-01-07,B3,CONDENACAO_NEGATIVACAO_INDEVIDA,TJRN,NAO,H:\Meu Drive\RADIO TJRN CONTEÚDO\00_PRODUCAO_2026\01_BOLETINS_DIARIOS\03_AUDIOS_RADIO\BOLETIM_RADIO_TJRN_05_05_2026_B5_CONDENACAO_NEGATIVACAO_INDEVIDA.mp3
01,NJUD_PROG_20270107,BOLETIM_RADIO_TJRN_05_05_2026_B6_DADOS_PORTAL_TRANSPARENCIA.mp3,2027-01-07,B4,DADOS_PORTAL_TRANSPARENCIA,TJRN,NAO,H:\Meu Drive\RADIO TJRN CONTEÚDO\00_PRODUCAO_2026\01_BOLETINS_DIARIOS\03_AUDIOS_RADIO\BOLETIM_RADIO_TJRN_05_05_2026_B6_DADOS_PORTAL_TRANSPARENCIA.mp3
01,NJUD_PROG_20270108,BOLETIM_RADIO_TJRN_05_05_2026_B7_LITIGANCIA_MA_FE.mp3,2027-01-08,B1,LITIGANCIA_MA_FE,TJRN,NAO,H:\Meu Drive\RADIO TJRN CONTEÚDO\00_PRODUCAO_2026\01_BOLETINS_DIARIOS\03_AUDIOS_RADIO\BOLETIM_RADIO_TJRN_05_05_2026_B7_LITIGANCIA_MA_FE.mp3
01,NJUD_PROG_20270108,BOLETIM_RADIO_TJRN_05_05_2026_B8_MES_INFANCIA_PROTEGIDA.mp3,2027-01-08,B2,MES_INFANCIA_PROTEGIDA,TJRN,NAO,H:\Meu Drive\RADIO TJRN CONTEÚDO\00_PRODUCAO_2026\01_BOLETINS_DIARIOS\03_AUDIOS_RADIO\BOLETIM_RADIO_TJRN_05_05_2026_B8_MES_INFANCIA_PROTEGIDA.mp3
01,NJUD_PROG_20270108,BOLETIM_RADIO_TJRN_05_05_2026_B9_BATE_PAPO_RACISMO_ASSU.mp3,2027-01-08,B3,BATE_PAPO_RACISMO_ASSU,TJRN,NAO,H:\Meu Drive\RADIO TJRN CONTEÚDO\00_PRODUCAO_2026\01_BOLETINS_DIARIOS\03_AUDIOS_RADIO\BOLETIM_RADIO_TJRN_05_05_2026_B9_BATE_PAPO_RACISMO_ASSU.mp3
01,NJUD_PROG_20270108,BOLETIM_RADIO_TJRN_06_02_2026_B10_TJRN_EMPRESA_TRANSPORTE_CONDENADA.mp3,2027-01-08,B4,TJRN_EMPRESA_TRANSPORTE_CONDENADA,TJRN,NAO,H:\Meu Drive\RADIO TJRN CONTEÚDO\00_PRODUCAO_2026\01_BOLETINS_DIARIOS\03_AUDIOS_RADIO\BOLETIM_RADIO_TJRN_06_02_2026_B10_TJRN_EMPRESA_TRANSPORTE_CONDENADA.mp3
01,NJUD_PROG_20270111,BOLETIM_RADIO_TJRN_06_02_2026_B1_MPRN_CONDENACAO_EMPRESARIOS_.mp3,2027-01-11,B1,MPRN_CONDENACAO_EMPRESARIOS_,TJRN,NAO,H:\Meu Drive\RADIO TJRN CONTEÚDO\00_PRODUCAO_2026\01_BOLETINS_DIARIOS\03_AUDIOS_RADIO\BOLETIM_RADIO_TJRN_06_02_2026_B1_MPRN_CONDENACAO_EMPRESARIOS_.mp3
01,NJUD_PROG_20270111,BOLETIM_RADIO_TJRN_06_02_2026_B2_ALRN_ABRE_TRABALHOS_LEGISLATIVO_.mp3,2027-01-11,B2,ALRN_ABRE_TRABALHOS_LEGISLATIVO_,TJRN,NAO,H:\Meu Drive\RADIO TJRN CONTEÚDO\00_PRODUCAO_2026\01_BOLETINS_DIARIOS\03_AUDIOS_RADIO\BOLETIM_RADIO_TJRN_06_02_2026_B2_ALRN_ABRE_TRABALHOS_LEGISLATIVO_.mp3
01,NJUD_PROG_20270111,BOLETIM_RADIO_TJRN_06_02_2026_B3_DPERN_CRIACAO_CARGOS_APOIO_ESCOLAR_.mp3,2027-01-11,B3,DPERN_CRIACAO_CARGOS_APOIO_ESCOLAR_,TJRN,NAO,H:\Meu Drive\RADIO TJRN CONTEÚDO\00_PRODUCAO_2026\01_BOLETINS_DIARIOS\03_AUDIOS_RADIO\BOLETIM_RADIO_TJRN_06_02_2026_B3_DPERN_CRIACAO_CARGOS_APOIO_ESCOLAR_.mp3
01,NJUD_PROG_20270111,BOLETIM_RADIO_TJRN_06_02_2026_B4_TRTRN_DOA_VEICULOS_INSTITUTO_CEGOS.mp3,2027-01-11,B4,TRTRN_DOA_VEICULOS_INSTITUTO_CEGOS,TJRN,NAO,H:\Meu Drive\RADIO TJRN CONTEÚDO\00_PRODUCAO_2026\01_BOLETINS_DIARIOS\03_AUDIOS_RADIO\BOLETIM_RADIO_TJRN_06_02_2026_B4_TRTRN_DOA_VEICULOS_INSTITUTO_CEGOS.mp3
01,NJUD_PROG_20270112,BOLETIM_RADIO_TJRN_06_02_2026_B5_CNJ_INSCRICOES_CIENCIAS_DE_DADOS_.mp3,2027-01-12,B1,CNJ_INSCRICOES_CIENCIAS_DE_DADOS_,TJRN,NAO,H:\Meu Drive\RADIO TJRN CONTEÚDO\00_PRODUCAO_2026\01_BOLETINS_DIARIOS\03_AUDIOS_RADIO\BOLETIM_RADIO_TJRN_06_02_2026_B5_CNJ_INSCRICOES_CIENCIAS_DE_DADOS_.mp3
01,NJUD_PROG_20270112,BOLETIM_RADIO_TJRN_06_02_2026_B6_ESMARN_CURSO_INTELIGENCIA_ARTIFICIAL_.mp3,2027-01-12,B2,ESMARN_CURSO_INTELIGENCIA_ARTIFICIAL_,TJRN,NAO,H:\Meu Drive\RADIO TJRN CONTEÚDO\00_PRODUCAO_2026\01_BOLETINS_DIARIOS\03_AUDIOS_RADIO\BOLETIM_RADIO_TJRN_06_02_2026_B6_ESMARN_CURSO_INTELIGENCIA_ARTIFICIAL_.mp3
01,NJUD_PROG_20270112,BOLETIM_RADIO_TJRN_06_02_2026_B7_TJRN_IDOSA_CAPITALIZACAO_.mp3,2027-01-12,B3,TJRN_IDOSA_CAPITALIZACAO_,TJRN,NAO,H:\Meu Drive\RADIO TJRN CONTEÚDO\00_PRODUCAO_2026\01_BOLETINS_DIARIOS\03_AUDIOS_RADIO\BOLETIM_RADIO_TJRN_06_02_2026_B7_TJRN_IDOSA_CAPITALIZACAO_.mp3
01,NJUD_PROG_20270112,BOLETIM_RADIO_TJRN_06_02_2026_B8_TJRN_RECONHECE_DESVIO_FUNCAO_.mp3,2027-01-12,B4,TJRN_RECONHECE_DESVIO_FUNCAO_,TJRN,NAO,H:\Meu Drive\RADIO TJRN CONTEÚDO\00_PRODUCAO_2026\01_BOLETINS_DIARIOS\03_AUDIOS_RADIO\BOLETIM_RADIO_TJRN_06_02_2026_B8_TJRN_RECONHECE_DESVIO_FUNCAO_.mp3
01,NJUD_PROG_20270113,BOLETIM_RADIO_TJRN_06_02_2026_B9_TJRN_CUSTO_OBRAS_ACESSIBILIDADE.mp3,2027-01-13,B1,TJRN_CUSTO_OBRAS_ACESSIBILIDADE,TJRN,NAO,H:\Meu Drive\RADIO TJRN CONTEÚDO\00_PRODUCAO_2026\01_BOLETINS_DIARIOS\03_AUDIOS_RADIO\BOLETIM_RADIO_TJRN_06_02_2026_B9_TJRN_CUSTO_OBRAS_ACESSIBILIDADE.mp3
01,NJUD_PROG_20270113,BOLETIM_RADIO_TJRN_06_03_2026_B10_DPERN_MEDICAMENTO_ALTO_CUSTO.mp3,2027-01-13,B2,DPERN_MEDICAMENTO_ALTO_CUSTO,TJRN,NAO,H:\Meu Drive\RADIO TJRN CONTEÚDO\00_PRODUCAO_2026\01_BOLETINS_DIARIOS\03_AUDIOS_RADIO\BOLETIM_RADIO_TJRN_06_03_2026_B10_DPERN_MEDICAMENTO_ALTO_CUSTO.mp3
01,NJUD_PROG_20270113,BOLETIM_RADIO_TJRN_06_03_2026_B1_TJRN_DETERMINA_RESTITUICAO_DOBRO.mp3,2027-01-13,B3,TJRN_DETERMINA_RESTITUICAO_DOBRO,TJRN,NAO,H:\Meu Drive\RADIO TJRN CONTEÚDO\00_PRODUCAO_2026\01_BOLETINS_DIARIOS\03_AUDIOS_RADIO\BOLETIM_RADIO_TJRN_06_03_2026_B1_TJRN_DETERMINA_RESTITUICAO_DOBRO.mp3
01,NJUD_PROG_20270113,BOLETIM_RADIO_TJRN_06_03_2026_B2_TJRN_VALOR_COPARTICIPACAO_.mp3,2027-01-13,B4,TJRN_VALOR_COPARTICIPACAO_,TJRN,NAO,H:\Meu Drive\RADIO TJRN CONTEÚDO\00_PRODUCAO_2026\01_BOLETINS_DIARIOS\03_AUDIOS_RADIO\BOLETIM_RADIO_TJRN_06_03_2026_B2_TJRN_VALOR_COPARTICIPACAO_.mp3
01,NJUD_PROG_20270114,BOLETIM_RADIO_TJRN_06_03_2026_B3_TJRN_CAMPESTRE_PROCESSO_SELETIVO_.mp3,2027-01-14,B1,TJRN_CAMPESTRE_PROCESSO_SELETIVO_,TJRN,NAO,H:\Meu Drive\RADIO TJRN CONTEÚDO\00_PRODUCAO_2026\01_BOLETINS_DIARIOS\03_AUDIOS_RADIO\BOLETIM_RADIO_TJRN_06_03_2026_B3_TJRN_CAMPESTRE_PROCESSO_SELETIVO_.mp3
01,NJUD_PROG_20270114,BOLETIM_RADIO_TJRN_06_03_2026_B4_TJRN_REDE_SOCIAL_DECISAO_.mp3,2027-01-14,B2,TJRN_REDE_SOCIAL_DECISAO_,TJRN,NAO,H:\Meu Drive\RADIO TJRN CONTEÚDO\00_PRODUCAO_2026\01_BOLETINS_DIARIOS\03_AUDIOS_RADIO\BOLETIM_RADIO_TJRN_06_03_2026_B4_TJRN_REDE_SOCIAL_DECISAO_.mp3
01,NJUD_PROG_20270114,BOLETIM_RADIO_TJRN_06_03_2026_B5_TJRN_HOMEM_CONDENADO_ROUBO.mp3,2027-01-14,B3,TJRN_HOMEM_CONDENADO_ROUBO,TJRN,NAO,H:\Meu Drive\RADIO TJRN CONTEÚDO\00_PRODUCAO_2026\01_BOLETINS_DIARIOS\03_AUDIOS_RADIO\BOLETIM_RADIO_TJRN_06_03_2026_B5_TJRN_HOMEM_CONDENADO_ROUBO.mp3
01,NJUD_PROG_20270114,BOLETIM_RADIO_TJRN_06_03_2026_B6_TJRN_FUNDACAO_EX_EMPREGADOS_TELERN_.mp3,2027-01-14,B4,TJRN_FUNDACAO_EX_EMPREGADOS_TELERN_,TJRN,NAO,H:\Meu Drive\RADIO TJRN CONTEÚDO\00_PRODUCAO_2026\01_BOLETINS_DIARIOS\03_AUDIOS_RADIO\BOLETIM_RADIO_TJRN_06_03_2026_B6_TJRN_FUNDACAO_EX_EMPREGADOS_TELERN_.mp3
01,NJUD_PROG_20270115,BOLETIM_RADIO_TJRN_06_03_2026_B7_TJRN_DESOCUPACAO_IMOVEIS_FELIPE_CAMARAO_.mp3,2027-01-15,B1,TJRN_DESOCUPACAO_IMOVEIS_FELIPE_CAMARAO_,TJRN,NAO,H:\Meu Drive\RADIO TJRN CONTEÚDO\00_PRODUCAO_2026\01_BOLETINS_DIARIOS\03_AUDIOS_RADIO\BOLETIM_RADIO_TJRN_06_03_2026_B7_TJRN_DESOCUPACAO_IMOVEIS_FELIPE_CAMARAO_.mp3
01,NJUD_PROG_20270115,BOLETIM_RADIO_TJRN_06_03_2026_B8_TJRN_PAU_FERROS_PROCESSO_SELETIVO_.mp3,2027-01-15,B2,TJRN_PAU_FERROS_PROCESSO_SELETIVO_,TJRN,NAO,H:\Meu Drive\RADIO TJRN CONTEÚDO\00_PRODUCAO_2026\01_BOLETINS_DIARIOS\03_AUDIOS_RADIO\BOLETIM_RADIO_TJRN_06_03_2026_B8_TJRN_PAU_FERROS_PROCESSO_SELETIVO_.mp3
01,NJUD_PROG_20270115,BOLETIM_RADIO_TJRN_06_03_2026_B9_TRTRN_PROCURADORA_CHEFE_UNIAO.mp3,2027-01-15,B3,TRTRN_PROCURADORA_CHEFE_UNIAO,TJRN,NAO,H:\Meu Drive\RADIO TJRN CONTEÚDO\00_PRODUCAO_2026\01_BOLETINS_DIARIOS\03_AUDIOS_RADIO\BOLETIM_RADIO_TJRN_06_03_2026_B9_TRTRN_PROCURADORA_CHEFE_UNIAO.mp3
01,NJUD_PROG_20270115,BOLETIM_RADIO_TJRN_06_05_2026_B10_DPERN_IDOSA_DEFICIENCIA_VISUAL_.mp3,2027-01-15,B4,DPERN_IDOSA_DEFICIENCIA_VISUAL_,TJRN,NAO,H:\Meu Drive\RADIO TJRN CONTEÚDO\00_PRODUCAO_2026\01_BOLETINS_DIARIOS\03_AUDIOS_RADIO\BOLETIM_RADIO_TJRN_06_05_2026_B10_DPERN_IDOSA_DEFICIENCIA_VISUAL_.mp3
01,NJUD_PROG_20270118,BOLETIM_RADIO_TJRN_06_05_2026_B1_RESTRICAO_MATERIAL_CIRURGICO.mp3,2027-01-18,B1,RESTRICAO_MATERIAL_CIRURGICO,TJRN,NAO,H:\Meu Drive\RADIO TJRN CONTEÚDO\00_PRODUCAO_2026\01_BOLETINS_DIARIOS\03_AUDIOS_RADIO\BOLETIM_RADIO_TJRN_06_05_2026_B1_RESTRICAO_MATERIAL_CIRURGICO.mp3
01,NJUD_PROG_20270118,BOLETIM_RADIO_TJRN_06_05_2026_B2_AGRESSAO_SEGURANCA_DUPLA_SERTANEJA.mp3,2027-01-18,B2,AGRESSAO_SEGURANCA_DUPLA_SERTANEJA,TJRN,NAO,H:\Meu Drive\RADIO TJRN CONTEÚDO\00_PRODUCAO_2026\01_BOLETINS_DIARIOS\03_AUDIOS_RADIO\BOLETIM_RADIO_TJRN_06_05_2026_B2_AGRESSAO_SEGURANCA_DUPLA_SERTANEJA.mp3
01,NJUD_PROG_20270118,BOLETIM_RADIO_TJRN_06_05_2026_B3_PENA_REDEFINIDA_TRAFICO.mp3,2027-01-18,B3,PENA_REDEFINIDA_TRAFICO,TJRN,NAO,H:\Meu Drive\RADIO TJRN CONTEÚDO\00_PRODUCAO_2026\01_BOLETINS_DIARIOS\03_AUDIOS_RADIO\BOLETIM_RADIO_TJRN_06_05_2026_B3_PENA_REDEFINIDA_TRAFICO.mp3
01,NJUD_PROG_20270118,BOLETIM_RADIO_TJRN_06_05_2026_B4_CONDENACAO_REDE_SOCIAL_DESATIVADA.mp3,2027-01-18,B4,CONDENACAO_REDE_SOCIAL_DESATIVADA,TJRN,NAO,H:\Meu Drive\RADIO TJRN CONTEÚDO\00_PRODUCAO_2026\01_BOLETINS_DIARIOS\03_AUDIOS_RADIO\BOLETIM_RADIO_TJRN_06_05_2026_B4_CONDENACAO_REDE_SOCIAL_DESATIVADA.mp3
01,NJUD_PROG_20270119,BOLETIM_RADIO_TJRN_06_05_2026_B5_TEMPO_MINIMO_CARTEIRA_ESTUDANTES.mp3,2027-01-19,B1,TEMPO_MINIMO_CARTEIRA_ESTUDANTES,TJRN,NAO,H:\Meu Drive\RADIO TJRN CONTEÚDO\00_PRODUCAO_2026\01_BOLETINS_DIARIOS\03_AUDIOS_RADIO\BOLETIM_RADIO_TJRN_06_05_2026_B5_TEMPO_MINIMO_CARTEIRA_ESTUDANTES.mp3
01,NJUD_PROG_20270119,BOLETIM_RADIO_TJRN_06_05_2026_B6_ENCONTRO_NACIONAL_SERIDO.mp3,2027-01-19,B2,ENCONTRO_NACIONAL_SERIDO,TJRN,NAO,H:\Meu Drive\RADIO TJRN CONTEÚDO\00_PRODUCAO_2026\01_BOLETINS_DIARIOS\03_AUDIOS_RADIO\BOLETIM_RADIO_TJRN_06_05_2026_B6_ENCONTRO_NACIONAL_SERIDO.mp3
01,NJUD_PROG_20270119,BOLETIM_RADIO_TJRN_06_05_2026_B7_TABELIAO_ALMINO_AFONSO.mp3,2027-01-19,B3,TABELIAO_ALMINO_AFONSO,TJRN,NAO,H:\Meu Drive\RADIO TJRN CONTEÚDO\00_PRODUCAO_2026\01_BOLETINS_DIARIOS\03_AUDIOS_RADIO\BOLETIM_RADIO_TJRN_06_05_2026_B7_TABELIAO_ALMINO_AFONSO.mp3
01,NJUD_PROG_20270119,BOLETIM_RADIO_TJRN_06_05_2026_B8_PROCURADORIA_MULHER_PARNAMIRIM.mp3,2027-01-19,B4,PROCURADORIA_MULHER_PARNAMIRIM,TJRN,NAO,H:\Meu Drive\RADIO TJRN CONTEÚDO\00_PRODUCAO_2026\01_BOLETINS_DIARIOS\03_AUDIOS_RADIO\BOLETIM_RADIO_TJRN_06_05_2026_B8_PROCURADORIA_MULHER_PARNAMIRIM.mp3
01,NJUD_PROG_20270120,BOLETIM_RADIO_TJRN_06_05_2026_B9_MPRN_RECOMENDA_RECONSTRUCAO_RUAS.mp3,2027-01-20,B1,MPRN_RECOMENDA_RECONSTRUCAO_RUAS,TJRN,NAO,H:\Meu Drive\RADIO TJRN CONTEÚDO\00_PRODUCAO_2026\01_BOLETINS_DIARIOS\03_AUDIOS_RADIO\BOLETIM_RADIO_TJRN_06_05_2026_B9_MPRN_RECOMENDA_RECONSTRUCAO_RUAS.mp3
01,NJUD_PROG_20270120,BOLETIM_RADIO_TJRN_07_01_2026_B10_CAERN_DEVE_PAGAR_DANOS_MORAIS.mp3,2027-01-20,B2,CAERN_DEVE_PAGAR_DANOS_MORAIS,TJRN,NAO,H:\Meu Drive\RADIO TJRN CONTEÚDO\00_PRODUCAO_2026\01_BOLETINS_DIARIOS\03_AUDIOS_RADIO\BOLETIM_RADIO_TJRN_07_01_2026_B10_CAERN_DEVE_PAGAR_DANOS_MORAIS.mp3
01,NJUD_PROG_20270120,BOLETIM_RADIO_TJRN_07_01_2026_B1_SELECAO_CARTORIOS_PAU_DOS_FERROS.mp3,2027-01-20,B3,SELECAO_CARTORIOS_PAU_DOS_FERROS,TJRN,NAO,H:\Meu Drive\RADIO TJRN CONTEÚDO\00_PRODUCAO_2026\01_BOLETINS_DIARIOS\03_AUDIOS_RADIO\BOLETIM_RADIO_TJRN_07_01_2026_B1_SELECAO_CARTORIOS_PAU_DOS_FERROS.mp3
01,NJUD_PROG_20270120,BOLETIM_RADIO_TJRN_07_01_2026_B2_INDENIZACAO_FALHA_AIRBAGS.mp3,2027-01-20,B4,INDENIZACAO_FALHA_AIRBAGS,TJRN,NAO,H:\Meu Drive\RADIO TJRN CONTEÚDO\00_PRODUCAO_2026\01_BOLETINS_DIARIOS\03_AUDIOS_RADIO\BOLETIM_RADIO_TJRN_07_01_2026_B2_INDENIZACAO_FALHA_AIRBAGS.mp3
01,NJUD_PROG_20270121,BOLETIM_RADIO_TJRN_07_01_2026_B3_JURI_POPULAR_GRUPO_DE_EXTERMINIO.mp3,2027-01-21,B1,JURI_POPULAR_GRUPO_DE_EXTERMINIO,TJRN,NAO,H:\Meu Drive\RADIO TJRN CONTEÚDO\00_PRODUCAO_2026\01_BOLETINS_DIARIOS\03_AUDIOS_RADIO\BOLETIM_RADIO_TJRN_07_01_2026_B3_JURI_POPULAR_GRUPO_DE_EXTERMINIO.mp3
01,NJUD_PROG_20270121,BOLETIM_RADIO_TJRN_07_01_2026_B4_FALHA_DE_ENTREGA_LOJA_ONLINE.mp3,2027-01-21,B2,FALHA_DE_ENTREGA_LOJA_ONLINE,TJRN,NAO,H:\Meu Drive\RADIO TJRN CONTEÚDO\00_PRODUCAO_2026\01_BOLETINS_DIARIOS\03_AUDIOS_RADIO\BOLETIM_RADIO_TJRN_07_01_2026_B4_FALHA_DE_ENTREGA_LOJA_ONLINE.mp3
01,NJUD_PROG_20270121,BOLETIM_RADIO_TJRN_07_01_2026_B5_VENDA_CASADA_OTICA.mp3,2027-01-21,B3,VENDA_CASADA_OTICA,TJRN,NAO,H:\Meu Drive\RADIO TJRN CONTEÚDO\00_PRODUCAO_2026\01_BOLETINS_DIARIOS\03_AUDIOS_RADIO\BOLETIM_RADIO_TJRN_07_01_2026_B5_VENDA_CASADA_OTICA.mp3
01,NJUD_PROG_20270121,BOLETIM_RADIO_TJRN_07_01_2026_B6_JURI_COMERCIANTE.mp3,2027-01-21,B4,JURI_COMERCIANTE,TJRN,NAO,H:\Meu Drive\RADIO TJRN CONTEÚDO\00_PRODUCAO_2026\01_BOLETINS_DIARIOS\03_AUDIOS_RADIO\BOLETIM_RADIO_TJRN_07_01_2026_B6_JURI_COMERCIANTE.mp3
01,NJUD_PROG_20270122,BOLETIM_RADIO_TJRN_07_01_2026_B7_EMPRESA_DEVE_ENTREGAR_BRINDE.mp3,2027-01-22,B1,EMPRESA_DEVE_ENTREGAR_BRINDE,TJRN,NAO,H:\Meu Drive\RADIO TJRN CONTEÚDO\00_PRODUCAO_2026\01_BOLETINS_DIARIOS\03_AUDIOS_RADIO\BOLETIM_RADIO_TJRN_07_01_2026_B7_EMPRESA_DEVE_ENTREGAR_BRINDE.mp3
01,NJUD_PROG_20270122,BOLETIM_RADIO_TJRN_07_01_2026_B8_INDENIZACAO_COMPRA_DE_BERCO.mp3,2027-01-22,B2,INDENIZACAO_COMPRA_DE_BERCO,TJRN,NAO,H:\Meu Drive\RADIO TJRN CONTEÚDO\00_PRODUCAO_2026\01_BOLETINS_DIARIOS\03_AUDIOS_RADIO\BOLETIM_RADIO_TJRN_07_01_2026_B8_INDENIZACAO_COMPRA_DE_BERCO.mp3
01,NJUD_PROG_20270122,BOLETIM_RADIO_TJRN_07_01_2026_B9_LIGACAO_DE_ENERGIA_PARAU.mp3,2027-01-22,B3,LIGACAO_DE_ENERGIA_PARAU,TJRN,NAO,H:\Meu Drive\RADIO TJRN CONTEÚDO\00_PRODUCAO_2026\01_BOLETINS_DIARIOS\03_AUDIOS_RADIO\BOLETIM_RADIO_TJRN_07_01_2026_B9_LIGACAO_DE_ENERGIA_PARAU.mp3
01,NJUD_PROG_20270122,BOLETIM_RADIO_TJRN_07_04_2026_B10_REPARADORA_BARIATRICA.mp3,2027-01-22,B4,REPARADORA_BARIATRICA,TJRN,NAO,H:\Meu Drive\RADIO TJRN CONTEÚDO\00_PRODUCAO_2026\01_BOLETINS_DIARIOS\03_AUDIOS_RADIO\BOLETIM_RADIO_TJRN_07_04_2026_B10_REPARADORA_BARIATRICA.mp3
01,NJUD_PROG_20270125,BOLETIM_RADIO_TJRN_07_04_2026_B1_TJRN_CLIENTES_RECEBERAM_AGENCIA_TURISMO_.mp3,2027-01-25,B1,TJRN_CLIENTES_RECEBERAM_AGENCIA_TURISMO_,TJRN,NAO,H:\Meu Drive\RADIO TJRN CONTEÚDO\00_PRODUCAO_2026\01_BOLETINS_DIARIOS\03_AUDIOS_RADIO\BOLETIM_RADIO_TJRN_07_04_2026_B1_TJRN_CLIENTES_RECEBERAM_AGENCIA_TURISMO_.mp3
01,NJUD_PROG_20270125,BOLETIM_RADIO_TJRN_07_04_2026_B2_TJRN_CONSOLIDA_MEDIACAO_CONFLITOS_.mp3,2027-01-25,B2,TJRN_CONSOLIDA_MEDIACAO_CONFLITOS_,TJRN,NAO,H:\Meu Drive\RADIO TJRN CONTEÚDO\00_PRODUCAO_2026\01_BOLETINS_DIARIOS\03_AUDIOS_RADIO\BOLETIM_RADIO_TJRN_07_04_2026_B2_TJRN_CONSOLIDA_MEDIACAO_CONFLITOS_.mp3
01,NJUD_PROG_20270125,BOLETIM_RADIO_TJRN_07_04_2026_B3_TJRN_OPERADORA_CONDENADA_.mp3,2027-01-25,B3,TJRN_OPERADORA_CONDENADA_,TJRN,NAO,H:\Meu Drive\RADIO TJRN CONTEÚDO\00_PRODUCAO_2026\01_BOLETINS_DIARIOS\03_AUDIOS_RADIO\BOLETIM_RADIO_TJRN_07_04_2026_B3_TJRN_OPERADORA_CONDENADA_.mp3
01,NJUD_PROG_20270125,BOLETIM_RADIO_TJRN_07_04_2026_B4_TJRN_NEGADO_ATO_IMPROBIDADE_SAO_MIGUEL_.mp3,2027-01-25,B4,TJRN_NEGADO_ATO_IMPROBIDADE_SAO_MIGUEL_,TJRN,NAO,H:\Meu Drive\RADIO TJRN CONTEÚDO\00_PRODUCAO_2026\01_BOLETINS_DIARIOS\03_AUDIOS_RADIO\BOLETIM_RADIO_TJRN_07_04_2026_B4_TJRN_NEGADO_ATO_IMPROBIDADE_SAO_MIGUEL_.mp3
01,NJUD_PROG_20270126,BOLETIM_RADIO_TJRN_07_04_2026_B5_TJRN_CONDENADO_ROUBO_CARRO_.mp3,2027-01-26,B1,TJRN_CONDENADO_ROUBO_CARRO_,TJRN,NAO,H:\Meu Drive\RADIO TJRN CONTEÚDO\00_PRODUCAO_2026\01_BOLETINS_DIARIOS\03_AUDIOS_RADIO\BOLETIM_RADIO_TJRN_07_04_2026_B5_TJRN_CONDENADO_ROUBO_CARRO_.mp3
01,NJUD_PROG_20270126,BOLETIM_RADIO_TJRN_07_04_2026_B6_TJRN_ACUSADO_SEQUESTRO_.mp3,2027-01-26,B2,TJRN_ACUSADO_SEQUESTRO_,TJRN,NAO,H:\Meu Drive\RADIO TJRN CONTEÚDO\00_PRODUCAO_2026\01_BOLETINS_DIARIOS\03_AUDIOS_RADIO\BOLETIM_RADIO_TJRN_07_04_2026_B6_TJRN_ACUSADO_SEQUESTRO_.mp3
01,NJUD_PROG_20270126,BOLETIM_RADIO_TJRN_07_04_2026_B7_FALHA_ELETRONICA_CONCURSO.mp3,2027-01-26,B3,FALHA_ELETRONICA_CONCURSO,TJRN,NAO,H:\Meu Drive\RADIO TJRN CONTEÚDO\00_PRODUCAO_2026\01_BOLETINS_DIARIOS\03_AUDIOS_RADIO\BOLETIM_RADIO_TJRN_07_04_2026_B7_FALHA_ELETRONICA_CONCURSO.mp3
01,NJUD_PROG_20270126,BOLETIM_RADIO_TJRN_07_04_2026_B8_ESTAGIO_CIENCIAS_CONTABEIS.mp3,2027-01-26,B4,ESTAGIO_CIENCIAS_CONTABEIS,TJRN,NAO,H:\Meu Drive\RADIO TJRN CONTEÚDO\00_PRODUCAO_2026\01_BOLETINS_DIARIOS\03_AUDIOS_RADIO\BOLETIM_RADIO_TJRN_07_04_2026_B8_ESTAGIO_CIENCIAS_CONTABEIS.mp3
01,NJUD_PROG_20270127,BOLETIM_RADIO_TJRN_07_04_2026_B9_INDENIZACAO_FALTA_AGUA.mp3,2027-01-27,B1,INDENIZACAO_FALTA_AGUA,TJRN,NAO,H:\Meu Drive\RADIO TJRN CONTEÚDO\00_PRODUCAO_2026\01_BOLETINS_DIARIOS\03_AUDIOS_RADIO\BOLETIM_RADIO_TJRN_07_04_2026_B9_INDENIZACAO_FALTA_AGUA.mp3
01,NJUD_PROG_20270127,BOLETIM_RADIO_TJRN_07_05_2026_B10_MPRN_ACOES_CONTROLE_ANIMAIS_.mp3,2027-01-27,B2,MPRN_ACOES_CONTROLE_ANIMAIS_,TJRN,NAO,H:\Meu Drive\RADIO TJRN CONTEÚDO\00_PRODUCAO_2026\01_BOLETINS_DIARIOS\03_AUDIOS_RADIO\BOLETIM_RADIO_TJRN_07_05_2026_B10_MPRN_ACOES_CONTROLE_ANIMAIS_.mp3
01,NJUD_PROG_20270127,BOLETIM_RADIO_TJRN_07_05_2026_B1_INDENIZACAO_PROFESSORA_REMUNERACAO.mp3,2027-01-27,B3,INDENIZACAO_PROFESSORA_REMUNERACAO,TJRN,NAO,H:\Meu Drive\RADIO TJRN CONTEÚDO\00_PRODUCAO_2026\01_BOLETINS_DIARIOS\03_AUDIOS_RADIO\BOLETIM_RADIO_TJRN_07_05_2026_B1_INDENIZACAO_PROFESSORA_REMUNERACAO.mp3
01,NJUD_PROG_20270127,BOLETIM_RADIO_TJRN_07_05_2026_B2_JURI_ACUSADO_DISPARO_BRIGAS.mp3,2027-01-27,B4,JURI_ACUSADO_DISPARO_BRIGAS,TJRN,NAO,H:\Meu Drive\RADIO TJRN CONTEÚDO\00_PRODUCAO_2026\01_BOLETINS_DIARIOS\03_AUDIOS_RADIO\BOLETIM_RADIO_TJRN_07_05_2026_B2_JURI_ACUSADO_DISPARO_BRIGAS.mp3
01,NJUD_PROG_20270128,BOLETIM_RADIO_TJRN_07_05_2026_B3_ENFERMIDADE_ADVOGADO.mp3,2027-01-28,B1,ENFERMIDADE_ADVOGADO,TJRN,NAO,H:\Meu Drive\RADIO TJRN CONTEÚDO\00_PRODUCAO_2026\01_BOLETINS_DIARIOS\03_AUDIOS_RADIO\BOLETIM_RADIO_TJRN_07_05_2026_B3_ENFERMIDADE_ADVOGADO.mp3
01,NJUD_PROG_20270128,BOLETIM_RADIO_TJRN_07_05_2026_B4_INDENIZACAO_DEFEITO_CELULAR.mp3,2027-01-28,B2,INDENIZACAO_DEFEITO_CELULAR,TJRN,NAO,H:\Meu Drive\RADIO TJRN CONTEÚDO\00_PRODUCAO_2026\01_BOLETINS_DIARIOS\03_AUDIOS_RADIO\BOLETIM_RADIO_TJRN_07_05_2026_B4_INDENIZACAO_DEFEITO_CELULAR.mp3
01,NJUD_PROG_20270128,BOLETIM_RADIO_TJRN_07_05_2026_B5_CONDENACAO_TRAFICO_E_ARMAS.mp3,2027-01-28,B3,CONDENACAO_TRAFICO_E_ARMAS,TJRN,NAO,H:\Meu Drive\RADIO TJRN CONTEÚDO\00_PRODUCAO_2026\01_BOLETINS_DIARIOS\03_AUDIOS_RADIO\BOLETIM_RADIO_TJRN_07_05_2026_B5_CONDENACAO_TRAFICO_E_ARMAS.mp3
01,NJUD_PROG_20270128,BOLETIM_RADIO_TJRN_07_05_2026_B6_IRREGULARIDADES_MATADOURO.mp3,2027-01-28,B4,IRREGULARIDADES_MATADOURO,TJRN,NAO,H:\Meu Drive\RADIO TJRN CONTEÚDO\00_PRODUCAO_2026\01_BOLETINS_DIARIOS\03_AUDIOS_RADIO\BOLETIM_RADIO_TJRN_07_05_2026_B6_IRREGULARIDADES_MATADOURO.mp3
01,NJUD_PROG_20270129,BOLETIM_RADIO_TJRN_07_05_2026_B7_EBOOK_SOCIOEDUCACAO.mp3,2027-01-29,B1,EBOOK_SOCIOEDUCACAO,TJRN,NAO,H:\Meu Drive\RADIO TJRN CONTEÚDO\00_PRODUCAO_2026\01_BOLETINS_DIARIOS\03_AUDIOS_RADIO\BOLETIM_RADIO_TJRN_07_05_2026_B7_EBOOK_SOCIOEDUCACAO.mp3
01,NJUD_PROG_20270129,BOLETIM_RADIO_TJRN_07_05_2026_B8_ASSEDIO_AMBIENTE_TRABALHO.mp3,2027-01-29,B2,ASSEDIO_AMBIENTE_TRABALHO,TJRN,NAO,H:\Meu Drive\RADIO TJRN CONTEÚDO\00_PRODUCAO_2026\01_BOLETINS_DIARIOS\03_AUDIOS_RADIO\BOLETIM_RADIO_TJRN_07_05_2026_B8_ASSEDIO_AMBIENTE_TRABALHO.mp3
01,NJUD_PROG_20270129,BOLETIM_RADIO_TJRN_07_05_2026_B9_MPRN_RECOMENDACAO_CORRECAO_PRISIONAL_FEMININO_.mp3,2027-01-29,B3,MPRN_RECOMENDACAO_CORRECAO_PRISIONAL_FEMININO_,TJRN,NAO,H:\Meu Drive\RADIO TJRN CONTEÚDO\00_PRODUCAO_2026\01_BOLETINS_DIARIOS\03_AUDIOS_RADIO\BOLETIM_RADIO_TJRN_07_05_2026_B9_MPRN_RECOMENDACAO_CORRECAO_PRISIONAL_FEMININO_.mp3
01,NJUD_PROG_20270129,BOLETIM_RADIO_TJRN_08_01_2026_B10_CHAPA_ELEICOES_ESCOLARES_LAGOA_NOVA.mp3,2027-01-29,B4,CHAPA_ELEICOES_ESCOLARES_LAGOA_NOVA,TJRN,NAO,H:\Meu Drive\RADIO TJRN CONTEÚDO\00_PRODUCAO_2026\01_BOLETINS_DIARIOS\03_AUDIOS_RADIO\BOLETIM_RADIO_TJRN_08_01_2026_B10_CHAPA_ELEICOES_ESCOLARES_LAGOA_NOVA.mp3
