mes_destino,njud,arquivo,data,boletim,retranca,entidade,bloqueado,src
JANEIRO,NJUD N/A,BOLETIM_RADIO_TJRN_07_01_2026_B10_CAERN_DEVE_PAGAR_DANOS_MORAIS.mp3,07_01_2026,CAERN_DEVE_PAGAR_DANOS_MORAIS,,TJRN,NAO,H:\Meu Drive\RADIO TJRN CONTEÚDO\00_PRODUCAO_2026\01_BOLETINS_DIARIOS\03_AUDIOS_RADIO\01 - JAN - 26\07 01 - QUA
JANEIRO,NJUD N/A,BOLETIM_RADIO_TJRN_07_01_2026_B10_CAERN_DEVE_PAGAR_DANOS_MORAIS_v2.mp3,07_01_2026,CAERN_DEVE_PAGAR_DANOS_MORAIS_v2,,TJRN,NAO,H:\Meu Drive\RADIO TJRN CONTEÚDO\00_PRODUCAO_2026\01_BOLETINS_DIARIOS\03_AUDIOS_RADIO\01 - JAN - 26\07 01 - QUA
JANEIRO,NJUD N/A,BOLETIM_RADIO_TJRN_07_01_2026_B1_SELECAO_CARTORIOS_PAU_DOS_FERROS.mp3,07_01_2026,SELECAO_CARTORIOS_PAU_DOS_FERROS,,TJRN,NAO,H:\Meu Drive\RADIO TJRN CONTEÚDO\00_PRODUCAO_2026\01_BOLETINS_DIARIOS\03_AUDIOS_RADIO\01 - JAN - 26\07 01 - QUA
JANEIRO,NJUD N/A,BOLETIM_RADIO_TJRN_07_01_2026_B1_SELECAO_CARTORIOS_PAU_DOS_FERROS_v2.mp3,07_01_2026,SELECAO_CARTORIOS_PAU_DOS_FERROS_v2,,TJRN,NAO,H:\Meu Drive\RADIO TJRN CONTEÚDO\00_PRODUCAO_2026\01_BOLETINS_DIARIOS\03_AUDIOS_RADIO\01 - JAN - 26\07 01 - QUA
JANEIRO,NJUD N/A,BOLETIM_RADIO_TJRN_07_01_2026_B2_INDENIZACAO_FALHA_AIRBAGS.mp3,07_01_2026,INDENIZACAO_FALHA_AIRBAGS,,TJRN,NAO,H:\Meu Drive\RADIO TJRN CONTEÚDO\00_PRODUCAO_2026\01_BOLETINS_DIARIOS\03_AUDIOS_RADIO\01 - JAN - 26\07 01 - QUA
JANEIRO,NJUD N/A,BOLETIM_RADIO_TJRN_07_01_2026_B2_INDENIZACAO_FALHA_AIRBAGS_v2.mp3,07_01_2026,INDENIZACAO_FALHA_AIRBAGS_v2,,TJRN,NAO,H:\Meu Drive\RADIO TJRN CONTEÚDO\00_PRODUCAO_2026\01_BOLETINS_DIARIOS\03_AUDIOS_RADIO\01 - JAN - 26\07 01 - QUA
JANEIRO,NJUD N/A,BOLETIM_RADIO_TJRN_07_01_2026_B3_JURI_POPULAR_GRUPO_DE_EXTERMINIO.mp3,07_01_2026,JURI_POPULAR_GRUPO_DE_EXTERMINIO,,TJRN,NAO,H:\Meu Drive\RADIO TJRN CONTEÚDO\00_PRODUCAO_2026\01_BOLETINS_DIARIOS\03_AUDIOS_RADIO\01 - JAN - 26\07 01 - QUA
JANEIRO,NJUD N/A,BOLETIM_RADIO_TJRN_07_01_2026_B3_JURI_POPULAR_GRUPO_DE_EXTERMINIO_v2.mp3,07_01_2026,JURI_POPULAR_GRUPO_DE_EXTERMINIO_v2,,TJRN,NAO,H:\Meu Drive\RADIO TJRN CONTEÚDO\00_PRODUCAO_2026\01_BOLETINS_DIARIOS\03_AUDIOS_RADIO\01 - JAN - 26\07 01 - QUA
JANEIRO,NJUD N/A,BOLETIM_RADIO_TJRN_07_01_2026_B4_FALHA_DE_ENTREGA_LOJA_ONLINE.mp3,07_01_2026,FALHA_DE_ENTREGA_LOJA_ONLINE,,TJRN,NAO,H:\Meu Drive\RADIO TJRN CONTEÚDO\00_PRODUCAO_2026\01_BOLETINS_DIARIOS\03_AUDIOS_RADIO\01 - JAN - 26\07 01 - QUA
JANEIRO,NJUD N/A,BOLETIM_RADIO_TJRN_07_01_2026_B4_FALHA_DE_ENTREGA_LOJA_ONLINE_v2.mp3,07_01_2026,FALHA_DE_ENTREGA_LOJA_ONLINE_v2,,TJRN,NAO,H:\Meu Drive\RADIO TJRN CONTEÚDO\00_PRODUCAO_2026\01_BOLETINS_DIARIOS\03_AUDIOS_RADIO\01 - JAN - 26\07 01 - QUA
JANEIRO,NJUD N/A,BOLETIM_RADIO_TJRN_07_01_2026_B5_VENDA_CASADA_OTICA.mp3,07_01_2026,VENDA_CASADA_OTICA,,TJRN,NAO,H:\Meu Drive\RADIO TJRN CONTEÚDO\00_PRODUCAO_2026\01_BOLETINS_DIARIOS\03_AUDIOS_RADIO\01 - JAN - 26\07 01 - QUA
JANEIRO,NJUD N/A,BOLETIM_RADIO_TJRN_07_01_2026_B5_VENDA_CASADA_OTICA_v2.mp3,07_01_2026,VENDA_CASADA_OTICA_v2,,TJRN,NAO,H:\Meu Drive\RADIO TJRN CONTEÚDO\00_PRODUCAO_2026\01_BOLETINS_DIARIOS\03_AUDIOS_RADIO\01 - JAN - 26\07 01 - QUA
JANEIRO,NJUD N/A,BOLETIM_RADIO_TJRN_07_01_2026_B6_JURI_COMERCIANTE.mp3,07_01_2026,JURI_COMERCIANTE,,TJRN,NAO,H:\Meu Drive\RADIO TJRN CONTEÚDO\00_PRODUCAO_2026\01_BOLETINS_DIARIOS\03_AUDIOS_RADIO\01 - JAN - 26\07 01 - QUA
JANEIRO,NJUD N/A,BOLETIM_RADIO_TJRN_07_01_2026_B6_JURI_COMERCIANTE_v2.mp3,07_01_2026,JURI_COMERCIANTE_v2,,TJRN,NAO,H:\Meu Drive\RADIO TJRN CONTEÚDO\00_PRODUCAO_2026\01_BOLETINS_DIARIOS\03_AUDIOS_RADIO\01 - JAN - 26\07 01 - QUA
JANEIRO,NJUD N/A,BOLETIM_RADIO_TJRN_07_01_2026_B7_EMPRESA_DEVE_ENTREGAR_BRINDE.mp3,07_01_2026,EMPRESA_DEVE_ENTREGAR_BRINDE,,TJRN,NAO,H:\Meu Drive\RADIO TJRN CONTEÚDO\00_PRODUCAO_2026\01_BOLETINS_DIARIOS\03_AUDIOS_RADIO\01 - JAN - 26\07 01 - QUA
JANEIRO,NJUD N/A,BOLETIM_RADIO_TJRN_07_01_2026_B7_EMPRESA_DEVE_ENTREGAR_BRINDE_v2.mp3,07_01_2026,EMPRESA_DEVE_ENTREGAR_BRINDE_v2,,TJRN,NAO,H:\Meu Drive\RADIO TJRN CONTEÚDO\00_PRODUCAO_2026\01_BOLETINS_DIARIOS\03_AUDIOS_RADIO\01 - JAN - 26\07 01 - QUA
JANEIRO,NJUD N/A,BOLETIM_RADIO_TJRN_07_01_2026_B8_INDENIZACAO_COMPRA_DE_BERCO.mp3,07_01_2026,INDENIZACAO_COMPRA_DE_BERCO,,TJRN,NAO,H:\Meu Drive\RADIO TJRN CONTEÚDO\00_PRODUCAO_2026\01_BOLETINS_DIARIOS\03_AUDIOS_RADIO\01 - JAN - 26\07 01 - QUA
JANEIRO,NJUD N/A,BOLETIM_RADIO_TJRN_07_01_2026_B8_INDENIZACAO_COMPRA_DE_BERCO_v2.mp3,07_01_2026,INDENIZACAO_COMPRA_DE_BERCO_v2,,TJRN,NAO,H:\Meu Drive\RADIO TJRN CONTEÚDO\00_PRODUCAO_2026\01_BOLETINS_DIARIOS\03_AUDIOS_RADIO\01 - JAN - 26\07 01 - QUA
JANEIRO,NJUD N/A,BOLETIM_RADIO_TJRN_07_01_2026_B9_LIGACAO_DE_ENERGIA_PARAU.mp3,07_01_2026,LIGACAO_DE_ENERGIA_PARAU,,TJRN,NAO,H:\Meu Drive\RADIO TJRN CONTEÚDO\00_PRODUCAO_2026\01_BOLETINS_DIARIOS\03_AUDIOS_RADIO\01 - JAN - 26\07 01 - QUA
JANEIRO,NJUD N/A,BOLETIM_RADIO_TJRN_07_01_2026_B9_LIGACAO_DE_ENERGIA_PARAU_v2.mp3,07_01_2026,LIGACAO_DE_ENERGIA_PARAU_v2,,TJRN,NAO,H:\Meu Drive\RADIO TJRN CONTEÚDO\00_PRODUCAO_2026\01_BOLETINS_DIARIOS\03_AUDIOS_RADIO\01 - JAN - 26\07 01 - QUA
JANEIRO,NJUD N/A,BOLETIM_RADIO_TJRN_08_01_2026_B10_CHAPA_ELEICOES_ESCOLARES_LAGOA_NOVA (1).mp3,08_01_2026,CHAPA_ELEICOES_ESCOLARES_LAGOA_NOVA (1),,TJRN,NAO,H:\Meu Drive\RADIO TJRN CONTEÚDO\00_PRODUCAO_2026\01_BOLETINS_DIARIOS\03_AUDIOS_RADIO\01 - JAN - 26\08 01 - QUI
JANEIRO,NJUD N/A,BOLETIM_RADIO_TJRN_08_01_2026_B10_CHAPA_ELEICOES_ESCOLARES_LAGOA_NOVA.mp3,08_01_2026,CHAPA_ELEICOES_ESCOLARES_LAGOA_NOVA,,TJRN,NAO,H:\Meu Drive\RADIO TJRN CONTEÚDO\00_PRODUCAO_2026\01_BOLETINS_DIARIOS\03_AUDIOS_RADIO\01 - JAN - 26\08 01 - QUI
JANEIRO,NJUD N/A,BOLETIM_RADIO_TJRN_08_01_2026_B10_CHAPA_ELEICOES_ESCOLARES_LAGOA_NOVA_1782542961.mp3,08_01_2026,CHAPA_ELEICOES_ESCOLARES_LAGOA_NOVA_1782542961,,TJRN,NAO,H:\Meu Drive\RADIO TJRN CONTEÚDO\00_PRODUCAO_2026\01_BOLETINS_DIARIOS\03_AUDIOS_RADIO\01 - JAN - 26\08 01 - QUI
JANEIRO,NJUD N/A,BOLETIM_RADIO_TJRN_08_01_2026_B10_CHAPA_ELEICOES_ESCOLARES_LAGOA_NOVA_v2.mp3,08_01_2026,CHAPA_ELEICOES_ESCOLARES_LAGOA_NOVA_v2,,TJRN,NAO,H:\Meu Drive\RADIO TJRN CONTEÚDO\00_PRODUCAO_2026\01_BOLETINS_DIARIOS\03_AUDIOS_RADIO\01 - JAN - 26\08 01 - QUI
JANEIRO,NJUD N/A,BOLETIM_RADIO_TJRN_08_01_2026_B1_RESPONSAVEL_INTERINO_AFONSO_BEZERRA.mp3,08_01_2026,RESPONSAVEL_INTERINO_AFONSO_BEZERRA,,TJRN,NAO,H:\Meu Drive\RADIO TJRN CONTEÚDO\00_PRODUCAO_2026\01_BOLETINS_DIARIOS\03_AUDIOS_RADIO\01 - JAN - 26\08 01 - QUI
JANEIRO,NJUD N/A,BOLETIM_RADIO_TJRN_08_01_2026_B1_RESPONSAVEL_INTERINO_AFONSO_BEZERRA_v2.mp3,08_01_2026,RESPONSAVEL_INTERINO_AFONSO_BEZERRA_v2,,TJRN,NAO,H:\Meu Drive\RADIO TJRN CONTEÚDO\00_PRODUCAO_2026\01_BOLETINS_DIARIOS\03_AUDIOS_RADIO\01 - JAN - 26\08 01 - QUI
JANEIRO,NJUD N/A,BOLETIM_RADIO_TJRN_08_01_2026_B2_TRTRN_RETOMA_ATIVIDADES (1).mp3,08_01_2026,TRTRN_RETOMA_ATIVIDADES (1),,TJRN,NAO,H:\Meu Drive\RADIO TJRN CONTEÚDO\00_PRODUCAO_2026\01_BOLETINS_DIARIOS\03_AUDIOS_RADIO\01 - JAN - 26\08 01 - QUI
JANEIRO,NJUD N/A,BOLETIM_RADIO_TJRN_08_01_2026_B2_TRTRN_RETOMA_ATIVIDADES.mp3,08_01_2026,TRTRN_RETOMA_ATIVIDADES,,TJRN,NAO,H:\Meu Drive\RADIO TJRN CONTEÚDO\00_PRODUCAO_2026\01_BOLETINS_DIARIOS\03_AUDIOS_RADIO\01 - JAN - 26\08 01 - QUI
JANEIRO,NJUD N/A,BOLETIM_RADIO_TJRN_08_01_2026_B2_TRTRN_RETOMA_ATIVIDADES_1782542960.mp3,08_01_2026,TRTRN_RETOMA_ATIVIDADES_1782542960,,TJRN,NAO,H:\Meu Drive\RADIO TJRN CONTEÚDO\00_PRODUCAO_2026\01_BOLETINS_DIARIOS\03_AUDIOS_RADIO\01 - JAN - 26\08 01 - QUI
JANEIRO,NJUD N/A,BOLETIM_RADIO_TJRN_08_01_2026_B2_TRTRN_RETOMA_ATIVIDADES_v2.mp3,08_01_2026,TRTRN_RETOMA_ATIVIDADES_v2,,TJRN,NAO,H:\Meu Drive\RADIO TJRN CONTEÚDO\00_PRODUCAO_2026\01_BOLETINS_DIARIOS\03_AUDIOS_RADIO\01 - JAN - 26\08 01 - QUI
JANEIRO,NJUD N/A,BOLETIM_RADIO_TJRN_08_01_2026_B3_CNJ_SISTEMA_NOVA_VERSAO.mp3,08_01_2026,CNJ_SISTEMA_NOVA_VERSAO,,TJRN,NAO,H:\Meu Drive\RADIO TJRN CONTEÚDO\00_PRODUCAO_2026\01_BOLETINS_DIARIOS\03_AUDIOS_RADIO\01 - JAN - 26\08 01 - QUI
JANEIRO,NJUD N/A,BOLETIM_RADIO_TJRN_08_01_2026_B3_CNJ_SISTEMA_NOVA_VERSAO_1782542960.mp3,08_01_2026,CNJ_SISTEMA_NOVA_VERSAO_1782542960,,TJRN,NAO,H:\Meu Drive\RADIO TJRN CONTEÚDO\00_PRODUCAO_2026\01_BOLETINS_DIARIOS\03_AUDIOS_RADIO\01 - JAN - 26\08 01 - QUI
JANEIRO,NJUD N/A,BOLETIM_RADIO_TJRN_08_01_2026_B3_CNJ_SISTEMA_NOVA_VERSAO_v2.mp3,08_01_2026,CNJ_SISTEMA_NOVA_VERSAO_v2,,TJRN,NAO,H:\Meu Drive\RADIO TJRN CONTEÚDO\00_PRODUCAO_2026\01_BOLETINS_DIARIOS\03_AUDIOS_RADIO\01 - JAN - 26\08 01 - QUI
JANEIRO,NJUD N/A,BOLETIM_RADIO_TJRN_08_01_2026_B4_INDENIZACAO_VOO_CANCELADO (1).mp3,08_01_2026,INDENIZACAO_VOO_CANCELADO (1),,TJRN,NAO,H:\Meu Drive\RADIO TJRN CONTEÚDO\00_PRODUCAO_2026\01_BOLETINS_DIARIOS\03_AUDIOS_RADIO\01 - JAN - 26\08 01 - QUI
JANEIRO,NJUD N/A,BOLETIM_RADIO_TJRN_08_01_2026_B4_INDENIZACAO_VOO_CANCELADO.mp3,08_01_2026,INDENIZACAO_VOO_CANCELADO,,TJRN,NAO,H:\Meu Drive\RADIO TJRN CONTEÚDO\00_PRODUCAO_2026\01_BOLETINS_DIARIOS\03_AUDIOS_RADIO\01 - JAN - 26\08 01 - QUI
JANEIRO,NJUD N/A,BOLETIM_RADIO_TJRN_08_01_2026_B4_INDENIZACAO_VOO_CANCELADO_1782542961.mp3,08_01_2026,INDENIZACAO_VOO_CANCELADO_1782542961,,TJRN,NAO,H:\Meu Drive\RADIO TJRN CONTEÚDO\00_PRODUCAO_2026\01_BOLETINS_DIARIOS\03_AUDIOS_RADIO\01 - JAN - 26\08 01 - QUI
JANEIRO,NJUD N/A,BOLETIM_RADIO_TJRN_08_01_2026_B4_INDENIZACAO_VOO_CANCELADO_v2.mp3,08_01_2026,INDENIZACAO_VOO_CANCELADO_v2,,TJRN,NAO,H:\Meu Drive\RADIO TJRN CONTEÚDO\00_PRODUCAO_2026\01_BOLETINS_DIARIOS\03_AUDIOS_RADIO\01 - JAN - 26\08 01 - QUI
JANEIRO,NJUD N/A,BOLETIM_RADIO_TJRN_08_01_2026_B5_EMPRESA_CONTRATADA_TARCISIO_MAIA (1).mp3,08_01_2026,EMPRESA_CONTRATADA_TARCISIO_MAIA (1),,TJRN,NAO,H:\Meu Drive\RADIO TJRN CONTEÚDO\00_PRODUCAO_2026\01_BOLETINS_DIARIOS\03_AUDIOS_RADIO\01 - JAN - 26\08 01 - QUI
JANEIRO,NJUD N/A,BOLETIM_RADIO_TJRN_08_01_2026_B5_EMPRESA_CONTRATADA_TARCISIO_MAIA.mp3,08_01_2026,EMPRESA_CONTRATADA_TARCISIO_MAIA,,TJRN,NAO,H:\Meu Drive\RADIO TJRN CONTEÚDO\00_PRODUCAO_2026\01_BOLETINS_DIARIOS\03_AUDIOS_RADIO\01 - JAN - 26\08 01 - QUI
JANEIRO,NJUD N/A,BOLETIM_RADIO_TJRN_08_01_2026_B5_EMPRESA_CONTRATADA_TARCISIO_MAIA_1782542961.mp3,08_01_2026,EMPRESA_CONTRATADA_TARCISIO_MAIA_1782542961,,TJRN,NAO,H:\Meu Drive\RADIO TJRN CONTEÚDO\00_PRODUCAO_2026\01_BOLETINS_DIARIOS\03_AUDIOS_RADIO\01 - JAN - 26\08 01 - QUI
JANEIRO,NJUD N/A,BOLETIM_RADIO_TJRN_08_01_2026_B5_EMPRESA_CONTRATADA_TARCISIO_MAIA_v2.mp3,08_01_2026,EMPRESA_CONTRATADA_TARCISIO_MAIA_v2,,TJRN,NAO,H:\Meu Drive\RADIO TJRN CONTEÚDO\00_PRODUCAO_2026\01_BOLETINS_DIARIOS\03_AUDIOS_RADIO\01 - JAN - 26\08 01 - QUI
JANEIRO,NJUD N/A,BOLETIM_RADIO_TJRN_08_01_2026_B6_TRIO_CONDENADO_ESTELIONATO_ELETRONICO (1).mp3,08_01_2026,TRIO_CONDENADO_ESTELIONATO_ELETRONICO (1),,TJRN,NAO,H:\Meu Drive\RADIO TJRN CONTEÚDO\00_PRODUCAO_2026\01_BOLETINS_DIARIOS\03_AUDIOS_RADIO\01 - JAN - 26\08 01 - QUI
JANEIRO,NJUD N/A,BOLETIM_RADIO_TJRN_08_01_2026_B6_TRIO_CONDENADO_ESTELIONATO_ELETRONICO.mp3,08_01_2026,TRIO_CONDENADO_ESTELIONATO_ELETRONICO,,TJRN,NAO,H:\Meu Drive\RADIO TJRN CONTEÚDO\00_PRODUCAO_2026\01_BOLETINS_DIARIOS\03_AUDIOS_RADIO\01 - JAN - 26\08 01 - QUI
JANEIRO,NJUD N/A,BOLETIM_RADIO_TJRN_08_01_2026_B6_TRIO_CONDENADO_ESTELIONATO_ELETRONICO_1782542961.mp3,08_01_2026,TRIO_CONDENADO_ESTELIONATO_ELETRONICO_1782542961,,TJRN,NAO,H:\Meu Drive\RADIO TJRN CONTEÚDO\00_PRODUCAO_2026\01_BOLETINS_DIARIOS\03_AUDIOS_RADIO\01 - JAN - 26\08 01 - QUI
JANEIRO,NJUD N/A,BOLETIM_RADIO_TJRN_08_01_2026_B6_TRIO_CONDENADO_ESTELIONATO_ELETRONICO_v2.mp3,08_01_2026,TRIO_CONDENADO_ESTELIONATO_ELETRONICO_v2,,TJRN,NAO,H:\Meu Drive\RADIO TJRN CONTEÚDO\00_PRODUCAO_2026\01_BOLETINS_DIARIOS\03_AUDIOS_RADIO\01 - JAN - 26\08 01 - QUI
JANEIRO,NJUD N/A,BOLETIM_RADIO_TJRN_08_01_2026_B7_NULIDADE_CONTRATO_PREFEITURA_MONTE_ALEGRE.mp3,08_01_2026,NULIDADE_CONTRATO_PREFEITURA_MONTE_ALEGRE,,TJRN,NAO,H:\Meu Drive\RADIO TJRN CONTEÚDO\00_PRODUCAO_2026\01_BOLETINS_DIARIOS\03_AUDIOS_RADIO\01 - JAN - 26\08 01 - QUI
JANEIRO,NJUD N/A,BOLETIM_RADIO_TJRN_08_01_2026_B7_NULIDADE_CONTRATO_PREFEITURA_MONTE_ALEGRE_1782542961.mp3,08_01_2026,NULIDADE_CONTRATO_PREFEITURA_MONTE_ALEGRE_1782542961,,TJRN,NAO,H:\Meu Drive\RADIO TJRN CONTEÚDO\00_PRODUCAO_2026\01_BOLETINS_DIARIOS\03_AUDIOS_RADIO\01 - JAN - 26\08 01 - QUI
JANEIRO,NJUD N/A,BOLETIM_RADIO_TJRN_08_01_2026_B7_NULIDADE_CONTRATO_PREFEITURA_MONTE_ALEGRE_v2.mp3,08_01_2026,NULIDADE_CONTRATO_PREFEITURA_MONTE_ALEGRE_v2,,TJRN,NAO,H:\Meu Drive\RADIO TJRN CONTEÚDO\00_PRODUCAO_2026\01_BOLETINS_DIARIOS\03_AUDIOS_RADIO\01 - JAN - 26\08 01 - QUI
JANEIRO,NJUD N/A,BOLETIM_RADIO_TJRN_08_01_2026_B8_PROGRESSAO_PENA_CURSO_SUPERIOR (1).mp3,08_01_2026,PROGRESSAO_PENA_CURSO_SUPERIOR (1),,TJRN,NAO,H:\Meu Drive\RADIO TJRN CONTEÚDO\00_PRODUCAO_2026\01_BOLETINS_DIARIOS\03_AUDIOS_RADIO\01 - JAN - 26\08 01 - QUI
JANEIRO,NJUD N/A,BOLETIM_RADIO_TJRN_08_01_2026_B8_PROGRESSAO_PENA_CURSO_SUPERIOR.mp3,08_01_2026,PROGRESSAO_PENA_CURSO_SUPERIOR,,TJRN,NAO,H:\Meu Drive\RADIO TJRN CONTEÚDO\00_PRODUCAO_2026\01_BOLETINS_DIARIOS\03_AUDIOS_RADIO\01 - JAN - 26\08 01 - QUI
JANEIRO,NJUD N/A,BOLETIM_RADIO_TJRN_08_01_2026_B8_PROGRESSAO_PENA_CURSO_SUPERIOR_1782542961.mp3,08_01_2026,PROGRESSAO_PENA_CURSO_SUPERIOR_1782542961,,TJRN,NAO,H:\Meu Drive\RADIO TJRN CONTEÚDO\00_PRODUCAO_2026\01_BOLETINS_DIARIOS\03_AUDIOS_RADIO\01 - JAN - 26\08 01 - QUI
JANEIRO,NJUD N/A,BOLETIM_RADIO_TJRN_08_01_2026_B8_PROGRESSAO_PENA_CURSO_SUPERIOR_v2.mp3,08_01_2026,PROGRESSAO_PENA_CURSO_SUPERIOR_v2,,TJRN,NAO,H:\Meu Drive\RADIO TJRN CONTEÚDO\00_PRODUCAO_2026\01_BOLETINS_DIARIOS\03_AUDIOS_RADIO\01 - JAN - 26\08 01 - QUI
JANEIRO,NJUD N/A,BOLETIM_RADIO_TJRN_08_01_2026_B9_HOMEM_CONDENADO_VIOLENCIA_PSICOLOGICA (1).mp3,08_01_2026,HOMEM_CONDENADO_VIOLENCIA_PSICOLOGICA (1),,TJRN,NAO,H:\Meu Drive\RADIO TJRN CONTEÚDO\00_PRODUCAO_2026\01_BOLETINS_DIARIOS\03_AUDIOS_RADIO\01 - JAN - 26\08 01 - QUI
JANEIRO,NJUD N/A,BOLETIM_RADIO_TJRN_08_01_2026_B9_HOMEM_CONDENADO_VIOLENCIA_PSICOLOGICA.mp3,08_01_2026,HOMEM_CONDENADO_VIOLENCIA_PSICOLOGICA,,TJRN,NAO,H:\Meu Drive\RADIO TJRN CONTEÚDO\00_PRODUCAO_2026\01_BOLETINS_DIARIOS\03_AUDIOS_RADIO\01 - JAN - 26\08 01 - QUI
JANEIRO,NJUD N/A,BOLETIM_RADIO_TJRN_08_01_2026_B9_HOMEM_CONDENADO_VIOLENCIA_PSICOLOGICA_1782542961.mp3,08_01_2026,HOMEM_CONDENADO_VIOLENCIA_PSICOLOGICA_1782542961,,TJRN,NAO,H:\Meu Drive\RADIO TJRN CONTEÚDO\00_PRODUCAO_2026\01_BOLETINS_DIARIOS\03_AUDIOS_RADIO\01 - JAN - 26\08 01 - QUI
JANEIRO,NJUD N/A,BOLETIM_RADIO_TJRN_08_01_2026_B9_HOMEM_CONDENADO_VIOLENCIA_PSICOLOGICA_v2.mp3,08_01_2026,HOMEM_CONDENADO_VIOLENCIA_PSICOLOGICA_v2,,TJRN,NAO,H:\Meu Drive\RADIO TJRN CONTEÚDO\00_PRODUCAO_2026\01_BOLETINS_DIARIOS\03_AUDIOS_RADIO\01 - JAN - 26\08 01 - QUI
JANEIRO,NJUD N/A,BOLETIM_RADIO_TJRN_09_01_2026_B10_TJRN_AGRESSOR_PAIS_INDENIZAR_ATAQUE_FISICO_ (1).mp3,09_01_2026,TJRN_AGRESSOR_PAIS_INDENIZAR_ATAQUE_FISICO_ (1),,TJRN,NAO,H:\Meu Drive\RADIO TJRN CONTEÚDO\00_PRODUCAO_2026\01_BOLETINS_DIARIOS\03_AUDIOS_RADIO\01 - JAN - 26\09 01 - SEX
JANEIRO,NJUD N/A,BOLETIM_RADIO_TJRN_09_01_2026_B10_TJRN_AGRESSOR_PAIS_INDENIZAR_ATAQUE_FISICO_.mp3,09_01_2026,TJRN_AGRESSOR_PAIS_INDENIZAR_ATAQUE_FISICO,,TJRN,NAO,H:\Meu Drive\RADIO TJRN CONTEÚDO\00_PRODUCAO_2026\01_BOLETINS_DIARIOS\03_AUDIOS_RADIO\01 - JAN - 26\09 01 - SEX
JANEIRO,NJUD N/A,BOLETIM_RADIO_TJRN_09_01_2026_B10_TJRN_AGRESSOR_PAIS_INDENIZAR_ATAQUE_FISICO__1782542963.mp3,09_01_2026,TJRN_AGRESSOR_PAIS_INDENIZAR_ATAQUE_FISICO__1782542963,,TJRN,NAO,H:\Meu Drive\RADIO TJRN CONTEÚDO\00_PRODUCAO_2026\01_BOLETINS_DIARIOS\03_AUDIOS_RADIO\01 - JAN - 26\09 01 - SEX
JANEIRO,NJUD N/A,BOLETIM_RADIO_TJRN_09_01_2026_B10_TJRN_AGRESSOR_PAIS_INDENIZAR_ATAQUE_FISICO__RESTORED.mp3,09_01_2026,TJRN_AGRESSOR_PAIS_INDENIZAR_ATAQUE_FISICO__RESTORED,,TJRN,NAO,H:\Meu Drive\RADIO TJRN CONTEÚDO\00_PRODUCAO_2026\01_BOLETINS_DIARIOS\03_AUDIOS_RADIO\01 - JAN - 26\09 01 - SEX
JANEIRO,NJUD N/A,BOLETIM_RADIO_TJRN_09_01_2026_B10_TJRN_AGRESSOR_PAIS_INDENIZAR_ATAQUE_FISICO__v2.mp3,09_01_2026,TJRN_AGRESSOR_PAIS_INDENIZAR_ATAQUE_FISICO__v2,,TJRN,NAO,H:\Meu Drive\RADIO TJRN CONTEÚDO\00_PRODUCAO_2026\01_BOLETINS_DIARIOS\03_AUDIOS_RADIO\01 - JAN - 26\09 01 - SEX
JANEIRO,NJUD N/A,BOLETIM_RADIO_TJRN_09_01_2026_B1_TJRN_SESSAO_ABERTURA_.mp3,09_01_2026,TJRN_SESSAO_ABERTURA,,TJRN,NAO,H:\Meu Drive\RADIO TJRN CONTEÚDO\00_PRODUCAO_2026\01_BOLETINS_DIARIOS\03_AUDIOS_RADIO\01 - JAN - 26\09 01 - SEX
JANEIRO,NJUD N/A,BOLETIM_RADIO_TJRN_09_01_2026_B1_TJRN_SESSAO_ABERTURA__1782542963.mp3,09_01_2026,TJRN_SESSAO_ABERTURA__1782542963,,TJRN,NAO,H:\Meu Drive\RADIO TJRN CONTEÚDO\00_PRODUCAO_2026\01_BOLETINS_DIARIOS\03_AUDIOS_RADIO\01 - JAN - 26\09 01 - SEX
JANEIRO,NJUD N/A,BOLETIM_RADIO_TJRN_09_01_2026_B1_TJRN_SESSAO_ABERTURA__RESTORED.mp3,09_01_2026,TJRN_SESSAO_ABERTURA__RESTORED,,TJRN,NAO,H:\Meu Drive\RADIO TJRN CONTEÚDO\00_PRODUCAO_2026\01_BOLETINS_DIARIOS\03_AUDIOS_RADIO\01 - JAN - 26\09 01 - SEX
JANEIRO,NJUD N/A,BOLETIM_RADIO_TJRN_09_01_2026_B1_TJRN_SESSAO_ABERTURA__v2.mp3,09_01_2026,TJRN_SESSAO_ABERTURA__v2,,TJRN,NAO,H:\Meu Drive\RADIO TJRN CONTEÚDO\00_PRODUCAO_2026\01_BOLETINS_DIARIOS\03_AUDIOS_RADIO\01 - JAN - 26\09 01 - SEX
JANEIRO,NJUD N/A,BOLETIM_RADIO_TJRN_09_01_2026_B2_CNJ_PROTECAO_MULHERES_JUDICIARIO.mp3,09_01_2026,CNJ_PROTECAO_MULHERES_JUDICIARIO,,TJRN,NAO,H:\Meu Drive\RADIO TJRN CONTEÚDO\00_PRODUCAO_2026\01_BOLETINS_DIARIOS\03_AUDIOS_RADIO\01 - JAN - 26\09 01 - SEX
JANEIRO,NJUD N/A,BOLETIM_RADIO_TJRN_09_01_2026_B2_CNJ_PROTECAO_MULHERES_JUDICIARIO_v2.mp3,09_01_2026,CNJ_PROTECAO_MULHERES_JUDICIARIO_v2,,TJRN,NAO,H:\Meu Drive\RADIO TJRN CONTEÚDO\00_PRODUCAO_2026\01_BOLETINS_DIARIOS\03_AUDIOS_RADIO\01 - JAN - 26\09 01 - SEX
JANEIRO,NJUD N/A,BOLETIM_RADIO_TJRN_09_01_2026_B3_JUIZADOS_ESPECIAIS_SELECAO_.mp3,09_01_2026,JUIZADOS_ESPECIAIS_SELECAO,,TJRN,NAO,H:\Meu Drive\RADIO TJRN CONTEÚDO\00_PRODUCAO_2026\01_BOLETINS_DIARIOS\03_AUDIOS_RADIO\01 - JAN - 26\09 01 - SEX
JANEIRO,NJUD N/A,BOLETIM_RADIO_TJRN_09_01_2026_B3_JUIZADOS_ESPECIAIS_SELECAO__v2.mp3,09_01_2026,JUIZADOS_ESPECIAIS_SELECAO__v2,,TJRN,NAO,H:\Meu Drive\RADIO TJRN CONTEÚDO\00_PRODUCAO_2026\01_BOLETINS_DIARIOS\03_AUDIOS_RADIO\01 - JAN - 26\09 01 - SEX
JANEIRO,NJUD N/A,BOLETIM_RADIO_TJRN_09_01_2026_B4_TJRN_JUSTICA_RECONHECE_DIVIDA_IRMAOS_.mp3,09_01_2026,TJRN_JUSTICA_RECONHECE_DIVIDA_IRMAOS,,TJRN,NAO,H:\Meu Drive\RADIO TJRN CONTEÚDO\00_PRODUCAO_2026\01_BOLETINS_DIARIOS\03_AUDIOS_RADIO\01 - JAN - 26\09 01 - SEX
JANEIRO,NJUD N/A,BOLETIM_RADIO_TJRN_09_01_2026_B4_TJRN_JUSTICA_RECONHECE_DIVIDA_IRMAOS__v2.mp3,09_01_2026,TJRN_JUSTICA_RECONHECE_DIVIDA_IRMAOS__v2,,TJRN,NAO,H:\Meu Drive\RADIO TJRN CONTEÚDO\00_PRODUCAO_2026\01_BOLETINS_DIARIOS\03_AUDIOS_RADIO\01 - JAN - 26\09 01 - SEX
JANEIRO,NJUD N/A,BOLETIM_RADIO_TJRN_09_01_2026_B5_PERICIA_DOCUMENTO_DIGITAL_CONSUMIDOR_.mp3,09_01_2026,PERICIA_DOCUMENTO_DIGITAL_CONSUMIDOR,,TJRN,NAO,H:\Meu Drive\RADIO TJRN CONTEÚDO\00_PRODUCAO_2026\01_BOLETINS_DIARIOS\03_AUDIOS_RADIO\01 - JAN - 26\09 01 - SEX
JANEIRO,NJUD N/A,BOLETIM_RADIO_TJRN_09_01_2026_B5_PERICIA_DOCUMENTO_DIGITAL_CONSUMIDOR__v2.mp3,09_01_2026,PERICIA_DOCUMENTO_DIGITAL_CONSUMIDOR__v2,,TJRN,NAO,H:\Meu Drive\RADIO TJRN CONTEÚDO\00_PRODUCAO_2026\01_BOLETINS_DIARIOS\03_AUDIOS_RADIO\01 - JAN - 26\09 01 - SEX
JANEIRO,NJUD N/A,BOLETIM_RADIO_TJRN_09_01_2026_B6_CONCESSIONARIA_ENERGIA_CONDENADA (1).mp3,09_01_2026,CONCESSIONARIA_ENERGIA_CONDENADA (1),,TJRN,NAO,H:\Meu Drive\RADIO TJRN CONTEÚDO\00_PRODUCAO_2026\01_BOLETINS_DIARIOS\03_AUDIOS_RADIO\01 - JAN - 26\09 01 - SEX
JANEIRO,NJUD N/A,BOLETIM_RADIO_TJRN_09_01_2026_B6_CONCESSIONARIA_ENERGIA_CONDENADA.mp3,09_01_2026,CONCESSIONARIA_ENERGIA_CONDENADA,,TJRN,NAO,H:\Meu Drive\RADIO TJRN CONTEÚDO\00_PRODUCAO_2026\01_BOLETINS_DIARIOS\03_AUDIOS_RADIO\01 - JAN - 26\09 01 - SEX
JANEIRO,NJUD N/A,BOLETIM_RADIO_TJRN_09_01_2026_B6_CONCESSIONARIA_ENERGIA_CONDENADA_1782542963.mp3,09_01_2026,CONCESSIONARIA_ENERGIA_CONDENADA_1782542963,,TJRN,NAO,H:\Meu Drive\RADIO TJRN CONTEÚDO\00_PRODUCAO_2026\01_BOLETINS_DIARIOS\03_AUDIOS_RADIO\01 - JAN - 26\09 01 - SEX
JANEIRO,NJUD N/A,BOLETIM_RADIO_TJRN_09_01_2026_B6_CONCESSIONARIA_ENERGIA_CONDENADA_RESTORED.mp3,09_01_2026,CONCESSIONARIA_ENERGIA_CONDENADA_RESTORED,,TJRN,NAO,H:\Meu Drive\RADIO TJRN CONTEÚDO\00_PRODUCAO_2026\01_BOLETINS_DIARIOS\03_AUDIOS_RADIO\01 - JAN - 26\09 01 - SEX
JANEIRO,NJUD N/A,BOLETIM_RADIO_TJRN_09_01_2026_B6_CONCESSIONARIA_ENERGIA_CONDENADA_v2.mp3,09_01_2026,CONCESSIONARIA_ENERGIA_CONDENADA_v2,,TJRN,NAO,H:\Meu Drive\RADIO TJRN CONTEÚDO\00_PRODUCAO_2026\01_BOLETINS_DIARIOS\03_AUDIOS_RADIO\01 - JAN - 26\09 01 - SEX
JANEIRO,NJUD N/A,BOLETIM_RADIO_TJRN_09_01_2026_B7_TJRN_VICE_PRESIDENCIA_PROCESSO_SELETIVO_ (1).mp3,09_01_2026,TJRN_VICE_PRESIDENCIA_PROCESSO_SELETIVO_ (1),,TJRN,NAO,H:\Meu Drive\RADIO TJRN CONTEÚDO\00_PRODUCAO_2026\01_BOLETINS_DIARIOS\03_AUDIOS_RADIO\01 - JAN - 26\09 01 - SEX
JANEIRO,NJUD N/A,BOLETIM_RADIO_TJRN_09_01_2026_B7_TJRN_VICE_PRESIDENCIA_PROCESSO_SELETIVO_.mp3,09_01_2026,TJRN_VICE_PRESIDENCIA_PROCESSO_SELETIVO,,TJRN,NAO,H:\Meu Drive\RADIO TJRN CONTEÚDO\00_PRODUCAO_2026\01_BOLETINS_DIARIOS\03_AUDIOS_RADIO\01 - JAN - 26\09 01 - SEX
JANEIRO,NJUD N/A,BOLETIM_RADIO_TJRN_09_01_2026_B7_TJRN_VICE_PRESIDENCIA_PROCESSO_SELETIVO__1782542963.mp3,09_01_2026,TJRN_VICE_PRESIDENCIA_PROCESSO_SELETIVO__1782542963,,TJRN,NAO,H:\Meu Drive\RADIO TJRN CONTEÚDO\00_PRODUCAO_2026\01_BOLETINS_DIARIOS\03_AUDIOS_RADIO\01 - JAN - 26\09 01 - SEX
JANEIRO,NJUD N/A,BOLETIM_RADIO_TJRN_09_01_2026_B7_TJRN_VICE_PRESIDENCIA_PROCESSO_SELETIVO__RESTORED.mp3,09_01_2026,TJRN_VICE_PRESIDENCIA_PROCESSO_SELETIVO__RESTORED,,TJRN,NAO,H:\Meu Drive\RADIO TJRN CONTEÚDO\00_PRODUCAO_2026\01_BOLETINS_DIARIOS\03_AUDIOS_RADIO\01 - JAN - 26\09 01 - SEX
JANEIRO,NJUD N/A,BOLETIM_RADIO_TJRN_09_01_2026_B7_TJRN_VICE_PRESIDENCIA_PROCESSO_SELETIVO__v2.mp3,09_01_2026,TJRN_VICE_PRESIDENCIA_PROCESSO_SELETIVO__v2,,TJRN,NAO,H:\Meu Drive\RADIO TJRN CONTEÚDO\00_PRODUCAO_2026\01_BOLETINS_DIARIOS\03_AUDIOS_RADIO\01 - JAN - 26\09 01 - SEX
JANEIRO,NJUD N/A,BOLETIM_RADIO_TJRN_09_01_2026_B8_TJRN_EXCLUSAO_EMPRESA_LICITACAO_ (1).mp3,09_01_2026,TJRN_EXCLUSAO_EMPRESA_LICITACAO_ (1),,TJRN,NAO,H:\Meu Drive\RADIO TJRN CONTEÚDO\00_PRODUCAO_2026\01_BOLETINS_DIARIOS\03_AUDIOS_RADIO\01 - JAN - 26\09 01 - SEX
JANEIRO,NJUD N/A,BOLETIM_RADIO_TJRN_09_01_2026_B8_TJRN_EXCLUSAO_EMPRESA_LICITACAO_.mp3,09_01_2026,TJRN_EXCLUSAO_EMPRESA_LICITACAO,,TJRN,NAO,H:\Meu Drive\RADIO TJRN CONTEÚDO\00_PRODUCAO_2026\01_BOLETINS_DIARIOS\03_AUDIOS_RADIO\01 - JAN - 26\09 01 - SEX
JANEIRO,NJUD N/A,BOLETIM_RADIO_TJRN_09_01_2026_B8_TJRN_EXCLUSAO_EMPRESA_LICITACAO__1782542963.mp3,09_01_2026,TJRN_EXCLUSAO_EMPRESA_LICITACAO__1782542963,,TJRN,NAO,H:\Meu Drive\RADIO TJRN CONTEÚDO\00_PRODUCAO_2026\01_BOLETINS_DIARIOS\03_AUDIOS_RADIO\01 - JAN - 26\09 01 - SEX
JANEIRO,NJUD N/A,BOLETIM_RADIO_TJRN_09_01_2026_B8_TJRN_EXCLUSAO_EMPRESA_LICITACAO__RESTORED.mp3,09_01_2026,TJRN_EXCLUSAO_EMPRESA_LICITACAO__RESTORED,,TJRN,NAO,H:\Meu Drive\RADIO TJRN CONTEÚDO\00_PRODUCAO_2026\01_BOLETINS_DIARIOS\03_AUDIOS_RADIO\01 - JAN - 26\09 01 - SEX
JANEIRO,NJUD N/A,BOLETIM_RADIO_TJRN_09_01_2026_B8_TJRN_EXCLUSAO_EMPRESA_LICITACAO__v2.mp3,09_01_2026,TJRN_EXCLUSAO_EMPRESA_LICITACAO__v2,,TJRN,NAO,H:\Meu Drive\RADIO TJRN CONTEÚDO\00_PRODUCAO_2026\01_BOLETINS_DIARIOS\03_AUDIOS_RADIO\01 - JAN - 26\09 01 - SEX
JANEIRO,NJUD N/A,BOLETIM_RADIO_TJRN_09_01_2026_B9_TJRN_JUSTICA_PROIBE_COSERN_AREZ.mp3,09_01_2026,TJRN_JUSTICA_PROIBE_COSERN_AREZ,,TJRN,NAO,H:\Meu Drive\RADIO TJRN CONTEÚDO\00_PRODUCAO_2026\01_BOLETINS_DIARIOS\03_AUDIOS_RADIO\01 - JAN - 26\09 01 - SEX
JANEIRO,NJUD N/A,BOLETIM_RADIO_TJRN_09_01_2026_B9_TJRN_JUSTICA_PROIBE_COSERN_AREZ_1782542963.mp3,09_01_2026,TJRN_JUSTICA_PROIBE_COSERN_AREZ_1782542963,,TJRN,NAO,H:\Meu Drive\RADIO TJRN CONTEÚDO\00_PRODUCAO_2026\01_BOLETINS_DIARIOS\03_AUDIOS_RADIO\01 - JAN - 26\09 01 - SEX
JANEIRO,NJUD N/A,BOLETIM_RADIO_TJRN_09_01_2026_B9_TJRN_JUSTICA_PROIBE_COSERN_AREZ_RESTORED.mp3,09_01_2026,TJRN_JUSTICA_PROIBE_COSERN_AREZ_RESTORED,,TJRN,NAO,H:\Meu Drive\RADIO TJRN CONTEÚDO\00_PRODUCAO_2026\01_BOLETINS_DIARIOS\03_AUDIOS_RADIO\01 - JAN - 26\09 01 - SEX
JANEIRO,NJUD N/A,BOLETIM_RADIO_TJRN_09_01_2026_B9_TJRN_JUSTICA_PROIBE_COSERN_AREZ_v2.mp3,09_01_2026,TJRN_JUSTICA_PROIBE_COSERN_AREZ_v2,,TJRN,NAO,H:\Meu Drive\RADIO TJRN CONTEÚDO\00_PRODUCAO_2026\01_BOLETINS_DIARIOS\03_AUDIOS_RADIO\01 - JAN - 26\09 01 - SEX
JANEIRO,NJUD N/A,BOLETIM_RADIO_TJRN_12_01_2026_B10_BANCO_TALENTOS_CNJ.mp3,12_01_2026,BANCO_TALENTOS_CNJ,,TJRN,NAO,H:\Meu Drive\RADIO TJRN CONTEÚDO\00_PRODUCAO_2026\01_BOLETINS_DIARIOS\03_AUDIOS_RADIO\01 - JAN - 26\12 01 - SEG
JANEIRO,NJUD N/A,BOLETIM_RADIO_TJRN_12_01_2026_B10_BANCO_TALENTOS_CNJ_v2.mp3,12_01_2026,BANCO_TALENTOS_CNJ_v2,,TJRN,NAO,H:\Meu Drive\RADIO TJRN CONTEÚDO\00_PRODUCAO_2026\01_BOLETINS_DIARIOS\03_AUDIOS_RADIO\01 - JAN - 26\12 01 - SEG
JANEIRO,NJUD N/A,BOLETIM_RADIO_TJRN_12_01_2026_B1_JUIZADO_ESPECIAL_PARNAMIRIM_ESTAGIO_.mp3,12_01_2026,JUIZADO_ESPECIAL_PARNAMIRIM_ESTAGIO,,TJRN,NAO,H:\Meu Drive\RADIO TJRN CONTEÚDO\00_PRODUCAO_2026\01_BOLETINS_DIARIOS\03_AUDIOS_RADIO\01 - JAN - 26\12 01 - SEG
JANEIRO,NJUD N/A,BOLETIM_RADIO_TJRN_12_01_2026_B1_JUIZADO_ESPECIAL_PARNAMIRIM_ESTAGIO__v2.mp3,12_01_2026,JUIZADO_ESPECIAL_PARNAMIRIM_ESTAGIO__v2,,TJRN,NAO,H:\Meu Drive\RADIO TJRN CONTEÚDO\00_PRODUCAO_2026\01_BOLETINS_DIARIOS\03_AUDIOS_RADIO\01 - JAN - 26\12 01 - SEG
JANEIRO,NJUD N/A,BOLETIM_RADIO_TJRN_12_01_2026_B2_TJRN_MULHER_PROVOCA_ACIDENTE_.mp3,12_01_2026,TJRN_MULHER_PROVOCA_ACIDENTE,,TJRN,NAO,H:\Meu Drive\RADIO TJRN CONTEÚDO\00_PRODUCAO_2026\01_BOLETINS_DIARIOS\03_AUDIOS_RADIO\01 - JAN - 26\12 01 - SEG
JANEIRO,NJUD N/A,BOLETIM_RADIO_TJRN_12_01_2026_B2_TJRN_MULHER_PROVOCA_ACIDENTE__v2.mp3,12_01_2026,TJRN_MULHER_PROVOCA_ACIDENTE__v2,,TJRN,NAO,H:\Meu Drive\RADIO TJRN CONTEÚDO\00_PRODUCAO_2026\01_BOLETINS_DIARIOS\03_AUDIOS_RADIO\01 - JAN - 26\12 01 - SEG
JANEIRO,NJUD N/A,BOLETIM_RADIO_TJRN_12_01_2026_B3_TJRN_PLANO_SAUDE_TEA_CRIANCA.mp3,12_01_2026,TJRN_PLANO_SAUDE_TEA_CRIANCA,,TJRN,NAO,H:\Meu Drive\RADIO TJRN CONTEÚDO\00_PRODUCAO_2026\01_BOLETINS_DIARIOS\03_AUDIOS_RADIO\01 - JAN - 26\12 01 - SEG
JANEIRO,NJUD N/A,BOLETIM_RADIO_TJRN_12_01_2026_B3_TJRN_PLANO_SAUDE_TEA_CRIANCA_v2.mp3,12_01_2026,TJRN_PLANO_SAUDE_TEA_CRIANCA_v2,,TJRN,NAO,H:\Meu Drive\RADIO TJRN CONTEÚDO\00_PRODUCAO_2026\01_BOLETINS_DIARIOS\03_AUDIOS_RADIO\01 - JAN - 26\12 01 - SEG
JANEIRO,NJUD N/A,BOLETIM_RADIO_TJRN_12_01_2026_B4_TJRN_JUIZADO_VIOLENCIA_DOMESTICA_.mp3,12_01_2026,TJRN_JUIZADO_VIOLENCIA_DOMESTICA,,TJRN,NAO,H:\Meu Drive\RADIO TJRN CONTEÚDO\00_PRODUCAO_2026\01_BOLETINS_DIARIOS\03_AUDIOS_RADIO\01 - JAN - 26\12 01 - SEG
JANEIRO,NJUD N/A,BOLETIM_RADIO_TJRN_12_01_2026_B4_TJRN_JUIZADO_VIOLENCIA_DOMESTICA__v2.mp3,12_01_2026,TJRN_JUIZADO_VIOLENCIA_DOMESTICA__v2,,TJRN,NAO,H:\Meu Drive\RADIO TJRN CONTEÚDO\00_PRODUCAO_2026\01_BOLETINS_DIARIOS\03_AUDIOS_RADIO\01 - JAN - 26\12 01 - SEG
JANEIRO,NJUD N/A,BOLETIM_RADIO_TJRN_12_01_2026_B5_TJRN_EMPRESA_ELETRONICOS_DEFEITOS.mp3,12_01_2026,TJRN_EMPRESA_ELETRONICOS_DEFEITOS,,TJRN,NAO,H:\Meu Drive\RADIO TJRN CONTEÚDO\00_PRODUCAO_2026\01_BOLETINS_DIARIOS\03_AUDIOS_RADIO\01 - JAN - 26\12 01 - SEG
JANEIRO,NJUD N/A,BOLETIM_RADIO_TJRN_12_01_2026_B5_TJRN_EMPRESA_ELETRONICOS_DEFEITOS_v2.mp3,12_01_2026,TJRN_EMPRESA_ELETRONICOS_DEFEITOS_v2,,TJRN,NAO,H:\Meu Drive\RADIO TJRN CONTEÚDO\00_PRODUCAO_2026\01_BOLETINS_DIARIOS\03_AUDIOS_RADIO\01 - JAN - 26\12 01 - SEG
JANEIRO,NJUD N/A,BOLETIM_RADIO_TJRN_12_01_2026_B6_DPERN_RESULTADOS_BIENIOS_.mp3,12_01_2026,DPERN_RESULTADOS_BIENIOS,,TJRN,NAO,H:\Meu Drive\RADIO TJRN CONTEÚDO\00_PRODUCAO_2026\01_BOLETINS_DIARIOS\03_AUDIOS_RADIO\01 - JAN - 26\12 01 - SEG
JANEIRO,NJUD N/A,BOLETIM_RADIO_TJRN_12_01_2026_B6_DPERN_RESULTADOS_BIENIOS__v2.mp3,12_01_2026,DPERN_RESULTADOS_BIENIOS__v2,,TJRN,NAO,H:\Meu Drive\RADIO TJRN CONTEÚDO\00_PRODUCAO_2026\01_BOLETINS_DIARIOS\03_AUDIOS_RADIO\01 - JAN - 26\12 01 - SEG
JANEIRO,NJUD N/A,BOLETIM_RADIO_TJRN_12_01_2026_B7_MPRN_CONVOCACAO_PROFESSORES_ESTADO.mp3,12_01_2026,MPRN_CONVOCACAO_PROFESSORES_ESTADO,,TJRN,NAO,H:\Meu Drive\RADIO TJRN CONTEÚDO\00_PRODUCAO_2026\01_BOLETINS_DIARIOS\03_AUDIOS_RADIO\01 - JAN - 26\12 01 - SEG
JANEIRO,NJUD N/A,BOLETIM_RADIO_TJRN_12_01_2026_B7_MPRN_CONVOCACAO_PROFESSORES_ESTADO_v2.mp3,12_01_2026,MPRN_CONVOCACAO_PROFESSORES_ESTADO_v2,,TJRN,NAO,H:\Meu Drive\RADIO TJRN CONTEÚDO\00_PRODUCAO_2026\01_BOLETINS_DIARIOS\03_AUDIOS_RADIO\01 - JAN - 26\12 01 - SEG
JANEIRO,NJUD N/A,BOLETIM_RADIO_TJRN_12_01_2026_B8_MPRN_APURACAO_APOLOGIA_NAZISMO.mp3,12_01_2026,MPRN_APURACAO_APOLOGIA_NAZISMO,,TJRN,NAO,H:\Meu Drive\RADIO TJRN CONTEÚDO\00_PRODUCAO_2026\01_BOLETINS_DIARIOS\03_AUDIOS_RADIO\01 - JAN - 26\12 01 - SEG
JANEIRO,NJUD N/A,BOLETIM_RADIO_TJRN_12_01_2026_B8_MPRN_APURACAO_APOLOGIA_NAZISMO_v2.mp3,12_01_2026,MPRN_APURACAO_APOLOGIA_NAZISMO_v2,,TJRN,NAO,H:\Meu Drive\RADIO TJRN CONTEÚDO\00_PRODUCAO_2026\01_BOLETINS_DIARIOS\03_AUDIOS_RADIO\01 - JAN - 26\12 01 - SEG
JANEIRO,NJUD N/A,BOLETIM_RADIO_TJRN_12_01_2026_B9_DOIS_ANOS_PROJETO_NOVOS_CAMINHOS.mp3,12_01_2026,DOIS_ANOS_PROJETO_NOVOS_CAMINHOS,,TJRN,NAO,H:\Meu Drive\RADIO TJRN CONTEÚDO\00_PRODUCAO_2026\01_BOLETINS_DIARIOS\03_AUDIOS_RADIO\01 - JAN - 26\12 01 - SEG
JANEIRO,NJUD N/A,BOLETIM_RADIO_TJRN_12_01_2026_B9_DOIS_ANOS_PROJETO_NOVOS_CAMINHOS_v2.mp3,12_01_2026,DOIS_ANOS_PROJETO_NOVOS_CAMINHOS_v2,,TJRN,NAO,H:\Meu Drive\RADIO TJRN CONTEÚDO\00_PRODUCAO_2026\01_BOLETINS_DIARIOS\03_AUDIOS_RADIO\01 - JAN - 26\12 01 - SEG
JANEIRO,NJUD N/A,BOLETIM_RADIO_TJRN_13_01_2026_B10_ESMARN_INSCRICOES_CURSO_IDIOMAS.mp3,13_01_2026,ESMARN_INSCRICOES_CURSO_IDIOMAS,,TJRN,NAO,H:\Meu Drive\RADIO TJRN CONTEÚDO\00_PRODUCAO_2026\01_BOLETINS_DIARIOS\03_AUDIOS_RADIO\01 - JAN - 26\13 01 - TER
JANEIRO,NJUD N/A,BOLETIM_RADIO_TJRN_13_01_2026_B1_CAERN_SUBSTITUICAO_ADVOGADOS_CONCURSO.mp3,13_01_2026,CAERN_SUBSTITUICAO_ADVOGADOS_CONCURSO,,TJRN,NAO,H:\Meu Drive\RADIO TJRN CONTEÚDO\00_PRODUCAO_2026\01_BOLETINS_DIARIOS\03_AUDIOS_RADIO\01 - JAN - 26\13 01 - TER
JANEIRO,NJUD N/A,BOLETIM_RADIO_TJRN_13_01_2026_B2_CONDENACAO_VANDALISMO_AGRESSOES.mp3,13_01_2026,CONDENACAO_VANDALISMO_AGRESSOES,,TJRN,NAO,H:\Meu Drive\RADIO TJRN CONTEÚDO\00_PRODUCAO_2026\01_BOLETINS_DIARIOS\03_AUDIOS_RADIO\01 - JAN - 26\13 01 - TER
JANEIRO,NJUD N/A,BOLETIM_RADIO_TJRN_13_01_2026_B3_DEVOLVER_REPARAR_ANGICOS.mp3,13_01_2026,DEVOLVER_REPARAR_ANGICOS,,TJRN,NAO,H:\Meu Drive\RADIO TJRN CONTEÚDO\00_PRODUCAO_2026\01_BOLETINS_DIARIOS\03_AUDIOS_RADIO\01 - JAN - 26\13 01 - TER
JANEIRO,NJUD N/A,BOLETIM_RADIO_TJRN_13_01_2026_B4_INDENIZACAO_BAGAGEM_DANIFICADA.mp3,13_01_2026,INDENIZACAO_BAGAGEM_DANIFICADA,,TJRN,NAO,H:\Meu Drive\RADIO TJRN CONTEÚDO\00_PRODUCAO_2026\01_BOLETINS_DIARIOS\03_AUDIOS_RADIO\01 - JAN - 26\13 01 - TER
JANEIRO,NJUD N/A,BOLETIM_RADIO_TJRN_13_01_2026_B5_TRT_CAMPANHA_NACIONAL_JANEIRO_BRANCO.mp3,13_01_2026,TRT_CAMPANHA_NACIONAL_JANEIRO_BRANCO,,TJRN,NAO,H:\Meu Drive\RADIO TJRN CONTEÚDO\00_PRODUCAO_2026\01_BOLETINS_DIARIOS\03_AUDIOS_RADIO\01 - JAN - 26\13 01 - TER
JANEIRO,NJUD N/A,BOLETIM_RADIO_TJRN_13_01_2026_B6_ACORDO_CEJUSC_FUTEBOL_ASSU.mp3,13_01_2026,ACORDO_CEJUSC_FUTEBOL_ASSU,,TJRN,NAO,H:\Meu Drive\RADIO TJRN CONTEÚDO\00_PRODUCAO_2026\01_BOLETINS_DIARIOS\03_AUDIOS_RADIO\01 - JAN - 26\13 01 - TER
JANEIRO,NJUD N/A,BOLETIM_RADIO_TJRN_13_01_2026_B7_TRT_CARTILHA_DADOS_PESSOAIS.mp3,13_01_2026,TRT_CARTILHA_DADOS_PESSOAIS,,TJRN,NAO,H:\Meu Drive\RADIO TJRN CONTEÚDO\00_PRODUCAO_2026\01_BOLETINS_DIARIOS\03_AUDIOS_RADIO\01 - JAN - 26\13 01 - TER
JANEIRO,NJUD N/A,BOLETIM_RADIO_TJRN_13_01_2026_B8_CENTRO_ESTUDOS_STF.mp3,13_01_2026,CENTRO_ESTUDOS_STF,,TJRN,NAO,H:\Meu Drive\RADIO TJRN CONTEÚDO\00_PRODUCAO_2026\01_BOLETINS_DIARIOS\03_AUDIOS_RADIO\01 - JAN - 26\13 01 - TER
JANEIRO,NJUD N/A,BOLETIM_RADIO_TJRN_13_01_2026_B9_DOUTORADO_ESMARN.mp3,13_01_2026,DOUTORADO_ESMARN,,TJRN,NAO,H:\Meu Drive\RADIO TJRN CONTEÚDO\00_PRODUCAO_2026\01_BOLETINS_DIARIOS\03_AUDIOS_RADIO\01 - JAN - 26\13 01 - TER
JANEIRO,NJUD N/A,BOLETIM_RADIO_TJRN_14_01_2026_B10_CARTILHA_ENTREGA_ADOCAO.mp3,14_01_2026,CARTILHA_ENTREGA_ADOCAO,,TJRN,NAO,H:\Meu Drive\RADIO TJRN CONTEÚDO\00_PRODUCAO_2026\01_BOLETINS_DIARIOS\03_AUDIOS_RADIO\01 - JAN - 26\14 01 - QUA
JANEIRO,NJUD N/A,BOLETIM_RADIO_TJRN_14_01_2026_B10_CARTILHA_ENTREGA_ADOCAO_v2.mp3,14_01_2026,CARTILHA_ENTREGA_ADOCAO_v2,,TJRN,NAO,H:\Meu Drive\RADIO TJRN CONTEÚDO\00_PRODUCAO_2026\01_BOLETINS_DIARIOS\03_AUDIOS_RADIO\01 - JAN - 26\14 01 - QUA
JANEIRO,NJUD N/A,BOLETIM_RADIO_TJRN_14_01_2026_B1_TCERN_MUNICIPIOS_CUSTEAR_DIARIAS_.mp3,14_01_2026,TCERN_MUNICIPIOS_CUSTEAR_DIARIAS,,TJRN,NAO,H:\Meu Drive\RADIO TJRN CONTEÚDO\00_PRODUCAO_2026\01_BOLETINS_DIARIOS\03_AUDIOS_RADIO\01 - JAN - 26\14 01 - QUA
JANEIRO,NJUD N/A,BOLETIM_RADIO_TJRN_14_01_2026_B1_TCERN_MUNICIPIOS_CUSTEAR_DIARIAS__v2.mp3,14_01_2026,TCERN_MUNICIPIOS_CUSTEAR_DIARIAS__v2,,TJRN,NAO,H:\Meu Drive\RADIO TJRN CONTEÚDO\00_PRODUCAO_2026\01_BOLETINS_DIARIOS\03_AUDIOS_RADIO\01 - JAN - 26\14 01 - QUA
JANEIRO,NJUD N/A,BOLETIM_RADIO_TJRN_14_01_2026_B2_IPERN_CONVOCA_APOSENTADOS_.mp3,14_01_2026,IPERN_CONVOCA_APOSENTADOS,,TJRN,NAO,H:\Meu Drive\RADIO TJRN CONTEÚDO\00_PRODUCAO_2026\01_BOLETINS_DIARIOS\03_AUDIOS_RADIO\01 - JAN - 26\14 01 - QUA
JANEIRO,NJUD N/A,BOLETIM_RADIO_TJRN_14_01_2026_B2_IPERN_CONVOCA_APOSENTADOS__v2.mp3,14_01_2026,IPERN_CONVOCA_APOSENTADOS__v2,,TJRN,NAO,H:\Meu Drive\RADIO TJRN CONTEÚDO\00_PRODUCAO_2026\01_BOLETINS_DIARIOS\03_AUDIOS_RADIO\01 - JAN - 26\14 01 - QUA
JANEIRO,NJUD N/A,BOLETIM_RADIO_TJRN_14_01_2026_B3_DPERN_SANTO_ANTONIO_EDITAL.mp3,14_01_2026,DPERN_SANTO_ANTONIO_EDITAL,,TJRN,NAO,H:\Meu Drive\RADIO TJRN CONTEÚDO\00_PRODUCAO_2026\01_BOLETINS_DIARIOS\03_AUDIOS_RADIO\01 - JAN - 26\14 01 - QUA
JANEIRO,NJUD N/A,BOLETIM_RADIO_TJRN_14_01_2026_B3_DPERN_SANTO_ANTONIO_EDITAL_v2.mp3,14_01_2026,DPERN_SANTO_ANTONIO_EDITAL_v2,,TJRN,NAO,H:\Meu Drive\RADIO TJRN CONTEÚDO\00_PRODUCAO_2026\01_BOLETINS_DIARIOS\03_AUDIOS_RADIO\01 - JAN - 26\14 01 - QUA
JANEIRO,NJUD N/A,BOLETIM_RADIO_TJRN_14_01_2026_B4_CONDENACAO_JOALHEIRO_INDENIZACAO_CLIENTE.mp3,14_01_2026,CONDENACAO_JOALHEIRO_INDENIZACAO_CLIENTE,,TJRN,NAO,H:\Meu Drive\RADIO TJRN CONTEÚDO\00_PRODUCAO_2026\01_BOLETINS_DIARIOS\03_AUDIOS_RADIO\01 - JAN - 26\14 01 - QUA
JANEIRO,NJUD N/A,BOLETIM_RADIO_TJRN_14_01_2026_B4_CONDENACAO_JOALHEIRO_INDENIZACAO_CLIENTE_v2.mp3,14_01_2026,CONDENACAO_JOALHEIRO_INDENIZACAO_CLIENTE_v2,,TJRN,NAO,H:\Meu Drive\RADIO TJRN CONTEÚDO\00_PRODUCAO_2026\01_BOLETINS_DIARIOS\03_AUDIOS_RADIO\01 - JAN - 26\14 01 - QUA
JANEIRO,NJUD N/A,BOLETIM_RADIO_TJRN_14_01_2026_B5_DOCUMENTO_POS_MORTE.mp3,14_01_2026,DOCUMENTO_POS_MORTE,,TJRN,NAO,H:\Meu Drive\RADIO TJRN CONTEÚDO\00_PRODUCAO_2026\01_BOLETINS_DIARIOS\03_AUDIOS_RADIO\01 - JAN - 26\14 01 - QUA
JANEIRO,NJUD N/A,BOLETIM_RADIO_TJRN_14_01_2026_B5_DOCUMENTO_POS_MORTE_v2.mp3,14_01_2026,DOCUMENTO_POS_MORTE_v2,,TJRN,NAO,H:\Meu Drive\RADIO TJRN CONTEÚDO\00_PRODUCAO_2026\01_BOLETINS_DIARIOS\03_AUDIOS_RADIO\01 - JAN - 26\14 01 - QUA
JANEIRO,NJUD N/A,BOLETIM_RADIO_TJRN_14_01_2026_B6_INDENIZACAO_USO_IMAGEM_SEM_AUTORIZACAO.mp3,14_01_2026,INDENIZACAO_USO_IMAGEM_SEM_AUTORIZACAO,,TJRN,NAO,H:\Meu Drive\RADIO TJRN CONTEÚDO\00_PRODUCAO_2026\01_BOLETINS_DIARIOS\03_AUDIOS_RADIO\01 - JAN - 26\14 01 - QUA
JANEIRO,NJUD N/A,BOLETIM_RADIO_TJRN_14_01_2026_B6_INDENIZACAO_USO_IMAGEM_SEM_AUTORIZACAO_v2.mp3,14_01_2026,INDENIZACAO_USO_IMAGEM_SEM_AUTORIZACAO_v2,,TJRN,NAO,H:\Meu Drive\RADIO TJRN CONTEÚDO\00_PRODUCAO_2026\01_BOLETINS_DIARIOS\03_AUDIOS_RADIO\01 - JAN - 26\14 01 - QUA
JANEIRO,NJUD N/A,BOLETIM_RADIO_TJRN_14_01_2026_B7_PENAS_PECUNIARIAS.mp3,14_01_2026,PENAS_PECUNIARIAS,,TJRN,NAO,H:\Meu Drive\RADIO TJRN CONTEÚDO\00_PRODUCAO_2026\01_BOLETINS_DIARIOS\03_AUDIOS_RADIO\01 - JAN - 26\14 01 - QUA
JANEIRO,NJUD N/A,BOLETIM_RADIO_TJRN_14_01_2026_B7_PENAS_PECUNIARIAS_v2.mp3,14_01_2026,PENAS_PECUNIARIAS_v2,,TJRN,NAO,H:\Meu Drive\RADIO TJRN CONTEÚDO\00_PRODUCAO_2026\01_BOLETINS_DIARIOS\03_AUDIOS_RADIO\01 - JAN - 26\14 01 - QUA
JANEIRO,NJUD N/A,BOLETIM_RADIO_TJRN_14_01_2026_B8_TJRN_POSSE_GESTAO_DEFENSORIA_PUBLICA.mp3,14_01_2026,TJRN_POSSE_GESTAO_DEFENSORIA_PUBLICA,,TJRN,NAO,H:\Meu Drive\RADIO TJRN CONTEÚDO\00_PRODUCAO_2026\01_BOLETINS_DIARIOS\03_AUDIOS_RADIO\01 - JAN - 26\14 01 - QUA
JANEIRO,NJUD N/A,BOLETIM_RADIO_TJRN_14_01_2026_B8_TJRN_POSSE_GESTAO_DEFENSORIA_PUBLICA_v2.mp3,14_01_2026,TJRN_POSSE_GESTAO_DEFENSORIA_PUBLICA_v2,,TJRN,NAO,H:\Meu Drive\RADIO TJRN CONTEÚDO\00_PRODUCAO_2026\01_BOLETINS_DIARIOS\03_AUDIOS_RADIO\01 - JAN - 26\14 01 - QUA
JANEIRO,NJUD N/A,BOLETIM_RADIO_TJRN_14_01_2026_B9_PAPEL_TJRN_OUVIDORIA.mp3,14_01_2026,PAPEL_TJRN_OUVIDORIA,,TJRN,NAO,H:\Meu Drive\RADIO TJRN CONTEÚDO\00_PRODUCAO_2026\01_BOLETINS_DIARIOS\03_AUDIOS_RADIO\01 - JAN - 26\14 01 - QUA
JANEIRO,NJUD N/A,BOLETIM_RADIO_TJRN_14_01_2026_B9_PAPEL_TJRN_OUVIDORIA_v2.mp3,14_01_2026,PAPEL_TJRN_OUVIDORIA_v2,,TJRN,NAO,H:\Meu Drive\RADIO TJRN CONTEÚDO\00_PRODUCAO_2026\01_BOLETINS_DIARIOS\03_AUDIOS_RADIO\01 - JAN - 26\14 01 - QUA
JANEIRO,NJUD N/A,BOLETIM_RADIO_TJRN_15_01_2026_B10_MPRN_DIALOGO_EDUCACAO_COVID_19.mp3,15_01_2026,MPRN_DIALOGO_EDUCACAO_COVID_19,,TJRN,NAO,H:\Meu Drive\RADIO TJRN CONTEÚDO\00_PRODUCAO_2026\01_BOLETINS_DIARIOS\03_AUDIOS_RADIO\01 - JAN - 26\15 01 - QUI
JANEIRO,NJUD N/A,BOLETIM_RADIO_TJRN_15_01_2026_B10_MPRN_DIALOGO_EDUCACAO_COVID_19_v2.mp3,15_01_2026,MPRN_DIALOGO_EDUCACAO_COVID_19_v2,,TJRN,NAO,H:\Meu Drive\RADIO TJRN CONTEÚDO\00_PRODUCAO_2026\01_BOLETINS_DIARIOS\03_AUDIOS_RADIO\01 - JAN - 26\15 01 - QUI
JANEIRO,NJUD N/A,BOLETIM_RADIO_TJRN_15_01_2026_B1_IPEM_FISCALIZA_INSTRUMENTOS_MEDICAO_.mp3,15_01_2026,IPEM_FISCALIZA_INSTRUMENTOS_MEDICAO,,TJRN,NAO,H:\Meu Drive\RADIO TJRN CONTEÚDO\00_PRODUCAO_2026\01_BOLETINS_DIARIOS\03_AUDIOS_RADIO\01 - JAN - 26\15 01 - QUI
JANEIRO,NJUD N/A,BOLETIM_RADIO_TJRN_15_01_2026_B1_IPEM_FISCALIZA_INSTRUMENTOS_MEDICAO__v2.mp3,15_01_2026,IPEM_FISCALIZA_INSTRUMENTOS_MEDICAO__v2,,TJRN,NAO,H:\Meu Drive\RADIO TJRN CONTEÚDO\00_PRODUCAO_2026\01_BOLETINS_DIARIOS\03_AUDIOS_RADIO\01 - JAN - 26\15 01 - QUI
JANEIRO,NJUD N/A,BOLETIM_RADIO_TJRN_15_01_2026_B2_TRTRN_INVENTARIO_PROCESSOS_ORGANIZACIONAIS_.mp3,15_01_2026,TRTRN_INVENTARIO_PROCESSOS_ORGANIZACIONAIS,,TJRN,NAO,H:\Meu Drive\RADIO TJRN CONTEÚDO\00_PRODUCAO_2026\01_BOLETINS_DIARIOS\03_AUDIOS_RADIO\01 - JAN - 26\15 01 - QUI
JANEIRO,NJUD N/A,BOLETIM_RADIO_TJRN_15_01_2026_B2_TRTRN_INVENTARIO_PROCESSOS_ORGANIZACIONAIS__v2.mp3,15_01_2026,TRTRN_INVENTARIO_PROCESSOS_ORGANIZACIONAIS__v2,,TJRN,NAO,H:\Meu Drive\RADIO TJRN CONTEÚDO\00_PRODUCAO_2026\01_BOLETINS_DIARIOS\03_AUDIOS_RADIO\01 - JAN - 26\15 01 - QUI
JANEIRO,NJUD N/A,BOLETIM_RADIO_TJRN_15_01_2026_B3_DPERN_NOVO_DEFENSOR_.mp3,15_01_2026,DPERN_NOVO_DEFENSOR,,TJRN,NAO,H:\Meu Drive\RADIO TJRN CONTEÚDO\00_PRODUCAO_2026\01_BOLETINS_DIARIOS\03_AUDIOS_RADIO\01 - JAN - 26\15 01 - QUI
JANEIRO,NJUD N/A,BOLETIM_RADIO_TJRN_15_01_2026_B3_DPERN_NOVO_DEFENSOR__v2.mp3,15_01_2026,DPERN_NOVO_DEFENSOR__v2,,TJRN,NAO,H:\Meu Drive\RADIO TJRN CONTEÚDO\00_PRODUCAO_2026\01_BOLETINS_DIARIOS\03_AUDIOS_RADIO\01 - JAN - 26\15 01 - QUI
JANEIRO,NJUD N/A,BOLETIM_RADIO_TJRN_15_01_2026_B4_MPRN_REGULARIZACAO_EXAMES_TARCISIO_MAIA_.mp3,15_01_2026,MPRN_REGULARIZACAO_EXAMES_TARCISIO_MAIA,,TJRN,NAO,H:\Meu Drive\RADIO TJRN CONTEÚDO\00_PRODUCAO_2026\01_BOLETINS_DIARIOS\03_AUDIOS_RADIO\01 - JAN - 26\15 01 - QUI
JANEIRO,NJUD N/A,BOLETIM_RADIO_TJRN_15_01_2026_B4_MPRN_REGULARIZACAO_EXAMES_TARCISIO_MAIA__v2.mp3,15_01_2026,MPRN_REGULARIZACAO_EXAMES_TARCISIO_MAIA__v2,,TJRN,NAO,H:\Meu Drive\RADIO TJRN CONTEÚDO\00_PRODUCAO_2026\01_BOLETINS_DIARIOS\03_AUDIOS_RADIO\01 - JAN - 26\15 01 - QUI
JANEIRO,NJUD N/A,BOLETIM_RADIO_TJRN_15_01_2026_B5_REPOJURN_QUALIS_CAPES_.mp3,15_01_2026,REPOJURN_QUALIS_CAPES,,TJRN,NAO,H:\Meu Drive\RADIO TJRN CONTEÚDO\00_PRODUCAO_2026\01_BOLETINS_DIARIOS\03_AUDIOS_RADIO\01 - JAN - 26\15 01 - QUI
JANEIRO,NJUD N/A,BOLETIM_RADIO_TJRN_15_01_2026_B5_REPOJURN_QUALIS_CAPES__v2.mp3,15_01_2026,REPOJURN_QUALIS_CAPES__v2,,TJRN,NAO,H:\Meu Drive\RADIO TJRN CONTEÚDO\00_PRODUCAO_2026\01_BOLETINS_DIARIOS\03_AUDIOS_RADIO\01 - JAN - 26\15 01 - QUI
JANEIRO,NJUD N/A,BOLETIM_RADIO_TJRN_15_01_2026_B6_ESCOLA_NEGATIVACAO_INDEVIDA.mp3,15_01_2026,ESCOLA_NEGATIVACAO_INDEVIDA,,TJRN,NAO,H:\Meu Drive\RADIO TJRN CONTEÚDO\00_PRODUCAO_2026\01_BOLETINS_DIARIOS\03_AUDIOS_RADIO\01 - JAN - 26\15 01 - QUI
JANEIRO,NJUD N/A,BOLETIM_RADIO_TJRN_15_01_2026_B6_ESCOLA_NEGATIVACAO_INDEVIDA_v2.mp3,15_01_2026,ESCOLA_NEGATIVACAO_INDEVIDA_v2,,TJRN,NAO,H:\Meu Drive\RADIO TJRN CONTEÚDO\00_PRODUCAO_2026\01_BOLETINS_DIARIOS\03_AUDIOS_RADIO\01 - JAN - 26\15 01 - QUI
JANEIRO,NJUD N/A,BOLETIM_RADIO_TJRN_15_01_2026_B7_ASSADOR_PIZZA_DEFEITO.mp3,15_01_2026,ASSADOR_PIZZA_DEFEITO,,TJRN,NAO,H:\Meu Drive\RADIO TJRN CONTEÚDO\00_PRODUCAO_2026\01_BOLETINS_DIARIOS\03_AUDIOS_RADIO\01 - JAN - 26\15 01 - QUI
JANEIRO,NJUD N/A,BOLETIM_RADIO_TJRN_15_01_2026_B7_ASSADOR_PIZZA_DEFEITO_v2.mp3,15_01_2026,ASSADOR_PIZZA_DEFEITO_v2,,TJRN,NAO,H:\Meu Drive\RADIO TJRN CONTEÚDO\00_PRODUCAO_2026\01_BOLETINS_DIARIOS\03_AUDIOS_RADIO\01 - JAN - 26\15 01 - QUI
JANEIRO,NJUD N/A,BOLETIM_RADIO_TJRN_15_01_2026_B8_CAERN_ACIDENTE_BUEIRO.mp3,15_01_2026,CAERN_ACIDENTE_BUEIRO,,TJRN,NAO,H:\Meu Drive\RADIO TJRN CONTEÚDO\00_PRODUCAO_2026\01_BOLETINS_DIARIOS\03_AUDIOS_RADIO\01 - JAN - 26\15 01 - QUI
JANEIRO,NJUD N/A,BOLETIM_RADIO_TJRN_15_01_2026_B8_CAERN_ACIDENTE_BUEIRO_v2.mp3,15_01_2026,CAERN_ACIDENTE_BUEIRO_v2,,TJRN,NAO,H:\Meu Drive\RADIO TJRN CONTEÚDO\00_PRODUCAO_2026\01_BOLETINS_DIARIOS\03_AUDIOS_RADIO\01 - JAN - 26\15 01 - QUI
JANEIRO,NJUD N/A,BOLETIM_RADIO_TJRN_15_01_2026_B9_PREMIO_CNJ_QUALIDADE.mp3,15_01_2026,PREMIO_CNJ_QUALIDADE,,TJRN,NAO,H:\Meu Drive\RADIO TJRN CONTEÚDO\00_PRODUCAO_2026\01_BOLETINS_DIARIOS\03_AUDIOS_RADIO\01 - JAN - 26\15 01 - QUI
JANEIRO,NJUD N/A,BOLETIM_RADIO_TJRN_15_01_2026_B9_PREMIO_CNJ_QUALIDADE_v2.mp3,15_01_2026,PREMIO_CNJ_QUALIDADE_v2,,TJRN,NAO,H:\Meu Drive\RADIO TJRN CONTEÚDO\00_PRODUCAO_2026\01_BOLETINS_DIARIOS\03_AUDIOS_RADIO\01 - JAN - 26\15 01 - QUI
JANEIRO,NJUD N/A,BOLETIM_RADIO_TJRN_16_01_2026_B10_DIREITOS_HUMANOS_CNJ.mp3,16_01_2026,DIREITOS_HUMANOS_CNJ,,TJRN,NAO,H:\Meu Drive\RADIO TJRN CONTEÚDO\00_PRODUCAO_2026\01_BOLETINS_DIARIOS\03_AUDIOS_RADIO\01 - JAN - 26\16 01 - SEX
JANEIRO,NJUD N/A,BOLETIM_RADIO_TJRN_16_01_2026_B10_DIREITOS_HUMANOS_CNJ_v2.mp3,16_01_2026,DIREITOS_HUMANOS_CNJ_v2,,TJRN,NAO,H:\Meu Drive\RADIO TJRN CONTEÚDO\00_PRODUCAO_2026\01_BOLETINS_DIARIOS\03_AUDIOS_RADIO\01 - JAN - 26\16 01 - SEX
JANEIRO,NJUD N/A,BOLETIM_RADIO_TJRN_16_01_2026_B1_PLANTAO_JUDICIARIO_SABADO_.mp3,16_01_2026,PLANTAO_JUDICIARIO_SABADO,,TJRN,NAO,H:\Meu Drive\RADIO TJRN CONTEÚDO\00_PRODUCAO_2026\01_BOLETINS_DIARIOS\03_AUDIOS_RADIO\01 - JAN - 26\16 01 - SEX
JANEIRO,NJUD N/A,BOLETIM_RADIO_TJRN_16_01_2026_B1_PLANTAO_JUDICIARIO_SABADO__v2.mp3,16_01_2026,PLANTAO_JUDICIARIO_SABADO__v2,,TJRN,NAO,H:\Meu Drive\RADIO TJRN CONTEÚDO\00_PRODUCAO_2026\01_BOLETINS_DIARIOS\03_AUDIOS_RADIO\01 - JAN - 26\16 01 - SEX
JANEIRO,NJUD N/A,BOLETIM_RADIO_TJRN_16_01_2026_B2_ESMARN_2025_NOVAS_PARCERIAS__v2.mp3,16_01_2026,ESMARN_2025_NOVAS_PARCERIAS__v2,,TJRN,NAO,H:\Meu Drive\RADIO TJRN CONTEÚDO\00_PRODUCAO_2026\01_BOLETINS_DIARIOS\03_AUDIOS_RADIO\01 - JAN - 26\16 01 - SEX
JANEIRO,NJUD N/A,BOLETIM_RADIO_TJRN_16_01_2026_B2_ESMARN_2026_NOVAS_PARCERIAS_.mp3,16_01_2026,ESMARN_2026_NOVAS_PARCERIAS,,TJRN,NAO,H:\Meu Drive\RADIO TJRN CONTEÚDO\00_PRODUCAO_2026\01_BOLETINS_DIARIOS\03_AUDIOS_RADIO\01 - JAN - 26\16 01 - SEX
JANEIRO,NJUD N/A,BOLETIM_RADIO_TJRN_16_01_2026_B3_DPERN_EDITAL_FORMACAO_.mp3,16_01_2026,DPERN_EDITAL_FORMACAO,,TJRN,NAO,H:\Meu Drive\RADIO TJRN CONTEÚDO\00_PRODUCAO_2026\01_BOLETINS_DIARIOS\03_AUDIOS_RADIO\01 - JAN - 26\16 01 - SEX
JANEIRO,NJUD N/A,BOLETIM_RADIO_TJRN_16_01_2026_B3_DPERN_EDITAL_FORMACAO__v2.mp3,16_01_2026,DPERN_EDITAL_FORMACAO__v2,,TJRN,NAO,H:\Meu Drive\RADIO TJRN CONTEÚDO\00_PRODUCAO_2026\01_BOLETINS_DIARIOS\03_AUDIOS_RADIO\01 - JAN - 26\16 01 - SEX
JANEIRO,NJUD N/A,BOLETIM_RADIO_TJRN_16_01_2026_B4_TRTRN_ACOES_POPULACAO_DE_RUA.mp3,16_01_2026,TRTRN_ACOES_POPULACAO_DE_RUA,,TJRN,NAO,H:\Meu Drive\RADIO TJRN CONTEÚDO\00_PRODUCAO_2026\01_BOLETINS_DIARIOS\03_AUDIOS_RADIO\01 - JAN - 26\16 01 - SEX
JANEIRO,NJUD N/A,BOLETIM_RADIO_TJRN_16_01_2026_B4_TRTRN_ACOES_POPULACAO_DE_RUA_v2.mp3,16_01_2026,TRTRN_ACOES_POPULACAO_DE_RUA_v2,,TJRN,NAO,H:\Meu Drive\RADIO TJRN CONTEÚDO\00_PRODUCAO_2026\01_BOLETINS_DIARIOS\03_AUDIOS_RADIO\01 - JAN - 26\16 01 - SEX
JANEIRO,NJUD N/A,BOLETIM_RADIO_TJRN_16_01_2026_B5_CNJ_CONCILIAR_E_LEGAL.mp3,16_01_2026,CNJ_CONCILIAR_E_LEGAL,,TJRN,NAO,H:\Meu Drive\RADIO TJRN CONTEÚDO\00_PRODUCAO_2026\01_BOLETINS_DIARIOS\03_AUDIOS_RADIO\01 - JAN - 26\16 01 - SEX
JANEIRO,NJUD N/A,BOLETIM_RADIO_TJRN_16_01_2026_B5_CNJ_CONCILIAR_E_LEGAL_v2.mp3,16_01_2026,CNJ_CONCILIAR_E_LEGAL_v2,,TJRN,NAO,H:\Meu Drive\RADIO TJRN CONTEÚDO\00_PRODUCAO_2026\01_BOLETINS_DIARIOS\03_AUDIOS_RADIO\01 - JAN - 26\16 01 - SEX
JANEIRO,NJUD N/A,BOLETIM_RADIO_TJRN_16_01_2026_B5_NOVAS_PARCERIAS_PEDAGOGICAS_ESMARN.mp3,16_01_2026,NOVAS_PARCERIAS_PEDAGOGICAS_ESMARN,,TJRN,NAO,H:\Meu Drive\RADIO TJRN CONTEÚDO\00_PRODUCAO_2026\01_BOLETINS_DIARIOS\03_AUDIOS_RADIO\01 - JAN - 26\16 01 - SEX
JANEIRO,NJUD N/A,BOLETIM_RADIO_TJRN_16_01_2026_B5_NOVAS_PARCERIAS_PEDAGOGICAS_ESMARN_v2.mp3,16_01_2026,NOVAS_PARCERIAS_PEDAGOGICAS_ESMARN_v2,,TJRN,NAO,H:\Meu Drive\RADIO TJRN CONTEÚDO\00_PRODUCAO_2026\01_BOLETINS_DIARIOS\03_AUDIOS_RADIO\01 - JAN - 26\16 01 - SEX
JANEIRO,NJUD N/A,BOLETIM_RADIO_TJRN_16_01_2026_B6_INDENIZACAO_MECANICO_FALTA_PAGAMENTO.mp3,16_01_2026,INDENIZACAO_MECANICO_FALTA_PAGAMENTO,,TJRN,NAO,H:\Meu Drive\RADIO TJRN CONTEÚDO\00_PRODUCAO_2026\01_BOLETINS_DIARIOS\03_AUDIOS_RADIO\01 - JAN - 26\16 01 - SEX
JANEIRO,NJUD N/A,BOLETIM_RADIO_TJRN_16_01_2026_B6_INDENIZACAO_MECANICO_FALTA_PAGAMENTO_v2.mp3,16_01_2026,INDENIZACAO_MECANICO_FALTA_PAGAMENTO_v2,,TJRN,NAO,H:\Meu Drive\RADIO TJRN CONTEÚDO\00_PRODUCAO_2026\01_BOLETINS_DIARIOS\03_AUDIOS_RADIO\01 - JAN - 26\16 01 - SEX
JANEIRO,NJUD N/A,BOLETIM_RADIO_TJRN_16_01_2026_B7_DANOS_MORAIS_IDOSA_ATRASO_VOO.mp3,16_01_2026,DANOS_MORAIS_IDOSA_ATRASO_VOO,,TJRN,NAO,H:\Meu Drive\RADIO TJRN CONTEÚDO\00_PRODUCAO_2026\01_BOLETINS_DIARIOS\03_AUDIOS_RADIO\01 - JAN - 26\16 01 - SEX
JANEIRO,NJUD N/A,BOLETIM_RADIO_TJRN_16_01_2026_B7_DANOS_MORAIS_IDOSA_ATRASO_VOO_v2.mp3,16_01_2026,DANOS_MORAIS_IDOSA_ATRASO_VOO_v2,,TJRN,NAO,H:\Meu Drive\RADIO TJRN CONTEÚDO\00_PRODUCAO_2026\01_BOLETINS_DIARIOS\03_AUDIOS_RADIO\01 - JAN - 26\16 01 - SEX
JANEIRO,NJUD N/A,BOLETIM_RADIO_TJRN_16_01_2026_B8_CONDENACAO_SUPLEMENTO_IMPROPRIO.mp3,16_01_2026,CONDENACAO_SUPLEMENTO_IMPROPRIO,,TJRN,NAO,H:\Meu Drive\RADIO TJRN CONTEÚDO\00_PRODUCAO_2026\01_BOLETINS_DIARIOS\03_AUDIOS_RADIO\01 - JAN - 26\16 01 - SEX
JANEIRO,NJUD N/A,BOLETIM_RADIO_TJRN_16_01_2026_B8_CONDENACAO_SUPLEMENTO_IMPROPRIO_v2.mp3,16_01_2026,CONDENACAO_SUPLEMENTO_IMPROPRIO_v2,,TJRN,NAO,H:\Meu Drive\RADIO TJRN CONTEÚDO\00_PRODUCAO_2026\01_BOLETINS_DIARIOS\03_AUDIOS_RADIO\01 - JAN - 26\16 01 - SEX
JANEIRO,NJUD N/A,BOLETIM_RADIO_TJRN_16_01_2026_B9_INCONSTITUCIONALIDADE_CONTRATACAO_SERVIDORES_CRUZETA.mp3,16_01_2026,INCONSTITUCIONALIDADE_CONTRATACAO_SERVIDORES_CRUZETA,,TJRN,NAO,H:\Meu Drive\RADIO TJRN CONTEÚDO\00_PRODUCAO_2026\01_BOLETINS_DIARIOS\03_AUDIOS_RADIO\01 - JAN - 26\16 01 - SEX
JANEIRO,NJUD N/A,BOLETIM_RADIO_TJRN_16_01_2026_B9_INCONSTITUCIONALIDADE_CONTRATACAO_SERVIDORES_CRUZETA_v2.mp3,16_01_2026,INCONSTITUCIONALIDADE_CONTRATACAO_SERVIDORES_CRUZETA_v2,,TJRN,NAO,H:\Meu Drive\RADIO TJRN CONTEÚDO\00_PRODUCAO_2026\01_BOLETINS_DIARIOS\03_AUDIOS_RADIO\01 - JAN - 26\16 01 - SEX
JANEIRO,NJUD N/A,BOLETIM_RADIO_TJRN_19_01_2026_B10_ESMARN_DOUTORADO_INTERINSTITUCIONAL_.mp3,19_01_2026,ESMARN_DOUTORADO_INTERINSTITUCIONAL,,TJRN,NAO,H:\Meu Drive\RADIO TJRN CONTEÚDO\00_PRODUCAO_2026\01_BOLETINS_DIARIOS\03_AUDIOS_RADIO\01 - JAN - 26\19 01 - SEG
JANEIRO,NJUD N/A,BOLETIM_RADIO_TJRN_19_01_2026_B10_ESMARN_DOUTORADO_INTERINSTITUCIONAL__v2.mp3,19_01_2026,ESMARN_DOUTORADO_INTERINSTITUCIONAL__v2,,TJRN,NAO,H:\Meu Drive\RADIO TJRN CONTEÚDO\00_PRODUCAO_2026\01_BOLETINS_DIARIOS\03_AUDIOS_RADIO\01 - JAN - 26\19 01 - SEG
JANEIRO,NJUD N/A,BOLETIM_RADIO_TJRN_19_01_2026_B1_CRESCIMENTO_ADOCOES_RN.mp3,19_01_2026,CRESCIMENTO_ADOCOES_RN,,TJRN,NAO,H:\Meu Drive\RADIO TJRN CONTEÚDO\00_PRODUCAO_2026\01_BOLETINS_DIARIOS\03_AUDIOS_RADIO\01 - JAN - 26\19 01 - SEG
JANEIRO,NJUD N/A,BOLETIM_RADIO_TJRN_19_01_2026_B1_CRESCIMENTO_ADOCOES_RN_v2.mp3,19_01_2026,CRESCIMENTO_ADOCOES_RN_v2,,TJRN,NAO,H:\Meu Drive\RADIO TJRN CONTEÚDO\00_PRODUCAO_2026\01_BOLETINS_DIARIOS\03_AUDIOS_RADIO\01 - JAN - 26\19 01 - SEG
JANEIRO,NJUD N/A,BOLETIM_RADIO_TJRN_19_01_2026_B2_CONDENACAO_TROCA_NUMERO_TELEFONE.mp3,19_01_2026,CONDENACAO_TROCA_NUMERO_TELEFONE,,TJRN,NAO,H:\Meu Drive\RADIO TJRN CONTEÚDO\00_PRODUCAO_2026\01_BOLETINS_DIARIOS\03_AUDIOS_RADIO\01 - JAN - 26\19 01 - SEG
JANEIRO,NJUD N/A,BOLETIM_RADIO_TJRN_19_01_2026_B2_CONDENACAO_TROCA_NUMERO_TELEFONE_v2.mp3,19_01_2026,CONDENACAO_TROCA_NUMERO_TELEFONE_v2,,TJRN,NAO,H:\Meu Drive\RADIO TJRN CONTEÚDO\00_PRODUCAO_2026\01_BOLETINS_DIARIOS\03_AUDIOS_RADIO\01 - JAN - 26\19 01 - SEG
JANEIRO,NJUD N/A,BOLETIM_RADIO_TJRN_19_01_2026_B3_PASSAGEIRO_INDENIZACAO_CANCELAMENTO_VOO.mp3,19_01_2026,PASSAGEIRO_INDENIZACAO_CANCELAMENTO_VOO,,TJRN,NAO,H:\Meu Drive\RADIO TJRN CONTEÚDO\00_PRODUCAO_2026\01_BOLETINS_DIARIOS\03_AUDIOS_RADIO\01 - JAN - 26\19 01 - SEG
JANEIRO,NJUD N/A,BOLETIM_RADIO_TJRN_19_01_2026_B3_PASSAGEIRO_INDENIZACAO_CANCELAMENTO_VOO_v2.mp3,19_01_2026,PASSAGEIRO_INDENIZACAO_CANCELAMENTO_VOO_v2,,TJRN,NAO,H:\Meu Drive\RADIO TJRN CONTEÚDO\00_PRODUCAO_2026\01_BOLETINS_DIARIOS\03_AUDIOS_RADIO\01 - JAN - 26\19 01 - SEG
JANEIRO,NJUD N/A,BOLETIM_RADIO_TJRN_19_01_2026_B4_OBRAS_ESCOLAS_TOUROS.mp3,19_01_2026,OBRAS_ESCOLAS_TOUROS,,TJRN,NAO,H:\Meu Drive\RADIO TJRN CONTEÚDO\00_PRODUCAO_2026\01_BOLETINS_DIARIOS\03_AUDIOS_RADIO\01 - JAN - 26\19 01 - SEG
JANEIRO,NJUD N/A,BOLETIM_RADIO_TJRN_19_01_2026_B4_OBRAS_ESCOLAS_TOUROS_v2.mp3,19_01_2026,OBRAS_ESCOLAS_TOUROS_v2,,TJRN,NAO,H:\Meu Drive\RADIO TJRN CONTEÚDO\00_PRODUCAO_2026\01_BOLETINS_DIARIOS\03_AUDIOS_RADIO\01 - JAN - 26\19 01 - SEG
JANEIRO,NJUD N/A,BOLETIM_RADIO_TJRN_19_01_2026_B5_JUIZADO_AEROPORTO_RESOLUTIVIDADE.mp3,19_01_2026,JUIZADO_AEROPORTO_RESOLUTIVIDADE,,TJRN,NAO,H:\Meu Drive\RADIO TJRN CONTEÚDO\00_PRODUCAO_2026\01_BOLETINS_DIARIOS\03_AUDIOS_RADIO\01 - JAN - 26\19 01 - SEG
JANEIRO,NJUD N/A,BOLETIM_RADIO_TJRN_19_01_2026_B5_JUIZADO_AEROPORTO_RESOLUTIVIDADE_v2.mp3,19_01_2026,JUIZADO_AEROPORTO_RESOLUTIVIDADE_v2,,TJRN,NAO,H:\Meu Drive\RADIO TJRN CONTEÚDO\00_PRODUCAO_2026\01_BOLETINS_DIARIOS\03_AUDIOS_RADIO\01 - JAN - 26\19 01 - SEG
JANEIRO,NJUD N/A,BOLETIM_RADIO_TJRN_19_01_2026_B6_TRTRN_MOVIMENTACOES_LEILAO.mp3,19_01_2026,TRTRN_MOVIMENTACOES_LEILAO,,TJRN,NAO,H:\Meu Drive\RADIO TJRN CONTEÚDO\00_PRODUCAO_2026\01_BOLETINS_DIARIOS\03_AUDIOS_RADIO\01 - JAN - 26\19 01 - SEG
JANEIRO,NJUD N/A,BOLETIM_RADIO_TJRN_19_01_2026_B6_TRTRN_MOVIMENTACOES_LEILAO_v2.mp3,19_01_2026,TRTRN_MOVIMENTACOES_LEILAO_v2,,TJRN,NAO,H:\Meu Drive\RADIO TJRN CONTEÚDO\00_PRODUCAO_2026\01_BOLETINS_DIARIOS\03_AUDIOS_RADIO\01 - JAN - 26\19 01 - SEG
JANEIRO,NJUD N/A,BOLETIM_RADIO_TJRN_19_01_2026_B7_TJRN_SUSPENDE_LICITACAO_LIMPEZA_.mp3,19_01_2026,TJRN_SUSPENDE_LICITACAO_LIMPEZA,,TJRN,NAO,H:\Meu Drive\RADIO TJRN CONTEÚDO\00_PRODUCAO_2026\01_BOLETINS_DIARIOS\03_AUDIOS_RADIO\01 - JAN - 26\19 01 - SEG
JANEIRO,NJUD N/A,BOLETIM_RADIO_TJRN_19_01_2026_B7_TJRN_SUSPENDE_LICITACAO_LIMPEZA__v2.mp3,19_01_2026,TJRN_SUSPENDE_LICITACAO_LIMPEZA__v2,,TJRN,NAO,H:\Meu Drive\RADIO TJRN CONTEÚDO\00_PRODUCAO_2026\01_BOLETINS_DIARIOS\03_AUDIOS_RADIO\01 - JAN - 26\19 01 - SEG
JANEIRO,NJUD N/A,BOLETIM_RADIO_TJRN_19_01_2026_B8_DPERN_SELECAO_ESTAGIO_.mp3,19_01_2026,DPERN_SELECAO_ESTAGIO,,TJRN,NAO,H:\Meu Drive\RADIO TJRN CONTEÚDO\00_PRODUCAO_2026\01_BOLETINS_DIARIOS\03_AUDIOS_RADIO\01 - JAN - 26\19 01 - SEG
JANEIRO,NJUD N/A,BOLETIM_RADIO_TJRN_19_01_2026_B8_DPERN_SELECAO_ESTAGIO__v2.mp3,19_01_2026,DPERN_SELECAO_ESTAGIO__v2,,TJRN,NAO,H:\Meu Drive\RADIO TJRN CONTEÚDO\00_PRODUCAO_2026\01_BOLETINS_DIARIOS\03_AUDIOS_RADIO\01 - JAN - 26\19 01 - SEG
JANEIRO,NJUD N/A,BOLETIM_RADIO_TJRN_19_01_2026_B9_OABRN_CARTILHA_EDUCACAO_INCLUSIVA_.mp3,19_01_2026,OABRN_CARTILHA_EDUCACAO_INCLUSIVA,,TJRN,NAO,H:\Meu Drive\RADIO TJRN CONTEÚDO\00_PRODUCAO_2026\01_BOLETINS_DIARIOS\03_AUDIOS_RADIO\01 - JAN - 26\19 01 - SEG
JANEIRO,NJUD N/A,BOLETIM_RADIO_TJRN_19_01_2026_B9_OABRN_CARTILHA_EDUCACAO_INCLUSIVA__v2.mp3,19_01_2026,OABRN_CARTILHA_EDUCACAO_INCLUSIVA__v2,,TJRN,NAO,H:\Meu Drive\RADIO TJRN CONTEÚDO\00_PRODUCAO_2026\01_BOLETINS_DIARIOS\03_AUDIOS_RADIO\01 - JAN - 26\19 01 - SEG
JANEIRO,NJUD N/A,BOLETIM_RADIO_TJRN_20_01_2026_B10_ESCRITORES_CARCERE_ACADEMIA_ARTES_POTIGUAR (1).mp3,20_01_2026,ESCRITORES_CARCERE_ACADEMIA_ARTES_POTIGUAR (1),,TJRN,NAO,H:\Meu Drive\RADIO TJRN CONTEÚDO\00_PRODUCAO_2026\01_BOLETINS_DIARIOS\03_AUDIOS_RADIO\01 - JAN - 26\20 01 - TER
JANEIRO,NJUD N/A,BOLETIM_RADIO_TJRN_20_01_2026_B10_ESCRITORES_CARCERE_ACADEMIA_ARTES_POTIGUAR.mp3,20_01_2026,ESCRITORES_CARCERE_ACADEMIA_ARTES_POTIGUAR,,TJRN,NAO,H:\Meu Drive\RADIO TJRN CONTEÚDO\00_PRODUCAO_2026\01_BOLETINS_DIARIOS\03_AUDIOS_RADIO\01 - JAN - 26\20 01 - TER
JANEIRO,NJUD N/A,BOLETIM_RADIO_TJRN_20_01_2026_B10_ESCRITORES_CARCERE_ACADEMIA_ARTES_POTIGUAR_1782542961.mp3,20_01_2026,ESCRITORES_CARCERE_ACADEMIA_ARTES_POTIGUAR_1782542961,,TJRN,NAO,H:\Meu Drive\RADIO TJRN CONTEÚDO\00_PRODUCAO_2026\01_BOLETINS_DIARIOS\03_AUDIOS_RADIO\01 - JAN - 26\20 01 - TER
JANEIRO,NJUD N/A,BOLETIM_RADIO_TJRN_20_01_2026_B10_ESCRITORES_CARCERE_ACADEMIA_ARTES_POTIGUAR_RESTORED.mp3,20_01_2026,ESCRITORES_CARCERE_ACADEMIA_ARTES_POTIGUAR_RESTORED,,TJRN,NAO,H:\Meu Drive\RADIO TJRN CONTEÚDO\00_PRODUCAO_2026\01_BOLETINS_DIARIOS\03_AUDIOS_RADIO\01 - JAN - 26\20 01 - TER
JANEIRO,NJUD N/A,BOLETIM_RADIO_TJRN_20_01_2026_B10_ESCRITORES_CARCERE_ACADEMIA_ARTES_POTIGUAR_v2.mp3,20_01_2026,ESCRITORES_CARCERE_ACADEMIA_ARTES_POTIGUAR_v2,,TJRN,NAO,H:\Meu Drive\RADIO TJRN CONTEÚDO\00_PRODUCAO_2026\01_BOLETINS_DIARIOS\03_AUDIOS_RADIO\01 - JAN - 26\20 01 - TER
JANEIRO,NJUD N/A,BOLETIM_RADIO_TJRN_20_01_2026_B1_TRERN_PROTOCOLO_DENUNCIAS_FRAUDES_CORRUPCAO_.mp3,20_01_2026,TRERN_PROTOCOLO_DENUNCIAS_FRAUDES_CORRUPCAO,,TJRN,NAO,H:\Meu Drive\RADIO TJRN CONTEÚDO\00_PRODUCAO_2026\01_BOLETINS_DIARIOS\03_AUDIOS_RADIO\01 - JAN - 26\20 01 - TER
JANEIRO,NJUD N/A,BOLETIM_RADIO_TJRN_20_01_2026_B1_TRERN_PROTOCOLO_DENUNCIAS_FRAUDES_CORRUPCAO__v2.mp3,20_01_2026,TRERN_PROTOCOLO_DENUNCIAS_FRAUDES_CORRUPCAO__v2,,TJRN,NAO,H:\Meu Drive\RADIO TJRN CONTEÚDO\00_PRODUCAO_2026\01_BOLETINS_DIARIOS\03_AUDIOS_RADIO\01 - JAN - 26\20 01 - TER
JANEIRO,NJUD N/A,BOLETIM_RADIO_TJRN_20_01_2026_B2_CAERN_INDENIZACAO_FALHA_AREIA_BRANCA.mp3,20_01_2026,CAERN_INDENIZACAO_FALHA_AREIA_BRANCA,,TJRN,NAO,H:\Meu Drive\RADIO TJRN CONTEÚDO\00_PRODUCAO_2026\01_BOLETINS_DIARIOS\03_AUDIOS_RADIO\01 - JAN - 26\20 01 - TER
JANEIRO,NJUD N/A,BOLETIM_RADIO_TJRN_20_01_2026_B2_CAERN_INDENIZACAO_FALHA_AREIA_BRANCA_v2.mp3,20_01_2026,CAERN_INDENIZACAO_FALHA_AREIA_BRANCA_v2,,TJRN,NAO,H:\Meu Drive\RADIO TJRN CONTEÚDO\00_PRODUCAO_2026\01_BOLETINS_DIARIOS\03_AUDIOS_RADIO\01 - JAN - 26\20 01 - TER
JANEIRO,NJUD N/A,BOLETIM_RADIO_TJRN_20_01_2026_B3_COMPANHIA_AEREA_FALHAS_TAYLOR_SWIFT.mp3,20_01_2026,COMPANHIA_AEREA_FALHAS_TAYLOR_SWIFT,,TJRN,NAO,H:\Meu Drive\RADIO TJRN CONTEÚDO\00_PRODUCAO_2026\01_BOLETINS_DIARIOS\03_AUDIOS_RADIO\01 - JAN - 26\20 01 - TER
JANEIRO,NJUD N/A,BOLETIM_RADIO_TJRN_20_01_2026_B3_COMPANHIA_AEREA_FALHAS_TAYLOR_SWIFT_v2.mp3,20_01_2026,COMPANHIA_AEREA_FALHAS_TAYLOR_SWIFT_v2,,TJRN,NAO,H:\Meu Drive\RADIO TJRN CONTEÚDO\00_PRODUCAO_2026\01_BOLETINS_DIARIOS\03_AUDIOS_RADIO\01 - JAN - 26\20 01 - TER
JANEIRO,NJUD N/A,BOLETIM_RADIO_TJRN_20_01_2026_B4_CONDENACAO_ATAQUE_AO_VIVO.mp3,20_01_2026,CONDENACAO_ATAQUE_AO_VIVO,,TJRN,NAO,H:\Meu Drive\RADIO TJRN CONTEÚDO\00_PRODUCAO_2026\01_BOLETINS_DIARIOS\03_AUDIOS_RADIO\01 - JAN - 26\20 01 - TER
JANEIRO,NJUD N/A,BOLETIM_RADIO_TJRN_20_01_2026_B4_CONDENACAO_ATAQUE_AO_VIVO_v2.mp3,20_01_2026,CONDENACAO_ATAQUE_AO_VIVO_v2,,TJRN,NAO,H:\Meu Drive\RADIO TJRN CONTEÚDO\00_PRODUCAO_2026\01_BOLETINS_DIARIOS\03_AUDIOS_RADIO\01 - JAN - 26\20 01 - TER
JANEIRO,NJUD N/A,BOLETIM_RADIO_TJRN_20_01_2026_B5_ANULACAO_ELEICAO_SAO_JOSE.mp3,20_01_2026,ANULACAO_ELEICAO_SAO_JOSE,,TJRN,NAO,H:\Meu Drive\RADIO TJRN CONTEÚDO\00_PRODUCAO_2026\01_BOLETINS_DIARIOS\03_AUDIOS_RADIO\01 - JAN - 26\20 01 - TER
JANEIRO,NJUD N/A,BOLETIM_RADIO_TJRN_20_01_2026_B5_ANULACAO_ELEICAO_SAO_JOSE_v2.mp3,20_01_2026,ANULACAO_ELEICAO_SAO_JOSE_v2,,TJRN,NAO,H:\Meu Drive\RADIO TJRN CONTEÚDO\00_PRODUCAO_2026\01_BOLETINS_DIARIOS\03_AUDIOS_RADIO\01 - JAN - 26\20 01 - TER
JANEIRO,NJUD N/A,BOLETIM_RADIO_TJRN_20_01_2026_B6_PROJETOS_UPANEMA (1).mp3,20_01_2026,PROJETOS_UPANEMA (1),,TJRN,NAO,H:\Meu Drive\RADIO TJRN CONTEÚDO\00_PRODUCAO_2026\01_BOLETINS_DIARIOS\03_AUDIOS_RADIO\01 - JAN - 26\20 01 - TER
JANEIRO,NJUD N/A,BOLETIM_RADIO_TJRN_20_01_2026_B6_PROJETOS_UPANEMA.mp3,20_01_2026,PROJETOS_UPANEMA,,TJRN,NAO,H:\Meu Drive\RADIO TJRN CONTEÚDO\00_PRODUCAO_2026\01_BOLETINS_DIARIOS\03_AUDIOS_RADIO\01 - JAN - 26\20 01 - TER
JANEIRO,NJUD N/A,BOLETIM_RADIO_TJRN_20_01_2026_B6_PROJETOS_UPANEMA_1782542961.mp3,20_01_2026,PROJETOS_UPANEMA_1782542961,,TJRN,NAO,H:\Meu Drive\RADIO TJRN CONTEÚDO\00_PRODUCAO_2026\01_BOLETINS_DIARIOS\03_AUDIOS_RADIO\01 - JAN - 26\20 01 - TER
JANEIRO,NJUD N/A,BOLETIM_RADIO_TJRN_20_01_2026_B6_PROJETOS_UPANEMA_RESTORED.mp3,20_01_2026,PROJETOS_UPANEMA_RESTORED,,TJRN,NAO,H:\Meu Drive\RADIO TJRN CONTEÚDO\00_PRODUCAO_2026\01_BOLETINS_DIARIOS\03_AUDIOS_RADIO\01 - JAN - 26\20 01 - TER
JANEIRO,NJUD N/A,BOLETIM_RADIO_TJRN_20_01_2026_B6_PROJETOS_UPANEMA_v2.mp3,20_01_2026,PROJETOS_UPANEMA_v2,,TJRN,NAO,H:\Meu Drive\RADIO TJRN CONTEÚDO\00_PRODUCAO_2026\01_BOLETINS_DIARIOS\03_AUDIOS_RADIO\01 - JAN - 26\20 01 - TER
JANEIRO,NJUD N/A,BOLETIM_RADIO_TJRN_20_01_2026_B7_CNJ_INFOVOO (1).mp3,20_01_2026,CNJ_INFOVOO (1),,TJRN,NAO,H:\Meu Drive\RADIO TJRN CONTEÚDO\00_PRODUCAO_2026\01_BOLETINS_DIARIOS\03_AUDIOS_RADIO\01 - JAN - 26\20 01 - TER
JANEIRO,NJUD N/A,BOLETIM_RADIO_TJRN_20_01_2026_B7_CNJ_INFOVOO.mp3,20_01_2026,CNJ_INFOVOO,,TJRN,NAO,H:\Meu Drive\RADIO TJRN CONTEÚDO\00_PRODUCAO_2026\01_BOLETINS_DIARIOS\03_AUDIOS_RADIO\01 - JAN - 26\20 01 - TER
JANEIRO,NJUD N/A,BOLETIM_RADIO_TJRN_20_01_2026_B7_CNJ_INFOVOO_1782542961.mp3,20_01_2026,CNJ_INFOVOO_1782542961,,TJRN,NAO,H:\Meu Drive\RADIO TJRN CONTEÚDO\00_PRODUCAO_2026\01_BOLETINS_DIARIOS\03_AUDIOS_RADIO\01 - JAN - 26\20 01 - TER
JANEIRO,NJUD N/A,BOLETIM_RADIO_TJRN_20_01_2026_B7_CNJ_INFOVOO_RESTORED.mp3,20_01_2026,CNJ_INFOVOO_RESTORED,,TJRN,NAO,H:\Meu Drive\RADIO TJRN CONTEÚDO\00_PRODUCAO_2026\01_BOLETINS_DIARIOS\03_AUDIOS_RADIO\01 - JAN - 26\20 01 - TER
JANEIRO,NJUD N/A,BOLETIM_RADIO_TJRN_20_01_2026_B7_CNJ_INFOVOO_v2.mp3,20_01_2026,CNJ_INFOVOO_v2,,TJRN,NAO,H:\Meu Drive\RADIO TJRN CONTEÚDO\00_PRODUCAO_2026\01_BOLETINS_DIARIOS\03_AUDIOS_RADIO\01 - JAN - 26\20 01 - TER
JANEIRO,NJUD N/A,BOLETIM_RADIO_TJRN_20_01_2026_B8_PREMIO_CNJ_DE_QUALIDADE.mp3,20_01_2026,PREMIO_CNJ_DE_QUALIDADE,,TJRN,NAO,H:\Meu Drive\RADIO TJRN CONTEÚDO\00_PRODUCAO_2026\01_BOLETINS_DIARIOS\03_AUDIOS_RADIO\01 - JAN - 26\20 01 - TER
JANEIRO,NJUD N/A,BOLETIM_RADIO_TJRN_20_01_2026_B8_PREMIO_CNJ_DE_QUALIDADE_1782542961.mp3,20_01_2026,PREMIO_CNJ_DE_QUALIDADE_1782542961,,TJRN,NAO,H:\Meu Drive\RADIO TJRN CONTEÚDO\00_PRODUCAO_2026\01_BOLETINS_DIARIOS\03_AUDIOS_RADIO\01 - JAN - 26\20 01 - TER
JANEIRO,NJUD N/A,BOLETIM_RADIO_TJRN_20_01_2026_B8_PREMIO_CNJ_DE_QUALIDADE_RESTORED.mp3,20_01_2026,PREMIO_CNJ_DE_QUALIDADE_RESTORED,,TJRN,NAO,H:\Meu Drive\RADIO TJRN CONTEÚDO\00_PRODUCAO_2026\01_BOLETINS_DIARIOS\03_AUDIOS_RADIO\01 - JAN - 26\20 01 - TER
JANEIRO,NJUD N/A,BOLETIM_RADIO_TJRN_20_01_2026_B8_PREMIO_CNJ_DE_QUALIDADE_v2.mp3,20_01_2026,PREMIO_CNJ_DE_QUALIDADE_v2,,TJRN,NAO,H:\Meu Drive\RADIO TJRN CONTEÚDO\00_PRODUCAO_2026\01_BOLETINS_DIARIOS\03_AUDIOS_RADIO\01 - JAN - 26\20 01 - TER
JANEIRO,NJUD N/A,BOLETIM_RADIO_TJRN_20_01_2026_B9_PERFIL_DE_REDE_SOCIAL (1).mp3,20_01_2026,PERFIL_DE_REDE_SOCIAL (1),,TJRN,NAO,H:\Meu Drive\RADIO TJRN CONTEÚDO\00_PRODUCAO_2026\01_BOLETINS_DIARIOS\03_AUDIOS_RADIO\01 - JAN - 26\20 01 - TER
JANEIRO,NJUD N/A,BOLETIM_RADIO_TJRN_20_01_2026_B9_PERFIL_DE_REDE_SOCIAL.mp3,20_01_2026,PERFIL_DE_REDE_SOCIAL,,TJRN,NAO,H:\Meu Drive\RADIO TJRN CONTEÚDO\00_PRODUCAO_2026\01_BOLETINS_DIARIOS\03_AUDIOS_RADIO\01 - JAN - 26\20 01 - TER
JANEIRO,NJUD N/A,BOLETIM_RADIO_TJRN_20_01_2026_B9_PERFIL_DE_REDE_SOCIAL_1782542961.mp3,20_01_2026,PERFIL_DE_REDE_SOCIAL_1782542961,,TJRN,NAO,H:\Meu Drive\RADIO TJRN CONTEÚDO\00_PRODUCAO_2026\01_BOLETINS_DIARIOS\03_AUDIOS_RADIO\01 - JAN - 26\20 01 - TER
JANEIRO,NJUD N/A,BOLETIM_RADIO_TJRN_20_01_2026_B9_PERFIL_DE_REDE_SOCIAL_RESTORED.mp3,20_01_2026,PERFIL_DE_REDE_SOCIAL_RESTORED,,TJRN,NAO,H:\Meu Drive\RADIO TJRN CONTEÚDO\00_PRODUCAO_2026\01_BOLETINS_DIARIOS\03_AUDIOS_RADIO\01 - JAN - 26\20 01 - TER
JANEIRO,NJUD N/A,BOLETIM_RADIO_TJRN_20_01_2026_B9_PERFIL_DE_REDE_SOCIAL_v2.mp3,20_01_2026,PERFIL_DE_REDE_SOCIAL_v2,,TJRN,NAO,H:\Meu Drive\RADIO TJRN CONTEÚDO\00_PRODUCAO_2026\01_BOLETINS_DIARIOS\03_AUDIOS_RADIO\01 - JAN - 26\20 01 - TER
JANEIRO,NJUD N/A,BOLETIM_RADIO_TJRN_21_01_2026_B10_EXAME_PACIENTE_PARNAMIRIM.mp3,21_01_2026,EXAME_PACIENTE_PARNAMIRIM,,TJRN,NAO,H:\Meu Drive\RADIO TJRN CONTEÚDO\00_PRODUCAO_2026\01_BOLETINS_DIARIOS\03_AUDIOS_RADIO\01 - JAN - 26\21 01 - QUA
JANEIRO,NJUD N/A,BOLETIM_RADIO_TJRN_21_01_2026_B10_EXAME_PACIENTE_PARNAMIRIM_v2.mp3,21_01_2026,EXAME_PACIENTE_PARNAMIRIM_v2,,TJRN,NAO,H:\Meu Drive\RADIO TJRN CONTEÚDO\00_PRODUCAO_2026\01_BOLETINS_DIARIOS\03_AUDIOS_RADIO\01 - JAN - 26\21 01 - QUA
JANEIRO,NJUD N/A,BOLETIM_RADIO_TJRN_21_01_2026_B1_INDENIZACAO_FALTA_DE_ASSISTENCIA_VOO.mp3,21_01_2026,INDENIZACAO_FALTA_DE_ASSISTENCIA_VOO,,TJRN,NAO,H:\Meu Drive\RADIO TJRN CONTEÚDO\00_PRODUCAO_2026\01_BOLETINS_DIARIOS\03_AUDIOS_RADIO\01 - JAN - 26\21 01 - QUA
JANEIRO,NJUD N/A,BOLETIM_RADIO_TJRN_21_01_2026_B1_INDENIZACAO_FALTA_DE_ASSISTENCIA_VOO_v2.mp3,21_01_2026,INDENIZACAO_FALTA_DE_ASSISTENCIA_VOO_v2,,TJRN,NAO,H:\Meu Drive\RADIO TJRN CONTEÚDO\00_PRODUCAO_2026\01_BOLETINS_DIARIOS\03_AUDIOS_RADIO\01 - JAN - 26\21 01 - QUA
JANEIRO,NJUD N/A,BOLETIM_RADIO_TJRN_21_01_2026_B2_INDENIZACAO_TV_DANIFICADA.mp3,21_01_2026,INDENIZACAO_TV_DANIFICADA,,TJRN,NAO,H:\Meu Drive\RADIO TJRN CONTEÚDO\00_PRODUCAO_2026\01_BOLETINS_DIARIOS\03_AUDIOS_RADIO\01 - JAN - 26\21 01 - QUA
JANEIRO,NJUD N/A,BOLETIM_RADIO_TJRN_21_01_2026_B2_INDENIZACAO_TV_DANIFICADA_v2.mp3,21_01_2026,INDENIZACAO_TV_DANIFICADA_v2,,TJRN,NAO,H:\Meu Drive\RADIO TJRN CONTEÚDO\00_PRODUCAO_2026\01_BOLETINS_DIARIOS\03_AUDIOS_RADIO\01 - JAN - 26\21 01 - QUA
JANEIRO,NJUD N/A,BOLETIM_RADIO_TJRN_21_01_2026_B3_REATIVAR_PERFIL_5_DIAS.mp3,21_01_2026,REATIVAR_PERFIL_5_DIAS,,TJRN,NAO,H:\Meu Drive\RADIO TJRN CONTEÚDO\00_PRODUCAO_2026\01_BOLETINS_DIARIOS\03_AUDIOS_RADIO\01 - JAN - 26\21 01 - QUA
JANEIRO,NJUD N/A,BOLETIM_RADIO_TJRN_21_01_2026_B4_CLINICA_ODONTOLOGICA_CONDENADA.mp3,21_01_2026,CLINICA_ODONTOLOGICA_CONDENADA,,TJRN,NAO,H:\Meu Drive\RADIO TJRN CONTEÚDO\00_PRODUCAO_2026\01_BOLETINS_DIARIOS\03_AUDIOS_RADIO\01 - JAN - 26\21 01 - QUA
JANEIRO,NJUD N/A,BOLETIM_RADIO_TJRN_21_01_2026_B5_FACULDADE_DEVE_RESTABELECER_BOLSA.mp3,21_01_2026,FACULDADE_DEVE_RESTABELECER_BOLSA,,TJRN,NAO,H:\Meu Drive\RADIO TJRN CONTEÚDO\00_PRODUCAO_2026\01_BOLETINS_DIARIOS\03_AUDIOS_RADIO\01 - JAN - 26\21 01 - QUA
JANEIRO,NJUD N/A,BOLETIM_RADIO_TJRN_21_01_2026_B6_ACORDOS_UNIDADE_MOVEL_TRANSITO.mp3,21_01_2026,ACORDOS_UNIDADE_MOVEL_TRANSITO,,TJRN,NAO,H:\Meu Drive\RADIO TJRN CONTEÚDO\00_PRODUCAO_2026\01_BOLETINS_DIARIOS\03_AUDIOS_RADIO\01 - JAN - 26\21 01 - QUA
JANEIRO,NJUD N/A,BOLETIM_RADIO_TJRN_21_01_2026_B6_ACORDOS_UNIDADE_MOVEL_TRANSITO_v2.mp3,21_01_2026,ACORDOS_UNIDADE_MOVEL_TRANSITO_v2,,TJRN,NAO,H:\Meu Drive\RADIO TJRN CONTEÚDO\00_PRODUCAO_2026\01_BOLETINS_DIARIOS\03_AUDIOS_RADIO\01 - JAN - 26\21 01 - QUA
JANEIRO,NJUD N/A,BOLETIM_RADIO_TJRN_21_01_2026_B7_CONDENACAO_ROUBO_MOSSORO.mp3,21_01_2026,CONDENACAO_ROUBO_MOSSORO,,TJRN,NAO,H:\Meu Drive\RADIO TJRN CONTEÚDO\00_PRODUCAO_2026\01_BOLETINS_DIARIOS\03_AUDIOS_RADIO\01 - JAN - 26\21 01 - QUA
JANEIRO,NJUD N/A,BOLETIM_RADIO_TJRN_21_01_2026_B7_CONDENACAO_ROUBO_MOSSORO_v2.mp3,21_01_2026,CONDENACAO_ROUBO_MOSSORO_v2,,TJRN,NAO,H:\Meu Drive\RADIO TJRN CONTEÚDO\00_PRODUCAO_2026\01_BOLETINS_DIARIOS\03_AUDIOS_RADIO\01 - JAN - 26\21 01 - QUA
JANEIRO,NJUD N/A,BOLETIM_RADIO_TJRN_21_01_2026_B8_RETIRADA_POSTES_TOUROS.mp3,21_01_2026,RETIRADA_POSTES_TOUROS,,TJRN,NAO,H:\Meu Drive\RADIO TJRN CONTEÚDO\00_PRODUCAO_2026\01_BOLETINS_DIARIOS\03_AUDIOS_RADIO\01 - JAN - 26\21 01 - QUA
JANEIRO,NJUD N/A,BOLETIM_RADIO_TJRN_21_01_2026_B8_RETIRADA_POSTES_TOUROS_v2.mp3,21_01_2026,RETIRADA_POSTES_TOUROS_v2,,TJRN,NAO,H:\Meu Drive\RADIO TJRN CONTEÚDO\00_PRODUCAO_2026\01_BOLETINS_DIARIOS\03_AUDIOS_RADIO\01 - JAN - 26\21 01 - QUA
JANEIRO,NJUD N/A,BOLETIM_RADIO_TJRN_21_01_2026_B9_INDENIZACAO_CORTE_AGUA.mp3,21_01_2026,INDENIZACAO_CORTE_AGUA,,TJRN,NAO,H:\Meu Drive\RADIO TJRN CONTEÚDO\00_PRODUCAO_2026\01_BOLETINS_DIARIOS\03_AUDIOS_RADIO\01 - JAN - 26\21 01 - QUA
JANEIRO,NJUD N/A,BOLETIM_RADIO_TJRN_21_01_2026_B9_INDENIZACAO_CORTE_AGUA_v2.mp3,21_01_2026,INDENIZACAO_CORTE_AGUA_v2,,TJRN,NAO,H:\Meu Drive\RADIO TJRN CONTEÚDO\00_PRODUCAO_2026\01_BOLETINS_DIARIOS\03_AUDIOS_RADIO\01 - JAN - 26\21 01 - QUA
JANEIRO,NJUD N/A,BOLETIM_RADIO_TJRN_22_01_2026_B10_MPRN_DENUNCIA_SONEGACAO_FISCAL_.mp3,22_01_2026,MPRN_DENUNCIA_SONEGACAO_FISCAL,,TJRN,NAO,H:\Meu Drive\RADIO TJRN CONTEÚDO\00_PRODUCAO_2026\01_BOLETINS_DIARIOS\03_AUDIOS_RADIO\01 - JAN - 26\22 01 - QUI
JANEIRO,NJUD N/A,BOLETIM_RADIO_TJRN_22_01_2026_B10_MPRN_DENUNCIA_SONEGACAO_FISCAL__v2.mp3,22_01_2026,MPRN_DENUNCIA_SONEGACAO_FISCAL__v2,,TJRN,NAO,H:\Meu Drive\RADIO TJRN CONTEÚDO\00_PRODUCAO_2026\01_BOLETINS_DIARIOS\03_AUDIOS_RADIO\01 - JAN - 26\22 01 - QUI
JANEIRO,NJUD N/A,BOLETIM_RADIO_TJRN_22_01_2026_B1_3_MILHOES_UNIDADE_MOVEL_TRANSITO.mp3,22_01_2026,3_MILHOES_UNIDADE_MOVEL_TRANSITO,,TJRN,NAO,H:\Meu Drive\RADIO TJRN CONTEÚDO\00_PRODUCAO_2026\01_BOLETINS_DIARIOS\03_AUDIOS_RADIO\01 - JAN - 26\22 01 - QUI
JANEIRO,NJUD N/A,BOLETIM_RADIO_TJRN_22_01_2026_B1_3_MILHOES_UNIDADE_MOVEL_TRANSITO_v2.mp3,22_01_2026,3_MILHOES_UNIDADE_MOVEL_TRANSITO_v2,,TJRN,NAO,H:\Meu Drive\RADIO TJRN CONTEÚDO\00_PRODUCAO_2026\01_BOLETINS_DIARIOS\03_AUDIOS_RADIO\01 - JAN - 26\22 01 - QUI
JANEIRO,NJUD N/A,BOLETIM_RADIO_TJRN_22_01_2026_B2_CNJ_PROGRAMA_INTERNACIONAL_MAGISTRADAS.mp3,22_01_2026,CNJ_PROGRAMA_INTERNACIONAL_MAGISTRADAS,,TJRN,NAO,H:\Meu Drive\RADIO TJRN CONTEÚDO\00_PRODUCAO_2026\01_BOLETINS_DIARIOS\03_AUDIOS_RADIO\01 - JAN - 26\22 01 - QUI
JANEIRO,NJUD N/A,BOLETIM_RADIO_TJRN_22_01_2026_B2_CNJ_PROGRAMA_INTERNACIONAL_MAGISTRADAS_v2.mp3,22_01_2026,CNJ_PROGRAMA_INTERNACIONAL_MAGISTRADAS_v2,,TJRN,NAO,H:\Meu Drive\RADIO TJRN CONTEÚDO\00_PRODUCAO_2026\01_BOLETINS_DIARIOS\03_AUDIOS_RADIO\01 - JAN - 26\22 01 - QUI
JANEIRO,NJUD N/A,BOLETIM_RADIO_TJRN_22_01_2026_B3_CICLO_CURSOS_JUSTICA_4.mp3,22_01_2026,CICLO_CURSOS_JUSTICA_4,,TJRN,NAO,H:\Meu Drive\RADIO TJRN CONTEÚDO\00_PRODUCAO_2026\01_BOLETINS_DIARIOS\03_AUDIOS_RADIO\01 - JAN - 26\22 01 - QUI
JANEIRO,NJUD N/A,BOLETIM_RADIO_TJRN_22_01_2026_B3_CICLO_CURSOS_JUSTICA_4_v2.mp3,22_01_2026,CICLO_CURSOS_JUSTICA_4_v2,,TJRN,NAO,H:\Meu Drive\RADIO TJRN CONTEÚDO\00_PRODUCAO_2026\01_BOLETINS_DIARIOS\03_AUDIOS_RADIO\01 - JAN - 26\22 01 - QUI
JANEIRO,NJUD N/A,BOLETIM_RADIO_TJRN_22_01_2026_B4_PREMIO_MAIOR_COMUNIDADE_QUILOMBOLA.mp3,22_01_2026,PREMIO_MAIOR_COMUNIDADE_QUILOMBOLA,,TJRN,NAO,H:\Meu Drive\RADIO TJRN CONTEÚDO\00_PRODUCAO_2026\01_BOLETINS_DIARIOS\03_AUDIOS_RADIO\01 - JAN - 26\22 01 - QUI
JANEIRO,NJUD N/A,BOLETIM_RADIO_TJRN_22_01_2026_B4_PREMIO_MAIOR_COMUNIDADE_QUILOMBOLA_v2.mp3,22_01_2026,PREMIO_MAIOR_COMUNIDADE_QUILOMBOLA_v2,,TJRN,NAO,H:\Meu Drive\RADIO TJRN CONTEÚDO\00_PRODUCAO_2026\01_BOLETINS_DIARIOS\03_AUDIOS_RADIO\01 - JAN - 26\22 01 - QUI
JANEIRO,NJUD N/A,BOLETIM_RADIO_TJRN_22_01_2026_B5_TRTRN_PRAZOS_PROCESSUAIS_.mp3,22_01_2026,TRTRN_PRAZOS_PROCESSUAIS,,TJRN,NAO,H:\Meu Drive\RADIO TJRN CONTEÚDO\00_PRODUCAO_2026\01_BOLETINS_DIARIOS\03_AUDIOS_RADIO\01 - JAN - 26\22 01 - QUI
JANEIRO,NJUD N/A,BOLETIM_RADIO_TJRN_22_01_2026_B5_TRTRN_PRAZOS_PROCESSUAIS__v2.mp3,22_01_2026,TRTRN_PRAZOS_PROCESSUAIS__v2,,TJRN,NAO,H:\Meu Drive\RADIO TJRN CONTEÚDO\00_PRODUCAO_2026\01_BOLETINS_DIARIOS\03_AUDIOS_RADIO\01 - JAN - 26\22 01 - QUI
JANEIRO,NJUD N/A,BOLETIM_RADIO_TJRN_22_01_2026_B6_TRTRN_EDITAL_VENDA_DIRETA_BENS_.mp3,22_01_2026,TRTRN_EDITAL_VENDA_DIRETA_BENS,,TJRN,NAO,H:\Meu Drive\RADIO TJRN CONTEÚDO\00_PRODUCAO_2026\01_BOLETINS_DIARIOS\03_AUDIOS_RADIO\01 - JAN - 26\22 01 - QUI
JANEIRO,NJUD N/A,BOLETIM_RADIO_TJRN_22_01_2026_B6_TRTRN_EDITAL_VENDA_DIRETA_BENS__v2.mp3,22_01_2026,TRTRN_EDITAL_VENDA_DIRETA_BENS__v2,,TJRN,NAO,H:\Meu Drive\RADIO TJRN CONTEÚDO\00_PRODUCAO_2026\01_BOLETINS_DIARIOS\03_AUDIOS_RADIO\01 - JAN - 26\22 01 - QUI
JANEIRO,NJUD N/A,BOLETIM_RADIO_TJRN_22_01_2026_B7_DPERN_MEDICAMENTOS_SUS_.mp3,22_01_2026,DPERN_MEDICAMENTOS_SUS,,TJRN,NAO,H:\Meu Drive\RADIO TJRN CONTEÚDO\00_PRODUCAO_2026\01_BOLETINS_DIARIOS\03_AUDIOS_RADIO\01 - JAN - 26\22 01 - QUI
JANEIRO,NJUD N/A,BOLETIM_RADIO_TJRN_22_01_2026_B7_DPERN_MEDICAMENTOS_SUS__v2.mp3,22_01_2026,DPERN_MEDICAMENTOS_SUS__v2,,TJRN,NAO,H:\Meu Drive\RADIO TJRN CONTEÚDO\00_PRODUCAO_2026\01_BOLETINS_DIARIOS\03_AUDIOS_RADIO\01 - JAN - 26\22 01 - QUI
JANEIRO,NJUD N/A,BOLETIM_RADIO_TJRN_22_01_2026_B8_TSF_JULGAMENTOS_TEMAS_REPERCUSSAO_.mp3,22_01_2026,TSF_JULGAMENTOS_TEMAS_REPERCUSSAO,,TJRN,NAO,H:\Meu Drive\RADIO TJRN CONTEÚDO\00_PRODUCAO_2026\01_BOLETINS_DIARIOS\03_AUDIOS_RADIO\01 - JAN - 26\22 01 - QUI
JANEIRO,NJUD N/A,BOLETIM_RADIO_TJRN_22_01_2026_B8_TSF_JULGAMENTOS_TEMAS_REPERCUSSAO__1782542962.mp3,22_01_2026,TSF_JULGAMENTOS_TEMAS_REPERCUSSAO__1782542962,,TJRN,NAO,H:\Meu Drive\RADIO TJRN CONTEÚDO\00_PRODUCAO_2026\01_BOLETINS_DIARIOS\03_AUDIOS_RADIO\01 - JAN - 26\22 01 - QUI
JANEIRO,NJUD N/A,BOLETIM_RADIO_TJRN_22_01_2026_B8_TSF_JULGAMENTOS_TEMAS_REPERCUSSAO__v2.mp3,22_01_2026,TSF_JULGAMENTOS_TEMAS_REPERCUSSAO__v2,,TJRN,NAO,H:\Meu Drive\RADIO TJRN CONTEÚDO\00_PRODUCAO_2026\01_BOLETINS_DIARIOS\03_AUDIOS_RADIO\01 - JAN - 26\22 01 - QUI
JANEIRO,NJUD N/A,BOLETIM_RADIO_TJRN_22_01_2026_B9_TCERN_EXIGENCIA_TRANSPARENCIA_PARLAMENTARES.mp3,22_01_2026,TCERN_EXIGENCIA_TRANSPARENCIA_PARLAMENTARES,,TJRN,NAO,H:\Meu Drive\RADIO TJRN CONTEÚDO\00_PRODUCAO_2026\01_BOLETINS_DIARIOS\03_AUDIOS_RADIO\01 - JAN - 26\22 01 - QUI
JANEIRO,NJUD N/A,BOLETIM_RADIO_TJRN_22_01_2026_B9_TCERN_EXIGENCIA_TRANSPARENCIA_PARLAMENTARES_1782542962.mp3,22_01_2026,TCERN_EXIGENCIA_TRANSPARENCIA_PARLAMENTARES_1782542962,,TJRN,NAO,H:\Meu Drive\RADIO TJRN CONTEÚDO\00_PRODUCAO_2026\01_BOLETINS_DIARIOS\03_AUDIOS_RADIO\01 - JAN - 26\22 01 - QUI
JANEIRO,NJUD N/A,BOLETIM_RADIO_TJRN_22_01_2026_B9_TCERN_EXIGENCIA_TRANSPARENCIA_PARLAMENTARES_v2.mp3,22_01_2026,TCERN_EXIGENCIA_TRANSPARENCIA_PARLAMENTARES_v2,,TJRN,NAO,H:\Meu Drive\RADIO TJRN CONTEÚDO\00_PRODUCAO_2026\01_BOLETINS_DIARIOS\03_AUDIOS_RADIO\01 - JAN - 26\22 01 - QUI
JANEIRO,NJUD N/A,BOLETIM_RADIO_TJRN_23_01_2026_B10_ENCONTRO_COMBATE_TRABALHO_ESCRAVO.mp3,23_01_2026,ENCONTRO_COMBATE_TRABALHO_ESCRAVO,,TJRN,NAO,H:\Meu Drive\RADIO TJRN CONTEÚDO\00_PRODUCAO_2026\01_BOLETINS_DIARIOS\03_AUDIOS_RADIO\01 - JAN - 26\23 01 - SEX
JANEIRO,NJUD N/A,BOLETIM_RADIO_TJRN_23_01_2026_B10_ENCONTRO_COMBATE_TRABALHO_ESCRAVO_1782542962.mp3,23_01_2026,ENCONTRO_COMBATE_TRABALHO_ESCRAVO_1782542962,,TJRN,NAO,H:\Meu Drive\RADIO TJRN CONTEÚDO\00_PRODUCAO_2026\01_BOLETINS_DIARIOS\03_AUDIOS_RADIO\01 - JAN - 26\23 01 - SEX
JANEIRO,NJUD N/A,BOLETIM_RADIO_TJRN_23_01_2026_B1_GESTAO_DOCUMENTAL_RECICLAGEM.mp3,23_01_2026,GESTAO_DOCUMENTAL_RECICLAGEM,,TJRN,NAO,H:\Meu Drive\RADIO TJRN CONTEÚDO\00_PRODUCAO_2026\01_BOLETINS_DIARIOS\03_AUDIOS_RADIO\01 - JAN - 26\23 01 - SEX
JANEIRO,NJUD N/A,BOLETIM_RADIO_TJRN_23_01_2026_B1_GESTAO_DOCUMENTAL_RECICLAGEM_1782542962.mp3,23_01_2026,GESTAO_DOCUMENTAL_RECICLAGEM_1782542962,,TJRN,NAO,H:\Meu Drive\RADIO TJRN CONTEÚDO\00_PRODUCAO_2026\01_BOLETINS_DIARIOS\03_AUDIOS_RADIO\01 - JAN - 26\23 01 - SEX
JANEIRO,NJUD N/A,BOLETIM_RADIO_TJRN_23_01_2026_B1_GESTAO_DOCUMENTAL_RECICLAGEM_v2.mp3,23_01_2026,GESTAO_DOCUMENTAL_RECICLAGEM_v2,,TJRN,NAO,H:\Meu Drive\RADIO TJRN CONTEÚDO\00_PRODUCAO_2026\01_BOLETINS_DIARIOS\03_AUDIOS_RADIO\01 - JAN - 26\23 01 - SEX
JANEIRO,NJUD N/A,BOLETIM_RADIO_TJRN_23_01_2026_B2_PAGAMENTO_IPTU_PENDENTES.mp3,23_01_2026,PAGAMENTO_IPTU_PENDENTES,,TJRN,NAO,H:\Meu Drive\RADIO TJRN CONTEÚDO\00_PRODUCAO_2026\01_BOLETINS_DIARIOS\03_AUDIOS_RADIO\01 - JAN - 26\23 01 - SEX
JANEIRO,NJUD N/A,BOLETIM_RADIO_TJRN_23_01_2026_B2_PAGAMENTO_IPTU_PENDENTES_1782542962.mp3,23_01_2026,PAGAMENTO_IPTU_PENDENTES_1782542962,,TJRN,NAO,H:\Meu Drive\RADIO TJRN CONTEÚDO\00_PRODUCAO_2026\01_BOLETINS_DIARIOS\03_AUDIOS_RADIO\01 - JAN - 26\23 01 - SEX
JANEIRO,NJUD N/A,BOLETIM_RADIO_TJRN_23_01_2026_B2_PAGAMENTO_IPTU_PENDENTES_v2.mp3,23_01_2026,PAGAMENTO_IPTU_PENDENTES_v2,,TJRN,NAO,H:\Meu Drive\RADIO TJRN CONTEÚDO\00_PRODUCAO_2026\01_BOLETINS_DIARIOS\03_AUDIOS_RADIO\01 - JAN - 26\23 01 - SEX
JANEIRO,NJUD N/A,BOLETIM_RADIO_TJRN_23_01_2026_B3_INDENIZACAO_CANCER_PROSTATA.mp3,23_01_2026,INDENIZACAO_CANCER_PROSTATA,,TJRN,NAO,H:\Meu Drive\RADIO TJRN CONTEÚDO\00_PRODUCAO_2026\01_BOLETINS_DIARIOS\03_AUDIOS_RADIO\01 - JAN - 26\23 01 - SEX
JANEIRO,NJUD N/A,BOLETIM_RADIO_TJRN_23_01_2026_B3_INDENIZACAO_CANCER_PROSTATA_1782542962.mp3,23_01_2026,INDENIZACAO_CANCER_PROSTATA_1782542962,,TJRN,NAO,H:\Meu Drive\RADIO TJRN CONTEÚDO\00_PRODUCAO_2026\01_BOLETINS_DIARIOS\03_AUDIOS_RADIO\01 - JAN - 26\23 01 - SEX
JANEIRO,NJUD N/A,BOLETIM_RADIO_TJRN_23_01_2026_B3_INDENIZACAO_CANCER_PROSTATA_v2.mp3,23_01_2026,INDENIZACAO_CANCER_PROSTATA_v2,,TJRN,NAO,H:\Meu Drive\RADIO TJRN CONTEÚDO\00_PRODUCAO_2026\01_BOLETINS_DIARIOS\03_AUDIOS_RADIO\01 - JAN - 26\23 01 - SEX
JANEIRO,NJUD N/A,BOLETIM_RADIO_TJRN_23_01_2026_B4_PLANO_RESTABELECIMENTO_AGUA.mp3,23_01_2026,PLANO_RESTABELECIMENTO_AGUA,,TJRN,NAO,H:\Meu Drive\RADIO TJRN CONTEÚDO\00_PRODUCAO_2026\01_BOLETINS_DIARIOS\03_AUDIOS_RADIO\01 - JAN - 26\23 01 - SEX
JANEIRO,NJUD N/A,BOLETIM_RADIO_TJRN_23_01_2026_B4_PLANO_RESTABELECIMENTO_AGUA_1782542962.mp3,23_01_2026,PLANO_RESTABELECIMENTO_AGUA_1782542962,,TJRN,NAO,H:\Meu Drive\RADIO TJRN CONTEÚDO\00_PRODUCAO_2026\01_BOLETINS_DIARIOS\03_AUDIOS_RADIO\01 - JAN - 26\23 01 - SEX
JANEIRO,NJUD N/A,BOLETIM_RADIO_TJRN_23_01_2026_B5_CONTRATACAO_CAFE.mp3,23_01_2026,CONTRATACAO_CAFE,,TJRN,NAO,H:\Meu Drive\RADIO TJRN CONTEÚDO\00_PRODUCAO_2026\01_BOLETINS_DIARIOS\03_AUDIOS_RADIO\01 - JAN - 26\23 01 - SEX
JANEIRO,NJUD N/A,BOLETIM_RADIO_TJRN_23_01_2026_B5_CONTRATACAO_CAFE_1782542962.mp3,23_01_2026,CONTRATACAO_CAFE_1782542962,,TJRN,NAO,H:\Meu Drive\RADIO TJRN CONTEÚDO\00_PRODUCAO_2026\01_BOLETINS_DIARIOS\03_AUDIOS_RADIO\01 - JAN - 26\23 01 - SEX
JANEIRO,NJUD N/A,BOLETIM_RADIO_TJRN_23_01_2026_B6_TRABALHO_DECENTE_CNJ.mp3,23_01_2026,TRABALHO_DECENTE_CNJ,,TJRN,NAO,H:\Meu Drive\RADIO TJRN CONTEÚDO\00_PRODUCAO_2026\01_BOLETINS_DIARIOS\03_AUDIOS_RADIO\01 - JAN - 26\23 01 - SEX
JANEIRO,NJUD N/A,BOLETIM_RADIO_TJRN_23_01_2026_B6_TRABALHO_DECENTE_CNJ_1782542962.mp3,23_01_2026,TRABALHO_DECENTE_CNJ_1782542962,,TJRN,NAO,H:\Meu Drive\RADIO TJRN CONTEÚDO\00_PRODUCAO_2026\01_BOLETINS_DIARIOS\03_AUDIOS_RADIO\01 - JAN - 26\23 01 - SEX
JANEIRO,NJUD N/A,BOLETIM_RADIO_TJRN_23_01_2026_B7_CONGRESSO_JUDICIARIO_AMERICA_LATINA.mp3,23_01_2026,CONGRESSO_JUDICIARIO_AMERICA_LATINA,,TJRN,NAO,H:\Meu Drive\RADIO TJRN CONTEÚDO\00_PRODUCAO_2026\01_BOLETINS_DIARIOS\03_AUDIOS_RADIO\01 - JAN - 26\23 01 - SEX
JANEIRO,NJUD N/A,BOLETIM_RADIO_TJRN_23_01_2026_B7_CONGRESSO_JUDICIARIO_AMERICA_LATINA_1782542962.mp3,23_01_2026,CONGRESSO_JUDICIARIO_AMERICA_LATINA_1782542962,,TJRN,NAO,H:\Meu Drive\RADIO TJRN CONTEÚDO\00_PRODUCAO_2026\01_BOLETINS_DIARIOS\03_AUDIOS_RADIO\01 - JAN - 26\23 01 - SEX
JANEIRO,NJUD N/A,BOLETIM_RADIO_TJRN_23_01_2026_B8_CONSULTA_TSE_ACESSIBILIDADE.mp3,23_01_2026,CONSULTA_TSE_ACESSIBILIDADE,,TJRN,NAO,H:\Meu Drive\RADIO TJRN CONTEÚDO\00_PRODUCAO_2026\01_BOLETINS_DIARIOS\03_AUDIOS_RADIO\01 - JAN - 26\23 01 - SEX
JANEIRO,NJUD N/A,BOLETIM_RADIO_TJRN_23_01_2026_B8_CONSULTA_TSE_ACESSIBILIDADE_1782542962.mp3,23_01_2026,CONSULTA_TSE_ACESSIBILIDADE_1782542962,,TJRN,NAO,H:\Meu Drive\RADIO TJRN CONTEÚDO\00_PRODUCAO_2026\01_BOLETINS_DIARIOS\03_AUDIOS_RADIO\01 - JAN - 26\23 01 - SEX
JANEIRO,NJUD N/A,BOLETIM_RADIO_TJRN_23_01_2026_B9_NOVO_MODULO_TRE.mp3,23_01_2026,NOVO_MODULO_TRE,,TJRN,NAO,H:\Meu Drive\RADIO TJRN CONTEÚDO\00_PRODUCAO_2026\01_BOLETINS_DIARIOS\03_AUDIOS_RADIO\01 - JAN - 26\23 01 - SEX
JANEIRO,NJUD N/A,BOLETIM_RADIO_TJRN_23_01_2026_B9_NOVO_MODULO_TRE_1782542962.mp3,23_01_2026,NOVO_MODULO_TRE_1782542962,,TJRN,NAO,H:\Meu Drive\RADIO TJRN CONTEÚDO\00_PRODUCAO_2026\01_BOLETINS_DIARIOS\03_AUDIOS_RADIO\01 - JAN - 26\23 01 - SEX
JANEIRO,NJUD N/A,BOLETIM_RADIO_TJRN_26_01_2026_B10_TTRRN_SOLENIDADE_PLENO_ABERTURA_.mp3,26_01_2026,TTRRN_SOLENIDADE_PLENO_ABERTURA,,TJRN,NAO,H:\Meu Drive\RADIO TJRN CONTEÚDO\00_PRODUCAO_2026\01_BOLETINS_DIARIOS\03_AUDIOS_RADIO\01 - JAN - 26\26 01 - SEG
JANEIRO,NJUD N/A,BOLETIM_RADIO_TJRN_26_01_2026_B10_TTRRN_SOLENIDADE_PLENO_ABERTURA__1782542962.mp3,26_01_2026,TTRRN_SOLENIDADE_PLENO_ABERTURA__1782542962,,TJRN,NAO,H:\Meu Drive\RADIO TJRN CONTEÚDO\00_PRODUCAO_2026\01_BOLETINS_DIARIOS\03_AUDIOS_RADIO\01 - JAN - 26\26 01 - SEG
JANEIRO,NJUD N/A,BOLETIM_RADIO_TJRN_26_01_2026_B10_TTRRN_SOLENIDADE_PLENO_ABERTURA__v2.mp3,26_01_2026,TTRRN_SOLENIDADE_PLENO_ABERTURA__v2,,TJRN,NAO,H:\Meu Drive\RADIO TJRN CONTEÚDO\00_PRODUCAO_2026\01_BOLETINS_DIARIOS\03_AUDIOS_RADIO\01 - JAN - 26\26 01 - SEG
JANEIRO,NJUD N/A,BOLETIM_RADIO_TJRN_26_01_2026_B1_CURSO_CAPACITACAO_NUPEC_ESMARN.mp3,26_01_2026,CURSO_CAPACITACAO_NUPEC_ESMARN,,TJRN,NAO,H:\Meu Drive\RADIO TJRN CONTEÚDO\00_PRODUCAO_2026\01_BOLETINS_DIARIOS\03_AUDIOS_RADIO\01 - JAN - 26\26 01 - SEG
JANEIRO,NJUD N/A,BOLETIM_RADIO_TJRN_26_01_2026_B1_CURSO_CAPACITACAO_NUPEC_ESMARN_1782542962.mp3,26_01_2026,CURSO_CAPACITACAO_NUPEC_ESMARN_1782542962,,TJRN,NAO,H:\Meu Drive\RADIO TJRN CONTEÚDO\00_PRODUCAO_2026\01_BOLETINS_DIARIOS\03_AUDIOS_RADIO\01 - JAN - 26\26 01 - SEG
JANEIRO,NJUD N/A,BOLETIM_RADIO_TJRN_26_01_2026_B1_CURSO_CAPACITACAO_NUPEC_ESMARN_v2.mp3,26_01_2026,CURSO_CAPACITACAO_NUPEC_ESMARN_v2,,TJRN,NAO,H:\Meu Drive\RADIO TJRN CONTEÚDO\00_PRODUCAO_2026\01_BOLETINS_DIARIOS\03_AUDIOS_RADIO\01 - JAN - 26\26 01 - SEG
JANEIRO,NJUD N/A,BOLETIM_RADIO_TJRN_26_01_2026_B2_ESTAGIO_DIREITO_6_JUIZADO.mp3,26_01_2026,ESTAGIO_DIREITO_6_JUIZADO,,TJRN,NAO,H:\Meu Drive\RADIO TJRN CONTEÚDO\00_PRODUCAO_2026\01_BOLETINS_DIARIOS\03_AUDIOS_RADIO\01 - JAN - 26\26 01 - SEG
JANEIRO,NJUD N/A,BOLETIM_RADIO_TJRN_26_01_2026_B2_ESTAGIO_DIREITO_6_JUIZADO_1782542962.mp3,26_01_2026,ESTAGIO_DIREITO_6_JUIZADO_1782542962,,TJRN,NAO,H:\Meu Drive\RADIO TJRN CONTEÚDO\00_PRODUCAO_2026\01_BOLETINS_DIARIOS\03_AUDIOS_RADIO\01 - JAN - 26\26 01 - SEG
JANEIRO,NJUD N/A,BOLETIM_RADIO_TJRN_26_01_2026_B2_ESTAGIO_DIREITO_6_JUIZADO_v2.mp3,26_01_2026,ESTAGIO_DIREITO_6_JUIZADO_v2,,TJRN,NAO,H:\Meu Drive\RADIO TJRN CONTEÚDO\00_PRODUCAO_2026\01_BOLETINS_DIARIOS\03_AUDIOS_RADIO\01 - JAN - 26\26 01 - SEG
JANEIRO,NJUD N/A,BOLETIM_RADIO_TJRN_26_01_2026_B3_RESSONANCIA_PACIENTE_IDOSA.mp3,26_01_2026,RESSONANCIA_PACIENTE_IDOSA,,TJRN,NAO,H:\Meu Drive\RADIO TJRN CONTEÚDO\00_PRODUCAO_2026\01_BOLETINS_DIARIOS\03_AUDIOS_RADIO\01 - JAN - 26\26 01 - SEG
JANEIRO,NJUD N/A,BOLETIM_RADIO_TJRN_26_01_2026_B3_RESSONANCIA_PACIENTE_IDOSA_1782542962.mp3,26_01_2026,RESSONANCIA_PACIENTE_IDOSA_1782542962,,TJRN,NAO,H:\Meu Drive\RADIO TJRN CONTEÚDO\00_PRODUCAO_2026\01_BOLETINS_DIARIOS\03_AUDIOS_RADIO\01 - JAN - 26\26 01 - SEG
JANEIRO,NJUD N/A,BOLETIM_RADIO_TJRN_26_01_2026_B3_RESSONANCIA_PACIENTE_IDOSA_v2.mp3,26_01_2026,RESSONANCIA_PACIENTE_IDOSA_v2,,TJRN,NAO,H:\Meu Drive\RADIO TJRN CONTEÚDO\00_PRODUCAO_2026\01_BOLETINS_DIARIOS\03_AUDIOS_RADIO\01 - JAN - 26\26 01 - SEG
JANEIRO,NJUD N/A,BOLETIM_RADIO_TJRN_26_01_2026_B4_LIXAO_CEU_ABERTO.mp3,26_01_2026,LIXAO_CEU_ABERTO,,TJRN,NAO,H:\Meu Drive\RADIO TJRN CONTEÚDO\00_PRODUCAO_2026\01_BOLETINS_DIARIOS\03_AUDIOS_RADIO\01 - JAN - 26\26 01 - SEG
JANEIRO,NJUD N/A,BOLETIM_RADIO_TJRN_26_01_2026_B4_LIXAO_CEU_ABERTO_1782542962.mp3,26_01_2026,LIXAO_CEU_ABERTO_1782542962,,TJRN,NAO,H:\Meu Drive\RADIO TJRN CONTEÚDO\00_PRODUCAO_2026\01_BOLETINS_DIARIOS\03_AUDIOS_RADIO\01 - JAN - 26\26 01 - SEG
JANEIRO,NJUD N/A,BOLETIM_RADIO_TJRN_26_01_2026_B4_LIXAO_CEU_ABERTO_v2.mp3,26_01_2026,LIXAO_CEU_ABERTO_v2,,TJRN,NAO,H:\Meu Drive\RADIO TJRN CONTEÚDO\00_PRODUCAO_2026\01_BOLETINS_DIARIOS\03_AUDIOS_RADIO\01 - JAN - 26\26 01 - SEG
JANEIRO,NJUD N/A,BOLETIM_RADIO_TJRN_26_01_2026_B5_CONTRATACAO_SOFTWARE_ANGICOS.mp3,26_01_2026,CONTRATACAO_SOFTWARE_ANGICOS,,TJRN,NAO,H:\Meu Drive\RADIO TJRN CONTEÚDO\00_PRODUCAO_2026\01_BOLETINS_DIARIOS\03_AUDIOS_RADIO\01 - JAN - 26\26 01 - SEG
JANEIRO,NJUD N/A,BOLETIM_RADIO_TJRN_26_01_2026_B5_CONTRATACAO_SOFTWARE_ANGICOS_1782542962.mp3,26_01_2026,CONTRATACAO_SOFTWARE_ANGICOS_1782542962,,TJRN,NAO,H:\Meu Drive\RADIO TJRN CONTEÚDO\00_PRODUCAO_2026\01_BOLETINS_DIARIOS\03_AUDIOS_RADIO\01 - JAN - 26\26 01 - SEG
JANEIRO,NJUD N/A,BOLETIM_RADIO_TJRN_26_01_2026_B5_CONTRATACAO_SOFTWARE_ANGICOS_v2.mp3,26_01_2026,CONTRATACAO_SOFTWARE_ANGICOS_v2,,TJRN,NAO,H:\Meu Drive\RADIO TJRN CONTEÚDO\00_PRODUCAO_2026\01_BOLETINS_DIARIOS\03_AUDIOS_RADIO\01 - JAN - 26\26 01 - SEG
JANEIRO,NJUD N/A,BOLETIM_RADIO_TJRN_26_01_2026_B6_SELECAO_TABELIAES_ALEXANDRIA.mp3,26_01_2026,SELECAO_TABELIAES_ALEXANDRIA,,TJRN,NAO,H:\Meu Drive\RADIO TJRN CONTEÚDO\00_PRODUCAO_2026\01_BOLETINS_DIARIOS\03_AUDIOS_RADIO\01 - JAN - 26\26 01 - SEG
JANEIRO,NJUD N/A,BOLETIM_RADIO_TJRN_26_01_2026_B6_SELECAO_TABELIAES_ALEXANDRIA_1782542962.mp3,26_01_2026,SELECAO_TABELIAES_ALEXANDRIA_1782542962,,TJRN,NAO,H:\Meu Drive\RADIO TJRN CONTEÚDO\00_PRODUCAO_2026\01_BOLETINS_DIARIOS\03_AUDIOS_RADIO\01 - JAN - 26\26 01 - SEG
JANEIRO,NJUD N/A,BOLETIM_RADIO_TJRN_26_01_2026_B6_SELECAO_TABELIAES_ALEXANDRIA_v2.mp3,26_01_2026,SELECAO_TABELIAES_ALEXANDRIA_v2,,TJRN,NAO,H:\Meu Drive\RADIO TJRN CONTEÚDO\00_PRODUCAO_2026\01_BOLETINS_DIARIOS\03_AUDIOS_RADIO\01 - JAN - 26\26 01 - SEG
JANEIRO,NJUD N/A,BOLETIM_RADIO_TJRN_26_01_2026_B7_ESTAGIO_2_VARA_MOSSORO.mp3,26_01_2026,ESTAGIO_2_VARA_MOSSORO,,TJRN,NAO,H:\Meu Drive\RADIO TJRN CONTEÚDO\00_PRODUCAO_2026\01_BOLETINS_DIARIOS\03_AUDIOS_RADIO\01 - JAN - 26\26 01 - SEG
JANEIRO,NJUD N/A,BOLETIM_RADIO_TJRN_26_01_2026_B7_ESTAGIO_2_VARA_MOSSORO_1782542962.mp3,26_01_2026,ESTAGIO_2_VARA_MOSSORO_1782542962,,TJRN,NAO,H:\Meu Drive\RADIO TJRN CONTEÚDO\00_PRODUCAO_2026\01_BOLETINS_DIARIOS\03_AUDIOS_RADIO\01 - JAN - 26\26 01 - SEG
JANEIRO,NJUD N/A,BOLETIM_RADIO_TJRN_26_01_2026_B7_ESTAGIO_2_VARA_MOSSORO_v2.mp3,26_01_2026,ESTAGIO_2_VARA_MOSSORO_v2,,TJRN,NAO,H:\Meu Drive\RADIO TJRN CONTEÚDO\00_PRODUCAO_2026\01_BOLETINS_DIARIOS\03_AUDIOS_RADIO\01 - JAN - 26\26 01 - SEG
JANEIRO,NJUD N/A,BOLETIM_RADIO_TJRN_26_01_2026_B8_TJRN_DOIS_JUIZES_EMPOSSADOS.mp3,26_01_2026,TJRN_DOIS_JUIZES_EMPOSSADOS,,TJRN,NAO,H:\Meu Drive\RADIO TJRN CONTEÚDO\00_PRODUCAO_2026\01_BOLETINS_DIARIOS\03_AUDIOS_RADIO\01 - JAN - 26\26 01 - SEG
JANEIRO,NJUD N/A,BOLETIM_RADIO_TJRN_26_01_2026_B8_TJRN_DOIS_JUIZES_EMPOSSADOS_1782542962.mp3,26_01_2026,TJRN_DOIS_JUIZES_EMPOSSADOS_1782542962,,TJRN,NAO,H:\Meu Drive\RADIO TJRN CONTEÚDO\00_PRODUCAO_2026\01_BOLETINS_DIARIOS\03_AUDIOS_RADIO\01 - JAN - 26\26 01 - SEG
JANEIRO,NJUD N/A,BOLETIM_RADIO_TJRN_26_01_2026_B8_TJRN_DOIS_JUIZES_EMPOSSADOS_v2.mp3,26_01_2026,TJRN_DOIS_JUIZES_EMPOSSADOS_v2,,TJRN,NAO,H:\Meu Drive\RADIO TJRN CONTEÚDO\00_PRODUCAO_2026\01_BOLETINS_DIARIOS\03_AUDIOS_RADIO\01 - JAN - 26\26 01 - SEG
JANEIRO,NJUD N/A,BOLETIM_RADIO_TJRN_26_01_2026_B9_OABRN_VISITA_DELEGACIA_PLANTAO_.mp3,26_01_2026,OABRN_VISITA_DELEGACIA_PLANTAO,,TJRN,NAO,H:\Meu Drive\RADIO TJRN CONTEÚDO\00_PRODUCAO_2026\01_BOLETINS_DIARIOS\03_AUDIOS_RADIO\01 - JAN - 26\26 01 - SEG
JANEIRO,NJUD N/A,BOLETIM_RADIO_TJRN_26_01_2026_B9_OABRN_VISITA_DELEGACIA_PLANTAO__1782542962.mp3,26_01_2026,OABRN_VISITA_DELEGACIA_PLANTAO__1782542962,,TJRN,NAO,H:\Meu Drive\RADIO TJRN CONTEÚDO\00_PRODUCAO_2026\01_BOLETINS_DIARIOS\03_AUDIOS_RADIO\01 - JAN - 26\26 01 - SEG
JANEIRO,NJUD N/A,BOLETIM_RADIO_TJRN_26_01_2026_B9_OABRN_VISITA_DELEGACIA_PLANTAO__v2.mp3,26_01_2026,OABRN_VISITA_DELEGACIA_PLANTAO__v2,,TJRN,NAO,H:\Meu Drive\RADIO TJRN CONTEÚDO\00_PRODUCAO_2026\01_BOLETINS_DIARIOS\03_AUDIOS_RADIO\01 - JAN - 26\26 01 - SEG
JANEIRO,NJUD N/A,BOLETIM_RADIO_TJRN_27_01_2026_B10_PENAS_PECUNIARIAS_PARNAMIRIM.mp3,27_01_2026,PENAS_PECUNIARIAS_PARNAMIRIM,,TJRN,NAO,H:\Meu Drive\RADIO TJRN CONTEÚDO\00_PRODUCAO_2026\01_BOLETINS_DIARIOS\03_AUDIOS_RADIO\01 - JAN - 26\27 01 - TER
JANEIRO,NJUD N/A,BOLETIM_RADIO_TJRN_27_01_2026_B1_TCERN_AUDITORIA_PREVIDENCIA_ITAU_.mp3,27_01_2026,TCERN_AUDITORIA_PREVIDENCIA_ITAU,,TJRN,NAO,H:\Meu Drive\RADIO TJRN CONTEÚDO\00_PRODUCAO_2026\01_BOLETINS_DIARIOS\03_AUDIOS_RADIO\01 - JAN - 26\27 01 - TER
JANEIRO,NJUD N/A,BOLETIM_RADIO_TJRN_27_01_2026_B2_MPRN_PROMOVE_AUDIENCIA_ENSINO_PUBLICO_.mp3,27_01_2026,MPRN_PROMOVE_AUDIENCIA_ENSINO_PUBLICO,,TJRN,NAO,H:\Meu Drive\RADIO TJRN CONTEÚDO\00_PRODUCAO_2026\01_BOLETINS_DIARIOS\03_AUDIOS_RADIO\01 - JAN - 26\27 01 - TER
JANEIRO,NJUD N/A,BOLETIM_RADIO_TJRN_27_01_2026_B3_CMN_CAMARA_APRESENTA_BALANCO_2025.mp3,27_01_2026,CMN_CAMARA_APRESENTA_BALANCO_2025,,TJRN,NAO,H:\Meu Drive\RADIO TJRN CONTEÚDO\00_PRODUCAO_2026\01_BOLETINS_DIARIOS\03_AUDIOS_RADIO\01 - JAN - 26\27 01 - TER
JANEIRO,NJUD N/A,BOLETIM_RADIO_TJRN_27_01_2026_B4_TRTRN_EMPRESA_ISENTA_MORTE_VIGILANTE.mp3,27_01_2026,TRTRN_EMPRESA_ISENTA_MORTE_VIGILANTE,,TJRN,NAO,H:\Meu Drive\RADIO TJRN CONTEÚDO\00_PRODUCAO_2026\01_BOLETINS_DIARIOS\03_AUDIOS_RADIO\01 - JAN - 26\27 01 - TER
JANEIRO,NJUD N/A,BOLETIM_RADIO_TJRN_27_01_2026_B5_INDENIZACAO_FALHA_VIAGEM_RODOVIARIA.mp3,27_01_2026,INDENIZACAO_FALHA_VIAGEM_RODOVIARIA,,TJRN,NAO,H:\Meu Drive\RADIO TJRN CONTEÚDO\00_PRODUCAO_2026\01_BOLETINS_DIARIOS\03_AUDIOS_RADIO\01 - JAN - 26\27 01 - TER
JANEIRO,NJUD N/A,BOLETIM_RADIO_TJRN_27_01_2026_B6_INDENIZACAO_EMPRESTIMO_FRAUDULENTO.mp3,27_01_2026,INDENIZACAO_EMPRESTIMO_FRAUDULENTO,,TJRN,NAO,H:\Meu Drive\RADIO TJRN CONTEÚDO\00_PRODUCAO_2026\01_BOLETINS_DIARIOS\03_AUDIOS_RADIO\01 - JAN - 26\27 01 - TER
JANEIRO,NJUD N/A,BOLETIM_RADIO_TJRN_27_01_2026_B7_CLINICA_CONDENACAO_MORTE_FILHOTES.mp3,27_01_2026,CLINICA_CONDENACAO_MORTE_FILHOTES,,TJRN,NAO,H:\Meu Drive\RADIO TJRN CONTEÚDO\00_PRODUCAO_2026\01_BOLETINS_DIARIOS\03_AUDIOS_RADIO\01 - JAN - 26\27 01 - TER
JANEIRO,NJUD N/A,BOLETIM_RADIO_TJRN_27_01_2026_B8_IMPROBIDADE_EX_PRESIDENTE_CAMARA_SAO_GONCALO.mp3,27_01_2026,IMPROBIDADE_EX_PRESIDENTE_CAMARA_SAO_GONCALO,,TJRN,NAO,H:\Meu Drive\RADIO TJRN CONTEÚDO\00_PRODUCAO_2026\01_BOLETINS_DIARIOS\03_AUDIOS_RADIO\01 - JAN - 26\27 01 - TER
JANEIRO,NJUD N/A,BOLETIM_RADIO_TJRN_27_01_2026_B9_RESSARCIMENTO_NEGADO_ASSESSOR_POLITICO.mp3,27_01_2026,RESSARCIMENTO_NEGADO_ASSESSOR_POLITICO,,TJRN,NAO,H:\Meu Drive\RADIO TJRN CONTEÚDO\00_PRODUCAO_2026\01_BOLETINS_DIARIOS\03_AUDIOS_RADIO\01 - JAN - 26\27 01 - TER
JANEIRO,NJUD N/A,BOLETIM_RADIO_TJRN_28_01_2026_B10_TJRN_ESTABELECE_ORIENTACOES_CARNAVAL.mp3,28_01_2026,TJRN_ESTABELECE_ORIENTACOES_CARNAVAL,,TJRN,NAO,H:\Meu Drive\RADIO TJRN CONTEÚDO\00_PRODUCAO_2026\01_BOLETINS_DIARIOS\03_AUDIOS_RADIO\01 - JAN - 26\28 01 - QUA
JANEIRO,NJUD N/A,BOLETIM_RADIO_TJRN_28_01_2026_B10_TJRN_ESTABELECE_ORIENTACOES_CARNAVAL_1782542962.mp3,28_01_2026,TJRN_ESTABELECE_ORIENTACOES_CARNAVAL_1782542962,,TJRN,NAO,H:\Meu Drive\RADIO TJRN CONTEÚDO\00_PRODUCAO_2026\01_BOLETINS_DIARIOS\03_AUDIOS_RADIO\01 - JAN - 26\28 01 - QUA
JANEIRO,NJUD N/A,BOLETIM_RADIO_TJRN_28_01_2026_B10_TJRN_ESTABELECE_ORIENTACOES_CARNAVAL_v2.mp3,28_01_2026,TJRN_ESTABELECE_ORIENTACOES_CARNAVAL_v2,,TJRN,NAO,H:\Meu Drive\RADIO TJRN CONTEÚDO\00_PRODUCAO_2026\01_BOLETINS_DIARIOS\03_AUDIOS_RADIO\01 - JAN - 26\28 01 - QUA
JANEIRO,NJUD N/A,BOLETIM_RADIO_TJRN_28_01_2026_B1_3_VARA_PARNAMIRIM_ESTAGIO_.mp3,28_01_2026,3_VARA_PARNAMIRIM_ESTAGIO,,TJRN,NAO,H:\Meu Drive\RADIO TJRN CONTEÚDO\00_PRODUCAO_2026\01_BOLETINS_DIARIOS\03_AUDIOS_RADIO\01 - JAN - 26\28 01 - QUA
JANEIRO,NJUD N/A,BOLETIM_RADIO_TJRN_28_01_2026_B1_3_VARA_PARNAMIRIM_ESTAGIO__1782542962.mp3,28_01_2026,3_VARA_PARNAMIRIM_ESTAGIO__1782542962,,TJRN,NAO,H:\Meu Drive\RADIO TJRN CONTEÚDO\00_PRODUCAO_2026\01_BOLETINS_DIARIOS\03_AUDIOS_RADIO\01 - JAN - 26\28 01 - QUA
JANEIRO,NJUD N/A,BOLETIM_RADIO_TJRN_28_01_2026_B1_3_VARA_PARNAMIRIM_ESTAGIO__v2.mp3,28_01_2026,3_VARA_PARNAMIRIM_ESTAGIO__v2,,TJRN,NAO,H:\Meu Drive\RADIO TJRN CONTEÚDO\00_PRODUCAO_2026\01_BOLETINS_DIARIOS\03_AUDIOS_RADIO\01 - JAN - 26\28 01 - QUA
JANEIRO,NJUD N/A,BOLETIM_RADIO_TJRN_28_01_2026_B2_DPERN_EDITAL_LOCACAO_FLORANIA_.mp3,28_01_2026,DPERN_EDITAL_LOCACAO_FLORANIA,,TJRN,NAO,H:\Meu Drive\RADIO TJRN CONTEÚDO\00_PRODUCAO_2026\01_BOLETINS_DIARIOS\03_AUDIOS_RADIO\01 - JAN - 26\28 01 - QUA
JANEIRO,NJUD N/A,BOLETIM_RADIO_TJRN_28_01_2026_B2_DPERN_EDITAL_LOCACAO_FLORANIA__1782542962.mp3,28_01_2026,DPERN_EDITAL_LOCACAO_FLORANIA__1782542962,,TJRN,NAO,H:\Meu Drive\RADIO TJRN CONTEÚDO\00_PRODUCAO_2026\01_BOLETINS_DIARIOS\03_AUDIOS_RADIO\01 - JAN - 26\28 01 - QUA
JANEIRO,NJUD N/A,BOLETIM_RADIO_TJRN_28_01_2026_B2_DPERN_EDITAL_LOCACAO_FLORANIA__v2.mp3,28_01_2026,DPERN_EDITAL_LOCACAO_FLORANIA__v2,,TJRN,NAO,H:\Meu Drive\RADIO TJRN CONTEÚDO\00_PRODUCAO_2026\01_BOLETINS_DIARIOS\03_AUDIOS_RADIO\01 - JAN - 26\28 01 - QUA
JANEIRO,NJUD N/A,BOLETIM_RADIO_TJRN_28_01_2026_B3_MPRN_PROCESSO_SIMPLIFICADO_.mp3,28_01_2026,MPRN_PROCESSO_SIMPLIFICADO,,TJRN,NAO,H:\Meu Drive\RADIO TJRN CONTEÚDO\00_PRODUCAO_2026\01_BOLETINS_DIARIOS\03_AUDIOS_RADIO\01 - JAN - 26\28 01 - QUA
JANEIRO,NJUD N/A,BOLETIM_RADIO_TJRN_28_01_2026_B3_MPRN_PROCESSO_SIMPLIFICADO__1782542962.mp3,28_01_2026,MPRN_PROCESSO_SIMPLIFICADO__1782542962,,TJRN,NAO,H:\Meu Drive\RADIO TJRN CONTEÚDO\00_PRODUCAO_2026\01_BOLETINS_DIARIOS\03_AUDIOS_RADIO\01 - JAN - 26\28 01 - QUA
JANEIRO,NJUD N/A,BOLETIM_RADIO_TJRN_28_01_2026_B3_MPRN_PROCESSO_SIMPLIFICADO__v2.mp3,28_01_2026,MPRN_PROCESSO_SIMPLIFICADO__v2,,TJRN,NAO,H:\Meu Drive\RADIO TJRN CONTEÚDO\00_PRODUCAO_2026\01_BOLETINS_DIARIOS\03_AUDIOS_RADIO\01 - JAN - 26\28 01 - QUA
JANEIRO,NJUD N/A,BOLETIM_RADIO_TJRN_28_01_2026_B4_CNJ_JUDICIARIO_MENOR_ESTOQUE.mp3,28_01_2026,CNJ_JUDICIARIO_MENOR_ESTOQUE,,TJRN,NAO,H:\Meu Drive\RADIO TJRN CONTEÚDO\00_PRODUCAO_2026\01_BOLETINS_DIARIOS\03_AUDIOS_RADIO\01 - JAN - 26\28 01 - QUA
JANEIRO,NJUD N/A,BOLETIM_RADIO_TJRN_28_01_2026_B4_CNJ_JUDICIARIO_MENOR_ESTOQUE_1782542962.mp3,28_01_2026,CNJ_JUDICIARIO_MENOR_ESTOQUE_1782542962,,TJRN,NAO,H:\Meu Drive\RADIO TJRN CONTEÚDO\00_PRODUCAO_2026\01_BOLETINS_DIARIOS\03_AUDIOS_RADIO\01 - JAN - 26\28 01 - QUA
JANEIRO,NJUD N/A,BOLETIM_RADIO_TJRN_28_01_2026_B4_CNJ_JUDICIARIO_MENOR_ESTOQUE_v2.mp3,28_01_2026,CNJ_JUDICIARIO_MENOR_ESTOQUE_v2,,TJRN,NAO,H:\Meu Drive\RADIO TJRN CONTEÚDO\00_PRODUCAO_2026\01_BOLETINS_DIARIOS\03_AUDIOS_RADIO\01 - JAN - 26\28 01 - QUA
JANEIRO,NJUD N/A,BOLETIM_RADIO_TJRN_28_01_2026_B5_TJRN_RECURSOS_PENAS_ACARI.mp3,28_01_2026,TJRN_RECURSOS_PENAS_ACARI,,TJRN,NAO,H:\Meu Drive\RADIO TJRN CONTEÚDO\00_PRODUCAO_2026\01_BOLETINS_DIARIOS\03_AUDIOS_RADIO\01 - JAN - 26\28 01 - QUA
JANEIRO,NJUD N/A,BOLETIM_RADIO_TJRN_28_01_2026_B5_TJRN_RECURSOS_PENAS_ACARI_1782542962.mp3,28_01_2026,TJRN_RECURSOS_PENAS_ACARI_1782542962,,TJRN,NAO,H:\Meu Drive\RADIO TJRN CONTEÚDO\00_PRODUCAO_2026\01_BOLETINS_DIARIOS\03_AUDIOS_RADIO\01 - JAN - 26\28 01 - QUA
JANEIRO,NJUD N/A,BOLETIM_RADIO_TJRN_28_01_2026_B5_TJRN_RECURSOS_PENAS_ACARI_v2.mp3,28_01_2026,TJRN_RECURSOS_PENAS_ACARI_v2,,TJRN,NAO,H:\Meu Drive\RADIO TJRN CONTEÚDO\00_PRODUCAO_2026\01_BOLETINS_DIARIOS\03_AUDIOS_RADIO\01 - JAN - 26\28 01 - QUA
JANEIRO,NJUD N/A,BOLETIM_RADIO_TJRN_28_01_2026_B6_TJRN_PARNAMIRIM_CIRURGIA_IDOSA.mp3,28_01_2026,TJRN_PARNAMIRIM_CIRURGIA_IDOSA,,TJRN,NAO,H:\Meu Drive\RADIO TJRN CONTEÚDO\00_PRODUCAO_2026\01_BOLETINS_DIARIOS\03_AUDIOS_RADIO\01 - JAN - 26\28 01 - QUA
JANEIRO,NJUD N/A,BOLETIM_RADIO_TJRN_28_01_2026_B6_TJRN_PARNAMIRIM_CIRURGIA_IDOSA_1782542962.mp3,28_01_2026,TJRN_PARNAMIRIM_CIRURGIA_IDOSA_1782542962,,TJRN,NAO,H:\Meu Drive\RADIO TJRN CONTEÚDO\00_PRODUCAO_2026\01_BOLETINS_DIARIOS\03_AUDIOS_RADIO\01 - JAN - 26\28 01 - QUA
JANEIRO,NJUD N/A,BOLETIM_RADIO_TJRN_28_01_2026_B6_TJRN_PARNAMIRIM_CIRURGIA_IDOSA_v2.mp3,28_01_2026,TJRN_PARNAMIRIM_CIRURGIA_IDOSA_v2,,TJRN,NAO,H:\Meu Drive\RADIO TJRN CONTEÚDO\00_PRODUCAO_2026\01_BOLETINS_DIARIOS\03_AUDIOS_RADIO\01 - JAN - 26\28 01 - QUA
JANEIRO,NJUD N/A,BOLETIM_RADIO_TJRN_28_01_2026_B7_TJRN_PLANO_SAUDE_CONDENADO.mp3,28_01_2026,TJRN_PLANO_SAUDE_CONDENADO,,TJRN,NAO,H:\Meu Drive\RADIO TJRN CONTEÚDO\00_PRODUCAO_2026\01_BOLETINS_DIARIOS\03_AUDIOS_RADIO\01 - JAN - 26\28 01 - QUA
JANEIRO,NJUD N/A,BOLETIM_RADIO_TJRN_28_01_2026_B7_TJRN_PLANO_SAUDE_CONDENADO_1782542962.mp3,28_01_2026,TJRN_PLANO_SAUDE_CONDENADO_1782542962,,TJRN,NAO,H:\Meu Drive\RADIO TJRN CONTEÚDO\00_PRODUCAO_2026\01_BOLETINS_DIARIOS\03_AUDIOS_RADIO\01 - JAN - 26\28 01 - QUA
JANEIRO,NJUD N/A,BOLETIM_RADIO_TJRN_28_01_2026_B7_TJRN_PLANO_SAUDE_CONDENADO_v2.mp3,28_01_2026,TJRN_PLANO_SAUDE_CONDENADO_v2,,TJRN,NAO,H:\Meu Drive\RADIO TJRN CONTEÚDO\00_PRODUCAO_2026\01_BOLETINS_DIARIOS\03_AUDIOS_RADIO\01 - JAN - 26\28 01 - QUA
JANEIRO,NJUD N/A,BOLETIM_RADIO_TJRN_28_01_2026_B8_TJRN_COMPANHIA_AEREA_INDENIZACAO_.mp3,28_01_2026,TJRN_COMPANHIA_AEREA_INDENIZACAO,,TJRN,NAO,H:\Meu Drive\RADIO TJRN CONTEÚDO\00_PRODUCAO_2026\01_BOLETINS_DIARIOS\03_AUDIOS_RADIO\01 - JAN - 26\28 01 - QUA
JANEIRO,NJUD N/A,BOLETIM_RADIO_TJRN_28_01_2026_B8_TJRN_COMPANHIA_AEREA_INDENIZACAO__1782542962.mp3,28_01_2026,TJRN_COMPANHIA_AEREA_INDENIZACAO__1782542962,,TJRN,NAO,H:\Meu Drive\RADIO TJRN CONTEÚDO\00_PRODUCAO_2026\01_BOLETINS_DIARIOS\03_AUDIOS_RADIO\01 - JAN - 26\28 01 - QUA
JANEIRO,NJUD N/A,BOLETIM_RADIO_TJRN_28_01_2026_B8_TJRN_COMPANHIA_AEREA_INDENIZACAO__v2.mp3,28_01_2026,TJRN_COMPANHIA_AEREA_INDENIZACAO__v2,,TJRN,NAO,H:\Meu Drive\RADIO TJRN CONTEÚDO\00_PRODUCAO_2026\01_BOLETINS_DIARIOS\03_AUDIOS_RADIO\01 - JAN - 26\28 01 - QUA
JANEIRO,NJUD N/A,BOLETIM_RADIO_TJRN_28_01_2026_B9_TJRN_DECLARA_INCONSTITUCIONAL_CARGOS_.mp3,28_01_2026,TJRN_DECLARA_INCONSTITUCIONAL_CARGOS,,TJRN,NAO,H:\Meu Drive\RADIO TJRN CONTEÚDO\00_PRODUCAO_2026\01_BOLETINS_DIARIOS\03_AUDIOS_RADIO\01 - JAN - 26\28 01 - QUA
JANEIRO,NJUD N/A,BOLETIM_RADIO_TJRN_28_01_2026_B9_TJRN_DECLARA_INCONSTITUCIONAL_CARGOS__1782542962.mp3,28_01_2026,TJRN_DECLARA_INCONSTITUCIONAL_CARGOS__1782542962,,TJRN,NAO,H:\Meu Drive\RADIO TJRN CONTEÚDO\00_PRODUCAO_2026\01_BOLETINS_DIARIOS\03_AUDIOS_RADIO\01 - JAN - 26\28 01 - QUA
JANEIRO,NJUD N/A,BOLETIM_RADIO_TJRN_28_01_2026_B9_TJRN_DECLARA_INCONSTITUCIONAL_CARGOS__v2.mp3,28_01_2026,TJRN_DECLARA_INCONSTITUCIONAL_CARGOS__v2,,TJRN,NAO,H:\Meu Drive\RADIO TJRN CONTEÚDO\00_PRODUCAO_2026\01_BOLETINS_DIARIOS\03_AUDIOS_RADIO\01 - JAN - 26\28 01 - QUA
JANEIRO,NJUD N/A,BOLETIM_RADIO_TJRN_29_01_2026_B10_REGRAS_CRIANCAS_CARNAVAL.mp3,29_01_2026,REGRAS_CRIANCAS_CARNAVAL,,TJRN,NAO,H:\Meu Drive\RADIO TJRN CONTEÚDO\00_PRODUCAO_2026\01_BOLETINS_DIARIOS\03_AUDIOS_RADIO\01 - JAN - 26\29 01 - QUI
JANEIRO,NJUD N/A,BOLETIM_RADIO_TJRN_29_01_2026_B10_REGRAS_CRIANCAS_CARNAVAL_1782542962.mp3,29_01_2026,REGRAS_CRIANCAS_CARNAVAL_1782542962,,TJRN,NAO,H:\Meu Drive\RADIO TJRN CONTEÚDO\00_PRODUCAO_2026\01_BOLETINS_DIARIOS\03_AUDIOS_RADIO\01 - JAN - 26\29 01 - QUI
JANEIRO,NJUD N/A,BOLETIM_RADIO_TJRN_29_01_2026_B10_REGRAS_CRIANCAS_CARNAVAL_v2.mp3,29_01_2026,REGRAS_CRIANCAS_CARNAVAL_v2,,TJRN,NAO,H:\Meu Drive\RADIO TJRN CONTEÚDO\00_PRODUCAO_2026\01_BOLETINS_DIARIOS\03_AUDIOS_RADIO\01 - JAN - 26\29 01 - QUI
JANEIRO,NJUD N/A,BOLETIM_RADIO_TJRN_29_01_2026_B1_LEILAO_TERRENO_BARAUNA.mp3,29_01_2026,LEILAO_TERRENO_BARAUNA,,TJRN,NAO,H:\Meu Drive\RADIO TJRN CONTEÚDO\00_PRODUCAO_2026\01_BOLETINS_DIARIOS\03_AUDIOS_RADIO\01 - JAN - 26\29 01 - QUI
JANEIRO,NJUD N/A,BOLETIM_RADIO_TJRN_29_01_2026_B1_LEILAO_TERRENO_BARAUNA_1782542962.mp3,29_01_2026,LEILAO_TERRENO_BARAUNA_1782542962,,TJRN,NAO,H:\Meu Drive\RADIO TJRN CONTEÚDO\00_PRODUCAO_2026\01_BOLETINS_DIARIOS\03_AUDIOS_RADIO\01 - JAN - 26\29 01 - QUI
JANEIRO,NJUD N/A,BOLETIM_RADIO_TJRN_29_01_2026_B1_LEILAO_TERRENO_BARAUNA_v2.mp3,29_01_2026,LEILAO_TERRENO_BARAUNA_v2,,TJRN,NAO,H:\Meu Drive\RADIO TJRN CONTEÚDO\00_PRODUCAO_2026\01_BOLETINS_DIARIOS\03_AUDIOS_RADIO\01 - JAN - 26\29 01 - QUI
JANEIRO,NJUD N/A,BOLETIM_RADIO_TJRN_29_01_2026_B2_CNJ_SUSPENSAO_PRAZOS_PROCESSUAIS_INSS.mp3,29_01_2026,CNJ_SUSPENSAO_PRAZOS_PROCESSUAIS_INSS,,TJRN,NAO,H:\Meu Drive\RADIO TJRN CONTEÚDO\00_PRODUCAO_2026\01_BOLETINS_DIARIOS\03_AUDIOS_RADIO\01 - JAN - 26\29 01 - QUI
JANEIRO,NJUD N/A,BOLETIM_RADIO_TJRN_29_01_2026_B2_CNJ_SUSPENSAO_PRAZOS_PROCESSUAIS_INSS_1782542962.mp3,29_01_2026,CNJ_SUSPENSAO_PRAZOS_PROCESSUAIS_INSS_1782542962,,TJRN,NAO,H:\Meu Drive\RADIO TJRN CONTEÚDO\00_PRODUCAO_2026\01_BOLETINS_DIARIOS\03_AUDIOS_RADIO\01 - JAN - 26\29 01 - QUI
JANEIRO,NJUD N/A,BOLETIM_RADIO_TJRN_29_01_2026_B2_CNJ_SUSPENSAO_PRAZOS_PROCESSUAIS_INSS_v2.mp3,29_01_2026,CNJ_SUSPENSAO_PRAZOS_PROCESSUAIS_INSS_v2,,TJRN,NAO,H:\Meu Drive\RADIO TJRN CONTEÚDO\00_PRODUCAO_2026\01_BOLETINS_DIARIOS\03_AUDIOS_RADIO\01 - JAN - 26\29 01 - QUI
JANEIRO,NJUD N/A,BOLETIM_RADIO_TJRN_29_01_2026_B3_SELECAO_TABELIAO_SERRA_NEGRA.mp3,29_01_2026,SELECAO_TABELIAO_SERRA_NEGRA,,TJRN,NAO,H:\Meu Drive\RADIO TJRN CONTEÚDO\00_PRODUCAO_2026\01_BOLETINS_DIARIOS\03_AUDIOS_RADIO\01 - JAN - 26\29 01 - QUI
JANEIRO,NJUD N/A,BOLETIM_RADIO_TJRN_29_01_2026_B3_SELECAO_TABELIAO_SERRA_NEGRA_1782542962.mp3,29_01_2026,SELECAO_TABELIAO_SERRA_NEGRA_1782542962,,TJRN,NAO,H:\Meu Drive\RADIO TJRN CONTEÚDO\00_PRODUCAO_2026\01_BOLETINS_DIARIOS\03_AUDIOS_RADIO\01 - JAN - 26\29 01 - QUI
JANEIRO,NJUD N/A,BOLETIM_RADIO_TJRN_29_01_2026_B3_SELECAO_TABELIAO_SERRA_NEGRA_v2.mp3,29_01_2026,SELECAO_TABELIAO_SERRA_NEGRA_v2,,TJRN,NAO,H:\Meu Drive\RADIO TJRN CONTEÚDO\00_PRODUCAO_2026\01_BOLETINS_DIARIOS\03_AUDIOS_RADIO\01 - JAN - 26\29 01 - QUI
JANEIRO,NJUD N/A,BOLETIM_RADIO_TJRN_29_01_2026_B4_PARECERIA_SECRETARIA_CULTURA.mp3,29_01_2026,PARECERIA_SECRETARIA_CULTURA,,TJRN,NAO,H:\Meu Drive\RADIO TJRN CONTEÚDO\00_PRODUCAO_2026\01_BOLETINS_DIARIOS\03_AUDIOS_RADIO\01 - JAN - 26\29 01 - QUI
JANEIRO,NJUD N/A,BOLETIM_RADIO_TJRN_29_01_2026_B4_PARECERIA_SECRETARIA_CULTURA_1782542962.mp3,29_01_2026,PARECERIA_SECRETARIA_CULTURA_1782542962,,TJRN,NAO,H:\Meu Drive\RADIO TJRN CONTEÚDO\00_PRODUCAO_2026\01_BOLETINS_DIARIOS\03_AUDIOS_RADIO\01 - JAN - 26\29 01 - QUI
JANEIRO,NJUD N/A,BOLETIM_RADIO_TJRN_29_01_2026_B4_PARECERIA_SECRETARIA_CULTURA_v2.mp3,29_01_2026,PARECERIA_SECRETARIA_CULTURA_v2,,TJRN,NAO,H:\Meu Drive\RADIO TJRN CONTEÚDO\00_PRODUCAO_2026\01_BOLETINS_DIARIOS\03_AUDIOS_RADIO\01 - JAN - 26\29 01 - QUI
JANEIRO,NJUD N/A,BOLETIM_RADIO_TJRN_29_01_2026_B5_PLATAFORMA_NAO_EXCLUSAO_CONTAS_GOLPE.mp3,29_01_2026,PLATAFORMA_NAO_EXCLUSAO_CONTAS_GOLPE,,TJRN,NAO,H:\Meu Drive\RADIO TJRN CONTEÚDO\00_PRODUCAO_2026\01_BOLETINS_DIARIOS\03_AUDIOS_RADIO\01 - JAN - 26\29 01 - QUI
JANEIRO,NJUD N/A,BOLETIM_RADIO_TJRN_29_01_2026_B5_PLATAFORMA_NAO_EXCLUSAO_CONTAS_GOLPE_1782542962.mp3,29_01_2026,PLATAFORMA_NAO_EXCLUSAO_CONTAS_GOLPE_1782542962,,TJRN,NAO,H:\Meu Drive\RADIO TJRN CONTEÚDO\00_PRODUCAO_2026\01_BOLETINS_DIARIOS\03_AUDIOS_RADIO\01 - JAN - 26\29 01 - QUI
JANEIRO,NJUD N/A,BOLETIM_RADIO_TJRN_29_01_2026_B5_PLATAFORMA_NAO_EXCLUSAO_CONTAS_GOLPE_v2.mp3,29_01_2026,PLATAFORMA_NAO_EXCLUSAO_CONTAS_GOLPE_v2,,TJRN,NAO,H:\Meu Drive\RADIO TJRN CONTEÚDO\00_PRODUCAO_2026\01_BOLETINS_DIARIOS\03_AUDIOS_RADIO\01 - JAN - 26\29 01 - QUI
JANEIRO,NJUD N/A,BOLETIM_RADIO_TJRN_29_01_2026_B6_INDENIZACAO_MOTORISTA_FALHAS_REPAROS.mp3,29_01_2026,INDENIZACAO_MOTORISTA_FALHAS_REPAROS,,TJRN,NAO,H:\Meu Drive\RADIO TJRN CONTEÚDO\00_PRODUCAO_2026\01_BOLETINS_DIARIOS\03_AUDIOS_RADIO\01 - JAN - 26\29 01 - QUI
JANEIRO,NJUD N/A,BOLETIM_RADIO_TJRN_29_01_2026_B6_INDENIZACAO_MOTORISTA_FALHAS_REPAROS_1782542962.mp3,29_01_2026,INDENIZACAO_MOTORISTA_FALHAS_REPAROS_1782542962,,TJRN,NAO,H:\Meu Drive\RADIO TJRN CONTEÚDO\00_PRODUCAO_2026\01_BOLETINS_DIARIOS\03_AUDIOS_RADIO\01 - JAN - 26\29 01 - QUI
JANEIRO,NJUD N/A,BOLETIM_RADIO_TJRN_29_01_2026_B6_INDENIZACAO_MOTORISTA_FALHAS_REPAROS_v2.mp3,29_01_2026,INDENIZACAO_MOTORISTA_FALHAS_REPAROS_v2,,TJRN,NAO,H:\Meu Drive\RADIO TJRN CONTEÚDO\00_PRODUCAO_2026\01_BOLETINS_DIARIOS\03_AUDIOS_RADIO\01 - JAN - 26\29 01 - QUI
JANEIRO,NJUD N/A,BOLETIM_RADIO_TJRN_29_01_2026_B7_LEI_POLUICAO_SONORA_DERRUBADA.mp3,29_01_2026,LEI_POLUICAO_SONORA_DERRUBADA,,TJRN,NAO,H:\Meu Drive\RADIO TJRN CONTEÚDO\00_PRODUCAO_2026\01_BOLETINS_DIARIOS\03_AUDIOS_RADIO\01 - JAN - 26\29 01 - QUI
JANEIRO,NJUD N/A,BOLETIM_RADIO_TJRN_29_01_2026_B7_LEI_POLUICAO_SONORA_DERRUBADA_1782542962.mp3,29_01_2026,LEI_POLUICAO_SONORA_DERRUBADA_1782542962,,TJRN,NAO,H:\Meu Drive\RADIO TJRN CONTEÚDO\00_PRODUCAO_2026\01_BOLETINS_DIARIOS\03_AUDIOS_RADIO\01 - JAN - 26\29 01 - QUI
JANEIRO,NJUD N/A,BOLETIM_RADIO_TJRN_29_01_2026_B7_LEI_POLUICAO_SONORA_DERRUBADA_v2.mp3,29_01_2026,LEI_POLUICAO_SONORA_DERRUBADA_v2,,TJRN,NAO,H:\Meu Drive\RADIO TJRN CONTEÚDO\00_PRODUCAO_2026\01_BOLETINS_DIARIOS\03_AUDIOS_RADIO\01 - JAN - 26\29 01 - QUI
JANEIRO,NJUD N/A,BOLETIM_RADIO_TJRN_29_01_2026_B8_EMPRESA_ONLINE_CONDENADA_DANOS_MORAIS.mp3,29_01_2026,EMPRESA_ONLINE_CONDENADA_DANOS_MORAIS,,TJRN,NAO,H:\Meu Drive\RADIO TJRN CONTEÚDO\00_PRODUCAO_2026\01_BOLETINS_DIARIOS\03_AUDIOS_RADIO\01 - JAN - 26\29 01 - QUI
JANEIRO,NJUD N/A,BOLETIM_RADIO_TJRN_29_01_2026_B8_EMPRESA_ONLINE_CONDENADA_DANOS_MORAIS_1782542962.mp3,29_01_2026,EMPRESA_ONLINE_CONDENADA_DANOS_MORAIS_1782542962,,TJRN,NAO,H:\Meu Drive\RADIO TJRN CONTEÚDO\00_PRODUCAO_2026\01_BOLETINS_DIARIOS\03_AUDIOS_RADIO\01 - JAN - 26\29 01 - QUI
JANEIRO,NJUD N/A,BOLETIM_RADIO_TJRN_29_01_2026_B8_EMPRESA_ONLINE_CONDENADA_DANOS_MORAIS_v2.mp3,29_01_2026,EMPRESA_ONLINE_CONDENADA_DANOS_MORAIS_v2,,TJRN,NAO,H:\Meu Drive\RADIO TJRN CONTEÚDO\00_PRODUCAO_2026\01_BOLETINS_DIARIOS\03_AUDIOS_RADIO\01 - JAN - 26\29 01 - QUI
JANEIRO,NJUD N/A,BOLETIM_RADIO_TJRN_29_01_2026_B9_FORNECIMENTO_TRATAMENTO_OFTALMOLOGICO.mp3,29_01_2026,FORNECIMENTO_TRATAMENTO_OFTALMOLOGICO,,TJRN,NAO,H:\Meu Drive\RADIO TJRN CONTEÚDO\00_PRODUCAO_2026\01_BOLETINS_DIARIOS\03_AUDIOS_RADIO\01 - JAN - 26\29 01 - QUI
JANEIRO,NJUD N/A,BOLETIM_RADIO_TJRN_29_01_2026_B9_FORNECIMENTO_TRATAMENTO_OFTALMOLOGICO_1782542962.mp3,29_01_2026,FORNECIMENTO_TRATAMENTO_OFTALMOLOGICO_1782542962,,TJRN,NAO,H:\Meu Drive\RADIO TJRN CONTEÚDO\00_PRODUCAO_2026\01_BOLETINS_DIARIOS\03_AUDIOS_RADIO\01 - JAN - 26\29 01 - QUI
JANEIRO,NJUD N/A,BOLETIM_RADIO_TJRN_29_01_2026_B9_FORNECIMENTO_TRATAMENTO_OFTALMOLOGICO_v2.mp3,29_01_2026,FORNECIMENTO_TRATAMENTO_OFTALMOLOGICO_v2,,TJRN,NAO,H:\Meu Drive\RADIO TJRN CONTEÚDO\00_PRODUCAO_2026\01_BOLETINS_DIARIOS\03_AUDIOS_RADIO\01 - JAN - 26\29 01 - QUI
JANEIRO,NJUD N/A,BOLETIM_RADIO_TJRN_30_01_2026_B10_TJRN_DETERMINA_LABORATORIO_CENTRAL.mp3,30_01_2026,TJRN_DETERMINA_LABORATORIO_CENTRAL,,TJRN,NAO,H:\Meu Drive\RADIO TJRN CONTEÚDO\00_PRODUCAO_2026\01_BOLETINS_DIARIOS\03_AUDIOS_RADIO\01 - JAN - 26\30 01 - SEX
JANEIRO,NJUD N/A,BOLETIM_RADIO_TJRN_30_01_2026_B10_TJRN_DETERMINA_LABORATORIO_CENTRAL_1782542962.mp3,30_01_2026,TJRN_DETERMINA_LABORATORIO_CENTRAL_1782542962,,TJRN,NAO,H:\Meu Drive\RADIO TJRN CONTEÚDO\00_PRODUCAO_2026\01_BOLETINS_DIARIOS\03_AUDIOS_RADIO\01 - JAN - 26\30 01 - SEX
JANEIRO,NJUD N/A,BOLETIM_RADIO_TJRN_30_01_2026_B1_TJRN_AMPLIA_PRODUTIVIDADE.mp3,30_01_2026,TJRN_AMPLIA_PRODUTIVIDADE,,TJRN,NAO,H:\Meu Drive\RADIO TJRN CONTEÚDO\00_PRODUCAO_2026\01_BOLETINS_DIARIOS\03_AUDIOS_RADIO\01 - JAN - 26\30 01 - SEX
JANEIRO,NJUD N/A,BOLETIM_RADIO_TJRN_30_01_2026_B1_TJRN_AMPLIA_PRODUTIVIDADE_1782542962.mp3,30_01_2026,TJRN_AMPLIA_PRODUTIVIDADE_1782542962,,TJRN,NAO,H:\Meu Drive\RADIO TJRN CONTEÚDO\00_PRODUCAO_2026\01_BOLETINS_DIARIOS\03_AUDIOS_RADIO\01 - JAN - 26\30 01 - SEX
JANEIRO,NJUD N/A,BOLETIM_RADIO_TJRN_30_01_2026_B1_TJRN_AMPLIA_PRODUTIVIDADE_v2.mp3,30_01_2026,TJRN_AMPLIA_PRODUTIVIDADE_v2,,TJRN,NAO,H:\Meu Drive\RADIO TJRN CONTEÚDO\00_PRODUCAO_2026\01_BOLETINS_DIARIOS\03_AUDIOS_RADIO\01 - JAN - 26\30 01 - SEX
JANEIRO,NJUD N/A,BOLETIM_RADIO_TJRN_30_01_2026_B2_TJRN_SESSAO_CRIMINAL_ANTECIPADA.mp3,30_01_2026,TJRN_SESSAO_CRIMINAL_ANTECIPADA,,TJRN,NAO,H:\Meu Drive\RADIO TJRN CONTEÚDO\00_PRODUCAO_2026\01_BOLETINS_DIARIOS\03_AUDIOS_RADIO\01 - JAN - 26\30 01 - SEX
JANEIRO,NJUD N/A,BOLETIM_RADIO_TJRN_30_01_2026_B2_TJRN_SESSAO_CRIMINAL_ANTECIPADA_1782542962.mp3,30_01_2026,TJRN_SESSAO_CRIMINAL_ANTECIPADA_1782542962,,TJRN,NAO,H:\Meu Drive\RADIO TJRN CONTEÚDO\00_PRODUCAO_2026\01_BOLETINS_DIARIOS\03_AUDIOS_RADIO\01 - JAN - 26\30 01 - SEX
JANEIRO,NJUD N/A,BOLETIM_RADIO_TJRN_30_01_2026_B2_TJRN_SESSAO_CRIMINAL_ANTECIPADA_v2.mp3,30_01_2026,TJRN_SESSAO_CRIMINAL_ANTECIPADA_v2,,TJRN,NAO,H:\Meu Drive\RADIO TJRN CONTEÚDO\00_PRODUCAO_2026\01_BOLETINS_DIARIOS\03_AUDIOS_RADIO\01 - JAN - 26\30 01 - SEX
JANEIRO,NJUD N/A,BOLETIM_RADIO_TJRN_30_01_2026_B3_TJRN_PODER_JUDICIARIO_POLUICAO_SONORA_.mp3,30_01_2026,TJRN_PODER_JUDICIARIO_POLUICAO_SONORA,,TJRN,NAO,H:\Meu Drive\RADIO TJRN CONTEÚDO\00_PRODUCAO_2026\01_BOLETINS_DIARIOS\03_AUDIOS_RADIO\01 - JAN - 26\30 01 - SEX
JANEIRO,NJUD N/A,BOLETIM_RADIO_TJRN_30_01_2026_B3_TJRN_PODER_JUDICIARIO_POLUICAO_SONORA__1782542962.mp3,30_01_2026,TJRN_PODER_JUDICIARIO_POLUICAO_SONORA__1782542962,,TJRN,NAO,H:\Meu Drive\RADIO TJRN CONTEÚDO\00_PRODUCAO_2026\01_BOLETINS_DIARIOS\03_AUDIOS_RADIO\01 - JAN - 26\30 01 - SEX
JANEIRO,NJUD N/A,BOLETIM_RADIO_TJRN_30_01_2026_B4_MPRN_OPERACAO_ORGANIZACAO_CRIMINOSA.mp3,30_01_2026,MPRN_OPERACAO_ORGANIZACAO_CRIMINOSA,,TJRN,NAO,H:\Meu Drive\RADIO TJRN CONTEÚDO\00_PRODUCAO_2026\01_BOLETINS_DIARIOS\03_AUDIOS_RADIO\01 - JAN - 26\30 01 - SEX
JANEIRO,NJUD N/A,BOLETIM_RADIO_TJRN_30_01_2026_B4_MPRN_OPERACAO_ORGANIZACAO_CRIMINOSA_1782542962.mp3,30_01_2026,MPRN_OPERACAO_ORGANIZACAO_CRIMINOSA_1782542962,,TJRN,NAO,H:\Meu Drive\RADIO TJRN CONTEÚDO\00_PRODUCAO_2026\01_BOLETINS_DIARIOS\03_AUDIOS_RADIO\01 - JAN - 26\30 01 - SEX
JANEIRO,NJUD N/A,BOLETIM_RADIO_TJRN_30_01_2026_B5_TRTRN_WI_FI_ABERTO_.mp3,30_01_2026,TRTRN_WI_FI_ABERTO,,TJRN,NAO,H:\Meu Drive\RADIO TJRN CONTEÚDO\00_PRODUCAO_2026\01_BOLETINS_DIARIOS\03_AUDIOS_RADIO\01 - JAN - 26\30 01 - SEX
JANEIRO,NJUD N/A,BOLETIM_RADIO_TJRN_30_01_2026_B5_TRTRN_WI_FI_ABERTO__1782542962.mp3,30_01_2026,TRTRN_WI_FI_ABERTO__1782542962,,TJRN,NAO,H:\Meu Drive\RADIO TJRN CONTEÚDO\00_PRODUCAO_2026\01_BOLETINS_DIARIOS\03_AUDIOS_RADIO\01 - JAN - 26\30 01 - SEX
JANEIRO,NJUD N/A,BOLETIM_RADIO_TJRN_30_01_2026_B6_TCERN_IRREGULARES_SAO_MIGUEL_.mp3,30_01_2026,TCERN_IRREGULARES_SAO_MIGUEL,,TJRN,NAO,H:\Meu Drive\RADIO TJRN CONTEÚDO\00_PRODUCAO_2026\01_BOLETINS_DIARIOS\03_AUDIOS_RADIO\01 - JAN - 26\30 01 - SEX
JANEIRO,NJUD N/A,BOLETIM_RADIO_TJRN_30_01_2026_B6_TCERN_IRREGULARES_SAO_MIGUEL__1782542963.mp3,30_01_2026,TCERN_IRREGULARES_SAO_MIGUEL__1782542963,,TJRN,NAO,H:\Meu Drive\RADIO TJRN CONTEÚDO\00_PRODUCAO_2026\01_BOLETINS_DIARIOS\03_AUDIOS_RADIO\01 - JAN - 26\30 01 - SEX
JANEIRO,NJUD N/A,BOLETIM_RADIO_TJRN_30_01_2026_B7_TJRN_MUNICIPIO_NATAL_TRANSFERIR_PONTOS_CNH.mp3,30_01_2026,TJRN_MUNICIPIO_NATAL_TRANSFERIR_PONTOS_CNH,,TJRN,NAO,H:\Meu Drive\RADIO TJRN CONTEÚDO\00_PRODUCAO_2026\01_BOLETINS_DIARIOS\03_AUDIOS_RADIO\01 - JAN - 26\30 01 - SEX
JANEIRO,NJUD N/A,BOLETIM_RADIO_TJRN_30_01_2026_B7_TJRN_MUNICIPIO_NATAL_TRANSFERIR_PONTOS_CNH_1782542962.mp3,30_01_2026,TJRN_MUNICIPIO_NATAL_TRANSFERIR_PONTOS_CNH_1782542962,,TJRN,NAO,H:\Meu Drive\RADIO TJRN CONTEÚDO\00_PRODUCAO_2026\01_BOLETINS_DIARIOS\03_AUDIOS_RADIO\01 - JAN - 26\30 01 - SEX
JANEIRO,NJUD N/A,BOLETIM_RADIO_TJRN_30_01_2026_B8_TJRN_DECISAO_DESVIO_FUNCAO_VERA_CRUZ.mp3,30_01_2026,TJRN_DECISAO_DESVIO_FUNCAO_VERA_CRUZ,,TJRN,NAO,H:\Meu Drive\RADIO TJRN CONTEÚDO\00_PRODUCAO_2026\01_BOLETINS_DIARIOS\03_AUDIOS_RADIO\01 - JAN - 26\30 01 - SEX
JANEIRO,NJUD N/A,BOLETIM_RADIO_TJRN_30_01_2026_B8_TJRN_DECISAO_DESVIO_FUNCAO_VERA_CRUZ_1782542962.mp3,30_01_2026,TJRN_DECISAO_DESVIO_FUNCAO_VERA_CRUZ_1782542962,,TJRN,NAO,H:\Meu Drive\RADIO TJRN CONTEÚDO\00_PRODUCAO_2026\01_BOLETINS_DIARIOS\03_AUDIOS_RADIO\01 - JAN - 26\30 01 - SEX
JANEIRO,NJUD N/A,BOLETIM_RADIO_TJRN_30_01_2026_B9_TJRN_DETERMINA_INTERNACAO_UTI.mp3,30_01_2026,TJRN_DETERMINA_INTERNACAO_UTI,,TJRN,NAO,H:\Meu Drive\RADIO TJRN CONTEÚDO\00_PRODUCAO_2026\01_BOLETINS_DIARIOS\03_AUDIOS_RADIO\01 - JAN - 26\30 01 - SEX
JANEIRO,NJUD N/A,BOLETIM_RADIO_TJRN_30_01_2026_B9_TJRN_DETERMINA_INTERNACAO_UTI_1782542962.mp3,30_01_2026,TJRN_DETERMINA_INTERNACAO_UTI_1782542962,,TJRN,NAO,H:\Meu Drive\RADIO TJRN CONTEÚDO\00_PRODUCAO_2026\01_BOLETINS_DIARIOS\03_AUDIOS_RADIO\01 - JAN - 26\30 01 - SEX
JANEIRO,NJUD N/A,BOLETIM_RADIO_TJRN_22_01_2026_B8_TSF_JULGAMENTOS_TEMAS_REPERCUSSAO_.mp3,22_01_2026,TSF_JULGAMENTOS_TEMAS_REPERCUSSAO,,TJRN,NAO,H:\Meu Drive\RADIO TJRN CONTEÚDO\00_PRODUCAO_2026\01_BOLETINS_DIARIOS\03_AUDIOS_RADIO\01 - JAN - 26
JANEIRO,NJUD N/A,BOLETIM_RADIO_TJRN_22_01_2026_B9_TCERN_EXIGENCIA_TRANSPARENCIA_PARLAMENTARES.mp3,22_01_2026,TCERN_EXIGENCIA_TRANSPARENCIA_PARLAMENTARES,,TJRN,NAO,H:\Meu Drive\RADIO TJRN CONTEÚDO\00_PRODUCAO_2026\01_BOLETINS_DIARIOS\03_AUDIOS_RADIO\01 - JAN - 26
JANEIRO,NJUD N/A,BOLETIM_RADIO_TJRN_23_01_2026_B1_GESTAO_DOCUMENTAL_RECICLAGEM.mp3,23_01_2026,GESTAO_DOCUMENTAL_RECICLAGEM,,TJRN,NAO,H:\Meu Drive\RADIO TJRN CONTEÚDO\00_PRODUCAO_2026\01_BOLETINS_DIARIOS\03_AUDIOS_RADIO\01 - JAN - 26
JANEIRO,NJUD N/A,BOLETIM_RADIO_TJRN_23_01_2026_B2_PAGAMENTO_IPTU_PENDENTES.mp3,23_01_2026,PAGAMENTO_IPTU_PENDENTES,,TJRN,NAO,H:\Meu Drive\RADIO TJRN CONTEÚDO\00_PRODUCAO_2026\01_BOLETINS_DIARIOS\03_AUDIOS_RADIO\01 - JAN - 26
JANEIRO,NJUD N/A,BOLETIM_RADIO_TJRN_23_01_2026_B3_INDENIZACAO_CANCER_PROSTATA.mp3,23_01_2026,INDENIZACAO_CANCER_PROSTATA,,TJRN,NAO,H:\Meu Drive\RADIO TJRN CONTEÚDO\00_PRODUCAO_2026\01_BOLETINS_DIARIOS\03_AUDIOS_RADIO\01 - JAN - 26
JANEIRO,NJUD N/A,BOLETIM_RADIO_TJRN_26_01_2026_B10_TTRRN_SOLENIDADE_PLENO_ABERTURA_.mp3,26_01_2026,TTRRN_SOLENIDADE_PLENO_ABERTURA,,TJRN,NAO,H:\Meu Drive\RADIO TJRN CONTEÚDO\00_PRODUCAO_2026\01_BOLETINS_DIARIOS\03_AUDIOS_RADIO\01 - JAN - 26
JANEIRO,NJUD N/A,BOLETIM_RADIO_TJRN_26_01_2026_B1_CURSO_CAPACITACAO_NUPEC_ESMARN.mp3,26_01_2026,CURSO_CAPACITACAO_NUPEC_ESMARN,,TJRN,NAO,H:\Meu Drive\RADIO TJRN CONTEÚDO\00_PRODUCAO_2026\01_BOLETINS_DIARIOS\03_AUDIOS_RADIO\01 - JAN - 26
JANEIRO,NJUD N/A,BOLETIM_RADIO_TJRN_26_01_2026_B2_ESTAGIO_DIREITO_6_JUIZADO.mp3,26_01_2026,ESTAGIO_DIREITO_6_JUIZADO,,TJRN,NAO,H:\Meu Drive\RADIO TJRN CONTEÚDO\00_PRODUCAO_2026\01_BOLETINS_DIARIOS\03_AUDIOS_RADIO\01 - JAN - 26
JANEIRO,NJUD N/A,BOLETIM_RADIO_TJRN_26_01_2026_B3_RESSONANCIA_PACIENTE_IDOSA.mp3,26_01_2026,RESSONANCIA_PACIENTE_IDOSA,,TJRN,NAO,H:\Meu Drive\RADIO TJRN CONTEÚDO\00_PRODUCAO_2026\01_BOLETINS_DIARIOS\03_AUDIOS_RADIO\01 - JAN - 26
JANEIRO,NJUD N/A,BOLETIM_RADIO_TJRN_26_01_2026_B4_LIXAO_CEU_ABERTO.mp3,26_01_2026,LIXAO_CEU_ABERTO,,TJRN,NAO,H:\Meu Drive\RADIO TJRN CONTEÚDO\00_PRODUCAO_2026\01_BOLETINS_DIARIOS\03_AUDIOS_RADIO\01 - JAN - 26
JANEIRO,NJUD N/A,BOLETIM_RADIO_TJRN_26_01_2026_B5_CONTRATACAO_SOFTWARE_ANGICOS.mp3,26_01_2026,CONTRATACAO_SOFTWARE_ANGICOS,,TJRN,NAO,H:\Meu Drive\RADIO TJRN CONTEÚDO\00_PRODUCAO_2026\01_BOLETINS_DIARIOS\03_AUDIOS_RADIO\01 - JAN - 26
JANEIRO,NJUD N/A,BOLETIM_RADIO_TJRN_26_01_2026_B6_SELECAO_TABELIAES_ALEXANDRIA.mp3,26_01_2026,SELECAO_TABELIAES_ALEXANDRIA,,TJRN,NAO,H:\Meu Drive\RADIO TJRN CONTEÚDO\00_PRODUCAO_2026\01_BOLETINS_DIARIOS\03_AUDIOS_RADIO\01 - JAN - 26
JANEIRO,NJUD N/A,BOLETIM_RADIO_TJRN_26_01_2026_B7_ESTAGIO_2_VARA_MOSSORO.mp3,26_01_2026,ESTAGIO_2_VARA_MOSSORO,,TJRN,NAO,H:\Meu Drive\RADIO TJRN CONTEÚDO\00_PRODUCAO_2026\01_BOLETINS_DIARIOS\03_AUDIOS_RADIO\01 - JAN - 26
JANEIRO,NJUD N/A,BOLETIM_RADIO_TJRN_26_01_2026_B8_TJRN_DOIS_JUIZES_EMPOSSADOS.mp3,26_01_2026,TJRN_DOIS_JUIZES_EMPOSSADOS,,TJRN,NAO,H:\Meu Drive\RADIO TJRN CONTEÚDO\00_PRODUCAO_2026\01_BOLETINS_DIARIOS\03_AUDIOS_RADIO\01 - JAN - 26
JANEIRO,NJUD N/A,BOLETIM_RADIO_TJRN_26_01_2026_B9_OABRN_VISITA_DELEGACIA_PLANTAO_.mp3,26_01_2026,OABRN_VISITA_DELEGACIA_PLANTAO,,TJRN,NAO,H:\Meu Drive\RADIO TJRN CONTEÚDO\00_PRODUCAO_2026\01_BOLETINS_DIARIOS\03_AUDIOS_RADIO\01 - JAN - 26
JANEIRO,NJUD N/A,BOLETIM_RADIO_TJRN_27_01_2026_B10_PENAS_PECUNIARIAS_PARNAMIRIM.mp3,27_01_2026,PENAS_PECUNIARIAS_PARNAMIRIM,,TJRN,NAO,H:\Meu Drive\RADIO TJRN CONTEÚDO\00_PRODUCAO_2026\01_BOLETINS_DIARIOS\03_AUDIOS_RADIO\01 - JAN - 26
JANEIRO,NJUD N/A,BOLETIM_RADIO_TJRN_27_01_2026_B1_TCERN_AUDITORIA_PREVIDENCIA_ITAU_.mp3,27_01_2026,TCERN_AUDITORIA_PREVIDENCIA_ITAU,,TJRN,NAO,H:\Meu Drive\RADIO TJRN CONTEÚDO\00_PRODUCAO_2026\01_BOLETINS_DIARIOS\03_AUDIOS_RADIO\01 - JAN - 26
JANEIRO,NJUD N/A,BOLETIM_RADIO_TJRN_27_01_2026_B2_MPRN_PROMOVE_AUDIENCIA_ENSINO_PUBLICO_.mp3,27_01_2026,MPRN_PROMOVE_AUDIENCIA_ENSINO_PUBLICO,,TJRN,NAO,H:\Meu Drive\RADIO TJRN CONTEÚDO\00_PRODUCAO_2026\01_BOLETINS_DIARIOS\03_AUDIOS_RADIO\01 - JAN - 26
JANEIRO,NJUD N/A,BOLETIM_RADIO_TJRN_27_01_2026_B4_TRTRN_EMPRESA_ISENTA_MORTE_VIGILANTE.mp3,27_01_2026,TRTRN_EMPRESA_ISENTA_MORTE_VIGILANTE,,TJRN,NAO,H:\Meu Drive\RADIO TJRN CONTEÚDO\00_PRODUCAO_2026\01_BOLETINS_DIARIOS\03_AUDIOS_RADIO\01 - JAN - 26
JANEIRO,NJUD N/A,BOLETIM_RADIO_TJRN_27_01_2026_B6_INDENIZACAO_EMPRESTIMO_FRAUDULENTO.mp3,27_01_2026,INDENIZACAO_EMPRESTIMO_FRAUDULENTO,,TJRN,NAO,H:\Meu Drive\RADIO TJRN CONTEÚDO\00_PRODUCAO_2026\01_BOLETINS_DIARIOS\03_AUDIOS_RADIO\01 - JAN - 26
JANEIRO,NJUD N/A,BOLETIM_RADIO_TJRN_27_01_2026_B7_CLINICA_CONDENACAO_MORTE_FILHOTES.mp3,27_01_2026,CLINICA_CONDENACAO_MORTE_FILHOTES,,TJRN,NAO,H:\Meu Drive\RADIO TJRN CONTEÚDO\00_PRODUCAO_2026\01_BOLETINS_DIARIOS\03_AUDIOS_RADIO\01 - JAN - 26
JANEIRO,NJUD N/A,BOLETIM_RADIO_TJRN_27_01_2026_B8_IMPROBIDADE_EX_PRESIDENTE_CAMARA_SAO_GONCALO.mp3,27_01_2026,IMPROBIDADE_EX_PRESIDENTE_CAMARA_SAO_GONCALO,,TJRN,NAO,H:\Meu Drive\RADIO TJRN CONTEÚDO\00_PRODUCAO_2026\01_BOLETINS_DIARIOS\03_AUDIOS_RADIO\01 - JAN - 26
JANEIRO,NJUD N/A,BOLETIM_RADIO_TJRN_27_01_2026_B9_RESSARCIMENTO_NEGADO_ASSESSOR_POLITICO.mp3,27_01_2026,RESSARCIMENTO_NEGADO_ASSESSOR_POLITICO,,TJRN,NAO,H:\Meu Drive\RADIO TJRN CONTEÚDO\00_PRODUCAO_2026\01_BOLETINS_DIARIOS\03_AUDIOS_RADIO\01 - JAN - 26
JANEIRO,NJUD N/A,BOLETIM_RADIO_TJRN_28_01_2026_B10_TJRN_ESTABELECE_ORIENTACOES_CARNAVAL.mp3,28_01_2026,TJRN_ESTABELECE_ORIENTACOES_CARNAVAL,,TJRN,NAO,H:\Meu Drive\RADIO TJRN CONTEÚDO\00_PRODUCAO_2026\01_BOLETINS_DIARIOS\03_AUDIOS_RADIO\01 - JAN - 26
JANEIRO,NJUD N/A,BOLETIM_RADIO_TJRN_28_01_2026_B1_3_VARA_PARNAMIRIM_ESTAGIO_.mp3,28_01_2026,3_VARA_PARNAMIRIM_ESTAGIO,,TJRN,NAO,H:\Meu Drive\RADIO TJRN CONTEÚDO\00_PRODUCAO_2026\01_BOLETINS_DIARIOS\03_AUDIOS_RADIO\01 - JAN - 26
JANEIRO,NJUD N/A,BOLETIM_RADIO_TJRN_28_01_2026_B2_DPERN_EDITAL_LOCACAO_FLORANIA_.mp3,28_01_2026,DPERN_EDITAL_LOCACAO_FLORANIA,,TJRN,NAO,H:\Meu Drive\RADIO TJRN CONTEÚDO\00_PRODUCAO_2026\01_BOLETINS_DIARIOS\03_AUDIOS_RADIO\01 - JAN - 26
JANEIRO,NJUD N/A,BOLETIM_RADIO_TJRN_28_01_2026_B3_MPRN_PROCESSO_SIMPLIFICADO_.mp3,28_01_2026,MPRN_PROCESSO_SIMPLIFICADO,,TJRN,NAO,H:\Meu Drive\RADIO TJRN CONTEÚDO\00_PRODUCAO_2026\01_BOLETINS_DIARIOS\03_AUDIOS_RADIO\01 - JAN - 26
JANEIRO,NJUD N/A,BOLETIM_RADIO_TJRN_28_01_2026_B4_CNJ_JUDICIARIO_MENOR_ESTOQUE.mp3,28_01_2026,CNJ_JUDICIARIO_MENOR_ESTOQUE,,TJRN,NAO,H:\Meu Drive\RADIO TJRN CONTEÚDO\00_PRODUCAO_2026\01_BOLETINS_DIARIOS\03_AUDIOS_RADIO\01 - JAN - 26
JANEIRO,NJUD N/A,BOLETIM_RADIO_TJRN_28_01_2026_B5_TJRN_RECURSOS_PENAS_ACARI.mp3,28_01_2026,TJRN_RECURSOS_PENAS_ACARI,,TJRN,NAO,H:\Meu Drive\RADIO TJRN CONTEÚDO\00_PRODUCAO_2026\01_BOLETINS_DIARIOS\03_AUDIOS_RADIO\01 - JAN - 26
JANEIRO,NJUD N/A,BOLETIM_RADIO_TJRN_28_01_2026_B6_TJRN_PARNAMIRIM_CIRURGIA_IDOSA.mp3,28_01_2026,TJRN_PARNAMIRIM_CIRURGIA_IDOSA,,TJRN,NAO,H:\Meu Drive\RADIO TJRN CONTEÚDO\00_PRODUCAO_2026\01_BOLETINS_DIARIOS\03_AUDIOS_RADIO\01 - JAN - 26
JANEIRO,NJUD N/A,BOLETIM_RADIO_TJRN_28_01_2026_B7_TJRN_PLANO_SAUDE_CONDENADO.mp3,28_01_2026,TJRN_PLANO_SAUDE_CONDENADO,,TJRN,NAO,H:\Meu Drive\RADIO TJRN CONTEÚDO\00_PRODUCAO_2026\01_BOLETINS_DIARIOS\03_AUDIOS_RADIO\01 - JAN - 26
JANEIRO,NJUD N/A,BOLETIM_RADIO_TJRN_28_01_2026_B8_TJRN_COMPANHIA_AEREA_INDENIZACAO_.mp3,28_01_2026,TJRN_COMPANHIA_AEREA_INDENIZACAO,,TJRN,NAO,H:\Meu Drive\RADIO TJRN CONTEÚDO\00_PRODUCAO_2026\01_BOLETINS_DIARIOS\03_AUDIOS_RADIO\01 - JAN - 26
JANEIRO,NJUD N/A,BOLETIM_RADIO_TJRN_28_01_2026_B9_TJRN_DECLARA_INCONSTITUCIONAL_CARGOS_.mp3,28_01_2026,TJRN_DECLARA_INCONSTITUCIONAL_CARGOS,,TJRN,NAO,H:\Meu Drive\RADIO TJRN CONTEÚDO\00_PRODUCAO_2026\01_BOLETINS_DIARIOS\03_AUDIOS_RADIO\01 - JAN - 26
JANEIRO,NJUD N/A,BOLETIM_RADIO_TJRN_29_01_2026_B10_REGRAS_CRIANCAS_CARNAVAL.mp3,29_01_2026,REGRAS_CRIANCAS_CARNAVAL,,TJRN,NAO,H:\Meu Drive\RADIO TJRN CONTEÚDO\00_PRODUCAO_2026\01_BOLETINS_DIARIOS\03_AUDIOS_RADIO\01 - JAN - 26
JANEIRO,NJUD N/A,BOLETIM_RADIO_TJRN_29_01_2026_B1_LEILAO_TERRENO_BARAUNA.mp3,29_01_2026,LEILAO_TERRENO_BARAUNA,,TJRN,NAO,H:\Meu Drive\RADIO TJRN CONTEÚDO\00_PRODUCAO_2026\01_BOLETINS_DIARIOS\03_AUDIOS_RADIO\01 - JAN - 26
JANEIRO,NJUD N/A,BOLETIM_RADIO_TJRN_29_01_2026_B2_CNJ_SUSPENSAO_PRAZOS_PROCESSUAIS_INSS.mp3,29_01_2026,CNJ_SUSPENSAO_PRAZOS_PROCESSUAIS_INSS,,TJRN,NAO,H:\Meu Drive\RADIO TJRN CONTEÚDO\00_PRODUCAO_2026\01_BOLETINS_DIARIOS\03_AUDIOS_RADIO\01 - JAN - 26
JANEIRO,NJUD N/A,BOLETIM_RADIO_TJRN_29_01_2026_B3_SELECAO_TABELIAO_SERRA_NEGRA.mp3,29_01_2026,SELECAO_TABELIAO_SERRA_NEGRA,,TJRN,NAO,H:\Meu Drive\RADIO TJRN CONTEÚDO\00_PRODUCAO_2026\01_BOLETINS_DIARIOS\03_AUDIOS_RADIO\01 - JAN - 26
JANEIRO,NJUD N/A,BOLETIM_RADIO_TJRN_29_01_2026_B4_PARECERIA_SECRETARIA_CULTURA.mp3,29_01_2026,PARECERIA_SECRETARIA_CULTURA,,TJRN,NAO,H:\Meu Drive\RADIO TJRN CONTEÚDO\00_PRODUCAO_2026\01_BOLETINS_DIARIOS\03_AUDIOS_RADIO\01 - JAN - 26
JANEIRO,NJUD N/A,BOLETIM_RADIO_TJRN_29_01_2026_B5_PLATAFORMA_NAO_EXCLUSAO_CONTAS_GOLPE.mp3,29_01_2026,PLATAFORMA_NAO_EXCLUSAO_CONTAS_GOLPE,,TJRN,NAO,H:\Meu Drive\RADIO TJRN CONTEÚDO\00_PRODUCAO_2026\01_BOLETINS_DIARIOS\03_AUDIOS_RADIO\01 - JAN - 26
JANEIRO,NJUD N/A,BOLETIM_RADIO_TJRN_29_01_2026_B6_INDENIZACAO_MOTORISTA_FALHAS_REPAROS.mp3,29_01_2026,INDENIZACAO_MOTORISTA_FALHAS_REPAROS,,TJRN,NAO,H:\Meu Drive\RADIO TJRN CONTEÚDO\00_PRODUCAO_2026\01_BOLETINS_DIARIOS\03_AUDIOS_RADIO\01 - JAN - 26
JANEIRO,NJUD N/A,BOLETIM_RADIO_TJRN_29_01_2026_B7_LEI_POLUICAO_SONORA_DERRUBADA.mp3,29_01_2026,LEI_POLUICAO_SONORA_DERRUBADA,,TJRN,NAO,H:\Meu Drive\RADIO TJRN CONTEÚDO\00_PRODUCAO_2026\01_BOLETINS_DIARIOS\03_AUDIOS_RADIO\01 - JAN - 26
JANEIRO,NJUD N/A,BOLETIM_RADIO_TJRN_29_01_2026_B8_EMPRESA_ONLINE_CONDENADA_DANOS_MORAIS.mp3,29_01_2026,EMPRESA_ONLINE_CONDENADA_DANOS_MORAIS,,TJRN,NAO,H:\Meu Drive\RADIO TJRN CONTEÚDO\00_PRODUCAO_2026\01_BOLETINS_DIARIOS\03_AUDIOS_RADIO\01 - JAN - 26
JANEIRO,NJUD N/A,BOLETIM_RADIO_TJRN_29_01_2026_B9_FORNECIMENTO_TRATAMENTO_OFTALMOLOGICO.mp3,29_01_2026,FORNECIMENTO_TRATAMENTO_OFTALMOLOGICO,,TJRN,NAO,H:\Meu Drive\RADIO TJRN CONTEÚDO\00_PRODUCAO_2026\01_BOLETINS_DIARIOS\03_AUDIOS_RADIO\01 - JAN - 26
JANEIRO,NJUD N/A,BOLETIM_RADIO_TJRN_30_01_2026_B1_TJRN_AMPLIA_PRODUTIVIDADE.mp3,30_01_2026,TJRN_AMPLIA_PRODUTIVIDADE,,TJRN,NAO,H:\Meu Drive\RADIO TJRN CONTEÚDO\00_PRODUCAO_2026\01_BOLETINS_DIARIOS\03_AUDIOS_RADIO\01 - JAN - 26
JANEIRO,NJUD N/A,BOLETIM_RADIO_TJRN_30_01_2026_B2_TJRN_SESSAO_CRIMINAL_ANTECIPADA.mp3,30_01_2026,TJRN_SESSAO_CRIMINAL_ANTECIPADA,,TJRN,NAO,H:\Meu Drive\RADIO TJRN CONTEÚDO\00_PRODUCAO_2026\01_BOLETINS_DIARIOS\03_AUDIOS_RADIO\01 - JAN - 26
FEVEREIRO,NJUD N/A,BOLETIM_RADIO_TJRN_02_02_2026_B10_DPERN_PRAZO_INSCRICOES_SUSTENTABILIDADE.mp3,02_02_2026,DPERN_PRAZO_INSCRICOES_SUSTENTABILIDADE,,TJRN,NAO,H:\Meu Drive\RADIO TJRN CONTEÚDO\00_PRODUCAO_2026\01_BOLETINS_DIARIOS\03_AUDIOS_RADIO\02 - FEV - 26\02 02 - SEG
FEVEREIRO,NJUD N/A,BOLETIM_RADIO_TJRN_02_02_2026_B10_DPERN_PRAZO_INSCRICOES_SUSTENTABILIDADE_v2.mp3,02_02_2026,DPERN_PRAZO_INSCRICOES_SUSTENTABILIDADE_v2,,TJRN,NAO,H:\Meu Drive\RADIO TJRN CONTEÚDO\00_PRODUCAO_2026\01_BOLETINS_DIARIOS\03_AUDIOS_RADIO\02 - FEV - 26\02 02 - SEG
FEVEREIRO,NJUD N/A,BOLETIM_RADIO_TJRN_02_02_2026_B1_TJRN_ACAO_IMPROBIDADE_SERVIDOR_DETRAN.mp3,02_02_2026,TJRN_ACAO_IMPROBIDADE_SERVIDOR_DETRAN,,TJRN,NAO,H:\Meu Drive\RADIO TJRN CONTEÚDO\00_PRODUCAO_2026\01_BOLETINS_DIARIOS\03_AUDIOS_RADIO\02 - FEV - 26\02 02 - SEG
FEVEREIRO,NJUD N/A,BOLETIM_RADIO_TJRN_02_02_2026_B1_TJRN_ACAO_IMPROBIDADE_SERVIDOR_DETRAN_v2.mp3,02_02_2026,TJRN_ACAO_IMPROBIDADE_SERVIDOR_DETRAN_v2,,TJRN,NAO,H:\Meu Drive\RADIO TJRN CONTEÚDO\00_PRODUCAO_2026\01_BOLETINS_DIARIOS\03_AUDIOS_RADIO\02 - FEV - 26\02 02 - SEG
FEVEREIRO,NJUD N/A,BOLETIM_RADIO_TJRN_02_02_2026_B2_TJRN_CRESCIMENTO_CAMARA_CRIMINAL_.mp3,02_02_2026,TJRN_CRESCIMENTO_CAMARA_CRIMINAL,,TJRN,NAO,H:\Meu Drive\RADIO TJRN CONTEÚDO\00_PRODUCAO_2026\01_BOLETINS_DIARIOS\03_AUDIOS_RADIO\02 - FEV - 26\02 02 - SEG
FEVEREIRO,NJUD N/A,BOLETIM_RADIO_TJRN_02_02_2026_B2_TJRN_CRESCIMENTO_CAMARA_CRIMINAL__v2.mp3,02_02_2026,TJRN_CRESCIMENTO_CAMARA_CRIMINAL__v2,,TJRN,NAO,H:\Meu Drive\RADIO TJRN CONTEÚDO\00_PRODUCAO_2026\01_BOLETINS_DIARIOS\03_AUDIOS_RADIO\02 - FEV - 26\02 02 - SEG
FEVEREIRO,NJUD N/A,BOLETIM_RADIO_TJRN_02_02_2026_B3_TJRN_ACOES_PENITENCIARIA_ALCACUZ_.mp3,02_02_2026,TJRN_ACOES_PENITENCIARIA_ALCACUZ,,TJRN,NAO,H:\Meu Drive\RADIO TJRN CONTEÚDO\00_PRODUCAO_2026\01_BOLETINS_DIARIOS\03_AUDIOS_RADIO\02 - FEV - 26\02 02 - SEG
FEVEREIRO,NJUD N/A,BOLETIM_RADIO_TJRN_02_02_2026_B3_TJRN_ACOES_PENITENCIARIA_ALCACUZ__v2.mp3,02_02_2026,TJRN_ACOES_PENITENCIARIA_ALCACUZ__v2,,TJRN,NAO,H:\Meu Drive\RADIO TJRN CONTEÚDO\00_PRODUCAO_2026\01_BOLETINS_DIARIOS\03_AUDIOS_RADIO\02 - FEV - 26\02 02 - SEG
FEVEREIRO,NJUD N/A,BOLETIM_RADIO_TJRN_02_02_2026_B4_TJRN_FABRICANTE_REDE_FARMACIA_.mp3,02_02_2026,TJRN_FABRICANTE_REDE_FARMACIA,,TJRN,NAO,H:\Meu Drive\RADIO TJRN CONTEÚDO\00_PRODUCAO_2026\01_BOLETINS_DIARIOS\03_AUDIOS_RADIO\02 - FEV - 26\02 02 - SEG
FEVEREIRO,NJUD N/A,BOLETIM_RADIO_TJRN_02_02_2026_B4_TJRN_FABRICANTE_REDE_FARMACIA__v2.mp3,02_02_2026,TJRN_FABRICANTE_REDE_FARMACIA__v2,,TJRN,NAO,H:\Meu Drive\RADIO TJRN CONTEÚDO\00_PRODUCAO_2026\01_BOLETINS_DIARIOS\03_AUDIOS_RADIO\02 - FEV - 26\02 02 - SEG
FEVEREIRO,NJUD N/A,BOLETIM_RADIO_TJRN_02_02_2026_B5_TJRN_ESTAGIO_GRUPO_METAS.mp3,02_02_2026,TJRN_ESTAGIO_GRUPO_METAS,,TJRN,NAO,H:\Meu Drive\RADIO TJRN CONTEÚDO\00_PRODUCAO_2026\01_BOLETINS_DIARIOS\03_AUDIOS_RADIO\02 - FEV - 26\02 02 - SEG
FEVEREIRO,NJUD N/A,BOLETIM_RADIO_TJRN_02_02_2026_B5_TJRN_ESTAGIO_GRUPO_METAS_v2.mp3,02_02_2026,TJRN_ESTAGIO_GRUPO_METAS_v2,,TJRN,NAO,H:\Meu Drive\RADIO TJRN CONTEÚDO\00_PRODUCAO_2026\01_BOLETINS_DIARIOS\03_AUDIOS_RADIO\02 - FEV - 26\02 02 - SEG
FEVEREIRO,NJUD N/A,BOLETIM_RADIO_TJRN_02_02_2026_B6_TJRN_CONDENA_HOMEM_MAUS_TRATOS.mp3,02_02_2026,TJRN_CONDENA_HOMEM_MAUS_TRATOS,,TJRN,NAO,H:\Meu Drive\RADIO TJRN CONTEÚDO\00_PRODUCAO_2026\01_BOLETINS_DIARIOS\03_AUDIOS_RADIO\02 - FEV - 26\02 02 - SEG
FEVEREIRO,NJUD N/A,BOLETIM_RADIO_TJRN_02_02_2026_B6_TJRN_CONDENA_HOMEM_MAUS_TRATOS_v2.mp3,02_02_2026,TJRN_CONDENA_HOMEM_MAUS_TRATOS_v2,,TJRN,NAO,H:\Meu Drive\RADIO TJRN CONTEÚDO\00_PRODUCAO_2026\01_BOLETINS_DIARIOS\03_AUDIOS_RADIO\02 - FEV - 26\02 02 - SEG
FEVEREIRO,NJUD N/A,BOLETIM_RADIO_TJRN_02_02_2026_B7_TJRN_ANULA_PREGAO_CONSORCIO_.mp3,02_02_2026,TJRN_ANULA_PREGAO_CONSORCIO,,TJRN,NAO,H:\Meu Drive\RADIO TJRN CONTEÚDO\00_PRODUCAO_2026\01_BOLETINS_DIARIOS\03_AUDIOS_RADIO\02 - FEV - 26\02 02 - SEG
FEVEREIRO,NJUD N/A,BOLETIM_RADIO_TJRN_02_02_2026_B7_TJRN_ANULA_PREGAO_CONSORCIO__v2.mp3,02_02_2026,TJRN_ANULA_PREGAO_CONSORCIO__v2,,TJRN,NAO,H:\Meu Drive\RADIO TJRN CONTEÚDO\00_PRODUCAO_2026\01_BOLETINS_DIARIOS\03_AUDIOS_RADIO\02 - FEV - 26\02 02 - SEG
FEVEREIRO,NJUD N/A,BOLETIM_RADIO_TJRN_02_02_2026_B8_TJRN_INCONSTITUCIONALIDADE_LEI_ENEM_.mp3,02_02_2026,TJRN_INCONSTITUCIONALIDADE_LEI_ENEM,,TJRN,NAO,H:\Meu Drive\RADIO TJRN CONTEÚDO\00_PRODUCAO_2026\01_BOLETINS_DIARIOS\03_AUDIOS_RADIO\02 - FEV - 26\02 02 - SEG
FEVEREIRO,NJUD N/A,BOLETIM_RADIO_TJRN_02_02_2026_B8_TJRN_INCONSTITUCIONALIDADE_LEI_ENEM__v2.mp3,02_02_2026,TJRN_INCONSTITUCIONALIDADE_LEI_ENEM__v2,,TJRN,NAO,H:\Meu Drive\RADIO TJRN CONTEÚDO\00_PRODUCAO_2026\01_BOLETINS_DIARIOS\03_AUDIOS_RADIO\02 - FEV - 26\02 02 - SEG
FEVEREIRO,NJUD N/A,BOLETIM_RADIO_TJRN_02_02_2026_B9_TRTRN_DESCARACTERIZA_TRABALHO_INTERMITENTE.mp3,02_02_2026,TRTRN_DESCARACTERIZA_TRABALHO_INTERMITENTE,,TJRN,NAO,H:\Meu Drive\RADIO TJRN CONTEÚDO\00_PRODUCAO_2026\01_BOLETINS_DIARIOS\03_AUDIOS_RADIO\02 - FEV - 26\02 02 - SEG
FEVEREIRO,NJUD N/A,BOLETIM_RADIO_TJRN_02_02_2026_B9_TRTRN_DESCARACTERIZA_TRABALHO_INTERMITENTE_v2.mp3,02_02_2026,TRTRN_DESCARACTERIZA_TRABALHO_INTERMITENTE_v2,,TJRN,NAO,H:\Meu Drive\RADIO TJRN CONTEÚDO\00_PRODUCAO_2026\01_BOLETINS_DIARIOS\03_AUDIOS_RADIO\02 - FEV - 26\02 02 - SEG
FEVEREIRO,NJUD N/A,BOLETIM_RADIO_TJRN_03_02_2026_B10_TJRN_REDE_SOCIAL_CONDENADA_.mp3,03_02_2026,TJRN_REDE_SOCIAL_CONDENADA,,TJRN,NAO,H:\Meu Drive\RADIO TJRN CONTEÚDO\00_PRODUCAO_2026\01_BOLETINS_DIARIOS\03_AUDIOS_RADIO\02 - FEV - 26\03 02 - TER
FEVEREIRO,NJUD N/A,BOLETIM_RADIO_TJRN_03_02_2026_B1_TJRN_SUSPENDE_LICITACAO_CANGUARETAMA_.mp3,03_02_2026,TJRN_SUSPENDE_LICITACAO_CANGUARETAMA,,TJRN,NAO,H:\Meu Drive\RADIO TJRN CONTEÚDO\00_PRODUCAO_2026\01_BOLETINS_DIARIOS\03_AUDIOS_RADIO\02 - FEV - 26\03 02 - TER
FEVEREIRO,NJUD N/A,BOLETIM_RADIO_TJRN_03_02_2026_B1_TJRN_SUSPENDE_LICITACAO_CANGUARETAMA__v2.mp3,03_02_2026,TJRN_SUSPENDE_LICITACAO_CANGUARETAMA__v2,,TJRN,NAO,H:\Meu Drive\RADIO TJRN CONTEÚDO\00_PRODUCAO_2026\01_BOLETINS_DIARIOS\03_AUDIOS_RADIO\02 - FEV - 26\03 02 - TER
FEVEREIRO,NJUD N/A,BOLETIM_RADIO_TJRN_03_02_2026_B2_TJRN_IA_ROTINAS_PRESTACAO_JURISDICIONAL.mp3,03_02_2026,TJRN_IA_ROTINAS_PRESTACAO_JURISDICIONAL,,TJRN,NAO,H:\Meu Drive\RADIO TJRN CONTEÚDO\00_PRODUCAO_2026\01_BOLETINS_DIARIOS\03_AUDIOS_RADIO\02 - FEV - 26\03 02 - TER
FEVEREIRO,NJUD N/A,BOLETIM_RADIO_TJRN_03_02_2026_B2_TJRN_IA_ROTINAS_PRESTACAO_JURISDICIONAL_v2.mp3,03_02_2026,TJRN_IA_ROTINAS_PRESTACAO_JURISDICIONAL_v2,,TJRN,NAO,H:\Meu Drive\RADIO TJRN CONTEÚDO\00_PRODUCAO_2026\01_BOLETINS_DIARIOS\03_AUDIOS_RADIO\02 - FEV - 26\03 02 - TER
FEVEREIRO,NJUD N/A,BOLETIM_RADIO_TJRN_03_02_2026_B3_VARA_CRIMINAL_ESTAGIO_.mp3,03_02_2026,VARA_CRIMINAL_ESTAGIO,,TJRN,NAO,H:\Meu Drive\RADIO TJRN CONTEÚDO\00_PRODUCAO_2026\01_BOLETINS_DIARIOS\03_AUDIOS_RADIO\02 - FEV - 26\03 02 - TER
FEVEREIRO,NJUD N/A,BOLETIM_RADIO_TJRN_03_02_2026_B3_VARA_CRIMINAL_ESTAGIO__v2.mp3,03_02_2026,VARA_CRIMINAL_ESTAGIO__v2,,TJRN,NAO,H:\Meu Drive\RADIO TJRN CONTEÚDO\00_PRODUCAO_2026\01_BOLETINS_DIARIOS\03_AUDIOS_RADIO\02 - FEV - 26\03 02 - TER
FEVEREIRO,NJUD N/A,BOLETIM_RADIO_TJRN_03_02_2026_B4_TJRN_COMARCA_EXTREMOZ_DEMANDAS_JUDICIAIS_.mp3,03_02_2026,TJRN_COMARCA_EXTREMOZ_DEMANDAS_JUDICIAIS,,TJRN,NAO,H:\Meu Drive\RADIO TJRN CONTEÚDO\00_PRODUCAO_2026\01_BOLETINS_DIARIOS\03_AUDIOS_RADIO\02 - FEV - 26\03 02 - TER
FEVEREIRO,NJUD N/A,BOLETIM_RADIO_TJRN_03_02_2026_B4_TJRN_COMARCA_EXTREMOZ_DEMANDAS_JUDICIAIS__v2.mp3,03_02_2026,TJRN_COMARCA_EXTREMOZ_DEMANDAS_JUDICIAIS__v2,,TJRN,NAO,H:\Meu Drive\RADIO TJRN CONTEÚDO\00_PRODUCAO_2026\01_BOLETINS_DIARIOS\03_AUDIOS_RADIO\02 - FEV - 26\03 02 - TER
FEVEREIRO,NJUD N/A,BOLETIM_RADIO_TJRN_03_02_2026_B5_TRERN_CANAL_RECEBIMENTO_DENUNCIAS_.mp3,03_02_2026,TRERN_CANAL_RECEBIMENTO_DENUNCIAS,,TJRN,NAO,H:\Meu Drive\RADIO TJRN CONTEÚDO\00_PRODUCAO_2026\01_BOLETINS_DIARIOS\03_AUDIOS_RADIO\02 - FEV - 26\03 02 - TER
FEVEREIRO,NJUD N/A,BOLETIM_RADIO_TJRN_03_02_2026_B5_TRERN_CANAL_RECEBIMENTO_DENUNCIAS__v2.mp3,03_02_2026,TRERN_CANAL_RECEBIMENTO_DENUNCIAS__v2,,TJRN,NAO,H:\Meu Drive\RADIO TJRN CONTEÚDO\00_PRODUCAO_2026\01_BOLETINS_DIARIOS\03_AUDIOS_RADIO\02 - FEV - 26\03 02 - TER
FEVEREIRO,NJUD N/A,BOLETIM_RADIO_TJRN_03_02_2026_B6_TJRN_PASSAGEIRO_INDENIZADO_.mp3,03_02_2026,TJRN_PASSAGEIRO_INDENIZADO,,TJRN,NAO,H:\Meu Drive\RADIO TJRN CONTEÚDO\00_PRODUCAO_2026\01_BOLETINS_DIARIOS\03_AUDIOS_RADIO\02 - FEV - 26\03 02 - TER
FEVEREIRO,NJUD N/A,BOLETIM_RADIO_TJRN_03_02_2026_B7_TJRN_MANTEM_INDEFERIMENTO_TRAILER_MOSSORO_.mp3,03_02_2026,TJRN_MANTEM_INDEFERIMENTO_TRAILER_MOSSORO,,TJRN,NAO,H:\Meu Drive\RADIO TJRN CONTEÚDO\00_PRODUCAO_2026\01_BOLETINS_DIARIOS\03_AUDIOS_RADIO\02 - FEV - 26\03 02 - TER
FEVEREIRO,NJUD N/A,BOLETIM_RADIO_TJRN_03_02_2026_B8_TJRN_OPERADORA_SAUDE_TRATAMENTO_AUTISMO_.mp3,03_02_2026,TJRN_OPERADORA_SAUDE_TRATAMENTO_AUTISMO,,TJRN,NAO,H:\Meu Drive\RADIO TJRN CONTEÚDO\00_PRODUCAO_2026\01_BOLETINS_DIARIOS\03_AUDIOS_RADIO\02 - FEV - 26\03 02 - TER
FEVEREIRO,NJUD N/A,BOLETIM_RADIO_TJRN_03_02_2026_B9_TJRN_COMARCA_SAO_BENTO_INTERINO_.mp3,03_02_2026,TJRN_COMARCA_SAO_BENTO_INTERINO,,TJRN,NAO,H:\Meu Drive\RADIO TJRN CONTEÚDO\00_PRODUCAO_2026\01_BOLETINS_DIARIOS\03_AUDIOS_RADIO\02 - FEV - 26\03 02 - TER
FEVEREIRO,NJUD N/A,BOLETIM_RADIO_TJRN_04_02_2026_B10_TJRN_NOMEACAO_CANDIDATO_CONCURSO_.mp3,04_02_2026,TJRN_NOMEACAO_CANDIDATO_CONCURSO,,TJRN,NAO,H:\Meu Drive\RADIO TJRN CONTEÚDO\00_PRODUCAO_2026\01_BOLETINS_DIARIOS\03_AUDIOS_RADIO\02 - FEV - 26\04 02 - QUA
FEVEREIRO,NJUD N/A,BOLETIM_RADIO_TJRN_04_02_2026_B1_CONVOCACAO_JUIZES_LEIGOS_JUIZADOS.mp3,04_02_2026,CONVOCACAO_JUIZES_LEIGOS_JUIZADOS,,TJRN,NAO,H:\Meu Drive\RADIO TJRN CONTEÚDO\00_PRODUCAO_2026\01_BOLETINS_DIARIOS\03_AUDIOS_RADIO\02 - FEV - 26\04 02 - QUA
FEVEREIRO,NJUD N/A,BOLETIM_RADIO_TJRN_04_02_2026_B1_CONVOCACAO_JUIZES_LEIGOS_JUIZADOS_v2.mp3,04_02_2026,CONVOCACAO_JUIZES_LEIGOS_JUIZADOS_v2,,TJRN,NAO,H:\Meu Drive\RADIO TJRN CONTEÚDO\00_PRODUCAO_2026\01_BOLETINS_DIARIOS\03_AUDIOS_RADIO\02 - FEV - 26\04 02 - QUA
FEVEREIRO,NJUD N/A,BOLETIM_RADIO_TJRN_04_02_2026_B2_DOACAO_LIVROS_SISTEMA_PRISIONAL.mp3,04_02_2026,DOACAO_LIVROS_SISTEMA_PRISIONAL,,TJRN,NAO,H:\Meu Drive\RADIO TJRN CONTEÚDO\00_PRODUCAO_2026\01_BOLETINS_DIARIOS\03_AUDIOS_RADIO\02 - FEV - 26\04 02 - QUA
FEVEREIRO,NJUD N/A,BOLETIM_RADIO_TJRN_04_02_2026_B2_DOACAO_LIVROS_SISTEMA_PRISIONAL_v2.mp3,04_02_2026,DOACAO_LIVROS_SISTEMA_PRISIONAL_v2,,TJRN,NAO,H:\Meu Drive\RADIO TJRN CONTEÚDO\00_PRODUCAO_2026\01_BOLETINS_DIARIOS\03_AUDIOS_RADIO\02 - FEV - 26\04 02 - QUA
FEVEREIRO,NJUD N/A,BOLETIM_RADIO_TJRN_04_02_2026_B3_MANUAL_DE_GESTAO_PROCESSUAL.mp3,04_02_2026,MANUAL_DE_GESTAO_PROCESSUAL,,TJRN,NAO,H:\Meu Drive\RADIO TJRN CONTEÚDO\00_PRODUCAO_2026\01_BOLETINS_DIARIOS\03_AUDIOS_RADIO\02 - FEV - 26\04 02 - QUA
FEVEREIRO,NJUD N/A,BOLETIM_RADIO_TJRN_04_02_2026_B3_MANUAL_DE_GESTAO_PROCESSUAL_v2.mp3,04_02_2026,MANUAL_DE_GESTAO_PROCESSUAL_v2,,TJRN,NAO,H:\Meu Drive\RADIO TJRN CONTEÚDO\00_PRODUCAO_2026\01_BOLETINS_DIARIOS\03_AUDIOS_RADIO\02 - FEV - 26\04 02 - QUA
FEVEREIRO,NJUD N/A,BOLETIM_RADIO_TJRN_04_02_2026_B4_INDENIZACAO_MEDICAMENTOS_COSERN.mp3,04_02_2026,INDENIZACAO_MEDICAMENTOS_COSERN,,TJRN,NAO,H:\Meu Drive\RADIO TJRN CONTEÚDO\00_PRODUCAO_2026\01_BOLETINS_DIARIOS\03_AUDIOS_RADIO\02 - FEV - 26\04 02 - QUA
FEVEREIRO,NJUD N/A,BOLETIM_RADIO_TJRN_04_02_2026_B4_INDENIZACAO_MEDICAMENTOS_COSERN_v2.mp3,04_02_2026,INDENIZACAO_MEDICAMENTOS_COSERN_v2,,TJRN,NAO,H:\Meu Drive\RADIO TJRN CONTEÚDO\00_PRODUCAO_2026\01_BOLETINS_DIARIOS\03_AUDIOS_RADIO\02 - FEV - 26\04 02 - QUA
FEVEREIRO,NJUD N/A,BOLETIM_RADIO_TJRN_04_02_2026_B5_CONDENACAO_ROUBO_POLICIAL_MACAIBA.mp3,04_02_2026,CONDENACAO_ROUBO_POLICIAL_MACAIBA,,TJRN,NAO,H:\Meu Drive\RADIO TJRN CONTEÚDO\00_PRODUCAO_2026\01_BOLETINS_DIARIOS\03_AUDIOS_RADIO\02 - FEV - 26\04 02 - QUA
FEVEREIRO,NJUD N/A,BOLETIM_RADIO_TJRN_04_02_2026_B5_CONDENACAO_ROUBO_POLICIAL_MACAIBA_v2.mp3,04_02_2026,CONDENACAO_ROUBO_POLICIAL_MACAIBA_v2,,TJRN,NAO,H:\Meu Drive\RADIO TJRN CONTEÚDO\00_PRODUCAO_2026\01_BOLETINS_DIARIOS\03_AUDIOS_RADIO\02 - FEV - 26\04 02 - QUA
FEVEREIRO,NJUD N/A,BOLETIM_RADIO_TJRN_04_02_2026_B6_CONDENACAO_BANCO_GOLPE_VEICULO.mp3,04_02_2026,CONDENACAO_BANCO_GOLPE_VEICULO,,TJRN,NAO,H:\Meu Drive\RADIO TJRN CONTEÚDO\00_PRODUCAO_2026\01_BOLETINS_DIARIOS\03_AUDIOS_RADIO\02 - FEV - 26\04 02 - QUA
FEVEREIRO,NJUD N/A,BOLETIM_RADIO_TJRN_04_02_2026_B7_INDENIZACAO_EXTRAVIO_BAGAGEM_ASSU.mp3,04_02_2026,INDENIZACAO_EXTRAVIO_BAGAGEM_ASSU,,TJRN,NAO,H:\Meu Drive\RADIO TJRN CONTEÚDO\00_PRODUCAO_2026\01_BOLETINS_DIARIOS\03_AUDIOS_RADIO\02 - FEV - 26\04 02 - QUA
FEVEREIRO,NJUD N/A,BOLETIM_RADIO_TJRN_04_02_2026_B8_MEDICAMENTO_ESCLEROSE_PLANO_SAUDE.mp3,04_02_2026,MEDICAMENTO_ESCLEROSE_PLANO_SAUDE,,TJRN,NAO,H:\Meu Drive\RADIO TJRN CONTEÚDO\00_PRODUCAO_2026\01_BOLETINS_DIARIOS\03_AUDIOS_RADIO\02 - FEV - 26\04 02 - QUA
FEVEREIRO,NJUD N/A,BOLETIM_RADIO_TJRN_04_02_2026_B9_MUDANCA_HORARIO_SEGUNDA_CAMARA.mp3,04_02_2026,MUDANCA_HORARIO_SEGUNDA_CAMARA,,TJRN,NAO,H:\Meu Drive\RADIO TJRN CONTEÚDO\00_PRODUCAO_2026\01_BOLETINS_DIARIOS\03_AUDIOS_RADIO\02 - FEV - 26\04 02 - QUA
FEVEREIRO,NJUD N/A,BOLETIM_RADIO_TJRN_05_02_2026_B10_ACAO_NACIONAL_CONTRA_FEMINICIDIO.mp3,05_02_2026,ACAO_NACIONAL_CONTRA_FEMINICIDIO,,TJRN,NAO,H:\Meu Drive\RADIO TJRN CONTEÚDO\00_PRODUCAO_2026\01_BOLETINS_DIARIOS\03_AUDIOS_RADIO\02 - FEV - 26\05 02 - QUI
FEVEREIRO,NJUD N/A,BOLETIM_RADIO_TJRN_05_02_2026_B1_TJRN_INSTALACAO_MEDIDORES_ENERGIA.mp3,05_02_2026,TJRN_INSTALACAO_MEDIDORES_ENERGIA,,TJRN,NAO,H:\Meu Drive\RADIO TJRN CONTEÚDO\00_PRODUCAO_2026\01_BOLETINS_DIARIOS\03_AUDIOS_RADIO\02 - FEV - 26\05 02 - QUI
FEVEREIRO,NJUD N/A,BOLETIM_RADIO_TJRN_05_02_2026_B1_TJRN_INSTALACAO_MEDIDORES_ENERGIA_v2.mp3,05_02_2026,TJRN_INSTALACAO_MEDIDORES_ENERGIA_v2,,TJRN,NAO,H:\Meu Drive\RADIO TJRN CONTEÚDO\00_PRODUCAO_2026\01_BOLETINS_DIARIOS\03_AUDIOS_RADIO\02 - FEV - 26\05 02 - QUI
FEVEREIRO,NJUD N/A,BOLETIM_RADIO_TJRN_05_02_2026_B2_TJRN_MORADOR_MOSSORO_TRATAMENTO_MEDICO_.mp3,05_02_2026,TJRN_MORADOR_MOSSORO_TRATAMENTO_MEDICO,,TJRN,NAO,H:\Meu Drive\RADIO TJRN CONTEÚDO\00_PRODUCAO_2026\01_BOLETINS_DIARIOS\03_AUDIOS_RADIO\02 - FEV - 26\05 02 - QUI
FEVEREIRO,NJUD N/A,BOLETIM_RADIO_TJRN_05_02_2026_B2_TJRN_MORADOR_MOSSORO_TRATAMENTO_MEDICO__v2.mp3,05_02_2026,TJRN_MORADOR_MOSSORO_TRATAMENTO_MEDICO__v2,,TJRN,NAO,H:\Meu Drive\RADIO TJRN CONTEÚDO\00_PRODUCAO_2026\01_BOLETINS_DIARIOS\03_AUDIOS_RADIO\02 - FEV - 26\05 02 - QUI
FEVEREIRO,NJUD N/A,BOLETIM_RADIO_TJRN_05_02_2026_B3_TJRN_CONDENA_EX_ASSESSORA_IMPROBIDADE.mp3,05_02_2026,TJRN_CONDENA_EX_ASSESSORA_IMPROBIDADE,,TJRN,NAO,H:\Meu Drive\RADIO TJRN CONTEÚDO\00_PRODUCAO_2026\01_BOLETINS_DIARIOS\03_AUDIOS_RADIO\02 - FEV - 26\05 02 - QUI
FEVEREIRO,NJUD N/A,BOLETIM_RADIO_TJRN_05_02_2026_B3_TJRN_CONDENA_EX_ASSESSORA_IMPROBIDADE_v2.mp3,05_02_2026,TJRN_CONDENA_EX_ASSESSORA_IMPROBIDADE_v2,,TJRN,NAO,H:\Meu Drive\RADIO TJRN CONTEÚDO\00_PRODUCAO_2026\01_BOLETINS_DIARIOS\03_AUDIOS_RADIO\02 - FEV - 26\05 02 - QUI
FEVEREIRO,NJUD N/A,BOLETIM_RADIO_TJRN_05_02_2026_B4_TJRN_HOMEM_CONDENADO_ROUBO_.mp3,05_02_2026,TJRN_HOMEM_CONDENADO_ROUBO,,TJRN,NAO,H:\Meu Drive\RADIO TJRN CONTEÚDO\00_PRODUCAO_2026\01_BOLETINS_DIARIOS\03_AUDIOS_RADIO\02 - FEV - 26\05 02 - QUI
FEVEREIRO,NJUD N/A,BOLETIM_RADIO_TJRN_05_02_2026_B4_TJRN_HOMEM_CONDENADO_ROUBO__v2.mp3,05_02_2026,TJRN_HOMEM_CONDENADO_ROUBO__v2,,TJRN,NAO,H:\Meu Drive\RADIO TJRN CONTEÚDO\00_PRODUCAO_2026\01_BOLETINS_DIARIOS\03_AUDIOS_RADIO\02 - FEV - 26\05 02 - QUI
FEVEREIRO,NJUD N/A,BOLETIM_RADIO_TJRN_05_02_2026_B5_TJRN_REDE_SOCIAL_CONTA_PERFIL.mp3,05_02_2026,TJRN_REDE_SOCIAL_CONTA_PERFIL,,TJRN,NAO,H:\Meu Drive\RADIO TJRN CONTEÚDO\00_PRODUCAO_2026\01_BOLETINS_DIARIOS\03_AUDIOS_RADIO\02 - FEV - 26\05 02 - QUI
FEVEREIRO,NJUD N/A,BOLETIM_RADIO_TJRN_05_02_2026_B5_TJRN_REDE_SOCIAL_CONTA_PERFIL_v2.mp3,05_02_2026,TJRN_REDE_SOCIAL_CONTA_PERFIL_v2,,TJRN,NAO,H:\Meu Drive\RADIO TJRN CONTEÚDO\00_PRODUCAO_2026\01_BOLETINS_DIARIOS\03_AUDIOS_RADIO\02 - FEV - 26\05 02 - QUI
FEVEREIRO,NJUD N/A,BOLETIM_RADIO_TJRN_05_02_2026_B6_TJRN_CONDENA_BANCO_DIGITAL_.mp3,05_02_2026,TJRN_CONDENA_BANCO_DIGITAL,,TJRN,NAO,H:\Meu Drive\RADIO TJRN CONTEÚDO\00_PRODUCAO_2026\01_BOLETINS_DIARIOS\03_AUDIOS_RADIO\02 - FEV - 26\05 02 - QUI
FEVEREIRO,NJUD N/A,BOLETIM_RADIO_TJRN_05_02_2026_B7_TRTRN_BANCO_DANOS_MORAIS_ADOECIMENTO_MENTAL.mp3,05_02_2026,TRTRN_BANCO_DANOS_MORAIS_ADOECIMENTO_MENTAL,,TJRN,NAO,H:\Meu Drive\RADIO TJRN CONTEÚDO\00_PRODUCAO_2026\01_BOLETINS_DIARIOS\03_AUDIOS_RADIO\02 - FEV - 26\05 02 - QUI
FEVEREIRO,NJUD N/A,BOLETIM_RADIO_TJRN_05_02_2026_B8_OABRN_ALERTA_GOLPE_EXAME_ORDEM.mp3,05_02_2026,OABRN_ALERTA_GOLPE_EXAME_ORDEM,,TJRN,NAO,H:\Meu Drive\RADIO TJRN CONTEÚDO\00_PRODUCAO_2026\01_BOLETINS_DIARIOS\03_AUDIOS_RADIO\02 - FEV - 26\05 02 - QUI
FEVEREIRO,NJUD N/A,BOLETIM_RADIO_TJRN_05_02_2026_B9_SESSAO_EXTRAORDINARIA_PRIMEIRA_CAMARA_CIVEL.mp3,05_02_2026,SESSAO_EXTRAORDINARIA_PRIMEIRA_CAMARA_CIVEL,,TJRN,NAO,H:\Meu Drive\RADIO TJRN CONTEÚDO\00_PRODUCAO_2026\01_BOLETINS_DIARIOS\03_AUDIOS_RADIO\02 - FEV - 26\05 02 - QUI
FEVEREIRO,NJUD N/A,BOLETIM_RADIO_TJRN_06_02_2026_B10_TJRN_EMPRESA_TRANSPORTE_CONDENADA.mp3,06_02_2026,TJRN_EMPRESA_TRANSPORTE_CONDENADA,,TJRN,NAO,H:\Meu Drive\RADIO TJRN CONTEÚDO\00_PRODUCAO_2026\01_BOLETINS_DIARIOS\03_AUDIOS_RADIO\02 - FEV - 26\06 02 - SEX
FEVEREIRO,NJUD N/A,BOLETIM_RADIO_TJRN_06_02_2026_B10_TJRN_EMPRESA_TRANSPORTE_CONDENADA_v2.mp3,06_02_2026,TJRN_EMPRESA_TRANSPORTE_CONDENADA_v2,,TJRN,NAO,H:\Meu Drive\RADIO TJRN CONTEÚDO\00_PRODUCAO_2026\01_BOLETINS_DIARIOS\03_AUDIOS_RADIO\02 - FEV - 26\06 02 - SEX
FEVEREIRO,NJUD N/A,BOLETIM_RADIO_TJRN_06_02_2026_B1_MPRN_CONDENACAO_EMPRESARIOS_.mp3,06_02_2026,MPRN_CONDENACAO_EMPRESARIOS,,TJRN,NAO,H:\Meu Drive\RADIO TJRN CONTEÚDO\00_PRODUCAO_2026\01_BOLETINS_DIARIOS\03_AUDIOS_RADIO\02 - FEV - 26\06 02 - SEX
FEVEREIRO,NJUD N/A,BOLETIM_RADIO_TJRN_06_02_2026_B2_ALRN_ABRE_TRABALHOS_LEGISLATIVO_.mp3,06_02_2026,ALRN_ABRE_TRABALHOS_LEGISLATIVO,,TJRN,NAO,H:\Meu Drive\RADIO TJRN CONTEÚDO\00_PRODUCAO_2026\01_BOLETINS_DIARIOS\03_AUDIOS_RADIO\02 - FEV - 26\06 02 - SEX
FEVEREIRO,NJUD N/A,BOLETIM_RADIO_TJRN_06_02_2026_B3_DPERN_CRIACAO_CARGOS_APOIO_ESCOLAR_.mp3,06_02_2026,DPERN_CRIACAO_CARGOS_APOIO_ESCOLAR,,TJRN,NAO,H:\Meu Drive\RADIO TJRN CONTEÚDO\00_PRODUCAO_2026\01_BOLETINS_DIARIOS\03_AUDIOS_RADIO\02 - FEV - 26\06 02 - SEX
FEVEREIRO,NJUD N/A,BOLETIM_RADIO_TJRN_06_02_2026_B4_TRTRN_DOA_VEICULOS_INSTITUTO_CEGOS.mp3,06_02_2026,TRTRN_DOA_VEICULOS_INSTITUTO_CEGOS,,TJRN,NAO,H:\Meu Drive\RADIO TJRN CONTEÚDO\00_PRODUCAO_2026\01_BOLETINS_DIARIOS\03_AUDIOS_RADIO\02 - FEV - 26\06 02 - SEX
FEVEREIRO,NJUD N/A,BOLETIM_RADIO_TJRN_06_02_2026_B5_CNJ_INSCRICOES_CIENCIAS_DE_DADOS_.mp3,06_02_2026,CNJ_INSCRICOES_CIENCIAS_DE_DADOS,,TJRN,NAO,H:\Meu Drive\RADIO TJRN CONTEÚDO\00_PRODUCAO_2026\01_BOLETINS_DIARIOS\03_AUDIOS_RADIO\02 - FEV - 26\06 02 - SEX
FEVEREIRO,NJUD N/A,BOLETIM_RADIO_TJRN_06_02_2026_B6_ESMARN_CURSO_INTELIGENCIA_ARTIFICIAL_.mp3,06_02_2026,ESMARN_CURSO_INTELIGENCIA_ARTIFICIAL,,TJRN,NAO,H:\Meu Drive\RADIO TJRN CONTEÚDO\00_PRODUCAO_2026\01_BOLETINS_DIARIOS\03_AUDIOS_RADIO\02 - FEV - 26\06 02 - SEX
FEVEREIRO,NJUD N/A,BOLETIM_RADIO_TJRN_06_02_2026_B6_ESMARN_CURSO_INTELIGENCIA_ARTIFICIAL__v2.mp3,06_02_2026,ESMARN_CURSO_INTELIGENCIA_ARTIFICIAL__v2,,TJRN,NAO,H:\Meu Drive\RADIO TJRN CONTEÚDO\00_PRODUCAO_2026\01_BOLETINS_DIARIOS\03_AUDIOS_RADIO\02 - FEV - 26\06 02 - SEX
FEVEREIRO,NJUD N/A,BOLETIM_RADIO_TJRN_06_02_2026_B7_TJRN_IDOSA_CAPITALIZACAO_.mp3,06_02_2026,TJRN_IDOSA_CAPITALIZACAO,,TJRN,NAO,H:\Meu Drive\RADIO TJRN CONTEÚDO\00_PRODUCAO_2026\01_BOLETINS_DIARIOS\03_AUDIOS_RADIO\02 - FEV - 26\06 02 - SEX
FEVEREIRO,NJUD N/A,BOLETIM_RADIO_TJRN_06_02_2026_B7_TJRN_IDOSA_CAPITALIZACAO__v2.mp3,06_02_2026,TJRN_IDOSA_CAPITALIZACAO__v2,,TJRN,NAO,H:\Meu Drive\RADIO TJRN CONTEÚDO\00_PRODUCAO_2026\01_BOLETINS_DIARIOS\03_AUDIOS_RADIO\02 - FEV - 26\06 02 - SEX
FEVEREIRO,NJUD N/A,BOLETIM_RADIO_TJRN_06_02_2026_B8_TJRN_RECONHECE_DESVIO_FUNCAO_.mp3,06_02_2026,TJRN_RECONHECE_DESVIO_FUNCAO,,TJRN,NAO,H:\Meu Drive\RADIO TJRN CONTEÚDO\00_PRODUCAO_2026\01_BOLETINS_DIARIOS\03_AUDIOS_RADIO\02 - FEV - 26\06 02 - SEX
FEVEREIRO,NJUD N/A,BOLETIM_RADIO_TJRN_06_02_2026_B8_TJRN_RECONHECE_DESVIO_FUNCAO__v2.mp3,06_02_2026,TJRN_RECONHECE_DESVIO_FUNCAO__v2,,TJRN,NAO,H:\Meu Drive\RADIO TJRN CONTEÚDO\00_PRODUCAO_2026\01_BOLETINS_DIARIOS\03_AUDIOS_RADIO\02 - FEV - 26\06 02 - SEX
FEVEREIRO,NJUD N/A,BOLETIM_RADIO_TJRN_06_02_2026_B9_TJRN_CUSTO_OBRAS_ACESSIBILIDADE.mp3,06_02_2026,TJRN_CUSTO_OBRAS_ACESSIBILIDADE,,TJRN,NAO,H:\Meu Drive\RADIO TJRN CONTEÚDO\00_PRODUCAO_2026\01_BOLETINS_DIARIOS\03_AUDIOS_RADIO\02 - FEV - 26\06 02 - SEX
FEVEREIRO,NJUD N/A,BOLETIM_RADIO_TJRN_06_02_2026_B9_TJRN_CUSTO_OBRAS_ACESSIBILIDADE_v2.mp3,06_02_2026,TJRN_CUSTO_OBRAS_ACESSIBILIDADE_v2,,TJRN,NAO,H:\Meu Drive\RADIO TJRN CONTEÚDO\00_PRODUCAO_2026\01_BOLETINS_DIARIOS\03_AUDIOS_RADIO\02 - FEV - 26\06 02 - SEX
FEVEREIRO,NJUD N/A,BOLETIM_RADIO_TJRN_09_02_2026_B10_REMUNERACAO_PM_CURSO_FORMACAO.mp3,09_02_2026,REMUNERACAO_PM_CURSO_FORMACAO,,TJRN,NAO,H:\Meu Drive\RADIO TJRN CONTEÚDO\00_PRODUCAO_2026\01_BOLETINS_DIARIOS\03_AUDIOS_RADIO\02 - FEV - 26\09 02 - SEG
FEVEREIRO,NJUD N/A,BOLETIM_RADIO_TJRN_09_02_2026_B1_TJRN_BALANCO_ACOES_EXECUTADAS.mp3,09_02_2026,TJRN_BALANCO_ACOES_EXECUTADAS,,TJRN,NAO,H:\Meu Drive\RADIO TJRN CONTEÚDO\00_PRODUCAO_2026\01_BOLETINS_DIARIOS\03_AUDIOS_RADIO\02 - FEV - 26\09 02 - SEG
FEVEREIRO,NJUD N/A,BOLETIM_RADIO_TJRN_09_02_2026_B2_MPRN_COMBATE_POLUICAO_SONORA_.mp3,09_02_2026,MPRN_COMBATE_POLUICAO_SONORA,,TJRN,NAO,H:\Meu Drive\RADIO TJRN CONTEÚDO\00_PRODUCAO_2026\01_BOLETINS_DIARIOS\03_AUDIOS_RADIO\02 - FEV - 26\09 02 - SEG
FEVEREIRO,NJUD N/A,BOLETIM_RADIO_TJRN_09_02_2026_B3_REGULARIZACAO_CUSTAS_JUDICIAIS.mp3,09_02_2026,REGULARIZACAO_CUSTAS_JUDICIAIS,,TJRN,NAO,H:\Meu Drive\RADIO TJRN CONTEÚDO\00_PRODUCAO_2026\01_BOLETINS_DIARIOS\03_AUDIOS_RADIO\02 - FEV - 26\09 02 - SEG
FEVEREIRO,NJUD N/A,BOLETIM_RADIO_TJRN_09_02_2026_B4_RECUPERACAO_CANAL_VIDEOS.mp3,09_02_2026,RECUPERACAO_CANAL_VIDEOS,,TJRN,NAO,H:\Meu Drive\RADIO TJRN CONTEÚDO\00_PRODUCAO_2026\01_BOLETINS_DIARIOS\03_AUDIOS_RADIO\02 - FEV - 26\09 02 - SEG
FEVEREIRO,NJUD N/A,BOLETIM_RADIO_TJRN_09_02_2026_B5_RECUPERACAO_CANAL_VIDEOS.mp3,09_02_2026,RECUPERACAO_CANAL_VIDEOS,,TJRN,NAO,H:\Meu Drive\RADIO TJRN CONTEÚDO\00_PRODUCAO_2026\01_BOLETINS_DIARIOS\03_AUDIOS_RADIO\02 - FEV - 26\09 02 - SEG
FEVEREIRO,NJUD N/A,BOLETIM_RADIO_TJRN_09_02_2026_B6_COMITES_MES_CONSUMIDOR.mp3,09_02_2026,COMITES_MES_CONSUMIDOR,,TJRN,NAO,H:\Meu Drive\RADIO TJRN CONTEÚDO\00_PRODUCAO_2026\01_BOLETINS_DIARIOS\03_AUDIOS_RADIO\02 - FEV - 26\09 02 - SEG
FEVEREIRO,NJUD N/A,BOLETIM_RADIO_TJRN_09_02_2026_B7_ESTAGIO_POS_MOSSORO_DIREITO.mp3,09_02_2026,ESTAGIO_POS_MOSSORO_DIREITO,,TJRN,NAO,H:\Meu Drive\RADIO TJRN CONTEÚDO\00_PRODUCAO_2026\01_BOLETINS_DIARIOS\03_AUDIOS_RADIO\02 - FEV - 26\09 02 - SEG
FEVEREIRO,NJUD N/A,BOLETIM_RADIO_TJRN_09_02_2026_B8_INDENIZACAO_PACIENTE_DEPRESSIVO.mp3,09_02_2026,INDENIZACAO_PACIENTE_DEPRESSIVO,,TJRN,NAO,H:\Meu Drive\RADIO TJRN CONTEÚDO\00_PRODUCAO_2026\01_BOLETINS_DIARIOS\03_AUDIOS_RADIO\02 - FEV - 26\09 02 - SEG
FEVEREIRO,NJUD N/A,BOLETIM_RADIO_TJRN_09_02_2026_B9_AUSENCIA_ANULACAO_SENTENCA.mp3,09_02_2026,AUSENCIA_ANULACAO_SENTENCA,,TJRN,NAO,H:\Meu Drive\RADIO TJRN CONTEÚDO\00_PRODUCAO_2026\01_BOLETINS_DIARIOS\03_AUDIOS_RADIO\02 - FEV - 26\09 02 - SEG
FEVEREIRO,NJUD N/A,BOLETIM_RADIO_TJRN_10_02_2026_B10_DPERN_DECISAO_FAVORAVEL_PRESO_CONDENACAO_.mp3,10_02_2026,DPERN_DECISAO_FAVORAVEL_PRESO_CONDENACAO,,TJRN,NAO,H:\Meu Drive\RADIO TJRN CONTEÚDO\00_PRODUCAO_2026\01_BOLETINS_DIARIOS\03_AUDIOS_RADIO\02 - FEV - 26\10 02 - TER
FEVEREIRO,NJUD N/A,BOLETIM_RADIO_TJRN_10_02_2026_B1_TJRN_CONDENA_MUNICIPIO_ALUGUEIS_ATRASADOS_.mp3,10_02_2026,TJRN_CONDENA_MUNICIPIO_ALUGUEIS_ATRASADOS,,TJRN,NAO,H:\Meu Drive\RADIO TJRN CONTEÚDO\00_PRODUCAO_2026\01_BOLETINS_DIARIOS\03_AUDIOS_RADIO\02 - FEV - 26\10 02 - TER
FEVEREIRO,NJUD N/A,BOLETIM_RADIO_TJRN_10_02_2026_B2_TJRN_RISCO_DESABAMENTO_MURO_NATAL.mp3,10_02_2026,TJRN_RISCO_DESABAMENTO_MURO_NATAL,,TJRN,NAO,H:\Meu Drive\RADIO TJRN CONTEÚDO\00_PRODUCAO_2026\01_BOLETINS_DIARIOS\03_AUDIOS_RADIO\02 - FEV - 26\10 02 - TER
FEVEREIRO,NJUD N/A,BOLETIM_RADIO_TJRN_10_02_2026_B3_TJRN_CONSUMIDORA_INDENIZADA_INADIMPLENTES_.mp3,10_02_2026,TJRN_CONSUMIDORA_INDENIZADA_INADIMPLENTES,,TJRN,NAO,H:\Meu Drive\RADIO TJRN CONTEÚDO\00_PRODUCAO_2026\01_BOLETINS_DIARIOS\03_AUDIOS_RADIO\02 - FEV - 26\10 02 - TER
FEVEREIRO,NJUD N/A,BOLETIM_RADIO_TJRN_10_02_2026_B4_TJRN_REALIZA_MUTIRAO_.mp3,10_02_2026,TJRN_REALIZA_MUTIRAO,,TJRN,NAO,H:\Meu Drive\RADIO TJRN CONTEÚDO\00_PRODUCAO_2026\01_BOLETINS_DIARIOS\03_AUDIOS_RADIO\02 - FEV - 26\10 02 - TER
FEVEREIRO,NJUD N/A,BOLETIM_RADIO_TJRN_10_02_2026_B5_TJRN_COMARCA_PORTALEGRE_INSCRICOES_.mp3,10_02_2026,TJRN_COMARCA_PORTALEGRE_INSCRICOES,,TJRN,NAO,H:\Meu Drive\RADIO TJRN CONTEÚDO\00_PRODUCAO_2026\01_BOLETINS_DIARIOS\03_AUDIOS_RADIO\02 - FEV - 26\10 02 - TER
FEVEREIRO,NJUD N/A,BOLETIM_RADIO_TJRN_10_02_2026_B6_TJRN_ORIENTA_PARTICIPACAO_CRIANCAS_.mp3,10_02_2026,TJRN_ORIENTA_PARTICIPACAO_CRIANCAS,,TJRN,NAO,H:\Meu Drive\RADIO TJRN CONTEÚDO\00_PRODUCAO_2026\01_BOLETINS_DIARIOS\03_AUDIOS_RADIO\02 - FEV - 26\10 02 - TER
FEVEREIRO,NJUD N/A,BOLETIM_RADIO_TJRN_10_02_2026_B7_TJRN_ALERTA_SOBRE_SMS_FALSO.mp3,10_02_2026,TJRN_ALERTA_SOBRE_SMS_FALSO,,TJRN,NAO,H:\Meu Drive\RADIO TJRN CONTEÚDO\00_PRODUCAO_2026\01_BOLETINS_DIARIOS\03_AUDIOS_RADIO\02 - FEV - 26\10 02 - TER
FEVEREIRO,NJUD N/A,BOLETIM_RADIO_TJRN_10_02_2026_B8_OABRN_CENSO_DIFICULDADES_JOVENS_BRASIL.mp3,10_02_2026,OABRN_CENSO_DIFICULDADES_JOVENS_BRASIL,,TJRN,NAO,H:\Meu Drive\RADIO TJRN CONTEÚDO\00_PRODUCAO_2026\01_BOLETINS_DIARIOS\03_AUDIOS_RADIO\02 - FEV - 26\10 02 - TER
FEVEREIRO,NJUD N/A,BOLETIM_RADIO_TJRN_10_02_2026_B9_TRTRN_JUSTICA_RESTAURATIVA.mp3,10_02_2026,TRTRN_JUSTICA_RESTAURATIVA,,TJRN,NAO,H:\Meu Drive\RADIO TJRN CONTEÚDO\00_PRODUCAO_2026\01_BOLETINS_DIARIOS\03_AUDIOS_RADIO\02 - FEV - 26\10 02 - TER
FEVEREIRO,NJUD N/A,BOLETIM_RADIO_TJRN_11_02_2026_B10_TRTRN_CONCLUI_EXPEDICAO_PRECATORIOS_.mp3,11_02_2026,TRTRN_CONCLUI_EXPEDICAO_PRECATORIOS,,TJRN,NAO,H:\Meu Drive\RADIO TJRN CONTEÚDO\00_PRODUCAO_2026\01_BOLETINS_DIARIOS\03_AUDIOS_RADIO\02 - FEV - 26\11 02 - QUA
FEVEREIRO,NJUD N/A,BOLETIM_RADIO_TJRN_11_02_2026_B10_TRTRN_CONCLUI_EXPEDICAO_PRECATORIOS__v2.mp3,11_02_2026,TRTRN_CONCLUI_EXPEDICAO_PRECATORIOS__v2,,TJRN,NAO,H:\Meu Drive\RADIO TJRN CONTEÚDO\00_PRODUCAO_2026\01_BOLETINS_DIARIOS\03_AUDIOS_RADIO\02 - FEV - 26\11 02 - QUA
FEVEREIRO,NJUD N/A,BOLETIM_RADIO_TJRN_11_02_2026_B1_TJRN_REFORMA_SENTENCA_PLATAFORMA.mp3,11_02_2026,TJRN_REFORMA_SENTENCA_PLATAFORMA,,TJRN,NAO,H:\Meu Drive\RADIO TJRN CONTEÚDO\00_PRODUCAO_2026\01_BOLETINS_DIARIOS\03_AUDIOS_RADIO\02 - FEV - 26\11 02 - QUA
FEVEREIRO,NJUD N/A,BOLETIM_RADIO_TJRN_11_02_2026_B2_TJRN_MANTIDA_PENA_ACUSADO.mp3,11_02_2026,TJRN_MANTIDA_PENA_ACUSADO,,TJRN,NAO,H:\Meu Drive\RADIO TJRN CONTEÚDO\00_PRODUCAO_2026\01_BOLETINS_DIARIOS\03_AUDIOS_RADIO\02 - FEV - 26\11 02 - QUA
FEVEREIRO,NJUD N/A,BOLETIM_RADIO_TJRN_11_02_2026_B3_TJRN_PLANO_SAUDE_MEDICAMENTOS.mp3,11_02_2026,TJRN_PLANO_SAUDE_MEDICAMENTOS,,TJRN,NAO,H:\Meu Drive\RADIO TJRN CONTEÚDO\00_PRODUCAO_2026\01_BOLETINS_DIARIOS\03_AUDIOS_RADIO\02 - FEV - 26\11 02 - QUA
FEVEREIRO,NJUD N/A,BOLETIM_RADIO_TJRN_11_02_2026_B4_TJRN_ALMINO_AFONSO_SELECAO_.mp3,11_02_2026,TJRN_ALMINO_AFONSO_SELECAO,,TJRN,NAO,H:\Meu Drive\RADIO TJRN CONTEÚDO\00_PRODUCAO_2026\01_BOLETINS_DIARIOS\03_AUDIOS_RADIO\02 - FEV - 26\11 02 - QUA
FEVEREIRO,NJUD N/A,BOLETIM_RADIO_TJRN_11_02_2026_B5_TJRN_SEGURADORA_CONDENADA_INDENIZACAO_.mp3,11_02_2026,TJRN_SEGURADORA_CONDENADA_INDENIZACAO,,TJRN,NAO,H:\Meu Drive\RADIO TJRN CONTEÚDO\00_PRODUCAO_2026\01_BOLETINS_DIARIOS\03_AUDIOS_RADIO\02 - FEV - 26\11 02 - QUA
FEVEREIRO,NJUD N/A,BOLETIM_RADIO_TJRN_11_02_2026_B6_TJRN_DETERMINA_EXCLUSAO_CONTAS_FALSAS.mp3,11_02_2026,TJRN_DETERMINA_EXCLUSAO_CONTAS_FALSAS,,TJRN,NAO,H:\Meu Drive\RADIO TJRN CONTEÚDO\00_PRODUCAO_2026\01_BOLETINS_DIARIOS\03_AUDIOS_RADIO\02 - FEV - 26\11 02 - QUA
FEVEREIRO,NJUD N/A,BOLETIM_RADIO_TJRN_11_02_2026_B6_TJRN_DETERMINA_EXCLUSAO_CONTAS_FALSAS_v2.mp3,11_02_2026,TJRN_DETERMINA_EXCLUSAO_CONTAS_FALSAS_v2,,TJRN,NAO,H:\Meu Drive\RADIO TJRN CONTEÚDO\00_PRODUCAO_2026\01_BOLETINS_DIARIOS\03_AUDIOS_RADIO\02 - FEV - 26\11 02 - QUA
FEVEREIRO,NJUD N/A,BOLETIM_RADIO_TJRN_11_02_2026_B7_TJRN_DEFINIDAS_REGRAS_AREIA_BRANCA_.mp3,11_02_2026,TJRN_DEFINIDAS_REGRAS_AREIA_BRANCA,,TJRN,NAO,H:\Meu Drive\RADIO TJRN CONTEÚDO\00_PRODUCAO_2026\01_BOLETINS_DIARIOS\03_AUDIOS_RADIO\02 - FEV - 26\11 02 - QUA
FEVEREIRO,NJUD N/A,BOLETIM_RADIO_TJRN_11_02_2026_B7_TJRN_DEFINIDAS_REGRAS_AREIA_BRANCA__v2.mp3,11_02_2026,TJRN_DEFINIDAS_REGRAS_AREIA_BRANCA__v2,,TJRN,NAO,H:\Meu Drive\RADIO TJRN CONTEÚDO\00_PRODUCAO_2026\01_BOLETINS_DIARIOS\03_AUDIOS_RADIO\02 - FEV - 26\11 02 - QUA
FEVEREIRO,NJUD N/A,BOLETIM_RADIO_TJRN_11_02_2026_B8_MPRN_CRIACAO_PROTOCOLO_UNIDADES_SOCIOEDUCATIVAS.mp3,11_02_2026,MPRN_CRIACAO_PROTOCOLO_UNIDADES_SOCIOEDUCATIVAS,,TJRN,NAO,H:\Meu Drive\RADIO TJRN CONTEÚDO\00_PRODUCAO_2026\01_BOLETINS_DIARIOS\03_AUDIOS_RADIO\02 - FEV - 26\11 02 - QUA
FEVEREIRO,NJUD N/A,BOLETIM_RADIO_TJRN_11_02_2026_B8_MPRN_CRIACAO_PROTOCOLO_UNIDADES_SOCIOEDUCATIVAS_v2.mp3,11_02_2026,MPRN_CRIACAO_PROTOCOLO_UNIDADES_SOCIOEDUCATIVAS_v2,,TJRN,NAO,H:\Meu Drive\RADIO TJRN CONTEÚDO\00_PRODUCAO_2026\01_BOLETINS_DIARIOS\03_AUDIOS_RADIO\02 - FEV - 26\11 02 - QUA
FEVEREIRO,NJUD N/A,BOLETIM_RADIO_TJRN_11_02_2026_B9_ALRN_GOVERNADORA_LEITURA_ANUAL_.mp3,11_02_2026,ALRN_GOVERNADORA_LEITURA_ANUAL,,TJRN,NAO,H:\Meu Drive\RADIO TJRN CONTEÚDO\00_PRODUCAO_2026\01_BOLETINS_DIARIOS\03_AUDIOS_RADIO\02 - FEV - 26\11 02 - QUA
FEVEREIRO,NJUD N/A,BOLETIM_RADIO_TJRN_11_02_2026_B9_ALRN_GOVERNADORA_LEITURA_ANUAL__v2.mp3,11_02_2026,ALRN_GOVERNADORA_LEITURA_ANUAL__v2,,TJRN,NAO,H:\Meu Drive\RADIO TJRN CONTEÚDO\00_PRODUCAO_2026\01_BOLETINS_DIARIOS\03_AUDIOS_RADIO\02 - FEV - 26\11 02 - QUA
FEVEREIRO,NJUD N/A,BOLETIM_RADIO_TJRN_12_02_2026_B10_ESMARN_DIVULGADO_PROJETOS_DINTER.mp3,12_02_2026,ESMARN_DIVULGADO_PROJETOS_DINTER,,TJRN,NAO,H:\Meu Drive\RADIO TJRN CONTEÚDO\00_PRODUCAO_2026\01_BOLETINS_DIARIOS\03_AUDIOS_RADIO\02 - FEV - 26\12 02 - QUI
FEVEREIRO,NJUD N/A,BOLETIM_RADIO_TJRN_12_02_2026_B10_ESMARN_DIVULGADO_PROJETOS_DINTER_RESTORED.mp3,12_02_2026,ESMARN_DIVULGADO_PROJETOS_DINTER_RESTORED,,TJRN,NAO,H:\Meu Drive\RADIO TJRN CONTEÚDO\00_PRODUCAO_2026\01_BOLETINS_DIARIOS\03_AUDIOS_RADIO\02 - FEV - 26\12 02 - QUI
FEVEREIRO,NJUD N/A,BOLETIM_RADIO_TJRN_12_02_2026_B1_TJRN_RECOMENDACAO_CNJ.mp3,12_02_2026,TJRN_RECOMENDACAO_CNJ,,TJRN,NAO,H:\Meu Drive\RADIO TJRN CONTEÚDO\00_PRODUCAO_2026\01_BOLETINS_DIARIOS\03_AUDIOS_RADIO\02 - FEV - 26\12 02 - QUI
FEVEREIRO,NJUD N/A,BOLETIM_RADIO_TJRN_12_02_2026_B1_TJRN_RECOMENDACAO_CNJ_v2.mp3,12_02_2026,TJRN_RECOMENDACAO_CNJ_v2,,TJRN,NAO,H:\Meu Drive\RADIO TJRN CONTEÚDO\00_PRODUCAO_2026\01_BOLETINS_DIARIOS\03_AUDIOS_RADIO\02 - FEV - 26\12 02 - QUI
FEVEREIRO,NJUD N/A,BOLETIM_RADIO_TJRN_12_02_2026_B2_TJRN_CAMARAS_PRODUTIVIDADE.mp3,12_02_2026,TJRN_CAMARAS_PRODUTIVIDADE,,TJRN,NAO,H:\Meu Drive\RADIO TJRN CONTEÚDO\00_PRODUCAO_2026\01_BOLETINS_DIARIOS\03_AUDIOS_RADIO\02 - FEV - 26\12 02 - QUI
FEVEREIRO,NJUD N/A,BOLETIM_RADIO_TJRN_12_02_2026_B2_TJRN_CAMARAS_PRODUTIVIDADE_v2.mp3,12_02_2026,TJRN_CAMARAS_PRODUTIVIDADE_v2,,TJRN,NAO,H:\Meu Drive\RADIO TJRN CONTEÚDO\00_PRODUCAO_2026\01_BOLETINS_DIARIOS\03_AUDIOS_RADIO\02 - FEV - 26\12 02 - QUI
FEVEREIRO,NJUD N/A,BOLETIM_RADIO_TJRN_12_02_2026_B3_TJRN_PLANO_SAUDE_TRATAMENTO_CRIANCA_.mp3,12_02_2026,TJRN_PLANO_SAUDE_TRATAMENTO_CRIANCA,,TJRN,NAO,H:\Meu Drive\RADIO TJRN CONTEÚDO\00_PRODUCAO_2026\01_BOLETINS_DIARIOS\03_AUDIOS_RADIO\02 - FEV - 26\12 02 - QUI
FEVEREIRO,NJUD N/A,BOLETIM_RADIO_TJRN_12_02_2026_B3_TJRN_PLANO_SAUDE_TRATAMENTO_CRIANCA__v2.mp3,12_02_2026,TJRN_PLANO_SAUDE_TRATAMENTO_CRIANCA__v2,,TJRN,NAO,H:\Meu Drive\RADIO TJRN CONTEÚDO\00_PRODUCAO_2026\01_BOLETINS_DIARIOS\03_AUDIOS_RADIO\02 - FEV - 26\12 02 - QUI
FEVEREIRO,NJUD N/A,BOLETIM_RADIO_TJRN_12_02_2026_B4_TJRN_PLANO_COMPROVAR_MENSALIDADE.mp3,12_02_2026,TJRN_PLANO_COMPROVAR_MENSALIDADE,,TJRN,NAO,H:\Meu Drive\RADIO TJRN CONTEÚDO\00_PRODUCAO_2026\01_BOLETINS_DIARIOS\03_AUDIOS_RADIO\02 - FEV - 26\12 02 - QUI
FEVEREIRO,NJUD N/A,BOLETIM_RADIO_TJRN_12_02_2026_B4_TJRN_PLANO_COMPROVAR_MENSALIDADE_v2.mp3,12_02_2026,TJRN_PLANO_COMPROVAR_MENSALIDADE_v2,,TJRN,NAO,H:\Meu Drive\RADIO TJRN CONTEÚDO\00_PRODUCAO_2026\01_BOLETINS_DIARIOS\03_AUDIOS_RADIO\02 - FEV - 26\12 02 - QUI
FEVEREIRO,NJUD N/A,BOLETIM_RADIO_TJRN_12_02_2026_B5_TJRN_DECISAO_DEFINE_INCIDENCIA_JUROS_.mp3,12_02_2026,TJRN_DECISAO_DEFINE_INCIDENCIA_JUROS,,TJRN,NAO,H:\Meu Drive\RADIO TJRN CONTEÚDO\00_PRODUCAO_2026\01_BOLETINS_DIARIOS\03_AUDIOS_RADIO\02 - FEV - 26\12 02 - QUI
FEVEREIRO,NJUD N/A,BOLETIM_RADIO_TJRN_12_02_2026_B5_TJRN_DECISAO_DEFINE_INCIDENCIA_JUROS__v2.mp3,12_02_2026,TJRN_DECISAO_DEFINE_INCIDENCIA_JUROS__v2,,TJRN,NAO,H:\Meu Drive\RADIO TJRN CONTEÚDO\00_PRODUCAO_2026\01_BOLETINS_DIARIOS\03_AUDIOS_RADIO\02 - FEV - 26\12 02 - QUI
FEVEREIRO,NJUD N/A,BOLETIM_RADIO_TJRN_12_02_2026_B6_TJRN_ACUSADA_ESTELIONATOS_.mp3,12_02_2026,TJRN_ACUSADA_ESTELIONATOS,,TJRN,NAO,H:\Meu Drive\RADIO TJRN CONTEÚDO\00_PRODUCAO_2026\01_BOLETINS_DIARIOS\03_AUDIOS_RADIO\02 - FEV - 26\12 02 - QUI
FEVEREIRO,NJUD N/A,BOLETIM_RADIO_TJRN_12_02_2026_B6_TJRN_ACUSADA_ESTELIONATOS__v2.mp3,12_02_2026,TJRN_ACUSADA_ESTELIONATOS__v2,,TJRN,NAO,H:\Meu Drive\RADIO TJRN CONTEÚDO\00_PRODUCAO_2026\01_BOLETINS_DIARIOS\03_AUDIOS_RADIO\02 - FEV - 26\12 02 - QUI
FEVEREIRO,NJUD N/A,BOLETIM_RADIO_TJRN_12_02_2026_B7_TJRN_JUSTICA_CONDENA_IDOSO_MAUS_TRATOS.mp3,12_02_2026,TJRN_JUSTICA_CONDENA_IDOSO_MAUS_TRATOS,,TJRN,NAO,H:\Meu Drive\RADIO TJRN CONTEÚDO\00_PRODUCAO_2026\01_BOLETINS_DIARIOS\03_AUDIOS_RADIO\02 - FEV - 26\12 02 - QUI
FEVEREIRO,NJUD N/A,BOLETIM_RADIO_TJRN_12_02_2026_B7_TJRN_JUSTICA_CONDENA_IDOSO_MAUS_TRATOS_v2.mp3,12_02_2026,TJRN_JUSTICA_CONDENA_IDOSO_MAUS_TRATOS_v2,,TJRN,NAO,H:\Meu Drive\RADIO TJRN CONTEÚDO\00_PRODUCAO_2026\01_BOLETINS_DIARIOS\03_AUDIOS_RADIO\02 - FEV - 26\12 02 - QUI
FEVEREIRO,NJUD N/A,BOLETIM_RADIO_TJRN_12_02_2026_B8_MPRN_RESTRICAO_RECIPIENTES_VIDRO_.mp3,12_02_2026,MPRN_RESTRICAO_RECIPIENTES_VIDRO,,TJRN,NAO,H:\Meu Drive\RADIO TJRN CONTEÚDO\00_PRODUCAO_2026\01_BOLETINS_DIARIOS\03_AUDIOS_RADIO\02 - FEV - 26\12 02 - QUI
FEVEREIRO,NJUD N/A,BOLETIM_RADIO_TJRN_12_02_2026_B8_MPRN_RESTRICAO_RECIPIENTES_VIDRO__v2.mp3,12_02_2026,MPRN_RESTRICAO_RECIPIENTES_VIDRO__v2,,TJRN,NAO,H:\Meu Drive\RADIO TJRN CONTEÚDO\00_PRODUCAO_2026\01_BOLETINS_DIARIOS\03_AUDIOS_RADIO\02 - FEV - 26\12 02 - QUI
FEVEREIRO,NJUD N/A,BOLETIM_RADIO_TJRN_12_02_2026_B9_TRT_RN_INAUGURA_SALA_CLIMATIZADAS.mp3,12_02_2026,TRT_RN_INAUGURA_SALA_CLIMATIZADAS,,TJRN,NAO,H:\Meu Drive\RADIO TJRN CONTEÚDO\00_PRODUCAO_2026\01_BOLETINS_DIARIOS\03_AUDIOS_RADIO\02 - FEV - 26\12 02 - QUI
FEVEREIRO,NJUD N/A,BOLETIM_RADIO_TJRN_12_02_2026_B9_TRT_RN_INAUGURA_SALA_CLIMATIZADAS_v2.mp3,12_02_2026,TRT_RN_INAUGURA_SALA_CLIMATIZADAS_v2,,TJRN,NAO,H:\Meu Drive\RADIO TJRN CONTEÚDO\00_PRODUCAO_2026\01_BOLETINS_DIARIOS\03_AUDIOS_RADIO\02 - FEV - 26\12 02 - QUI
FEVEREIRO,NJUD N/A,BOLETIM_RADIO_TJRN_13_02_2026_B10_TJRN_ACUSADOS_INTEGRAR_FACCAO_.mp3,13_02_2026,TJRN_ACUSADOS_INTEGRAR_FACCAO,,TJRN,NAO,H:\Meu Drive\RADIO TJRN CONTEÚDO\00_PRODUCAO_2026\01_BOLETINS_DIARIOS\03_AUDIOS_RADIO\02 - FEV - 26\13 02 - SEX
FEVEREIRO,NJUD N/A,BOLETIM_RADIO_TJRN_13_02_2026_B1_TJRN_CARRO_DEFEITO_APOS_COMPRA_.mp3,13_02_2026,TJRN_CARRO_DEFEITO_APOS_COMPRA,,TJRN,NAO,H:\Meu Drive\RADIO TJRN CONTEÚDO\00_PRODUCAO_2026\01_BOLETINS_DIARIOS\03_AUDIOS_RADIO\02 - FEV - 26\13 02 - SEX
FEVEREIRO,NJUD N/A,BOLETIM_RADIO_TJRN_13_02_2026_B2_TJRN_COMARCA_ALEXANDRIA_SELECAO_INTERINOS.mp3,13_02_2026,TJRN_COMARCA_ALEXANDRIA_SELECAO_INTERINOS,,TJRN,NAO,H:\Meu Drive\RADIO TJRN CONTEÚDO\00_PRODUCAO_2026\01_BOLETINS_DIARIOS\03_AUDIOS_RADIO\02 - FEV - 26\13 02 - SEX
FEVEREIRO,NJUD N/A,BOLETIM_RADIO_TJRN_13_02_2026_B3_TJRN_CEARA_MIRIM_SUSPENDE_EXPEDIENTE_.mp3,13_02_2026,TJRN_CEARA_MIRIM_SUSPENDE_EXPEDIENTE,,TJRN,NAO,H:\Meu Drive\RADIO TJRN CONTEÚDO\00_PRODUCAO_2026\01_BOLETINS_DIARIOS\03_AUDIOS_RADIO\02 - FEV - 26\13 02 - SEX
FEVEREIRO,NJUD N/A,BOLETIM_RADIO_TJRN_13_02_2026_B4_TJRN_JUIZ_TOMA_POSSE_.mp3,13_02_2026,TJRN_JUIZ_TOMA_POSSE,,TJRN,NAO,H:\Meu Drive\RADIO TJRN CONTEÚDO\00_PRODUCAO_2026\01_BOLETINS_DIARIOS\03_AUDIOS_RADIO\02 - FEV - 26\13 02 - SEX
FEVEREIRO,NJUD N/A,BOLETIM_RADIO_TJRN_13_02_2026_B5_CANCELADA_SESSAO_3_CAMARA_CIVEL.mp3,13_02_2026,CANCELADA_SESSAO_3_CAMARA_CIVEL,,TJRN,NAO,H:\Meu Drive\RADIO TJRN CONTEÚDO\00_PRODUCAO_2026\01_BOLETINS_DIARIOS\03_AUDIOS_RADIO\02 - FEV - 26\13 02 - SEX
FEVEREIRO,NJUD N/A,BOLETIM_RADIO_TJRN_13_02_2026_B6_EXAMES_RESSONANCIA_TORAX.mp3,13_02_2026,EXAMES_RESSONANCIA_TORAX,,TJRN,NAO,H:\Meu Drive\RADIO TJRN CONTEÚDO\00_PRODUCAO_2026\01_BOLETINS_DIARIOS\03_AUDIOS_RADIO\02 - FEV - 26\13 02 - SEX
FEVEREIRO,NJUD N/A,BOLETIM_RADIO_TJRN_13_02_2026_B7_CONTRATO_VERBAL_IMOVEL.mp3,13_02_2026,CONTRATO_VERBAL_IMOVEL,,TJRN,NAO,H:\Meu Drive\RADIO TJRN CONTEÚDO\00_PRODUCAO_2026\01_BOLETINS_DIARIOS\03_AUDIOS_RADIO\02 - FEV - 26\13 02 - SEX
FEVEREIRO,NJUD N/A,BOLETIM_RADIO_TJRN_13_02_2026_B8_TJRN_BRINQUE_DIREITO_CAMPANHA_.mp3,13_02_2026,TJRN_BRINQUE_DIREITO_CAMPANHA,,TJRN,NAO,H:\Meu Drive\RADIO TJRN CONTEÚDO\00_PRODUCAO_2026\01_BOLETINS_DIARIOS\03_AUDIOS_RADIO\02 - FEV - 26\13 02 - SEX
FEVEREIRO,NJUD N/A,BOLETIM_RADIO_TJRN_13_02_2026_B9_TJRN_REGRAS_PARTICIPACAO_CRIANCAS_.mp3,13_02_2026,TJRN_REGRAS_PARTICIPACAO_CRIANCAS,,TJRN,NAO,H:\Meu Drive\RADIO TJRN CONTEÚDO\00_PRODUCAO_2026\01_BOLETINS_DIARIOS\03_AUDIOS_RADIO\02 - FEV - 26\13 02 - SEX
FEVEREIRO,NJUD N/A,BOLETIM_RADIO_TJRN_19_02_2026_B10_INDENIZACAO_CANCELAMENTO_VOO.mp3,19_02_2026,INDENIZACAO_CANCELAMENTO_VOO,,TJRN,NAO,H:\Meu Drive\RADIO TJRN CONTEÚDO\00_PRODUCAO_2026\01_BOLETINS_DIARIOS\03_AUDIOS_RADIO\02 - FEV - 26\19 02 - QUI
FEVEREIRO,NJUD N/A,BOLETIM_RADIO_TJRN_19_02_2026_B10_INDENIZACAO_CANCELAMENTO_VOO_v2.mp3,19_02_2026,INDENIZACAO_CANCELAMENTO_VOO_v2,,TJRN,NAO,H:\Meu Drive\RADIO TJRN CONTEÚDO\00_PRODUCAO_2026\01_BOLETINS_DIARIOS\03_AUDIOS_RADIO\02 - FEV - 26\19 02 - QUI
FEVEREIRO,NJUD N/A,BOLETIM_RADIO_TJRN_19_02_2026_B1_TJRN_PLANO_SAUDE_VALOR_.mp3,19_02_2026,TJRN_PLANO_SAUDE_VALOR,,TJRN,NAO,H:\Meu Drive\RADIO TJRN CONTEÚDO\00_PRODUCAO_2026\01_BOLETINS_DIARIOS\03_AUDIOS_RADIO\02 - FEV - 26\19 02 - QUI
FEVEREIRO,NJUD N/A,BOLETIM_RADIO_TJRN_19_02_2026_B1_TJRN_PLANO_SAUDE_VALOR__RESTORED.mp3,19_02_2026,TJRN_PLANO_SAUDE_VALOR__RESTORED,,TJRN,NAO,H:\Meu Drive\RADIO TJRN CONTEÚDO\00_PRODUCAO_2026\01_BOLETINS_DIARIOS\03_AUDIOS_RADIO\02 - FEV - 26\19 02 - QUI
FEVEREIRO,NJUD N/A,BOLETIM_RADIO_TJRN_19_02_2026_B2_TJRN_SESSAO_ORDINARIA_CANCELADA.mp3,19_02_2026,TJRN_SESSAO_ORDINARIA_CANCELADA,,TJRN,NAO,H:\Meu Drive\RADIO TJRN CONTEÚDO\00_PRODUCAO_2026\01_BOLETINS_DIARIOS\03_AUDIOS_RADIO\02 - FEV - 26\19 02 - QUI
FEVEREIRO,NJUD N/A,BOLETIM_RADIO_TJRN_19_02_2026_B2_TJRN_SESSAO_ORDINARIA_CANCELADA_RESTORED.mp3,19_02_2026,TJRN_SESSAO_ORDINARIA_CANCELADA_RESTORED,,TJRN,NAO,H:\Meu Drive\RADIO TJRN CONTEÚDO\00_PRODUCAO_2026\01_BOLETINS_DIARIOS\03_AUDIOS_RADIO\02 - FEV - 26\19 02 - QUI
FEVEREIRO,NJUD N/A,BOLETIM_RADIO_TJRN_19_02_2026_B3_CONDENACAO_CANCELAMENTO_RESERVA_VIAGEM.mp3,19_02_2026,CONDENACAO_CANCELAMENTO_RESERVA_VIAGEM,,TJRN,NAO,H:\Meu Drive\RADIO TJRN CONTEÚDO\00_PRODUCAO_2026\01_BOLETINS_DIARIOS\03_AUDIOS_RADIO\02 - FEV - 26\19 02 - QUI
FEVEREIRO,NJUD N/A,BOLETIM_RADIO_TJRN_19_02_2026_B3_CONDENACAO_CANCELAMENTO_RESERVA_VIAGEM_v2.mp3,19_02_2026,CONDENACAO_CANCELAMENTO_RESERVA_VIAGEM_v2,,TJRN,NAO,H:\Meu Drive\RADIO TJRN CONTEÚDO\00_PRODUCAO_2026\01_BOLETINS_DIARIOS\03_AUDIOS_RADIO\02 - FEV - 26\19 02 - QUI
FEVEREIRO,NJUD N/A,BOLETIM_RADIO_TJRN_19_02_2026_B4_ACIDENTE_PARTICIPANTE_PROJETO_SOCIAL.mp3,19_02_2026,ACIDENTE_PARTICIPANTE_PROJETO_SOCIAL,,TJRN,NAO,H:\Meu Drive\RADIO TJRN CONTEÚDO\00_PRODUCAO_2026\01_BOLETINS_DIARIOS\03_AUDIOS_RADIO\02 - FEV - 26\19 02 - QUI
FEVEREIRO,NJUD N/A,BOLETIM_RADIO_TJRN_19_02_2026_B4_ACIDENTE_PARTICIPANTE_PROJETO_SOCIAL_v2.mp3,19_02_2026,ACIDENTE_PARTICIPANTE_PROJETO_SOCIAL_v2,,TJRN,NAO,H:\Meu Drive\RADIO TJRN CONTEÚDO\00_PRODUCAO_2026\01_BOLETINS_DIARIOS\03_AUDIOS_RADIO\02 - FEV - 26\19 02 - QUI
FEVEREIRO,NJUD N/A,BOLETIM_RADIO_TJRN_19_02_2026_B5_JURI_POPULAR_TENTATIVA_HOMICIDIO.mp3,19_02_2026,JURI_POPULAR_TENTATIVA_HOMICIDIO,,TJRN,NAO,H:\Meu Drive\RADIO TJRN CONTEÚDO\00_PRODUCAO_2026\01_BOLETINS_DIARIOS\03_AUDIOS_RADIO\02 - FEV - 26\19 02 - QUI
FEVEREIRO,NJUD N/A,BOLETIM_RADIO_TJRN_19_02_2026_B5_JURI_POPULAR_TENTATIVA_HOMICIDIO_v2.mp3,19_02_2026,JURI_POPULAR_TENTATIVA_HOMICIDIO_v2,,TJRN,NAO,H:\Meu Drive\RADIO TJRN CONTEÚDO\00_PRODUCAO_2026\01_BOLETINS_DIARIOS\03_AUDIOS_RADIO\02 - FEV - 26\19 02 - QUI
FEVEREIRO,NJUD N/A,BOLETIM_RADIO_TJRN_19_02_2026_B6_REATIVACAO_CONTA_MOTORISTA.mp3,19_02_2026,REATIVACAO_CONTA_MOTORISTA,,TJRN,NAO,H:\Meu Drive\RADIO TJRN CONTEÚDO\00_PRODUCAO_2026\01_BOLETINS_DIARIOS\03_AUDIOS_RADIO\02 - FEV - 26\19 02 - QUI
FEVEREIRO,NJUD N/A,BOLETIM_RADIO_TJRN_19_02_2026_B6_REATIVACAO_CONTA_MOTORISTA_v2.mp3,19_02_2026,REATIVACAO_CONTA_MOTORISTA_v2,,TJRN,NAO,H:\Meu Drive\RADIO TJRN CONTEÚDO\00_PRODUCAO_2026\01_BOLETINS_DIARIOS\03_AUDIOS_RADIO\02 - FEV - 26\19 02 - QUI
FEVEREIRO,NJUD N/A,BOLETIM_RADIO_TJRN_19_02_2026_B7_IMPROBIDADE_GUAMARE.mp3,19_02_2026,IMPROBIDADE_GUAMARE,,TJRN,NAO,H:\Meu Drive\RADIO TJRN CONTEÚDO\00_PRODUCAO_2026\01_BOLETINS_DIARIOS\03_AUDIOS_RADIO\02 - FEV - 26\19 02 - QUI
FEVEREIRO,NJUD N/A,BOLETIM_RADIO_TJRN_19_02_2026_B7_IMPROBIDADE_GUAMARE_v2.mp3,19_02_2026,IMPROBIDADE_GUAMARE_v2,,TJRN,NAO,H:\Meu Drive\RADIO TJRN CONTEÚDO\00_PRODUCAO_2026\01_BOLETINS_DIARIOS\03_AUDIOS_RADIO\02 - FEV - 26\19 02 - QUI
FEVEREIRO,NJUD N/A,BOLETIM_RADIO_TJRN_19_02_2026_B8_CONDENACAO_ROUBO_COM_ARMA.mp3,19_02_2026,CONDENACAO_ROUBO_COM_ARMA,,TJRN,NAO,H:\Meu Drive\RADIO TJRN CONTEÚDO\00_PRODUCAO_2026\01_BOLETINS_DIARIOS\03_AUDIOS_RADIO\02 - FEV - 26\19 02 - QUI
FEVEREIRO,NJUD N/A,BOLETIM_RADIO_TJRN_19_02_2026_B8_CONDENACAO_ROUBO_COM_ARMA_v2.mp3,19_02_2026,CONDENACAO_ROUBO_COM_ARMA_v2,,TJRN,NAO,H:\Meu Drive\RADIO TJRN CONTEÚDO\00_PRODUCAO_2026\01_BOLETINS_DIARIOS\03_AUDIOS_RADIO\02 - FEV - 26\19 02 - QUI
FEVEREIRO,NJUD N/A,BOLETIM_RADIO_TJRN_19_02_2026_B9_VISITA_TECNICA_COMISSAO_FUNDIARIA.mp3,19_02_2026,VISITA_TECNICA_COMISSAO_FUNDIARIA,,TJRN,NAO,H:\Meu Drive\RADIO TJRN CONTEÚDO\00_PRODUCAO_2026\01_BOLETINS_DIARIOS\03_AUDIOS_RADIO\02 - FEV - 26\19 02 - QUI
FEVEREIRO,NJUD N/A,BOLETIM_RADIO_TJRN_19_02_2026_B9_VISITA_TECNICA_COMISSAO_FUNDIARIA_v2.mp3,19_02_2026,VISITA_TECNICA_COMISSAO_FUNDIARIA_v2,,TJRN,NAO,H:\Meu Drive\RADIO TJRN CONTEÚDO\00_PRODUCAO_2026\01_BOLETINS_DIARIOS\03_AUDIOS_RADIO\02 - FEV - 26\19 02 - QUI
FEVEREIRO,NJUD N/A,BOLETIM_RADIO_TJRN_20_02_2026_B10_MPRN_CAPACITACAO_PROMOCAO_GESTAO_MUNICIPAL_.mp3,20_02_2026,MPRN_CAPACITACAO_PROMOCAO_GESTAO_MUNICIPAL,,TJRN,NAO,H:\Meu Drive\RADIO TJRN CONTEÚDO\00_PRODUCAO_2026\01_BOLETINS_DIARIOS\03_AUDIOS_RADIO\02 - FEV - 26\20 02 - SEX
FEVEREIRO,NJUD N/A,BOLETIM_RADIO_TJRN_20_02_2026_B10_MPRN_CAPACITACAO_PROMOCAO_GESTAO_MUNICIPAL__v2.mp3,20_02_2026,MPRN_CAPACITACAO_PROMOCAO_GESTAO_MUNICIPAL__v2,,TJRN,NAO,H:\Meu Drive\RADIO TJRN CONTEÚDO\00_PRODUCAO_2026\01_BOLETINS_DIARIOS\03_AUDIOS_RADIO\02 - FEV - 26\20 02 - SEX
FEVEREIRO,NJUD N/A,BOLETIM_RADIO_TJRN_20_02_2026_B1_TJRN_EMPRESAS_EVENTOS_CONDENADAS_.mp3,20_02_2026,TJRN_EMPRESAS_EVENTOS_CONDENADAS,,TJRN,NAO,H:\Meu Drive\RADIO TJRN CONTEÚDO\00_PRODUCAO_2026\01_BOLETINS_DIARIOS\03_AUDIOS_RADIO\02 - FEV - 26\20 02 - SEX
FEVEREIRO,NJUD N/A,BOLETIM_RADIO_TJRN_20_02_2026_B2_TJRN_HOMEM_AGREDIU_COLEGA_TIJOLO.mp3,20_02_2026,TJRN_HOMEM_AGREDIU_COLEGA_TIJOLO,,TJRN,NAO,H:\Meu Drive\RADIO TJRN CONTEÚDO\00_PRODUCAO_2026\01_BOLETINS_DIARIOS\03_AUDIOS_RADIO\02 - FEV - 26\20 02 - SEX
FEVEREIRO,NJUD N/A,BOLETIM_RADIO_TJRN_20_02_2026_B3_TJRN_RECONHECE_DIREITO_ISENCAO_IPVA.mp3,20_02_2026,TJRN_RECONHECE_DIREITO_ISENCAO_IPVA,,TJRN,NAO,H:\Meu Drive\RADIO TJRN CONTEÚDO\00_PRODUCAO_2026\01_BOLETINS_DIARIOS\03_AUDIOS_RADIO\02 - FEV - 26\20 02 - SEX
FEVEREIRO,NJUD N/A,BOLETIM_RADIO_TJRN_20_02_2026_B4_TJRN_MANTIDO_JURI_ACUSADO_TRES_HOMICIDIOS_.mp3,20_02_2026,TJRN_MANTIDO_JURI_ACUSADO_TRES_HOMICIDIOS,,TJRN,NAO,H:\Meu Drive\RADIO TJRN CONTEÚDO\00_PRODUCAO_2026\01_BOLETINS_DIARIOS\03_AUDIOS_RADIO\02 - FEV - 26\20 02 - SEX
FEVEREIRO,NJUD N/A,BOLETIM_RADIO_TJRN_20_02_2026_B5_TJRN_PREFEITO_CIDADE_CONDENADO_.mp3,20_02_2026,TJRN_PREFEITO_CIDADE_CONDENADO,,TJRN,NAO,H:\Meu Drive\RADIO TJRN CONTEÚDO\00_PRODUCAO_2026\01_BOLETINS_DIARIOS\03_AUDIOS_RADIO\02 - FEV - 26\20 02 - SEX
FEVEREIRO,NJUD N/A,BOLETIM_RADIO_TJRN_20_02_2026_B6_TJRN_SANTA_MARIA_AREA_LIXAO_.mp3,20_02_2026,TJRN_SANTA_MARIA_AREA_LIXAO,,TJRN,NAO,H:\Meu Drive\RADIO TJRN CONTEÚDO\00_PRODUCAO_2026\01_BOLETINS_DIARIOS\03_AUDIOS_RADIO\02 - FEV - 26\20 02 - SEX
FEVEREIRO,NJUD N/A,BOLETIM_RADIO_TJRN_20_02_2026_B7_DPERN_DECISAO_PROFISSIONAL_APOIO.mp3,20_02_2026,DPERN_DECISAO_PROFISSIONAL_APOIO,,TJRN,NAO,H:\Meu Drive\RADIO TJRN CONTEÚDO\00_PRODUCAO_2026\01_BOLETINS_DIARIOS\03_AUDIOS_RADIO\02 - FEV - 26\20 02 - SEX
FEVEREIRO,NJUD N/A,BOLETIM_RADIO_TJRN_20_02_2026_B7_DPERN_DECISAO_PROFISSIONAL_APOIO_v2.mp3,20_02_2026,DPERN_DECISAO_PROFISSIONAL_APOIO_v2,,TJRN,NAO,H:\Meu Drive\RADIO TJRN CONTEÚDO\00_PRODUCAO_2026\01_BOLETINS_DIARIOS\03_AUDIOS_RADIO\02 - FEV - 26\20 02 - SEX
FEVEREIRO,NJUD N/A,BOLETIM_RADIO_TJRN_20_02_2026_B8_DPERN_NUCLEO_MACAIBA_PROCESSO_SELETIVO_.mp3,20_02_2026,DPERN_NUCLEO_MACAIBA_PROCESSO_SELETIVO,,TJRN,NAO,H:\Meu Drive\RADIO TJRN CONTEÚDO\00_PRODUCAO_2026\01_BOLETINS_DIARIOS\03_AUDIOS_RADIO\02 - FEV - 26\20 02 - SEX
FEVEREIRO,NJUD N/A,BOLETIM_RADIO_TJRN_20_02_2026_B8_DPERN_NUCLEO_MACAIBA_PROCESSO_SELETIVO__v2.mp3,20_02_2026,DPERN_NUCLEO_MACAIBA_PROCESSO_SELETIVO__v2,,TJRN,NAO,H:\Meu Drive\RADIO TJRN CONTEÚDO\00_PRODUCAO_2026\01_BOLETINS_DIARIOS\03_AUDIOS_RADIO\02 - FEV - 26\20 02 - SEX
FEVEREIRO,NJUD N/A,BOLETIM_RADIO_TJRN_20_02_2026_B9_TRTRN_REVERTIDA_DEMISSAO_JUSTA_CAUSA.mp3,20_02_2026,TRTRN_REVERTIDA_DEMISSAO_JUSTA_CAUSA,,TJRN,NAO,H:\Meu Drive\RADIO TJRN CONTEÚDO\00_PRODUCAO_2026\01_BOLETINS_DIARIOS\03_AUDIOS_RADIO\02 - FEV - 26\20 02 - SEX
FEVEREIRO,NJUD N/A,BOLETIM_RADIO_TJRN_20_02_2026_B9_TRTRN_REVERTIDA_DEMISSAO_JUSTA_CAUSA_v2.mp3,20_02_2026,TRTRN_REVERTIDA_DEMISSAO_JUSTA_CAUSA_v2,,TJRN,NAO,H:\Meu Drive\RADIO TJRN CONTEÚDO\00_PRODUCAO_2026\01_BOLETINS_DIARIOS\03_AUDIOS_RADIO\02 - FEV - 26\20 02 - SEX
FEVEREIRO,NJUD N/A,BOLETIM_RADIO_TJRN_23_02_2026_B10_CONDENACAO_FALSO_TERAPEUTA.mp3,23_02_2026,CONDENACAO_FALSO_TERAPEUTA,,TJRN,NAO,H:\Meu Drive\RADIO TJRN CONTEÚDO\00_PRODUCAO_2026\01_BOLETINS_DIARIOS\03_AUDIOS_RADIO\02 - FEV - 26\23 02 - SEG
FEVEREIRO,NJUD N/A,BOLETIM_RADIO_TJRN_23_02_2026_B10_CONDENACAO_FALSO_TERAPEUTA_1782542964.mp3,23_02_2026,CONDENACAO_FALSO_TERAPEUTA_1782542964,,TJRN,NAO,H:\Meu Drive\RADIO TJRN CONTEÚDO\00_PRODUCAO_2026\01_BOLETINS_DIARIOS\03_AUDIOS_RADIO\02 - FEV - 26\23 02 - SEG
FEVEREIRO,NJUD N/A,BOLETIM_RADIO_TJRN_23_02_2026_B10_CONDENACAO_FALSO_TERAPEUTA_RESTORED.mp3,23_02_2026,CONDENACAO_FALSO_TERAPEUTA_RESTORED,,TJRN,NAO,H:\Meu Drive\RADIO TJRN CONTEÚDO\00_PRODUCAO_2026\01_BOLETINS_DIARIOS\03_AUDIOS_RADIO\02 - FEV - 26\23 02 - SEG
FEVEREIRO,NJUD N/A,BOLETIM_RADIO_TJRN_23_02_2026_B10_CONDENACAO_FALSO_TERAPEUTA_v2.mp3,23_02_2026,CONDENACAO_FALSO_TERAPEUTA_v2,,TJRN,NAO,H:\Meu Drive\RADIO TJRN CONTEÚDO\00_PRODUCAO_2026\01_BOLETINS_DIARIOS\03_AUDIOS_RADIO\02 - FEV - 26\23 02 - SEG
FEVEREIRO,NJUD N/A,BOLETIM_RADIO_TJRN_23_02_2026_B1_TJRN_LAUDO_MEDICO_ASSISTENTE.mp3,23_02_2026,TJRN_LAUDO_MEDICO_ASSISTENTE,,TJRN,NAO,H:\Meu Drive\RADIO TJRN CONTEÚDO\00_PRODUCAO_2026\01_BOLETINS_DIARIOS\03_AUDIOS_RADIO\02 - FEV - 26\23 02 - SEG
FEVEREIRO,NJUD N/A,BOLETIM_RADIO_TJRN_23_02_2026_B1_TJRN_LAUDO_MEDICO_ASSISTENTE_1782542964.mp3,23_02_2026,TJRN_LAUDO_MEDICO_ASSISTENTE_1782542964,,TJRN,NAO,H:\Meu Drive\RADIO TJRN CONTEÚDO\00_PRODUCAO_2026\01_BOLETINS_DIARIOS\03_AUDIOS_RADIO\02 - FEV - 26\23 02 - SEG
FEVEREIRO,NJUD N/A,BOLETIM_RADIO_TJRN_23_02_2026_B1_TJRN_LAUDO_MEDICO_ASSISTENTE_RESTORED.mp3,23_02_2026,TJRN_LAUDO_MEDICO_ASSISTENTE_RESTORED,,TJRN,NAO,H:\Meu Drive\RADIO TJRN CONTEÚDO\00_PRODUCAO_2026\01_BOLETINS_DIARIOS\03_AUDIOS_RADIO\02 - FEV - 26\23 02 - SEG
FEVEREIRO,NJUD N/A,BOLETIM_RADIO_TJRN_23_02_2026_B1_TJRN_LAUDO_MEDICO_ASSISTENTE_v2.mp3,23_02_2026,TJRN_LAUDO_MEDICO_ASSISTENTE_v2,,TJRN,NAO,H:\Meu Drive\RADIO TJRN CONTEÚDO\00_PRODUCAO_2026\01_BOLETINS_DIARIOS\03_AUDIOS_RADIO\02 - FEV - 26\23 02 - SEG
FEVEREIRO,NJUD N/A,BOLETIM_RADIO_TJRN_23_02_2026_B2_TJRN_MULHER_CONDENADA_DETENCAO_.mp3,23_02_2026,TJRN_MULHER_CONDENADA_DETENCAO,,TJRN,NAO,H:\Meu Drive\RADIO TJRN CONTEÚDO\00_PRODUCAO_2026\01_BOLETINS_DIARIOS\03_AUDIOS_RADIO\02 - FEV - 26\23 02 - SEG
FEVEREIRO,NJUD N/A,BOLETIM_RADIO_TJRN_23_02_2026_B2_TJRN_MULHER_CONDENADA_DETENCAO__1782542964.mp3,23_02_2026,TJRN_MULHER_CONDENADA_DETENCAO__1782542964,,TJRN,NAO,H:\Meu Drive\RADIO TJRN CONTEÚDO\00_PRODUCAO_2026\01_BOLETINS_DIARIOS\03_AUDIOS_RADIO\02 - FEV - 26\23 02 - SEG
FEVEREIRO,NJUD N/A,BOLETIM_RADIO_TJRN_23_02_2026_B2_TJRN_MULHER_CONDENADA_DETENCAO__RESTORED.mp3,23_02_2026,TJRN_MULHER_CONDENADA_DETENCAO__RESTORED,,TJRN,NAO,H:\Meu Drive\RADIO TJRN CONTEÚDO\00_PRODUCAO_2026\01_BOLETINS_DIARIOS\03_AUDIOS_RADIO\02 - FEV - 26\23 02 - SEG
FEVEREIRO,NJUD N/A,BOLETIM_RADIO_TJRN_23_02_2026_B2_TJRN_MULHER_CONDENADA_DETENCAO__v2.mp3,23_02_2026,TJRN_MULHER_CONDENADA_DETENCAO__v2,,TJRN,NAO,H:\Meu Drive\RADIO TJRN CONTEÚDO\00_PRODUCAO_2026\01_BOLETINS_DIARIOS\03_AUDIOS_RADIO\02 - FEV - 26\23 02 - SEG
FEVEREIRO,NJUD N/A,BOLETIM_RADIO_TJRN_23_02_2026_B3_TJRN_PLANO_SAUDE_CUSTEAR_TRATAMENTO.mp3,23_02_2026,TJRN_PLANO_SAUDE_CUSTEAR_TRATAMENTO,,TJRN,NAO,H:\Meu Drive\RADIO TJRN CONTEÚDO\00_PRODUCAO_2026\01_BOLETINS_DIARIOS\03_AUDIOS_RADIO\02 - FEV - 26\23 02 - SEG
FEVEREIRO,NJUD N/A,BOLETIM_RADIO_TJRN_23_02_2026_B3_TJRN_PLANO_SAUDE_CUSTEAR_TRATAMENTO_1782542964.mp3,23_02_2026,TJRN_PLANO_SAUDE_CUSTEAR_TRATAMENTO_1782542964,,TJRN,NAO,H:\Meu Drive\RADIO TJRN CONTEÚDO\00_PRODUCAO_2026\01_BOLETINS_DIARIOS\03_AUDIOS_RADIO\02 - FEV - 26\23 02 - SEG
FEVEREIRO,NJUD N/A,BOLETIM_RADIO_TJRN_23_02_2026_B3_TJRN_PLANO_SAUDE_CUSTEAR_TRATAMENTO_RESTORED.mp3,23_02_2026,TJRN_PLANO_SAUDE_CUSTEAR_TRATAMENTO_RESTORED,,TJRN,NAO,H:\Meu Drive\RADIO TJRN CONTEÚDO\00_PRODUCAO_2026\01_BOLETINS_DIARIOS\03_AUDIOS_RADIO\02 - FEV - 26\23 02 - SEG
FEVEREIRO,NJUD N/A,BOLETIM_RADIO_TJRN_23_02_2026_B3_TJRN_PLANO_SAUDE_CUSTEAR_TRATAMENTO_v2.mp3,23_02_2026,TJRN_PLANO_SAUDE_CUSTEAR_TRATAMENTO_v2,,TJRN,NAO,H:\Meu Drive\RADIO TJRN CONTEÚDO\00_PRODUCAO_2026\01_BOLETINS_DIARIOS\03_AUDIOS_RADIO\02 - FEV - 26\23 02 - SEG
FEVEREIRO,NJUD N/A,BOLETIM_RADIO_TJRN_23_02_2026_B4_TJRN_SEMANA_MULHER_2026.mp3,23_02_2026,TJRN_SEMANA_MULHER_2026,,TJRN,NAO,H:\Meu Drive\RADIO TJRN CONTEÚDO\00_PRODUCAO_2026\01_BOLETINS_DIARIOS\03_AUDIOS_RADIO\02 - FEV - 26\23 02 - SEG
FEVEREIRO,NJUD N/A,BOLETIM_RADIO_TJRN_23_02_2026_B4_TJRN_SEMANA_MULHER_2026_1782542964.mp3,23_02_2026,TJRN_SEMANA_MULHER_2026_1782542964,,TJRN,NAO,H:\Meu Drive\RADIO TJRN CONTEÚDO\00_PRODUCAO_2026\01_BOLETINS_DIARIOS\03_AUDIOS_RADIO\02 - FEV - 26\23 02 - SEG
FEVEREIRO,NJUD N/A,BOLETIM_RADIO_TJRN_23_02_2026_B4_TJRN_SEMANA_MULHER_2026_RESTORED.mp3,23_02_2026,TJRN_SEMANA_MULHER_2026_RESTORED,,TJRN,NAO,H:\Meu Drive\RADIO TJRN CONTEÚDO\00_PRODUCAO_2026\01_BOLETINS_DIARIOS\03_AUDIOS_RADIO\02 - FEV - 26\23 02 - SEG
FEVEREIRO,NJUD N/A,BOLETIM_RADIO_TJRN_23_02_2026_B4_TJRN_SEMANA_MULHER_2026_v2.mp3,23_02_2026,TJRN_SEMANA_MULHER_2026_v2,,TJRN,NAO,H:\Meu Drive\RADIO TJRN CONTEÚDO\00_PRODUCAO_2026\01_BOLETINS_DIARIOS\03_AUDIOS_RADIO\02 - FEV - 26\23 02 - SEG
FEVEREIRO,NJUD N/A,BOLETIM_RADIO_TJRN_23_02_2026_B5_ESTAGIO_CEJUSC_CURRAIS_NOVOS.mp3,23_02_2026,ESTAGIO_CEJUSC_CURRAIS_NOVOS,,TJRN,NAO,H:\Meu Drive\RADIO TJRN CONTEÚDO\00_PRODUCAO_2026\01_BOLETINS_DIARIOS\03_AUDIOS_RADIO\02 - FEV - 26\23 02 - SEG
FEVEREIRO,NJUD N/A,BOLETIM_RADIO_TJRN_23_02_2026_B5_ESTAGIO_CEJUSC_CURRAIS_NOVOS_1782542964.mp3,23_02_2026,ESTAGIO_CEJUSC_CURRAIS_NOVOS_1782542964,,TJRN,NAO,H:\Meu Drive\RADIO TJRN CONTEÚDO\00_PRODUCAO_2026\01_BOLETINS_DIARIOS\03_AUDIOS_RADIO\02 - FEV - 26\23 02 - SEG
FEVEREIRO,NJUD N/A,BOLETIM_RADIO_TJRN_23_02_2026_B5_ESTAGIO_CEJUSC_CURRAIS_NOVOS_RESTORED.mp3,23_02_2026,ESTAGIO_CEJUSC_CURRAIS_NOVOS_RESTORED,,TJRN,NAO,H:\Meu Drive\RADIO TJRN CONTEÚDO\00_PRODUCAO_2026\01_BOLETINS_DIARIOS\03_AUDIOS_RADIO\02 - FEV - 26\23 02 - SEG
FEVEREIRO,NJUD N/A,BOLETIM_RADIO_TJRN_23_02_2026_B5_ESTAGIO_CEJUSC_CURRAIS_NOVOS_v2.mp3,23_02_2026,ESTAGIO_CEJUSC_CURRAIS_NOVOS_v2,,TJRN,NAO,H:\Meu Drive\RADIO TJRN CONTEÚDO\00_PRODUCAO_2026\01_BOLETINS_DIARIOS\03_AUDIOS_RADIO\02 - FEV - 26\23 02 - SEG
FEVEREIRO,NJUD N/A,BOLETIM_RADIO_TJRN_23_02_2026_B6_FORNECIMENTO_ENERGIA_ESCOLAS.mp3,23_02_2026,FORNECIMENTO_ENERGIA_ESCOLAS,,TJRN,NAO,H:\Meu Drive\RADIO TJRN CONTEÚDO\00_PRODUCAO_2026\01_BOLETINS_DIARIOS\03_AUDIOS_RADIO\02 - FEV - 26\23 02 - SEG
FEVEREIRO,NJUD N/A,BOLETIM_RADIO_TJRN_23_02_2026_B6_FORNECIMENTO_ENERGIA_ESCOLAS_1782542964.mp3,23_02_2026,FORNECIMENTO_ENERGIA_ESCOLAS_1782542964,,TJRN,NAO,H:\Meu Drive\RADIO TJRN CONTEÚDO\00_PRODUCAO_2026\01_BOLETINS_DIARIOS\03_AUDIOS_RADIO\02 - FEV - 26\23 02 - SEG
FEVEREIRO,NJUD N/A,BOLETIM_RADIO_TJRN_23_02_2026_B6_FORNECIMENTO_ENERGIA_ESCOLAS_RESTORED.mp3,23_02_2026,FORNECIMENTO_ENERGIA_ESCOLAS_RESTORED,,TJRN,NAO,H:\Meu Drive\RADIO TJRN CONTEÚDO\00_PRODUCAO_2026\01_BOLETINS_DIARIOS\03_AUDIOS_RADIO\02 - FEV - 26\23 02 - SEG
FEVEREIRO,NJUD N/A,BOLETIM_RADIO_TJRN_23_02_2026_B6_FORNECIMENTO_ENERGIA_ESCOLAS_v2.mp3,23_02_2026,FORNECIMENTO_ENERGIA_ESCOLAS_v2,,TJRN,NAO,H:\Meu Drive\RADIO TJRN CONTEÚDO\00_PRODUCAO_2026\01_BOLETINS_DIARIOS\03_AUDIOS_RADIO\02 - FEV - 26\23 02 - SEG
FEVEREIRO,NJUD N/A,BOLETIM_RADIO_TJRN_23_02_2026_B7_DANOS_MORAIS_ATRASO_VOO.mp3,23_02_2026,DANOS_MORAIS_ATRASO_VOO,,TJRN,NAO,H:\Meu Drive\RADIO TJRN CONTEÚDO\00_PRODUCAO_2026\01_BOLETINS_DIARIOS\03_AUDIOS_RADIO\02 - FEV - 26\23 02 - SEG
FEVEREIRO,NJUD N/A,BOLETIM_RADIO_TJRN_23_02_2026_B7_DANOS_MORAIS_ATRASO_VOO_1782542964.mp3,23_02_2026,DANOS_MORAIS_ATRASO_VOO_1782542964,,TJRN,NAO,H:\Meu Drive\RADIO TJRN CONTEÚDO\00_PRODUCAO_2026\01_BOLETINS_DIARIOS\03_AUDIOS_RADIO\02 - FEV - 26\23 02 - SEG
FEVEREIRO,NJUD N/A,BOLETIM_RADIO_TJRN_23_02_2026_B7_DANOS_MORAIS_ATRASO_VOO_RESTORED.mp3,23_02_2026,DANOS_MORAIS_ATRASO_VOO_RESTORED,,TJRN,NAO,H:\Meu Drive\RADIO TJRN CONTEÚDO\00_PRODUCAO_2026\01_BOLETINS_DIARIOS\03_AUDIOS_RADIO\02 - FEV - 26\23 02 - SEG
FEVEREIRO,NJUD N/A,BOLETIM_RADIO_TJRN_23_02_2026_B7_DANOS_MORAIS_ATRASO_VOO_v2.mp3,23_02_2026,DANOS_MORAIS_ATRASO_VOO_v2,,TJRN,NAO,H:\Meu Drive\RADIO TJRN CONTEÚDO\00_PRODUCAO_2026\01_BOLETINS_DIARIOS\03_AUDIOS_RADIO\02 - FEV - 26\23 02 - SEG
FEVEREIRO,NJUD N/A,BOLETIM_RADIO_TJRN_23_02_2026_B8_COSERN_DANOS_MORAIS.mp3,23_02_2026,COSERN_DANOS_MORAIS,,TJRN,NAO,H:\Meu Drive\RADIO TJRN CONTEÚDO\00_PRODUCAO_2026\01_BOLETINS_DIARIOS\03_AUDIOS_RADIO\02 - FEV - 26\23 02 - SEG
FEVEREIRO,NJUD N/A,BOLETIM_RADIO_TJRN_23_02_2026_B8_COSERN_DANOS_MORAIS_1782542964.mp3,23_02_2026,COSERN_DANOS_MORAIS_1782542964,,TJRN,NAO,H:\Meu Drive\RADIO TJRN CONTEÚDO\00_PRODUCAO_2026\01_BOLETINS_DIARIOS\03_AUDIOS_RADIO\02 - FEV - 26\23 02 - SEG
FEVEREIRO,NJUD N/A,BOLETIM_RADIO_TJRN_23_02_2026_B8_COSERN_DANOS_MORAIS_RESTORED.mp3,23_02_2026,COSERN_DANOS_MORAIS_RESTORED,,TJRN,NAO,H:\Meu Drive\RADIO TJRN CONTEÚDO\00_PRODUCAO_2026\01_BOLETINS_DIARIOS\03_AUDIOS_RADIO\02 - FEV - 26\23 02 - SEG
FEVEREIRO,NJUD N/A,BOLETIM_RADIO_TJRN_23_02_2026_B8_COSERN_DANOS_MORAIS_v2.mp3,23_02_2026,COSERN_DANOS_MORAIS_v2,,TJRN,NAO,H:\Meu Drive\RADIO TJRN CONTEÚDO\00_PRODUCAO_2026\01_BOLETINS_DIARIOS\03_AUDIOS_RADIO\02 - FEV - 26\23 02 - SEG
FEVEREIRO,NJUD N/A,BOLETIM_RADIO_TJRN_23_02_2026_B9_INDENIZACAO_FALHAS_PANO_SAUDE.mp3,23_02_2026,INDENIZACAO_FALHAS_PANO_SAUDE,,TJRN,NAO,H:\Meu Drive\RADIO TJRN CONTEÚDO\00_PRODUCAO_2026\01_BOLETINS_DIARIOS\03_AUDIOS_RADIO\02 - FEV - 26\23 02 - SEG
FEVEREIRO,NJUD N/A,BOLETIM_RADIO_TJRN_23_02_2026_B9_INDENIZACAO_FALHAS_PANO_SAUDE_1782542964.mp3,23_02_2026,INDENIZACAO_FALHAS_PANO_SAUDE_1782542964,,TJRN,NAO,H:\Meu Drive\RADIO TJRN CONTEÚDO\00_PRODUCAO_2026\01_BOLETINS_DIARIOS\03_AUDIOS_RADIO\02 - FEV - 26\23 02 - SEG
FEVEREIRO,NJUD N/A,BOLETIM_RADIO_TJRN_23_02_2026_B9_INDENIZACAO_FALHAS_PANO_SAUDE_RESTORED.mp3,23_02_2026,INDENIZACAO_FALHAS_PANO_SAUDE_RESTORED,,TJRN,NAO,H:\Meu Drive\RADIO TJRN CONTEÚDO\00_PRODUCAO_2026\01_BOLETINS_DIARIOS\03_AUDIOS_RADIO\02 - FEV - 26\23 02 - SEG
FEVEREIRO,NJUD N/A,BOLETIM_RADIO_TJRN_23_02_2026_B9_INDENIZACAO_FALHAS_PANO_SAUDE_v2.mp3,23_02_2026,INDENIZACAO_FALHAS_PANO_SAUDE_v2,,TJRN,NAO,H:\Meu Drive\RADIO TJRN CONTEÚDO\00_PRODUCAO_2026\01_BOLETINS_DIARIOS\03_AUDIOS_RADIO\02 - FEV - 26\23 02 - SEG
FEVEREIRO,NJUD N/A,BOLETIM_RADIO_TJRN_24_02_2026_B10_ESMARN_ATUALIZACAO_SITE.mp3,24_02_2026,ESMARN_ATUALIZACAO_SITE,,TJRN,NAO,H:\Meu Drive\RADIO TJRN CONTEÚDO\00_PRODUCAO_2026\01_BOLETINS_DIARIOS\03_AUDIOS_RADIO\02 - FEV - 26\24 02 - TER
FEVEREIRO,NJUD N/A,BOLETIM_RADIO_TJRN_24_02_2026_B10_ESMARN_ATUALIZACAO_SITE_1782542964.mp3,24_02_2026,ESMARN_ATUALIZACAO_SITE_1782542964,,TJRN,NAO,H:\Meu Drive\RADIO TJRN CONTEÚDO\00_PRODUCAO_2026\01_BOLETINS_DIARIOS\03_AUDIOS_RADIO\02 - FEV - 26\24 02 - TER
FEVEREIRO,NJUD N/A,BOLETIM_RADIO_TJRN_24_02_2026_B10_ESMARN_ATUALIZACAO_SITE_RESTORED.mp3,24_02_2026,ESMARN_ATUALIZACAO_SITE_RESTORED,,TJRN,NAO,H:\Meu Drive\RADIO TJRN CONTEÚDO\00_PRODUCAO_2026\01_BOLETINS_DIARIOS\03_AUDIOS_RADIO\02 - FEV - 26\24 02 - TER
FEVEREIRO,NJUD N/A,BOLETIM_RADIO_TJRN_24_02_2026_B10_ESMARN_ATUALIZACAO_SITE_v2.mp3,24_02_2026,ESMARN_ATUALIZACAO_SITE_v2,,TJRN,NAO,H:\Meu Drive\RADIO TJRN CONTEÚDO\00_PRODUCAO_2026\01_BOLETINS_DIARIOS\03_AUDIOS_RADIO\02 - FEV - 26\24 02 - TER
FEVEREIRO,NJUD N/A,BOLETIM_RADIO_TJRN_24_02_2026_B1_TJRN_SAO_JOSE_PROCESSO_SELETIVO_.mp3,24_02_2026,TJRN_SAO_JOSE_PROCESSO_SELETIVO,,TJRN,NAO,H:\Meu Drive\RADIO TJRN CONTEÚDO\00_PRODUCAO_2026\01_BOLETINS_DIARIOS\03_AUDIOS_RADIO\02 - FEV - 26\24 02 - TER
FEVEREIRO,NJUD N/A,BOLETIM_RADIO_TJRN_24_02_2026_B1_TJRN_SAO_JOSE_PROCESSO_SELETIVO__1782542964.mp3,24_02_2026,TJRN_SAO_JOSE_PROCESSO_SELETIVO__1782542964,,TJRN,NAO,H:\Meu Drive\RADIO TJRN CONTEÚDO\00_PRODUCAO_2026\01_BOLETINS_DIARIOS\03_AUDIOS_RADIO\02 - FEV - 26\24 02 - TER
FEVEREIRO,NJUD N/A,BOLETIM_RADIO_TJRN_24_02_2026_B1_TJRN_SAO_JOSE_PROCESSO_SELETIVO__RESTORED.mp3,24_02_2026,TJRN_SAO_JOSE_PROCESSO_SELETIVO__RESTORED,,TJRN,NAO,H:\Meu Drive\RADIO TJRN CONTEÚDO\00_PRODUCAO_2026\01_BOLETINS_DIARIOS\03_AUDIOS_RADIO\02 - FEV - 26\24 02 - TER
FEVEREIRO,NJUD N/A,BOLETIM_RADIO_TJRN_24_02_2026_B1_TJRN_SAO_JOSE_PROCESSO_SELETIVO__v2.mp3,24_02_2026,TJRN_SAO_JOSE_PROCESSO_SELETIVO__v2,,TJRN,NAO,H:\Meu Drive\RADIO TJRN CONTEÚDO\00_PRODUCAO_2026\01_BOLETINS_DIARIOS\03_AUDIOS_RADIO\02 - FEV - 26\24 02 - TER
FEVEREIRO,NJUD N/A,BOLETIM_RADIO_TJRN_24_02_2026_B2_TJRN_ACOLHE_APELO_MP_.mp3,24_02_2026,TJRN_ACOLHE_APELO_MP,,TJRN,NAO,H:\Meu Drive\RADIO TJRN CONTEÚDO\00_PRODUCAO_2026\01_BOLETINS_DIARIOS\03_AUDIOS_RADIO\02 - FEV - 26\24 02 - TER
FEVEREIRO,NJUD N/A,BOLETIM_RADIO_TJRN_24_02_2026_B2_TJRN_ACOLHE_APELO_MP__1782542964.mp3,24_02_2026,TJRN_ACOLHE_APELO_MP__1782542964,,TJRN,NAO,H:\Meu Drive\RADIO TJRN CONTEÚDO\00_PRODUCAO_2026\01_BOLETINS_DIARIOS\03_AUDIOS_RADIO\02 - FEV - 26\24 02 - TER
FEVEREIRO,NJUD N/A,BOLETIM_RADIO_TJRN_24_02_2026_B2_TJRN_ACOLHE_APELO_MP__RESTORED.mp3,24_02_2026,TJRN_ACOLHE_APELO_MP__RESTORED,,TJRN,NAO,H:\Meu Drive\RADIO TJRN CONTEÚDO\00_PRODUCAO_2026\01_BOLETINS_DIARIOS\03_AUDIOS_RADIO\02 - FEV - 26\24 02 - TER
FEVEREIRO,NJUD N/A,BOLETIM_RADIO_TJRN_24_02_2026_B2_TJRN_ACOLHE_APELO_MP__v2.mp3,24_02_2026,TJRN_ACOLHE_APELO_MP__v2,,TJRN,NAO,H:\Meu Drive\RADIO TJRN CONTEÚDO\00_PRODUCAO_2026\01_BOLETINS_DIARIOS\03_AUDIOS_RADIO\02 - FEV - 26\24 02 - TER
FEVEREIRO,NJUD N/A,BOLETIM_RADIO_TJRN_24_02_2026_B3_TJRN_MANTEM_DECISAO_NOMEACAO_.mp3,24_02_2026,TJRN_MANTEM_DECISAO_NOMEACAO,,TJRN,NAO,H:\Meu Drive\RADIO TJRN CONTEÚDO\00_PRODUCAO_2026\01_BOLETINS_DIARIOS\03_AUDIOS_RADIO\02 - FEV - 26\24 02 - TER
FEVEREIRO,NJUD N/A,BOLETIM_RADIO_TJRN_24_02_2026_B3_TJRN_MANTEM_DECISAO_NOMEACAO__1782542964.mp3,24_02_2026,TJRN_MANTEM_DECISAO_NOMEACAO__1782542964,,TJRN,NAO,H:\Meu Drive\RADIO TJRN CONTEÚDO\00_PRODUCAO_2026\01_BOLETINS_DIARIOS\03_AUDIOS_RADIO\02 - FEV - 26\24 02 - TER
FEVEREIRO,NJUD N/A,BOLETIM_RADIO_TJRN_24_02_2026_B3_TJRN_MANTEM_DECISAO_NOMEACAO__RESTORED.mp3,24_02_2026,TJRN_MANTEM_DECISAO_NOMEACAO__RESTORED,,TJRN,NAO,H:\Meu Drive\RADIO TJRN CONTEÚDO\00_PRODUCAO_2026\01_BOLETINS_DIARIOS\03_AUDIOS_RADIO\02 - FEV - 26\24 02 - TER
FEVEREIRO,NJUD N/A,BOLETIM_RADIO_TJRN_24_02_2026_B3_TJRN_MANTEM_DECISAO_NOMEACAO__v2.mp3,24_02_2026,TJRN_MANTEM_DECISAO_NOMEACAO__v2,,TJRN,NAO,H:\Meu Drive\RADIO TJRN CONTEÚDO\00_PRODUCAO_2026\01_BOLETINS_DIARIOS\03_AUDIOS_RADIO\02 - FEV - 26\24 02 - TER
FEVEREIRO,NJUD N/A,BOLETIM_RADIO_TJRN_24_02_2026_B4_TJRN_IMOBILIARIA_CONDENADA_.mp3,24_02_2026,TJRN_IMOBILIARIA_CONDENADA,,TJRN,NAO,H:\Meu Drive\RADIO TJRN CONTEÚDO\00_PRODUCAO_2026\01_BOLETINS_DIARIOS\03_AUDIOS_RADIO\02 - FEV - 26\24 02 - TER
FEVEREIRO,NJUD N/A,BOLETIM_RADIO_TJRN_24_02_2026_B4_TJRN_IMOBILIARIA_CONDENADA__1782542964.mp3,24_02_2026,TJRN_IMOBILIARIA_CONDENADA__1782542964,,TJRN,NAO,H:\Meu Drive\RADIO TJRN CONTEÚDO\00_PRODUCAO_2026\01_BOLETINS_DIARIOS\03_AUDIOS_RADIO\02 - FEV - 26\24 02 - TER
FEVEREIRO,NJUD N/A,BOLETIM_RADIO_TJRN_24_02_2026_B4_TJRN_IMOBILIARIA_CONDENADA__RESTORED.mp3,24_02_2026,TJRN_IMOBILIARIA_CONDENADA__RESTORED,,TJRN,NAO,H:\Meu Drive\RADIO TJRN CONTEÚDO\00_PRODUCAO_2026\01_BOLETINS_DIARIOS\03_AUDIOS_RADIO\02 - FEV - 26\24 02 - TER
FEVEREIRO,NJUD N/A,BOLETIM_RADIO_TJRN_24_02_2026_B4_TJRN_IMOBILIARIA_CONDENADA__v2.mp3,24_02_2026,TJRN_IMOBILIARIA_CONDENADA__v2,,TJRN,NAO,H:\Meu Drive\RADIO TJRN CONTEÚDO\00_PRODUCAO_2026\01_BOLETINS_DIARIOS\03_AUDIOS_RADIO\02 - FEV - 26\24 02 - TER
FEVEREIRO,NJUD N/A,BOLETIM_RADIO_TJRN_24_02_2026_B5_TJRN_PARTICIPACAO_EMPRESA_SAUDE.mp3,24_02_2026,TJRN_PARTICIPACAO_EMPRESA_SAUDE,,TJRN,NAO,H:\Meu Drive\RADIO TJRN CONTEÚDO\00_PRODUCAO_2026\01_BOLETINS_DIARIOS\03_AUDIOS_RADIO\02 - FEV - 26\24 02 - TER
FEVEREIRO,NJUD N/A,BOLETIM_RADIO_TJRN_24_02_2026_B5_TJRN_PARTICIPACAO_EMPRESA_SAUDE_1782542964.mp3,24_02_2026,TJRN_PARTICIPACAO_EMPRESA_SAUDE_1782542964,,TJRN,NAO,H:\Meu Drive\RADIO TJRN CONTEÚDO\00_PRODUCAO_2026\01_BOLETINS_DIARIOS\03_AUDIOS_RADIO\02 - FEV - 26\24 02 - TER
FEVEREIRO,NJUD N/A,BOLETIM_RADIO_TJRN_24_02_2026_B5_TJRN_PARTICIPACAO_EMPRESA_SAUDE_RESTORED.mp3,24_02_2026,TJRN_PARTICIPACAO_EMPRESA_SAUDE_RESTORED,,TJRN,NAO,H:\Meu Drive\RADIO TJRN CONTEÚDO\00_PRODUCAO_2026\01_BOLETINS_DIARIOS\03_AUDIOS_RADIO\02 - FEV - 26\24 02 - TER
FEVEREIRO,NJUD N/A,BOLETIM_RADIO_TJRN_24_02_2026_B5_TJRN_PARTICIPACAO_EMPRESA_SAUDE_v2.mp3,24_02_2026,TJRN_PARTICIPACAO_EMPRESA_SAUDE_v2,,TJRN,NAO,H:\Meu Drive\RADIO TJRN CONTEÚDO\00_PRODUCAO_2026\01_BOLETINS_DIARIOS\03_AUDIOS_RADIO\02 - FEV - 26\24 02 - TER
FEVEREIRO,NJUD N/A,BOLETIM_RADIO_TJRN_24_02_2026_B6_VARA_FAMILIA_ESTAGIO_.mp3,24_02_2026,VARA_FAMILIA_ESTAGIO,,TJRN,NAO,H:\Meu Drive\RADIO TJRN CONTEÚDO\00_PRODUCAO_2026\01_BOLETINS_DIARIOS\03_AUDIOS_RADIO\02 - FEV - 26\24 02 - TER
FEVEREIRO,NJUD N/A,BOLETIM_RADIO_TJRN_24_02_2026_B6_VARA_FAMILIA_ESTAGIO__1782542964.mp3,24_02_2026,VARA_FAMILIA_ESTAGIO__1782542964,,TJRN,NAO,H:\Meu Drive\RADIO TJRN CONTEÚDO\00_PRODUCAO_2026\01_BOLETINS_DIARIOS\03_AUDIOS_RADIO\02 - FEV - 26\24 02 - TER
FEVEREIRO,NJUD N/A,BOLETIM_RADIO_TJRN_24_02_2026_B6_VARA_FAMILIA_ESTAGIO__RESTORED.mp3,24_02_2026,VARA_FAMILIA_ESTAGIO__RESTORED,,TJRN,NAO,H:\Meu Drive\RADIO TJRN CONTEÚDO\00_PRODUCAO_2026\01_BOLETINS_DIARIOS\03_AUDIOS_RADIO\02 - FEV - 26\24 02 - TER
FEVEREIRO,NJUD N/A,BOLETIM_RADIO_TJRN_24_02_2026_B6_VARA_FAMILIA_ESTAGIO__v2.mp3,24_02_2026,VARA_FAMILIA_ESTAGIO__v2,,TJRN,NAO,H:\Meu Drive\RADIO TJRN CONTEÚDO\00_PRODUCAO_2026\01_BOLETINS_DIARIOS\03_AUDIOS_RADIO\02 - FEV - 26\24 02 - TER
FEVEREIRO,NJUD N/A,BOLETIM_RADIO_TJRN_24_02_2026_B7_ESMARN_CURSO_PLANILHAS_ELETRONICAS_.mp3,24_02_2026,ESMARN_CURSO_PLANILHAS_ELETRONICAS,,TJRN,NAO,H:\Meu Drive\RADIO TJRN CONTEÚDO\00_PRODUCAO_2026\01_BOLETINS_DIARIOS\03_AUDIOS_RADIO\02 - FEV - 26\24 02 - TER
FEVEREIRO,NJUD N/A,BOLETIM_RADIO_TJRN_24_02_2026_B7_ESMARN_CURSO_PLANILHAS_ELETRONICAS__1782542964.mp3,24_02_2026,ESMARN_CURSO_PLANILHAS_ELETRONICAS__1782542964,,TJRN,NAO,H:\Meu Drive\RADIO TJRN CONTEÚDO\00_PRODUCAO_2026\01_BOLETINS_DIARIOS\03_AUDIOS_RADIO\02 - FEV - 26\24 02 - TER
FEVEREIRO,NJUD N/A,BOLETIM_RADIO_TJRN_24_02_2026_B7_ESMARN_CURSO_PLANILHAS_ELETRONICAS__RESTORED.mp3,24_02_2026,ESMARN_CURSO_PLANILHAS_ELETRONICAS__RESTORED,,TJRN,NAO,H:\Meu Drive\RADIO TJRN CONTEÚDO\00_PRODUCAO_2026\01_BOLETINS_DIARIOS\03_AUDIOS_RADIO\02 - FEV - 26\24 02 - TER
FEVEREIRO,NJUD N/A,BOLETIM_RADIO_TJRN_24_02_2026_B7_ESMARN_CURSO_PLANILHAS_ELETRONICAS__v2.mp3,24_02_2026,ESMARN_CURSO_PLANILHAS_ELETRONICAS__v2,,TJRN,NAO,H:\Meu Drive\RADIO TJRN CONTEÚDO\00_PRODUCAO_2026\01_BOLETINS_DIARIOS\03_AUDIOS_RADIO\02 - FEV - 26\24 02 - TER
FEVEREIRO,NJUD N/A,BOLETIM_RADIO_TJRN_24_02_2026_B8_CNJ_PRAZO_ENVIO_CONTRIBUICOES.mp3,24_02_2026,CNJ_PRAZO_ENVIO_CONTRIBUICOES,,TJRN,NAO,H:\Meu Drive\RADIO TJRN CONTEÚDO\00_PRODUCAO_2026\01_BOLETINS_DIARIOS\03_AUDIOS_RADIO\02 - FEV - 26\24 02 - TER
FEVEREIRO,NJUD N/A,BOLETIM_RADIO_TJRN_24_02_2026_B8_CNJ_PRAZO_ENVIO_CONTRIBUICOES_1782542964.mp3,24_02_2026,CNJ_PRAZO_ENVIO_CONTRIBUICOES_1782542964,,TJRN,NAO,H:\Meu Drive\RADIO TJRN CONTEÚDO\00_PRODUCAO_2026\01_BOLETINS_DIARIOS\03_AUDIOS_RADIO\02 - FEV - 26\24 02 - TER
FEVEREIRO,NJUD N/A,BOLETIM_RADIO_TJRN_24_02_2026_B8_CNJ_PRAZO_ENVIO_CONTRIBUICOES_RESTORED.mp3,24_02_2026,CNJ_PRAZO_ENVIO_CONTRIBUICOES_RESTORED,,TJRN,NAO,H:\Meu Drive\RADIO TJRN CONTEÚDO\00_PRODUCAO_2026\01_BOLETINS_DIARIOS\03_AUDIOS_RADIO\02 - FEV - 26\24 02 - TER
FEVEREIRO,NJUD N/A,BOLETIM_RADIO_TJRN_24_02_2026_B8_CNJ_PRAZO_ENVIO_CONTRIBUICOES_v2.mp3,24_02_2026,CNJ_PRAZO_ENVIO_CONTRIBUICOES_v2,,TJRN,NAO,H:\Meu Drive\RADIO TJRN CONTEÚDO\00_PRODUCAO_2026\01_BOLETINS_DIARIOS\03_AUDIOS_RADIO\02 - FEV - 26\24 02 - TER
FEVEREIRO,NJUD N/A,BOLETIM_RADIO_TJRN_24_02_2026_B9_MPRN_UFRN_SEMINARIO_POLITICAS_PUBLICAS_.mp3,24_02_2026,MPRN_UFRN_SEMINARIO_POLITICAS_PUBLICAS,,TJRN,NAO,H:\Meu Drive\RADIO TJRN CONTEÚDO\00_PRODUCAO_2026\01_BOLETINS_DIARIOS\03_AUDIOS_RADIO\02 - FEV - 26\24 02 - TER
FEVEREIRO,NJUD N/A,BOLETIM_RADIO_TJRN_24_02_2026_B9_MPRN_UFRN_SEMINARIO_POLITICAS_PUBLICAS__1782542964.mp3,24_02_2026,MPRN_UFRN_SEMINARIO_POLITICAS_PUBLICAS__1782542964,,TJRN,NAO,H:\Meu Drive\RADIO TJRN CONTEÚDO\00_PRODUCAO_2026\01_BOLETINS_DIARIOS\03_AUDIOS_RADIO\02 - FEV - 26\24 02 - TER
FEVEREIRO,NJUD N/A,BOLETIM_RADIO_TJRN_24_02_2026_B9_MPRN_UFRN_SEMINARIO_POLITICAS_PUBLICAS__RESTORED.mp3,24_02_2026,MPRN_UFRN_SEMINARIO_POLITICAS_PUBLICAS__RESTORED,,TJRN,NAO,H:\Meu Drive\RADIO TJRN CONTEÚDO\00_PRODUCAO_2026\01_BOLETINS_DIARIOS\03_AUDIOS_RADIO\02 - FEV - 26\24 02 - TER
FEVEREIRO,NJUD N/A,BOLETIM_RADIO_TJRN_24_02_2026_B9_MPRN_UFRN_SEMINARIO_POLITICAS_PUBLICAS__v2.mp3,24_02_2026,MPRN_UFRN_SEMINARIO_POLITICAS_PUBLICAS__v2,,TJRN,NAO,H:\Meu Drive\RADIO TJRN CONTEÚDO\00_PRODUCAO_2026\01_BOLETINS_DIARIOS\03_AUDIOS_RADIO\02 - FEV - 26\24 02 - TER
FEVEREIRO,NJUD N/A,BOLETIM_RADIO_TJRN_25_02_2026_B10_TRERN_REDE_ENFRENTA_DESINFORMACAO.mp3,25_02_2026,TRERN_REDE_ENFRENTA_DESINFORMACAO,,TJRN,NAO,H:\Meu Drive\RADIO TJRN CONTEÚDO\00_PRODUCAO_2026\01_BOLETINS_DIARIOS\03_AUDIOS_RADIO\02 - FEV - 26\25 02 - QUA
FEVEREIRO,NJUD N/A,BOLETIM_RADIO_TJRN_25_02_2026_B10_TRERN_REDE_ENFRENTA_DESINFORMACAO_1782542965.mp3,25_02_2026,TRERN_REDE_ENFRENTA_DESINFORMACAO_1782542965,,TJRN,NAO,H:\Meu Drive\RADIO TJRN CONTEÚDO\00_PRODUCAO_2026\01_BOLETINS_DIARIOS\03_AUDIOS_RADIO\02 - FEV - 26\25 02 - QUA
FEVEREIRO,NJUD N/A,BOLETIM_RADIO_TJRN_25_02_2026_B10_TRERN_REDE_ENFRENTA_DESINFORMACAO_RESTORED.mp3,25_02_2026,TRERN_REDE_ENFRENTA_DESINFORMACAO_RESTORED,,TJRN,NAO,H:\Meu Drive\RADIO TJRN CONTEÚDO\00_PRODUCAO_2026\01_BOLETINS_DIARIOS\03_AUDIOS_RADIO\02 - FEV - 26\25 02 - QUA
FEVEREIRO,NJUD N/A,BOLETIM_RADIO_TJRN_25_02_2026_B10_TRERN_REDE_ENFRENTA_DESINFORMACAO_v2.mp3,25_02_2026,TRERN_REDE_ENFRENTA_DESINFORMACAO_v2,,TJRN,NAO,H:\Meu Drive\RADIO TJRN CONTEÚDO\00_PRODUCAO_2026\01_BOLETINS_DIARIOS\03_AUDIOS_RADIO\02 - FEV - 26\25 02 - QUA
FEVEREIRO,NJUD N/A,BOLETIM_RADIO_TJRN_25_02_2026_B1_TJRN_NEGA_ATO_IMPROBIDADE.mp3,25_02_2026,TJRN_NEGA_ATO_IMPROBIDADE,,TJRN,NAO,H:\Meu Drive\RADIO TJRN CONTEÚDO\00_PRODUCAO_2026\01_BOLETINS_DIARIOS\03_AUDIOS_RADIO\02 - FEV - 26\25 02 - QUA
FEVEREIRO,NJUD N/A,BOLETIM_RADIO_TJRN_25_02_2026_B1_TJRN_NEGA_ATO_IMPROBIDADE_1782542964.mp3,25_02_2026,TJRN_NEGA_ATO_IMPROBIDADE_1782542964,,TJRN,NAO,H:\Meu Drive\RADIO TJRN CONTEÚDO\00_PRODUCAO_2026\01_BOLETINS_DIARIOS\03_AUDIOS_RADIO\02 - FEV - 26\25 02 - QUA
FEVEREIRO,NJUD N/A,BOLETIM_RADIO_TJRN_25_02_2026_B1_TJRN_NEGA_ATO_IMPROBIDADE_RESTORED.mp3,25_02_2026,TJRN_NEGA_ATO_IMPROBIDADE_RESTORED,,TJRN,NAO,H:\Meu Drive\RADIO TJRN CONTEÚDO\00_PRODUCAO_2026\01_BOLETINS_DIARIOS\03_AUDIOS_RADIO\02 - FEV - 26\25 02 - QUA
FEVEREIRO,NJUD N/A,BOLETIM_RADIO_TJRN_25_02_2026_B1_TJRN_NEGA_ATO_IMPROBIDADE_v2.mp3,25_02_2026,TJRN_NEGA_ATO_IMPROBIDADE_v2,,TJRN,NAO,H:\Meu Drive\RADIO TJRN CONTEÚDO\00_PRODUCAO_2026\01_BOLETINS_DIARIOS\03_AUDIOS_RADIO\02 - FEV - 26\25 02 - QUA
FEVEREIRO,NJUD N/A,BOLETIM_RADIO_TJRN_25_02_2026_B2_TJRN_MANTEM_LEI_MUNICIPAL_.mp3,25_02_2026,TJRN_MANTEM_LEI_MUNICIPAL,,TJRN,NAO,H:\Meu Drive\RADIO TJRN CONTEÚDO\00_PRODUCAO_2026\01_BOLETINS_DIARIOS\03_AUDIOS_RADIO\02 - FEV - 26\25 02 - QUA
FEVEREIRO,NJUD N/A,BOLETIM_RADIO_TJRN_25_02_2026_B2_TJRN_MANTEM_LEI_MUNICIPAL__1782542964.mp3,25_02_2026,TJRN_MANTEM_LEI_MUNICIPAL__1782542964,,TJRN,NAO,H:\Meu Drive\RADIO TJRN CONTEÚDO\00_PRODUCAO_2026\01_BOLETINS_DIARIOS\03_AUDIOS_RADIO\02 - FEV - 26\25 02 - QUA
FEVEREIRO,NJUD N/A,BOLETIM_RADIO_TJRN_25_02_2026_B2_TJRN_MANTEM_LEI_MUNICIPAL__RESTORED.mp3,25_02_2026,TJRN_MANTEM_LEI_MUNICIPAL__RESTORED,,TJRN,NAO,H:\Meu Drive\RADIO TJRN CONTEÚDO\00_PRODUCAO_2026\01_BOLETINS_DIARIOS\03_AUDIOS_RADIO\02 - FEV - 26\25 02 - QUA
FEVEREIRO,NJUD N/A,BOLETIM_RADIO_TJRN_25_02_2026_B2_TJRN_MANTEM_LEI_MUNICIPAL__v2.mp3,25_02_2026,TJRN_MANTEM_LEI_MUNICIPAL__v2,,TJRN,NAO,H:\Meu Drive\RADIO TJRN CONTEÚDO\00_PRODUCAO_2026\01_BOLETINS_DIARIOS\03_AUDIOS_RADIO\02 - FEV - 26\25 02 - QUA
FEVEREIRO,NJUD N/A,BOLETIM_RADIO_TJRN_25_02_2026_B3_TJRN_JULGA_IMPROCEDENTE_FRAUDES.mp3,25_02_2026,TJRN_JULGA_IMPROCEDENTE_FRAUDES,,TJRN,NAO,H:\Meu Drive\RADIO TJRN CONTEÚDO\00_PRODUCAO_2026\01_BOLETINS_DIARIOS\03_AUDIOS_RADIO\02 - FEV - 26\25 02 - QUA
FEVEREIRO,NJUD N/A,BOLETIM_RADIO_TJRN_25_02_2026_B3_TJRN_JULGA_IMPROCEDENTE_FRAUDES_1782542964.mp3,25_02_2026,TJRN_JULGA_IMPROCEDENTE_FRAUDES_1782542964,,TJRN,NAO,H:\Meu Drive\RADIO TJRN CONTEÚDO\00_PRODUCAO_2026\01_BOLETINS_DIARIOS\03_AUDIOS_RADIO\02 - FEV - 26\25 02 - QUA
FEVEREIRO,NJUD N/A,BOLETIM_RADIO_TJRN_25_02_2026_B3_TJRN_JULGA_IMPROCEDENTE_FRAUDES_RESTORED.mp3,25_02_2026,TJRN_JULGA_IMPROCEDENTE_FRAUDES_RESTORED,,TJRN,NAO,H:\Meu Drive\RADIO TJRN CONTEÚDO\00_PRODUCAO_2026\01_BOLETINS_DIARIOS\03_AUDIOS_RADIO\02 - FEV - 26\25 02 - QUA
FEVEREIRO,NJUD N/A,BOLETIM_RADIO_TJRN_25_02_2026_B3_TJRN_JULGA_IMPROCEDENTE_FRAUDES_v2.mp3,25_02_2026,TJRN_JULGA_IMPROCEDENTE_FRAUDES_v2,,TJRN,NAO,H:\Meu Drive\RADIO TJRN CONTEÚDO\00_PRODUCAO_2026\01_BOLETINS_DIARIOS\03_AUDIOS_RADIO\02 - FEV - 26\25 02 - QUA
FEVEREIRO,NJUD N/A,BOLETIM_RADIO_TJRN_25_02_2026_B4_TJRN_REDE_SOCIAL_BLOQUEIA_CONTA_ADVOGADO_.mp3,25_02_2026,TJRN_REDE_SOCIAL_BLOQUEIA_CONTA_ADVOGADO,,TJRN,NAO,H:\Meu Drive\RADIO TJRN CONTEÚDO\00_PRODUCAO_2026\01_BOLETINS_DIARIOS\03_AUDIOS_RADIO\02 - FEV - 26\25 02 - QUA
FEVEREIRO,NJUD N/A,BOLETIM_RADIO_TJRN_25_02_2026_B4_TJRN_REDE_SOCIAL_BLOQUEIA_CONTA_ADVOGADO__1782542964.mp3,25_02_2026,TJRN_REDE_SOCIAL_BLOQUEIA_CONTA_ADVOGADO__1782542964,,TJRN,NAO,H:\Meu Drive\RADIO TJRN CONTEÚDO\00_PRODUCAO_2026\01_BOLETINS_DIARIOS\03_AUDIOS_RADIO\02 - FEV - 26\25 02 - QUA
FEVEREIRO,NJUD N/A,BOLETIM_RADIO_TJRN_25_02_2026_B4_TJRN_REDE_SOCIAL_BLOQUEIA_CONTA_ADVOGADO__RESTORED.mp3,25_02_2026,TJRN_REDE_SOCIAL_BLOQUEIA_CONTA_ADVOGADO__RESTORED,,TJRN,NAO,H:\Meu Drive\RADIO TJRN CONTEÚDO\00_PRODUCAO_2026\01_BOLETINS_DIARIOS\03_AUDIOS_RADIO\02 - FEV - 26\25 02 - QUA
FEVEREIRO,NJUD N/A,BOLETIM_RADIO_TJRN_25_02_2026_B4_TJRN_REDE_SOCIAL_BLOQUEIA_CONTA_ADVOGADO__v2.mp3,25_02_2026,TJRN_REDE_SOCIAL_BLOQUEIA_CONTA_ADVOGADO__v2,,TJRN,NAO,H:\Meu Drive\RADIO TJRN CONTEÚDO\00_PRODUCAO_2026\01_BOLETINS_DIARIOS\03_AUDIOS_RADIO\02 - FEV - 26\25 02 - QUA
FEVEREIRO,NJUD N/A,BOLETIM_RADIO_TJRN_25_02_2026_B5_TJRN_EMPRESA_VAREJISTA_CONDENADA_.mp3,25_02_2026,TJRN_EMPRESA_VAREJISTA_CONDENADA,,TJRN,NAO,H:\Meu Drive\RADIO TJRN CONTEÚDO\00_PRODUCAO_2026\01_BOLETINS_DIARIOS\03_AUDIOS_RADIO\02 - FEV - 26\25 02 - QUA
FEVEREIRO,NJUD N/A,BOLETIM_RADIO_TJRN_25_02_2026_B5_TJRN_EMPRESA_VAREJISTA_CONDENADA__1782542964.mp3,25_02_2026,TJRN_EMPRESA_VAREJISTA_CONDENADA__1782542964,,TJRN,NAO,H:\Meu Drive\RADIO TJRN CONTEÚDO\00_PRODUCAO_2026\01_BOLETINS_DIARIOS\03_AUDIOS_RADIO\02 - FEV - 26\25 02 - QUA
FEVEREIRO,NJUD N/A,BOLETIM_RADIO_TJRN_25_02_2026_B5_TJRN_EMPRESA_VAREJISTA_CONDENADA__RESTORED.mp3,25_02_2026,TJRN_EMPRESA_VAREJISTA_CONDENADA__RESTORED,,TJRN,NAO,H:\Meu Drive\RADIO TJRN CONTEÚDO\00_PRODUCAO_2026\01_BOLETINS_DIARIOS\03_AUDIOS_RADIO\02 - FEV - 26\25 02 - QUA
FEVEREIRO,NJUD N/A,BOLETIM_RADIO_TJRN_25_02_2026_B5_TJRN_EMPRESA_VAREJISTA_CONDENADA__v2.mp3,25_02_2026,TJRN_EMPRESA_VAREJISTA_CONDENADA__v2,,TJRN,NAO,H:\Meu Drive\RADIO TJRN CONTEÚDO\00_PRODUCAO_2026\01_BOLETINS_DIARIOS\03_AUDIOS_RADIO\02 - FEV - 26\25 02 - QUA
FEVEREIRO,NJUD N/A,BOLETIM_RADIO_TJRN_25_02_2026_B6_TJRN_CORREGEDORIA_PROCESSO_SELETIVO_.mp3,25_02_2026,TJRN_CORREGEDORIA_PROCESSO_SELETIVO,,TJRN,NAO,H:\Meu Drive\RADIO TJRN CONTEÚDO\00_PRODUCAO_2026\01_BOLETINS_DIARIOS\03_AUDIOS_RADIO\02 - FEV - 26\25 02 - QUA
FEVEREIRO,NJUD N/A,BOLETIM_RADIO_TJRN_25_02_2026_B6_TJRN_CORREGEDORIA_PROCESSO_SELETIVO__1782542964.mp3,25_02_2026,TJRN_CORREGEDORIA_PROCESSO_SELETIVO__1782542964,,TJRN,NAO,H:\Meu Drive\RADIO TJRN CONTEÚDO\00_PRODUCAO_2026\01_BOLETINS_DIARIOS\03_AUDIOS_RADIO\02 - FEV - 26\25 02 - QUA
FEVEREIRO,NJUD N/A,BOLETIM_RADIO_TJRN_25_02_2026_B6_TJRN_CORREGEDORIA_PROCESSO_SELETIVO__RESTORED.mp3,25_02_2026,TJRN_CORREGEDORIA_PROCESSO_SELETIVO__RESTORED,,TJRN,NAO,H:\Meu Drive\RADIO TJRN CONTEÚDO\00_PRODUCAO_2026\01_BOLETINS_DIARIOS\03_AUDIOS_RADIO\02 - FEV - 26\25 02 - QUA
FEVEREIRO,NJUD N/A,BOLETIM_RADIO_TJRN_25_02_2026_B6_TJRN_CORREGEDORIA_PROCESSO_SELETIVO__v2.mp3,25_02_2026,TJRN_CORREGEDORIA_PROCESSO_SELETIVO__v2,,TJRN,NAO,H:\Meu Drive\RADIO TJRN CONTEÚDO\00_PRODUCAO_2026\01_BOLETINS_DIARIOS\03_AUDIOS_RADIO\02 - FEV - 26\25 02 - QUA
FEVEREIRO,NJUD N/A,BOLETIM_RADIO_TJRN_25_02_2026_B7_TJRN_BLOQUEIO_86_MIL.mp3,25_02_2026,TJRN_BLOQUEIO_86_MIL,,TJRN,NAO,H:\Meu Drive\RADIO TJRN CONTEÚDO\00_PRODUCAO_2026\01_BOLETINS_DIARIOS\03_AUDIOS_RADIO\02 - FEV - 26\25 02 - QUA
FEVEREIRO,NJUD N/A,BOLETIM_RADIO_TJRN_25_02_2026_B7_TJRN_BLOQUEIO_86_MIL_1782542965.mp3,25_02_2026,TJRN_BLOQUEIO_86_MIL_1782542965,,TJRN,NAO,H:\Meu Drive\RADIO TJRN CONTEÚDO\00_PRODUCAO_2026\01_BOLETINS_DIARIOS\03_AUDIOS_RADIO\02 - FEV - 26\25 02 - QUA
FEVEREIRO,NJUD N/A,BOLETIM_RADIO_TJRN_25_02_2026_B7_TJRN_BLOQUEIO_86_MIL_RESTORED.mp3,25_02_2026,TJRN_BLOQUEIO_86_MIL_RESTORED,,TJRN,NAO,H:\Meu Drive\RADIO TJRN CONTEÚDO\00_PRODUCAO_2026\01_BOLETINS_DIARIOS\03_AUDIOS_RADIO\02 - FEV - 26\25 02 - QUA
FEVEREIRO,NJUD N/A,BOLETIM_RADIO_TJRN_25_02_2026_B7_TJRN_BLOQUEIO_86_MIL_v2.mp3,25_02_2026,TJRN_BLOQUEIO_86_MIL_v2,,TJRN,NAO,H:\Meu Drive\RADIO TJRN CONTEÚDO\00_PRODUCAO_2026\01_BOLETINS_DIARIOS\03_AUDIOS_RADIO\02 - FEV - 26\25 02 - QUA
FEVEREIRO,NJUD N/A,BOLETIM_RADIO_TJRN_25_02_2026_B8_TJRN_CONGRESSOS_PRIMEIRA_INSTANCIA_.mp3,25_02_2026,TJRN_CONGRESSOS_PRIMEIRA_INSTANCIA,,TJRN,NAO,H:\Meu Drive\RADIO TJRN CONTEÚDO\00_PRODUCAO_2026\01_BOLETINS_DIARIOS\03_AUDIOS_RADIO\02 - FEV - 26\25 02 - QUA
FEVEREIRO,NJUD N/A,BOLETIM_RADIO_TJRN_25_02_2026_B8_TJRN_CONGRESSOS_PRIMEIRA_INSTANCIA__1782542965.mp3,25_02_2026,TJRN_CONGRESSOS_PRIMEIRA_INSTANCIA__1782542965,,TJRN,NAO,H:\Meu Drive\RADIO TJRN CONTEÚDO\00_PRODUCAO_2026\01_BOLETINS_DIARIOS\03_AUDIOS_RADIO\02 - FEV - 26\25 02 - QUA
FEVEREIRO,NJUD N/A,BOLETIM_RADIO_TJRN_25_02_2026_B8_TJRN_CONGRESSOS_PRIMEIRA_INSTANCIA__RESTORED.mp3,25_02_2026,TJRN_CONGRESSOS_PRIMEIRA_INSTANCIA__RESTORED,,TJRN,NAO,H:\Meu Drive\RADIO TJRN CONTEÚDO\00_PRODUCAO_2026\01_BOLETINS_DIARIOS\03_AUDIOS_RADIO\02 - FEV - 26\25 02 - QUA
FEVEREIRO,NJUD N/A,BOLETIM_RADIO_TJRN_25_02_2026_B8_TJRN_CONGRESSOS_PRIMEIRA_INSTANCIA__v2.mp3,25_02_2026,TJRN_CONGRESSOS_PRIMEIRA_INSTANCIA__v2,,TJRN,NAO,H:\Meu Drive\RADIO TJRN CONTEÚDO\00_PRODUCAO_2026\01_BOLETINS_DIARIOS\03_AUDIOS_RADIO\02 - FEV - 26\25 02 - QUA
FEVEREIRO,NJUD N/A,BOLETIM_RADIO_TJRN_25_02_2026_B9_TRTRN_EMPRESA_CONDENADA_EX_EMPREGADA_DOMESTICA_.mp3,25_02_2026,TRTRN_EMPRESA_CONDENADA_EX_EMPREGADA_DOMESTICA,,TJRN,NAO,H:\Meu Drive\RADIO TJRN CONTEÚDO\00_PRODUCAO_2026\01_BOLETINS_DIARIOS\03_AUDIOS_RADIO\02 - FEV - 26\25 02 - QUA
FEVEREIRO,NJUD N/A,BOLETIM_RADIO_TJRN_25_02_2026_B9_TRTRN_EMPRESA_CONDENADA_EX_EMPREGADA_DOMESTICA__1782542965.mp3,25_02_2026,TRTRN_EMPRESA_CONDENADA_EX_EMPREGADA_DOMESTICA__1782542965,,TJRN,NAO,H:\Meu Drive\RADIO TJRN CONTEÚDO\00_PRODUCAO_2026\01_BOLETINS_DIARIOS\03_AUDIOS_RADIO\02 - FEV - 26\25 02 - QUA
FEVEREIRO,NJUD N/A,BOLETIM_RADIO_TJRN_25_02_2026_B9_TRTRN_EMPRESA_CONDENADA_EX_EMPREGADA_DOMESTICA__RESTORED.mp3,25_02_2026,TRTRN_EMPRESA_CONDENADA_EX_EMPREGADA_DOMESTICA__RESTORED,,TJRN,NAO,H:\Meu Drive\RADIO TJRN CONTEÚDO\00_PRODUCAO_2026\01_BOLETINS_DIARIOS\03_AUDIOS_RADIO\02 - FEV - 26\25 02 - QUA
FEVEREIRO,NJUD N/A,BOLETIM_RADIO_TJRN_25_02_2026_B9_TRTRN_EMPRESA_CONDENADA_EX_EMPREGADA_DOMESTICA__v2.mp3,25_02_2026,TRTRN_EMPRESA_CONDENADA_EX_EMPREGADA_DOMESTICA__v2,,TJRN,NAO,H:\Meu Drive\RADIO TJRN CONTEÚDO\00_PRODUCAO_2026\01_BOLETINS_DIARIOS\03_AUDIOS_RADIO\02 - FEV - 26\25 02 - QUA
FEVEREIRO,NJUD N/A,BOLETIM_RADIO_TJRN_26_02_2026_B10_INDENIZACAO_PATINETE_ELETRICO_.mp3,26_02_2026,INDENIZACAO_PATINETE_ELETRICO,,TJRN,NAO,H:\Meu Drive\RADIO TJRN CONTEÚDO\00_PRODUCAO_2026\01_BOLETINS_DIARIOS\03_AUDIOS_RADIO\02 - FEV - 26\26 02 - QUI
FEVEREIRO,NJUD N/A,BOLETIM_RADIO_TJRN_26_02_2026_B10_INDENIZACAO_PATINETE_ELETRICO__1782542965.mp3,26_02_2026,INDENIZACAO_PATINETE_ELETRICO__1782542965,,TJRN,NAO,H:\Meu Drive\RADIO TJRN CONTEÚDO\00_PRODUCAO_2026\01_BOLETINS_DIARIOS\03_AUDIOS_RADIO\02 - FEV - 26\26 02 - QUI
FEVEREIRO,NJUD N/A,BOLETIM_RADIO_TJRN_26_02_2026_B10_INDENIZACAO_PATINETE_ELETRICO__RESTORED.mp3,26_02_2026,INDENIZACAO_PATINETE_ELETRICO__RESTORED,,TJRN,NAO,H:\Meu Drive\RADIO TJRN CONTEÚDO\00_PRODUCAO_2026\01_BOLETINS_DIARIOS\03_AUDIOS_RADIO\02 - FEV - 26\26 02 - QUI
FEVEREIRO,NJUD N/A,BOLETIM_RADIO_TJRN_26_02_2026_B10_INDENIZACAO_PATINETE_ELETRICO__v2.mp3,26_02_2026,INDENIZACAO_PATINETE_ELETRICO__v2,,TJRN,NAO,H:\Meu Drive\RADIO TJRN CONTEÚDO\00_PRODUCAO_2026\01_BOLETINS_DIARIOS\03_AUDIOS_RADIO\02 - FEV - 26\26 02 - QUI
FEVEREIRO,NJUD N/A,BOLETIM_RADIO_TJRN_26_02_2026_B1_TJRN_ESTADO_REALIZE_PROCEDIMENTO_MEDICO_.mp3,26_02_2026,TJRN_ESTADO_REALIZE_PROCEDIMENTO_MEDICO,,TJRN,NAO,H:\Meu Drive\RADIO TJRN CONTEÚDO\00_PRODUCAO_2026\01_BOLETINS_DIARIOS\03_AUDIOS_RADIO\02 - FEV - 26\26 02 - QUI
FEVEREIRO,NJUD N/A,BOLETIM_RADIO_TJRN_26_02_2026_B1_TJRN_ESTADO_REALIZE_PROCEDIMENTO_MEDICO__1782542965.mp3,26_02_2026,TJRN_ESTADO_REALIZE_PROCEDIMENTO_MEDICO__1782542965,,TJRN,NAO,H:\Meu Drive\RADIO TJRN CONTEÚDO\00_PRODUCAO_2026\01_BOLETINS_DIARIOS\03_AUDIOS_RADIO\02 - FEV - 26\26 02 - QUI
FEVEREIRO,NJUD N/A,BOLETIM_RADIO_TJRN_26_02_2026_B1_TJRN_ESTADO_REALIZE_PROCEDIMENTO_MEDICO__RESTORED.mp3,26_02_2026,TJRN_ESTADO_REALIZE_PROCEDIMENTO_MEDICO__RESTORED,,TJRN,NAO,H:\Meu Drive\RADIO TJRN CONTEÚDO\00_PRODUCAO_2026\01_BOLETINS_DIARIOS\03_AUDIOS_RADIO\02 - FEV - 26\26 02 - QUI
FEVEREIRO,NJUD N/A,BOLETIM_RADIO_TJRN_26_02_2026_B1_TJRN_ESTADO_REALIZE_PROCEDIMENTO_MEDICO__v2.mp3,26_02_2026,TJRN_ESTADO_REALIZE_PROCEDIMENTO_MEDICO__v2,,TJRN,NAO,H:\Meu Drive\RADIO TJRN CONTEÚDO\00_PRODUCAO_2026\01_BOLETINS_DIARIOS\03_AUDIOS_RADIO\02 - FEV - 26\26 02 - QUI
FEVEREIRO,NJUD N/A,BOLETIM_RADIO_TJRN_26_02_2026_B2_TJRN_MANTIDA_SENTENCA_APLICADA_.mp3,26_02_2026,TJRN_MANTIDA_SENTENCA_APLICADA,,TJRN,NAO,H:\Meu Drive\RADIO TJRN CONTEÚDO\00_PRODUCAO_2026\01_BOLETINS_DIARIOS\03_AUDIOS_RADIO\02 - FEV - 26\26 02 - QUI
FEVEREIRO,NJUD N/A,BOLETIM_RADIO_TJRN_26_02_2026_B2_TJRN_MANTIDA_SENTENCA_APLICADA__1782542965.mp3,26_02_2026,TJRN_MANTIDA_SENTENCA_APLICADA__1782542965,,TJRN,NAO,H:\Meu Drive\RADIO TJRN CONTEÚDO\00_PRODUCAO_2026\01_BOLETINS_DIARIOS\03_AUDIOS_RADIO\02 - FEV - 26\26 02 - QUI
FEVEREIRO,NJUD N/A,BOLETIM_RADIO_TJRN_26_02_2026_B2_TJRN_MANTIDA_SENTENCA_APLICADA__RESTORED.mp3,26_02_2026,TJRN_MANTIDA_SENTENCA_APLICADA__RESTORED,,TJRN,NAO,H:\Meu Drive\RADIO TJRN CONTEÚDO\00_PRODUCAO_2026\01_BOLETINS_DIARIOS\03_AUDIOS_RADIO\02 - FEV - 26\26 02 - QUI
FEVEREIRO,NJUD N/A,BOLETIM_RADIO_TJRN_26_02_2026_B2_TJRN_MANTIDA_SENTENCA_APLICADA__v2.mp3,26_02_2026,TJRN_MANTIDA_SENTENCA_APLICADA__v2,,TJRN,NAO,H:\Meu Drive\RADIO TJRN CONTEÚDO\00_PRODUCAO_2026\01_BOLETINS_DIARIOS\03_AUDIOS_RADIO\02 - FEV - 26\26 02 - QUI
FEVEREIRO,NJUD N/A,BOLETIM_RADIO_TJRN_26_02_2026_B3_TJRN_REDE_SOCIAL_DEVE_EXCLUIR.mp3,26_02_2026,TJRN_REDE_SOCIAL_DEVE_EXCLUIR,,TJRN,NAO,H:\Meu Drive\RADIO TJRN CONTEÚDO\00_PRODUCAO_2026\01_BOLETINS_DIARIOS\03_AUDIOS_RADIO\02 - FEV - 26\26 02 - QUI
FEVEREIRO,NJUD N/A,BOLETIM_RADIO_TJRN_26_02_2026_B3_TJRN_REDE_SOCIAL_DEVE_EXCLUIR_1782542965.mp3,26_02_2026,TJRN_REDE_SOCIAL_DEVE_EXCLUIR_1782542965,,TJRN,NAO,H:\Meu Drive\RADIO TJRN CONTEÚDO\00_PRODUCAO_2026\01_BOLETINS_DIARIOS\03_AUDIOS_RADIO\02 - FEV - 26\26 02 - QUI
FEVEREIRO,NJUD N/A,BOLETIM_RADIO_TJRN_26_02_2026_B3_TJRN_REDE_SOCIAL_DEVE_EXCLUIR_RESTORED.mp3,26_02_2026,TJRN_REDE_SOCIAL_DEVE_EXCLUIR_RESTORED,,TJRN,NAO,H:\Meu Drive\RADIO TJRN CONTEÚDO\00_PRODUCAO_2026\01_BOLETINS_DIARIOS\03_AUDIOS_RADIO\02 - FEV - 26\26 02 - QUI
FEVEREIRO,NJUD N/A,BOLETIM_RADIO_TJRN_26_02_2026_B3_TJRN_REDE_SOCIAL_DEVE_EXCLUIR_v2.mp3,26_02_2026,TJRN_REDE_SOCIAL_DEVE_EXCLUIR_v2,,TJRN,NAO,H:\Meu Drive\RADIO TJRN CONTEÚDO\00_PRODUCAO_2026\01_BOLETINS_DIARIOS\03_AUDIOS_RADIO\02 - FEV - 26\26 02 - QUI
FEVEREIRO,NJUD N/A,BOLETIM_RADIO_TJRN_26_02_2026_B4_TJRN_PEDIDO_PENSAO_PROVISORIA_.mp3,26_02_2026,TJRN_PEDIDO_PENSAO_PROVISORIA,,TJRN,NAO,H:\Meu Drive\RADIO TJRN CONTEÚDO\00_PRODUCAO_2026\01_BOLETINS_DIARIOS\03_AUDIOS_RADIO\02 - FEV - 26\26 02 - QUI
FEVEREIRO,NJUD N/A,BOLETIM_RADIO_TJRN_26_02_2026_B4_TJRN_PEDIDO_PENSAO_PROVISORIA__1782542965.mp3,26_02_2026,TJRN_PEDIDO_PENSAO_PROVISORIA__1782542965,,TJRN,NAO,H:\Meu Drive\RADIO TJRN CONTEÚDO\00_PRODUCAO_2026\01_BOLETINS_DIARIOS\03_AUDIOS_RADIO\02 - FEV - 26\26 02 - QUI
FEVEREIRO,NJUD N/A,BOLETIM_RADIO_TJRN_26_02_2026_B4_TJRN_PEDIDO_PENSAO_PROVISORIA__RESTORED.mp3,26_02_2026,TJRN_PEDIDO_PENSAO_PROVISORIA__RESTORED,,TJRN,NAO,H:\Meu Drive\RADIO TJRN CONTEÚDO\00_PRODUCAO_2026\01_BOLETINS_DIARIOS\03_AUDIOS_RADIO\02 - FEV - 26\26 02 - QUI
FEVEREIRO,NJUD N/A,BOLETIM_RADIO_TJRN_26_02_2026_B4_TJRN_PEDIDO_PENSAO_PROVISORIA__v2.mp3,26_02_2026,TJRN_PEDIDO_PENSAO_PROVISORIA__v2,,TJRN,NAO,H:\Meu Drive\RADIO TJRN CONTEÚDO\00_PRODUCAO_2026\01_BOLETINS_DIARIOS\03_AUDIOS_RADIO\02 - FEV - 26\26 02 - QUI
FEVEREIRO,NJUD N/A,BOLETIM_RADIO_TJRN_26_02_2026_B5_DANOS_MORAIS_VENDA_VEICULO.mp3,26_02_2026,DANOS_MORAIS_VENDA_VEICULO,,TJRN,NAO,H:\Meu Drive\RADIO TJRN CONTEÚDO\00_PRODUCAO_2026\01_BOLETINS_DIARIOS\03_AUDIOS_RADIO\02 - FEV - 26\26 02 - QUI
FEVEREIRO,NJUD N/A,BOLETIM_RADIO_TJRN_26_02_2026_B5_DANOS_MORAIS_VENDA_VEICULO_1782542965.mp3,26_02_2026,DANOS_MORAIS_VENDA_VEICULO_1782542965,,TJRN,NAO,H:\Meu Drive\RADIO TJRN CONTEÚDO\00_PRODUCAO_2026\01_BOLETINS_DIARIOS\03_AUDIOS_RADIO\02 - FEV - 26\26 02 - QUI
FEVEREIRO,NJUD N/A,BOLETIM_RADIO_TJRN_26_02_2026_B5_DANOS_MORAIS_VENDA_VEICULO_RESTORED.mp3,26_02_2026,DANOS_MORAIS_VENDA_VEICULO_RESTORED,,TJRN,NAO,H:\Meu Drive\RADIO TJRN CONTEÚDO\00_PRODUCAO_2026\01_BOLETINS_DIARIOS\03_AUDIOS_RADIO\02 - FEV - 26\26 02 - QUI
FEVEREIRO,NJUD N/A,BOLETIM_RADIO_TJRN_26_02_2026_B5_DANOS_MORAIS_VENDA_VEICULO_v2.mp3,26_02_2026,DANOS_MORAIS_VENDA_VEICULO_v2,,TJRN,NAO,H:\Meu Drive\RADIO TJRN CONTEÚDO\00_PRODUCAO_2026\01_BOLETINS_DIARIOS\03_AUDIOS_RADIO\02 - FEV - 26\26 02 - QUI
FEVEREIRO,NJUD N/A,BOLETIM_RADIO_TJRN_26_02_2026_B6_SESSAO_HIBRIDA_CRIMINAL_2_03.mp3,26_02_2026,SESSAO_HIBRIDA_CRIMINAL_2_03,,TJRN,NAO,H:\Meu Drive\RADIO TJRN CONTEÚDO\00_PRODUCAO_2026\01_BOLETINS_DIARIOS\03_AUDIOS_RADIO\02 - FEV - 26\26 02 - QUI
FEVEREIRO,NJUD N/A,BOLETIM_RADIO_TJRN_26_02_2026_B6_SESSAO_HIBRIDA_CRIMINAL_2_03_1782542965.mp3,26_02_2026,SESSAO_HIBRIDA_CRIMINAL_2_03_1782542965,,TJRN,NAO,H:\Meu Drive\RADIO TJRN CONTEÚDO\00_PRODUCAO_2026\01_BOLETINS_DIARIOS\03_AUDIOS_RADIO\02 - FEV - 26\26 02 - QUI
FEVEREIRO,NJUD N/A,BOLETIM_RADIO_TJRN_26_02_2026_B6_SESSAO_HIBRIDA_CRIMINAL_2_03_RESTORED.mp3,26_02_2026,SESSAO_HIBRIDA_CRIMINAL_2_03_RESTORED,,TJRN,NAO,H:\Meu Drive\RADIO TJRN CONTEÚDO\00_PRODUCAO_2026\01_BOLETINS_DIARIOS\03_AUDIOS_RADIO\02 - FEV - 26\26 02 - QUI
FEVEREIRO,NJUD N/A,BOLETIM_RADIO_TJRN_26_02_2026_B6_SESSAO_HIBRIDA_CRIMINAL_2_03_v2.mp3,26_02_2026,SESSAO_HIBRIDA_CRIMINAL_2_03_v2,,TJRN,NAO,H:\Meu Drive\RADIO TJRN CONTEÚDO\00_PRODUCAO_2026\01_BOLETINS_DIARIOS\03_AUDIOS_RADIO\02 - FEV - 26\26 02 - QUI
FEVEREIRO,NJUD N/A,BOLETIM_RADIO_TJRN_26_02_2026_B7_MEDIDA_PROTETIVA_RELACAO_HOMOAFETIVA.mp3,26_02_2026,MEDIDA_PROTETIVA_RELACAO_HOMOAFETIVA,,TJRN,NAO,H:\Meu Drive\RADIO TJRN CONTEÚDO\00_PRODUCAO_2026\01_BOLETINS_DIARIOS\03_AUDIOS_RADIO\02 - FEV - 26\26 02 - QUI
FEVEREIRO,NJUD N/A,BOLETIM_RADIO_TJRN_26_02_2026_B7_MEDIDA_PROTETIVA_RELACAO_HOMOAFETIVA_1782542965.mp3,26_02_2026,MEDIDA_PROTETIVA_RELACAO_HOMOAFETIVA_1782542965,,TJRN,NAO,H:\Meu Drive\RADIO TJRN CONTEÚDO\00_PRODUCAO_2026\01_BOLETINS_DIARIOS\03_AUDIOS_RADIO\02 - FEV - 26\26 02 - QUI
FEVEREIRO,NJUD N/A,BOLETIM_RADIO_TJRN_26_02_2026_B7_MEDIDA_PROTETIVA_RELACAO_HOMOAFETIVA_RESTORED.mp3,26_02_2026,MEDIDA_PROTETIVA_RELACAO_HOMOAFETIVA_RESTORED,,TJRN,NAO,H:\Meu Drive\RADIO TJRN CONTEÚDO\00_PRODUCAO_2026\01_BOLETINS_DIARIOS\03_AUDIOS_RADIO\02 - FEV - 26\26 02 - QUI
FEVEREIRO,NJUD N/A,BOLETIM_RADIO_TJRN_26_02_2026_B7_MEDIDA_PROTETIVA_RELACAO_HOMOAFETIVA_v2.mp3,26_02_2026,MEDIDA_PROTETIVA_RELACAO_HOMOAFETIVA_v2,,TJRN,NAO,H:\Meu Drive\RADIO TJRN CONTEÚDO\00_PRODUCAO_2026\01_BOLETINS_DIARIOS\03_AUDIOS_RADIO\02 - FEV - 26\26 02 - QUI
FEVEREIRO,NJUD N/A,BOLETIM_RADIO_TJRN_26_02_2026_B8_CARTILHA_JULGAMENTO_PERSPECTIVA_DE_GENERO.mp3,26_02_2026,CARTILHA_JULGAMENTO_PERSPECTIVA_DE_GENERO,,TJRN,NAO,H:\Meu Drive\RADIO TJRN CONTEÚDO\00_PRODUCAO_2026\01_BOLETINS_DIARIOS\03_AUDIOS_RADIO\02 - FEV - 26\26 02 - QUI
FEVEREIRO,NJUD N/A,BOLETIM_RADIO_TJRN_26_02_2026_B8_CARTILHA_JULGAMENTO_PERSPECTIVA_DE_GENERO_1782542965.mp3,26_02_2026,CARTILHA_JULGAMENTO_PERSPECTIVA_DE_GENERO_1782542965,,TJRN,NAO,H:\Meu Drive\RADIO TJRN CONTEÚDO\00_PRODUCAO_2026\01_BOLETINS_DIARIOS\03_AUDIOS_RADIO\02 - FEV - 26\26 02 - QUI
FEVEREIRO,NJUD N/A,BOLETIM_RADIO_TJRN_26_02_2026_B8_CARTILHA_JULGAMENTO_PERSPECTIVA_DE_GENERO_RESTORED.mp3,26_02_2026,CARTILHA_JULGAMENTO_PERSPECTIVA_DE_GENERO_RESTORED,,TJRN,NAO,H:\Meu Drive\RADIO TJRN CONTEÚDO\00_PRODUCAO_2026\01_BOLETINS_DIARIOS\03_AUDIOS_RADIO\02 - FEV - 26\26 02 - QUI
FEVEREIRO,NJUD N/A,BOLETIM_RADIO_TJRN_26_02_2026_B8_CARTILHA_JULGAMENTO_PERSPECTIVA_DE_GENERO_v2.mp3,26_02_2026,CARTILHA_JULGAMENTO_PERSPECTIVA_DE_GENERO_v2,,TJRN,NAO,H:\Meu Drive\RADIO TJRN CONTEÚDO\00_PRODUCAO_2026\01_BOLETINS_DIARIOS\03_AUDIOS_RADIO\02 - FEV - 26\26 02 - QUI
FEVEREIRO,NJUD N/A,BOLETIM_RADIO_TJRN_26_02_2026_B9_MEDICAMENTO_ANEMIA_FALCIFORME.mp3,26_02_2026,MEDICAMENTO_ANEMIA_FALCIFORME,,TJRN,NAO,H:\Meu Drive\RADIO TJRN CONTEÚDO\00_PRODUCAO_2026\01_BOLETINS_DIARIOS\03_AUDIOS_RADIO\02 - FEV - 26\26 02 - QUI
FEVEREIRO,NJUD N/A,BOLETIM_RADIO_TJRN_26_02_2026_B9_MEDICAMENTO_ANEMIA_FALCIFORME_1782542965.mp3,26_02_2026,MEDICAMENTO_ANEMIA_FALCIFORME_1782542965,,TJRN,NAO,H:\Meu Drive\RADIO TJRN CONTEÚDO\00_PRODUCAO_2026\01_BOLETINS_DIARIOS\03_AUDIOS_RADIO\02 - FEV - 26\26 02 - QUI
FEVEREIRO,NJUD N/A,BOLETIM_RADIO_TJRN_26_02_2026_B9_MEDICAMENTO_ANEMIA_FALCIFORME_RESTORED.mp3,26_02_2026,MEDICAMENTO_ANEMIA_FALCIFORME_RESTORED,,TJRN,NAO,H:\Meu Drive\RADIO TJRN CONTEÚDO\00_PRODUCAO_2026\01_BOLETINS_DIARIOS\03_AUDIOS_RADIO\02 - FEV - 26\26 02 - QUI
FEVEREIRO,NJUD N/A,BOLETIM_RADIO_TJRN_26_02_2026_B9_MEDICAMENTO_ANEMIA_FALCIFORME_v2.mp3,26_02_2026,MEDICAMENTO_ANEMIA_FALCIFORME_v2,,TJRN,NAO,H:\Meu Drive\RADIO TJRN CONTEÚDO\00_PRODUCAO_2026\01_BOLETINS_DIARIOS\03_AUDIOS_RADIO\02 - FEV - 26\26 02 - QUI
FEVEREIRO,NJUD N/A,BOLETIM_RADIO_TJRN_27_02_2026_B10_ESMARN_NOVO_SITE.mp3,27_02_2026,ESMARN_NOVO_SITE,,TJRN,NAO,H:\Meu Drive\RADIO TJRN CONTEÚDO\00_PRODUCAO_2026\01_BOLETINS_DIARIOS\03_AUDIOS_RADIO\02 - FEV - 26\27 02 - SEX
FEVEREIRO,NJUD N/A,BOLETIM_RADIO_TJRN_27_02_2026_B10_ESMARN_NOVO_SITE_1782542965.mp3,27_02_2026,ESMARN_NOVO_SITE_1782542965,,TJRN,NAO,H:\Meu Drive\RADIO TJRN CONTEÚDO\00_PRODUCAO_2026\01_BOLETINS_DIARIOS\03_AUDIOS_RADIO\02 - FEV - 26\27 02 - SEX
FEVEREIRO,NJUD N/A,BOLETIM_RADIO_TJRN_27_02_2026_B10_ESMARN_NOVO_SITE_RESTORED.mp3,27_02_2026,ESMARN_NOVO_SITE_RESTORED,,TJRN,NAO,H:\Meu Drive\RADIO TJRN CONTEÚDO\00_PRODUCAO_2026\01_BOLETINS_DIARIOS\03_AUDIOS_RADIO\02 - FEV - 26\27 02 - SEX
FEVEREIRO,NJUD N/A,BOLETIM_RADIO_TJRN_27_02_2026_B10_ESMARN_NOVO_SITE_v2.mp3,27_02_2026,ESMARN_NOVO_SITE_v2,,TJRN,NAO,H:\Meu Drive\RADIO TJRN CONTEÚDO\00_PRODUCAO_2026\01_BOLETINS_DIARIOS\03_AUDIOS_RADIO\02 - FEV - 26\27 02 - SEX
FEVEREIRO,NJUD N/A,BOLETIM_RADIO_TJRN_27_02_2026_B1_HOMICIDIO_DIVIDA_JURI.mp3,27_02_2026,HOMICIDIO_DIVIDA_JURI,,TJRN,NAO,H:\Meu Drive\RADIO TJRN CONTEÚDO\00_PRODUCAO_2026\01_BOLETINS_DIARIOS\03_AUDIOS_RADIO\02 - FEV - 26\27 02 - SEX
FEVEREIRO,NJUD N/A,BOLETIM_RADIO_TJRN_27_02_2026_B1_HOMICIDIO_DIVIDA_JURI_1782542965.mp3,27_02_2026,HOMICIDIO_DIVIDA_JURI_1782542965,,TJRN,NAO,H:\Meu Drive\RADIO TJRN CONTEÚDO\00_PRODUCAO_2026\01_BOLETINS_DIARIOS\03_AUDIOS_RADIO\02 - FEV - 26\27 02 - SEX
FEVEREIRO,NJUD N/A,BOLETIM_RADIO_TJRN_27_02_2026_B1_HOMICIDIO_DIVIDA_JURI_RESTORED.mp3,27_02_2026,HOMICIDIO_DIVIDA_JURI_RESTORED,,TJRN,NAO,H:\Meu Drive\RADIO TJRN CONTEÚDO\00_PRODUCAO_2026\01_BOLETINS_DIARIOS\03_AUDIOS_RADIO\02 - FEV - 26\27 02 - SEX
FEVEREIRO,NJUD N/A,BOLETIM_RADIO_TJRN_27_02_2026_B1_HOMICIDIO_DIVIDA_JURI_v2.mp3,27_02_2026,HOMICIDIO_DIVIDA_JURI_v2,,TJRN,NAO,H:\Meu Drive\RADIO TJRN CONTEÚDO\00_PRODUCAO_2026\01_BOLETINS_DIARIOS\03_AUDIOS_RADIO\02 - FEV - 26\27 02 - SEX
FEVEREIRO,NJUD N/A,BOLETIM_RADIO_TJRN_27_02_2026_B2_IMPROBIDADE_CONTRATO_IGREJA.mp3,27_02_2026,IMPROBIDADE_CONTRATO_IGREJA,,TJRN,NAO,H:\Meu Drive\RADIO TJRN CONTEÚDO\00_PRODUCAO_2026\01_BOLETINS_DIARIOS\03_AUDIOS_RADIO\02 - FEV - 26\27 02 - SEX
FEVEREIRO,NJUD N/A,BOLETIM_RADIO_TJRN_27_02_2026_B2_IMPROBIDADE_CONTRATO_IGREJA_1782542965.mp3,27_02_2026,IMPROBIDADE_CONTRATO_IGREJA_1782542965,,TJRN,NAO,H:\Meu Drive\RADIO TJRN CONTEÚDO\00_PRODUCAO_2026\01_BOLETINS_DIARIOS\03_AUDIOS_RADIO\02 - FEV - 26\27 02 - SEX
FEVEREIRO,NJUD N/A,BOLETIM_RADIO_TJRN_27_02_2026_B2_IMPROBIDADE_CONTRATO_IGREJA_RESTORED.mp3,27_02_2026,IMPROBIDADE_CONTRATO_IGREJA_RESTORED,,TJRN,NAO,H:\Meu Drive\RADIO TJRN CONTEÚDO\00_PRODUCAO_2026\01_BOLETINS_DIARIOS\03_AUDIOS_RADIO\02 - FEV - 26\27 02 - SEX
FEVEREIRO,NJUD N/A,BOLETIM_RADIO_TJRN_27_02_2026_B2_IMPROBIDADE_CONTRATO_IGREJA_v2.mp3,27_02_2026,IMPROBIDADE_CONTRATO_IGREJA_v2,,TJRN,NAO,H:\Meu Drive\RADIO TJRN CONTEÚDO\00_PRODUCAO_2026\01_BOLETINS_DIARIOS\03_AUDIOS_RADIO\02 - FEV - 26\27 02 - SEX
FEVEREIRO,NJUD N/A,BOLETIM_RADIO_TJRN_27_02_2026_B3_JURI_HOMICIDIO_TRANSITO.mp3,27_02_2026,JURI_HOMICIDIO_TRANSITO,,TJRN,NAO,H:\Meu Drive\RADIO TJRN CONTEÚDO\00_PRODUCAO_2026\01_BOLETINS_DIARIOS\03_AUDIOS_RADIO\02 - FEV - 26\27 02 - SEX
FEVEREIRO,NJUD N/A,BOLETIM_RADIO_TJRN_27_02_2026_B3_JURI_HOMICIDIO_TRANSITO_1782542965.mp3,27_02_2026,JURI_HOMICIDIO_TRANSITO_1782542965,,TJRN,NAO,H:\Meu Drive\RADIO TJRN CONTEÚDO\00_PRODUCAO_2026\01_BOLETINS_DIARIOS\03_AUDIOS_RADIO\02 - FEV - 26\27 02 - SEX
FEVEREIRO,NJUD N/A,BOLETIM_RADIO_TJRN_27_02_2026_B3_JURI_HOMICIDIO_TRANSITO_RESTORED.mp3,27_02_2026,JURI_HOMICIDIO_TRANSITO_RESTORED,,TJRN,NAO,H:\Meu Drive\RADIO TJRN CONTEÚDO\00_PRODUCAO_2026\01_BOLETINS_DIARIOS\03_AUDIOS_RADIO\02 - FEV - 26\27 02 - SEX
FEVEREIRO,NJUD N/A,BOLETIM_RADIO_TJRN_27_02_2026_B3_JURI_HOMICIDIO_TRANSITO_v2.mp3,27_02_2026,JURI_HOMICIDIO_TRANSITO_v2,,TJRN,NAO,H:\Meu Drive\RADIO TJRN CONTEÚDO\00_PRODUCAO_2026\01_BOLETINS_DIARIOS\03_AUDIOS_RADIO\02 - FEV - 26\27 02 - SEX
FEVEREIRO,NJUD N/A,BOLETIM_RADIO_TJRN_27_02_2026_B4_JUSTICA_REABRE_PREGAO_ELETRONICO_NATAL.mp3,27_02_2026,JUSTICA_REABRE_PREGAO_ELETRONICO_NATAL,,TJRN,NAO,H:\Meu Drive\RADIO TJRN CONTEÚDO\00_PRODUCAO_2026\01_BOLETINS_DIARIOS\03_AUDIOS_RADIO\02 - FEV - 26\27 02 - SEX
FEVEREIRO,NJUD N/A,BOLETIM_RADIO_TJRN_27_02_2026_B4_JUSTICA_REABRE_PREGAO_ELETRONICO_NATAL_1782542965.mp3,27_02_2026,JUSTICA_REABRE_PREGAO_ELETRONICO_NATAL_1782542965,,TJRN,NAO,H:\Meu Drive\RADIO TJRN CONTEÚDO\00_PRODUCAO_2026\01_BOLETINS_DIARIOS\03_AUDIOS_RADIO\02 - FEV - 26\27 02 - SEX
FEVEREIRO,NJUD N/A,BOLETIM_RADIO_TJRN_27_02_2026_B4_JUSTICA_REABRE_PREGAO_ELETRONICO_NATAL_RESTORED.mp3,27_02_2026,JUSTICA_REABRE_PREGAO_ELETRONICO_NATAL_RESTORED,,TJRN,NAO,H:\Meu Drive\RADIO TJRN CONTEÚDO\00_PRODUCAO_2026\01_BOLETINS_DIARIOS\03_AUDIOS_RADIO\02 - FEV - 26\27 02 - SEX
FEVEREIRO,NJUD N/A,BOLETIM_RADIO_TJRN_27_02_2026_B4_JUSTICA_REABRE_PREGAO_ELETRONICO_NATAL_v2.mp3,27_02_2026,JUSTICA_REABRE_PREGAO_ELETRONICO_NATAL_v2,,TJRN,NAO,H:\Meu Drive\RADIO TJRN CONTEÚDO\00_PRODUCAO_2026\01_BOLETINS_DIARIOS\03_AUDIOS_RADIO\02 - FEV - 26\27 02 - SEX
FEVEREIRO,NJUD N/A,BOLETIM_RADIO_TJRN_27_02_2026_B5_PERFIL_DE_VENDAS_DEVE_SER_REATIVADO.mp3,27_02_2026,PERFIL_DE_VENDAS_DEVE_SER_REATIVADO,,TJRN,NAO,H:\Meu Drive\RADIO TJRN CONTEÚDO\00_PRODUCAO_2026\01_BOLETINS_DIARIOS\03_AUDIOS_RADIO\02 - FEV - 26\27 02 - SEX
FEVEREIRO,NJUD N/A,BOLETIM_RADIO_TJRN_27_02_2026_B5_PERFIL_DE_VENDAS_DEVE_SER_REATIVADO_1782542965.mp3,27_02_2026,PERFIL_DE_VENDAS_DEVE_SER_REATIVADO_1782542965,,TJRN,NAO,H:\Meu Drive\RADIO TJRN CONTEÚDO\00_PRODUCAO_2026\01_BOLETINS_DIARIOS\03_AUDIOS_RADIO\02 - FEV - 26\27 02 - SEX
FEVEREIRO,NJUD N/A,BOLETIM_RADIO_TJRN_27_02_2026_B5_PERFIL_DE_VENDAS_DEVE_SER_REATIVADO_RESTORED.mp3,27_02_2026,PERFIL_DE_VENDAS_DEVE_SER_REATIVADO_RESTORED,,TJRN,NAO,H:\Meu Drive\RADIO TJRN CONTEÚDO\00_PRODUCAO_2026\01_BOLETINS_DIARIOS\03_AUDIOS_RADIO\02 - FEV - 26\27 02 - SEX
FEVEREIRO,NJUD N/A,BOLETIM_RADIO_TJRN_27_02_2026_B5_PERFIL_DE_VENDAS_DEVE_SER_REATIVADO_v2.mp3,27_02_2026,PERFIL_DE_VENDAS_DEVE_SER_REATIVADO_v2,,TJRN,NAO,H:\Meu Drive\RADIO TJRN CONTEÚDO\00_PRODUCAO_2026\01_BOLETINS_DIARIOS\03_AUDIOS_RADIO\02 - FEV - 26\27 02 - SEX
FEVEREIRO,NJUD N/A,BOLETIM_RADIO_TJRN_27_02_2026_B6_ABERTURA_ESTAGIO_20_NATAL.mp3,27_02_2026,ABERTURA_ESTAGIO_20_NATAL,,TJRN,NAO,H:\Meu Drive\RADIO TJRN CONTEÚDO\00_PRODUCAO_2026\01_BOLETINS_DIARIOS\03_AUDIOS_RADIO\02 - FEV - 26\27 02 - SEX
FEVEREIRO,NJUD N/A,BOLETIM_RADIO_TJRN_27_02_2026_B6_ABERTURA_ESTAGIO_20_NATAL_1782542965.mp3,27_02_2026,ABERTURA_ESTAGIO_20_NATAL_1782542965,,TJRN,NAO,H:\Meu Drive\RADIO TJRN CONTEÚDO\00_PRODUCAO_2026\01_BOLETINS_DIARIOS\03_AUDIOS_RADIO\02 - FEV - 26\27 02 - SEX
FEVEREIRO,NJUD N/A,BOLETIM_RADIO_TJRN_27_02_2026_B6_ABERTURA_ESTAGIO_20_NATAL_RESTORED.mp3,27_02_2026,ABERTURA_ESTAGIO_20_NATAL_RESTORED,,TJRN,NAO,H:\Meu Drive\RADIO TJRN CONTEÚDO\00_PRODUCAO_2026\01_BOLETINS_DIARIOS\03_AUDIOS_RADIO\02 - FEV - 26\27 02 - SEX
FEVEREIRO,NJUD N/A,BOLETIM_RADIO_TJRN_27_02_2026_B6_ABERTURA_ESTAGIO_20_NATAL_v2.mp3,27_02_2026,ABERTURA_ESTAGIO_20_NATAL_v2,,TJRN,NAO,H:\Meu Drive\RADIO TJRN CONTEÚDO\00_PRODUCAO_2026\01_BOLETINS_DIARIOS\03_AUDIOS_RADIO\02 - FEV - 26\27 02 - SEX
FEVEREIRO,NJUD N/A,BOLETIM_RADIO_TJRN_27_02_2026_B7_ABERTURA_ESTAGIO_CURRAIS_NOVOS.mp3,27_02_2026,ABERTURA_ESTAGIO_CURRAIS_NOVOS,,TJRN,NAO,H:\Meu Drive\RADIO TJRN CONTEÚDO\00_PRODUCAO_2026\01_BOLETINS_DIARIOS\03_AUDIOS_RADIO\02 - FEV - 26\27 02 - SEX
FEVEREIRO,NJUD N/A,BOLETIM_RADIO_TJRN_27_02_2026_B7_ABERTURA_ESTAGIO_CURRAIS_NOVOS_1782542965.mp3,27_02_2026,ABERTURA_ESTAGIO_CURRAIS_NOVOS_1782542965,,TJRN,NAO,H:\Meu Drive\RADIO TJRN CONTEÚDO\00_PRODUCAO_2026\01_BOLETINS_DIARIOS\03_AUDIOS_RADIO\02 - FEV - 26\27 02 - SEX
FEVEREIRO,NJUD N/A,BOLETIM_RADIO_TJRN_27_02_2026_B7_ABERTURA_ESTAGIO_CURRAIS_NOVOS_RESTORED.mp3,27_02_2026,ABERTURA_ESTAGIO_CURRAIS_NOVOS_RESTORED,,TJRN,NAO,H:\Meu Drive\RADIO TJRN CONTEÚDO\00_PRODUCAO_2026\01_BOLETINS_DIARIOS\03_AUDIOS_RADIO\02 - FEV - 26\27 02 - SEX
FEVEREIRO,NJUD N/A,BOLETIM_RADIO_TJRN_27_02_2026_B7_ABERTURA_ESTAGIO_CURRAIS_NOVOS_v2.mp3,27_02_2026,ABERTURA_ESTAGIO_CURRAIS_NOVOS_v2,,TJRN,NAO,H:\Meu Drive\RADIO TJRN CONTEÚDO\00_PRODUCAO_2026\01_BOLETINS_DIARIOS\03_AUDIOS_RADIO\02 - FEV - 26\27 02 - SEX
FEVEREIRO,NJUD N/A,BOLETIM_RADIO_TJRN_27_02_2026_B8_MPRN_OPERACAO_CENTRO_TERAPEUTICO_.mp3,27_02_2026,MPRN_OPERACAO_CENTRO_TERAPEUTICO,,TJRN,NAO,H:\Meu Drive\RADIO TJRN CONTEÚDO\00_PRODUCAO_2026\01_BOLETINS_DIARIOS\03_AUDIOS_RADIO\02 - FEV - 26\27 02 - SEX
FEVEREIRO,NJUD N/A,BOLETIM_RADIO_TJRN_27_02_2026_B8_MPRN_OPERACAO_CENTRO_TERAPEUTICO__1782542965.mp3,27_02_2026,MPRN_OPERACAO_CENTRO_TERAPEUTICO__1782542965,,TJRN,NAO,H:\Meu Drive\RADIO TJRN CONTEÚDO\00_PRODUCAO_2026\01_BOLETINS_DIARIOS\03_AUDIOS_RADIO\02 - FEV - 26\27 02 - SEX
FEVEREIRO,NJUD N/A,BOLETIM_RADIO_TJRN_27_02_2026_B8_MPRN_OPERACAO_CENTRO_TERAPEUTICO__RESTORED.mp3,27_02_2026,MPRN_OPERACAO_CENTRO_TERAPEUTICO__RESTORED,,TJRN,NAO,H:\Meu Drive\RADIO TJRN CONTEÚDO\00_PRODUCAO_2026\01_BOLETINS_DIARIOS\03_AUDIOS_RADIO\02 - FEV - 26\27 02 - SEX
FEVEREIRO,NJUD N/A,BOLETIM_RADIO_TJRN_27_02_2026_B8_MPRN_OPERACAO_CENTRO_TERAPEUTICO__v2.mp3,27_02_2026,MPRN_OPERACAO_CENTRO_TERAPEUTICO__v2,,TJRN,NAO,H:\Meu Drive\RADIO TJRN CONTEÚDO\00_PRODUCAO_2026\01_BOLETINS_DIARIOS\03_AUDIOS_RADIO\02 - FEV - 26\27 02 - SEX
FEVEREIRO,NJUD N/A,BOLETIM_RADIO_TJRN_27_02_2026_B9_TRTRN_TRIBUNAIS_CONVENIO_.mp3,27_02_2026,TRTRN_TRIBUNAIS_CONVENIO,,TJRN,NAO,H:\Meu Drive\RADIO TJRN CONTEÚDO\00_PRODUCAO_2026\01_BOLETINS_DIARIOS\03_AUDIOS_RADIO\02 - FEV - 26\27 02 - SEX
FEVEREIRO,NJUD N/A,BOLETIM_RADIO_TJRN_27_02_2026_B9_TRTRN_TRIBUNAIS_CONVENIO__1782542965.mp3,27_02_2026,TRTRN_TRIBUNAIS_CONVENIO__1782542965,,TJRN,NAO,H:\Meu Drive\RADIO TJRN CONTEÚDO\00_PRODUCAO_2026\01_BOLETINS_DIARIOS\03_AUDIOS_RADIO\02 - FEV - 26\27 02 - SEX
FEVEREIRO,NJUD N/A,BOLETIM_RADIO_TJRN_27_02_2026_B9_TRTRN_TRIBUNAIS_CONVENIO__RESTORED.mp3,27_02_2026,TRTRN_TRIBUNAIS_CONVENIO__RESTORED,,TJRN,NAO,H:\Meu Drive\RADIO TJRN CONTEÚDO\00_PRODUCAO_2026\01_BOLETINS_DIARIOS\03_AUDIOS_RADIO\02 - FEV - 26\27 02 - SEX
FEVEREIRO,NJUD N/A,BOLETIM_RADIO_TJRN_27_02_2026_B9_TRTRN_TRIBUNAIS_CONVENIO__v2.mp3,27_02_2026,TRTRN_TRIBUNAIS_CONVENIO__v2,,TJRN,NAO,H:\Meu Drive\RADIO TJRN CONTEÚDO\00_PRODUCAO_2026\01_BOLETINS_DIARIOS\03_AUDIOS_RADIO\02 - FEV - 26\27 02 - SEX
FEVEREIRO,NJUD N/A,BOLETIM_RADIO_TJRN_23_02_2026_B10_CONDENACAO_FALSO_TERAPEUTA.mp3,23_02_2026,CONDENACAO_FALSO_TERAPEUTA,,TJRN,NAO,H:\Meu Drive\RADIO TJRN CONTEÚDO\00_PRODUCAO_2026\01_BOLETINS_DIARIOS\03_AUDIOS_RADIO\02 - FEV - 26
FEVEREIRO,NJUD N/A,BOLETIM_RADIO_TJRN_23_02_2026_B1_TJRN_LAUDO_MEDICO_ASSISTENTE.mp3,23_02_2026,TJRN_LAUDO_MEDICO_ASSISTENTE,,TJRN,NAO,H:\Meu Drive\RADIO TJRN CONTEÚDO\00_PRODUCAO_2026\01_BOLETINS_DIARIOS\03_AUDIOS_RADIO\02 - FEV - 26
FEVEREIRO,NJUD N/A,BOLETIM_RADIO_TJRN_23_02_2026_B2_TJRN_MULHER_CONDENADA_DETENCAO_.mp3,23_02_2026,TJRN_MULHER_CONDENADA_DETENCAO,,TJRN,NAO,H:\Meu Drive\RADIO TJRN CONTEÚDO\00_PRODUCAO_2026\01_BOLETINS_DIARIOS\03_AUDIOS_RADIO\02 - FEV - 26
FEVEREIRO,NJUD N/A,BOLETIM_RADIO_TJRN_23_02_2026_B3_TJRN_PLANO_SAUDE_CUSTEAR_TRATAMENTO.mp3,23_02_2026,TJRN_PLANO_SAUDE_CUSTEAR_TRATAMENTO,,TJRN,NAO,H:\Meu Drive\RADIO TJRN CONTEÚDO\00_PRODUCAO_2026\01_BOLETINS_DIARIOS\03_AUDIOS_RADIO\02 - FEV - 26
FEVEREIRO,NJUD N/A,BOLETIM_RADIO_TJRN_23_02_2026_B4_TJRN_SEMANA_MULHER_2026.mp3,23_02_2026,TJRN_SEMANA_MULHER_2026,,TJRN,NAO,H:\Meu Drive\RADIO TJRN CONTEÚDO\00_PRODUCAO_2026\01_BOLETINS_DIARIOS\03_AUDIOS_RADIO\02 - FEV - 26
FEVEREIRO,NJUD N/A,BOLETIM_RADIO_TJRN_23_02_2026_B5_ESTAGIO_CEJUSC_CURRAIS_NOVOS.mp3,23_02_2026,ESTAGIO_CEJUSC_CURRAIS_NOVOS,,TJRN,NAO,H:\Meu Drive\RADIO TJRN CONTEÚDO\00_PRODUCAO_2026\01_BOLETINS_DIARIOS\03_AUDIOS_RADIO\02 - FEV - 26
FEVEREIRO,NJUD N/A,BOLETIM_RADIO_TJRN_23_02_2026_B6_FORNECIMENTO_ENERGIA_ESCOLAS.mp3,23_02_2026,FORNECIMENTO_ENERGIA_ESCOLAS,,TJRN,NAO,H:\Meu Drive\RADIO TJRN CONTEÚDO\00_PRODUCAO_2026\01_BOLETINS_DIARIOS\03_AUDIOS_RADIO\02 - FEV - 26
FEVEREIRO,NJUD N/A,BOLETIM_RADIO_TJRN_23_02_2026_B7_DANOS_MORAIS_ATRASO_VOO.mp3,23_02_2026,DANOS_MORAIS_ATRASO_VOO,,TJRN,NAO,H:\Meu Drive\RADIO TJRN CONTEÚDO\00_PRODUCAO_2026\01_BOLETINS_DIARIOS\03_AUDIOS_RADIO\02 - FEV - 26
FEVEREIRO,NJUD N/A,BOLETIM_RADIO_TJRN_23_02_2026_B8_COSERN_DANOS_MORAIS.mp3,23_02_2026,COSERN_DANOS_MORAIS,,TJRN,NAO,H:\Meu Drive\RADIO TJRN CONTEÚDO\00_PRODUCAO_2026\01_BOLETINS_DIARIOS\03_AUDIOS_RADIO\02 - FEV - 26
FEVEREIRO,NJUD N/A,BOLETIM_RADIO_TJRN_23_02_2026_B9_INDENIZACAO_FALHAS_PANO_SAUDE.mp3,23_02_2026,INDENIZACAO_FALHAS_PANO_SAUDE,,TJRN,NAO,H:\Meu Drive\RADIO TJRN CONTEÚDO\00_PRODUCAO_2026\01_BOLETINS_DIARIOS\03_AUDIOS_RADIO\02 - FEV - 26
FEVEREIRO,NJUD N/A,BOLETIM_RADIO_TJRN_24_02_2026_B10_ESMARN_ATUALIZACAO_SITE.mp3,24_02_2026,ESMARN_ATUALIZACAO_SITE,,TJRN,NAO,H:\Meu Drive\RADIO TJRN CONTEÚDO\00_PRODUCAO_2026\01_BOLETINS_DIARIOS\03_AUDIOS_RADIO\02 - FEV - 26
FEVEREIRO,NJUD N/A,BOLETIM_RADIO_TJRN_24_02_2026_B1_TJRN_SAO_JOSE_PROCESSO_SELETIVO_.mp3,24_02_2026,TJRN_SAO_JOSE_PROCESSO_SELETIVO,,TJRN,NAO,H:\Meu Drive\RADIO TJRN CONTEÚDO\00_PRODUCAO_2026\01_BOLETINS_DIARIOS\03_AUDIOS_RADIO\02 - FEV - 26
FEVEREIRO,NJUD N/A,BOLETIM_RADIO_TJRN_24_02_2026_B2_TJRN_ACOLHE_APELO_MP_.mp3,24_02_2026,TJRN_ACOLHE_APELO_MP,,TJRN,NAO,H:\Meu Drive\RADIO TJRN CONTEÚDO\00_PRODUCAO_2026\01_BOLETINS_DIARIOS\03_AUDIOS_RADIO\02 - FEV - 26
FEVEREIRO,NJUD N/A,BOLETIM_RADIO_TJRN_24_02_2026_B3_TJRN_MANTEM_DECISAO_NOMEACAO_.mp3,24_02_2026,TJRN_MANTEM_DECISAO_NOMEACAO,,TJRN,NAO,H:\Meu Drive\RADIO TJRN CONTEÚDO\00_PRODUCAO_2026\01_BOLETINS_DIARIOS\03_AUDIOS_RADIO\02 - FEV - 26
FEVEREIRO,NJUD N/A,BOLETIM_RADIO_TJRN_24_02_2026_B4_TJRN_IMOBILIARIA_CONDENADA_.mp3,24_02_2026,TJRN_IMOBILIARIA_CONDENADA,,TJRN,NAO,H:\Meu Drive\RADIO TJRN CONTEÚDO\00_PRODUCAO_2026\01_BOLETINS_DIARIOS\03_AUDIOS_RADIO\02 - FEV - 26
FEVEREIRO,NJUD N/A,BOLETIM_RADIO_TJRN_24_02_2026_B5_TJRN_PARTICIPACAO_EMPRESA_SAUDE.mp3,24_02_2026,TJRN_PARTICIPACAO_EMPRESA_SAUDE,,TJRN,NAO,H:\Meu Drive\RADIO TJRN CONTEÚDO\00_PRODUCAO_2026\01_BOLETINS_DIARIOS\03_AUDIOS_RADIO\02 - FEV - 26
FEVEREIRO,NJUD N/A,BOLETIM_RADIO_TJRN_24_02_2026_B6_VARA_FAMILIA_ESTAGIO_.mp3,24_02_2026,VARA_FAMILIA_ESTAGIO,,TJRN,NAO,H:\Meu Drive\RADIO TJRN CONTEÚDO\00_PRODUCAO_2026\01_BOLETINS_DIARIOS\03_AUDIOS_RADIO\02 - FEV - 26
FEVEREIRO,NJUD N/A,BOLETIM_RADIO_TJRN_24_02_2026_B7_ESMARN_CURSO_PLANILHAS_ELETRONICAS_.mp3,24_02_2026,ESMARN_CURSO_PLANILHAS_ELETRONICAS,,TJRN,NAO,H:\Meu Drive\RADIO TJRN CONTEÚDO\00_PRODUCAO_2026\01_BOLETINS_DIARIOS\03_AUDIOS_RADIO\02 - FEV - 26
FEVEREIRO,NJUD N/A,BOLETIM_RADIO_TJRN_24_02_2026_B8_CNJ_PRAZO_ENVIO_CONTRIBUICOES.mp3,24_02_2026,CNJ_PRAZO_ENVIO_CONTRIBUICOES,,TJRN,NAO,H:\Meu Drive\RADIO TJRN CONTEÚDO\00_PRODUCAO_2026\01_BOLETINS_DIARIOS\03_AUDIOS_RADIO\02 - FEV - 26
FEVEREIRO,NJUD N/A,BOLETIM_RADIO_TJRN_24_02_2026_B9_MPRN_UFRN_SEMINARIO_POLITICAS_PUBLICAS_.mp3,24_02_2026,MPRN_UFRN_SEMINARIO_POLITICAS_PUBLICAS,,TJRN,NAO,H:\Meu Drive\RADIO TJRN CONTEÚDO\00_PRODUCAO_2026\01_BOLETINS_DIARIOS\03_AUDIOS_RADIO\02 - FEV - 26
FEVEREIRO,NJUD N/A,BOLETIM_RADIO_TJRN_26_02_2026_B10_INDENIZACAO_PATINETE_ELETRICO_.mp3,26_02_2026,INDENIZACAO_PATINETE_ELETRICO,,TJRN,NAO,H:\Meu Drive\RADIO TJRN CONTEÚDO\00_PRODUCAO_2026\01_BOLETINS_DIARIOS\03_AUDIOS_RADIO\02 - FEV - 26
FEVEREIRO,NJUD N/A,BOLETIM_RADIO_TJRN_26_02_2026_B1_TJRN_ESTADO_REALIZE_PROCEDIMENTO_MEDICO_.mp3,26_02_2026,TJRN_ESTADO_REALIZE_PROCEDIMENTO_MEDICO,,TJRN,NAO,H:\Meu Drive\RADIO TJRN CONTEÚDO\00_PRODUCAO_2026\01_BOLETINS_DIARIOS\03_AUDIOS_RADIO\02 - FEV - 26
FEVEREIRO,NJUD N/A,BOLETIM_RADIO_TJRN_26_02_2026_B2_TJRN_MANTIDA_SENTENCA_APLICADA_.mp3,26_02_2026,TJRN_MANTIDA_SENTENCA_APLICADA,,TJRN,NAO,H:\Meu Drive\RADIO TJRN CONTEÚDO\00_PRODUCAO_2026\01_BOLETINS_DIARIOS\03_AUDIOS_RADIO\02 - FEV - 26
FEVEREIRO,NJUD N/A,BOLETIM_RADIO_TJRN_26_02_2026_B3_TJRN_REDE_SOCIAL_DEVE_EXCLUIR.mp3,26_02_2026,TJRN_REDE_SOCIAL_DEVE_EXCLUIR,,TJRN,NAO,H:\Meu Drive\RADIO TJRN CONTEÚDO\00_PRODUCAO_2026\01_BOLETINS_DIARIOS\03_AUDIOS_RADIO\02 - FEV - 26
FEVEREIRO,NJUD N/A,BOLETIM_RADIO_TJRN_26_02_2026_B4_TJRN_PEDIDO_PENSAO_PROVISORIA_.mp3,26_02_2026,TJRN_PEDIDO_PENSAO_PROVISORIA,,TJRN,NAO,H:\Meu Drive\RADIO TJRN CONTEÚDO\00_PRODUCAO_2026\01_BOLETINS_DIARIOS\03_AUDIOS_RADIO\02 - FEV - 26
FEVEREIRO,NJUD N/A,BOLETIM_RADIO_TJRN_26_02_2026_B5_DANOS_MORAIS_VENDA_VEICULO.mp3,26_02_2026,DANOS_MORAIS_VENDA_VEICULO,,TJRN,NAO,H:\Meu Drive\RADIO TJRN CONTEÚDO\00_PRODUCAO_2026\01_BOLETINS_DIARIOS\03_AUDIOS_RADIO\02 - FEV - 26
FEVEREIRO,NJUD N/A,BOLETIM_RADIO_TJRN_26_02_2026_B6_SESSAO_HIBRIDA_CRIMINAL_2_03.mp3,26_02_2026,SESSAO_HIBRIDA_CRIMINAL_2_03,,TJRN,NAO,H:\Meu Drive\RADIO TJRN CONTEÚDO\00_PRODUCAO_2026\01_BOLETINS_DIARIOS\03_AUDIOS_RADIO\02 - FEV - 26
FEVEREIRO,NJUD N/A,BOLETIM_RADIO_TJRN_26_02_2026_B7_MEDIDA_PROTETIVA_RELACAO_HOMOAFETIVA.mp3,26_02_2026,MEDIDA_PROTETIVA_RELACAO_HOMOAFETIVA,,TJRN,NAO,H:\Meu Drive\RADIO TJRN CONTEÚDO\00_PRODUCAO_2026\01_BOLETINS_DIARIOS\03_AUDIOS_RADIO\02 - FEV - 26
FEVEREIRO,NJUD N/A,BOLETIM_RADIO_TJRN_26_02_2026_B8_CARTILHA_JULGAMENTO_PERSPECTIVA_DE_GENERO.mp3,26_02_2026,CARTILHA_JULGAMENTO_PERSPECTIVA_DE_GENERO,,TJRN,NAO,H:\Meu Drive\RADIO TJRN CONTEÚDO\00_PRODUCAO_2026\01_BOLETINS_DIARIOS\03_AUDIOS_RADIO\02 - FEV - 26
FEVEREIRO,NJUD N/A,BOLETIM_RADIO_TJRN_26_02_2026_B9_MEDICAMENTO_ANEMIA_FALCIFORME.mp3,26_02_2026,MEDICAMENTO_ANEMIA_FALCIFORME,,TJRN,NAO,H:\Meu Drive\RADIO TJRN CONTEÚDO\00_PRODUCAO_2026\01_BOLETINS_DIARIOS\03_AUDIOS_RADIO\02 - FEV - 26
FEVEREIRO,NJUD N/A,BOLETIM_RADIO_TJRN_27_02_2026_B10_ESMARN_NOVO_SITE.mp3,27_02_2026,ESMARN_NOVO_SITE,,TJRN,NAO,H:\Meu Drive\RADIO TJRN CONTEÚDO\00_PRODUCAO_2026\01_BOLETINS_DIARIOS\03_AUDIOS_RADIO\02 - FEV - 26
FEVEREIRO,NJUD N/A,BOLETIM_RADIO_TJRN_27_02_2026_B1_HOMICIDIO_DIVIDA_JURI.mp3,27_02_2026,HOMICIDIO_DIVIDA_JURI,,TJRN,NAO,H:\Meu Drive\RADIO TJRN CONTEÚDO\00_PRODUCAO_2026\01_BOLETINS_DIARIOS\03_AUDIOS_RADIO\02 - FEV - 26
FEVEREIRO,NJUD N/A,BOLETIM_RADIO_TJRN_27_02_2026_B2_IMPROBIDADE_CONTRATO_IGREJA.mp3,27_02_2026,IMPROBIDADE_CONTRATO_IGREJA,,TJRN,NAO,H:\Meu Drive\RADIO TJRN CONTEÚDO\00_PRODUCAO_2026\01_BOLETINS_DIARIOS\03_AUDIOS_RADIO\02 - FEV - 26
FEVEREIRO,NJUD N/A,BOLETIM_RADIO_TJRN_27_02_2026_B3_JURI_HOMICIDIO_TRANSITO.mp3,27_02_2026,JURI_HOMICIDIO_TRANSITO,,TJRN,NAO,H:\Meu Drive\RADIO TJRN CONTEÚDO\00_PRODUCAO_2026\01_BOLETINS_DIARIOS\03_AUDIOS_RADIO\02 - FEV - 26
FEVEREIRO,NJUD N/A,BOLETIM_RADIO_TJRN_27_02_2026_B4_JUSTICA_REABRE_PREGAO_ELETRONICO_NATAL.mp3,27_02_2026,JUSTICA_REABRE_PREGAO_ELETRONICO_NATAL,,TJRN,NAO,H:\Meu Drive\RADIO TJRN CONTEÚDO\00_PRODUCAO_2026\01_BOLETINS_DIARIOS\03_AUDIOS_RADIO\02 - FEV - 26
FEVEREIRO,NJUD N/A,BOLETIM_RADIO_TJRN_27_02_2026_B5_PERFIL_DE_VENDAS_DEVE_SER_REATIVADO.mp3,27_02_2026,PERFIL_DE_VENDAS_DEVE_SER_REATIVADO,,TJRN,NAO,H:\Meu Drive\RADIO TJRN CONTEÚDO\00_PRODUCAO_2026\01_BOLETINS_DIARIOS\03_AUDIOS_RADIO\02 - FEV - 26
FEVEREIRO,NJUD N/A,BOLETIM_RADIO_TJRN_27_02_2026_B6_ABERTURA_ESTAGIO_20_NATAL.mp3,27_02_2026,ABERTURA_ESTAGIO_20_NATAL,,TJRN,NAO,H:\Meu Drive\RADIO TJRN CONTEÚDO\00_PRODUCAO_2026\01_BOLETINS_DIARIOS\03_AUDIOS_RADIO\02 - FEV - 26
FEVEREIRO,NJUD N/A,BOLETIM_RADIO_TJRN_27_02_2026_B7_ABERTURA_ESTAGIO_CURRAIS_NOVOS.mp3,27_02_2026,ABERTURA_ESTAGIO_CURRAIS_NOVOS,,TJRN,NAO,H:\Meu Drive\RADIO TJRN CONTEÚDO\00_PRODUCAO_2026\01_BOLETINS_DIARIOS\03_AUDIOS_RADIO\02 - FEV - 26
FEVEREIRO,NJUD N/A,BOLETIM_RADIO_TJRN_27_02_2026_B8_MPRN_OPERACAO_CENTRO_TERAPEUTICO_.mp3,27_02_2026,MPRN_OPERACAO_CENTRO_TERAPEUTICO,,TJRN,NAO,H:\Meu Drive\RADIO TJRN CONTEÚDO\00_PRODUCAO_2026\01_BOLETINS_DIARIOS\03_AUDIOS_RADIO\02 - FEV - 26
FEVEREIRO,NJUD N/A,BOLETIM_RADIO_TJRN_27_02_2026_B9_TRTRN_TRIBUNAIS_CONVENIO_.mp3,27_02_2026,TRTRN_TRIBUNAIS_CONVENIO,,TJRN,NAO,H:\Meu Drive\RADIO TJRN CONTEÚDO\00_PRODUCAO_2026\01_BOLETINS_DIARIOS\03_AUDIOS_RADIO\02 - FEV - 26
MARÇO,NJUD N/A,BOLETIM_RADIO_TJRN_02_03_2026_B10_TJRN_PRIMEIRO_TECNOLOGIA_FOCO_2026.mp3,02_03_2026,TJRN_PRIMEIRO_TECNOLOGIA_FOCO_2026,,TJRN,NAO,H:\Meu Drive\RADIO TJRN CONTEÚDO\00_PRODUCAO_2026\01_BOLETINS_DIARIOS\03_AUDIOS_RADIO\03 - MAR - 26\02 03 - SEG
MARÇO,NJUD N/A,BOLETIM_RADIO_TJRN_02_03_2026_B1_TRERN_ADQUIRE_NOVAS_CADEIRAS_.mp3,02_03_2026,TRERN_ADQUIRE_NOVAS_CADEIRAS,,TJRN,NAO,H:\Meu Drive\RADIO TJRN CONTEÚDO\00_PRODUCAO_2026\01_BOLETINS_DIARIOS\03_AUDIOS_RADIO\03 - MAR - 26\02 03 - SEG
MARÇO,NJUD N/A,BOLETIM_RADIO_TJRN_02_03_2026_B2_ACESSIBILIDADE_CAPS_PARNAMIRIM.mp3,02_03_2026,ACESSIBILIDADE_CAPS_PARNAMIRIM,,TJRN,NAO,H:\Meu Drive\RADIO TJRN CONTEÚDO\00_PRODUCAO_2026\01_BOLETINS_DIARIOS\03_AUDIOS_RADIO\03 - MAR - 26\02 03 - SEG
MARÇO,NJUD N/A,BOLETIM_RADIO_TJRN_02_03_2026_B3_SUSPENSAO_DESCONTO_PENSAO.mp3,02_03_2026,SUSPENSAO_DESCONTO_PENSAO,,TJRN,NAO,H:\Meu Drive\RADIO TJRN CONTEÚDO\00_PRODUCAO_2026\01_BOLETINS_DIARIOS\03_AUDIOS_RADIO\03 - MAR - 26\02 03 - SEG
MARÇO,NJUD N/A,BOLETIM_RADIO_TJRN_02_03_2026_B4_CONDENACAO_SALARIO_SEM_EXERCER_FUNCAO.mp3,02_03_2026,CONDENACAO_SALARIO_SEM_EXERCER_FUNCAO,,TJRN,NAO,H:\Meu Drive\RADIO TJRN CONTEÚDO\00_PRODUCAO_2026\01_BOLETINS_DIARIOS\03_AUDIOS_RADIO\03 - MAR - 26\02 03 - SEG
MARÇO,NJUD N/A,BOLETIM_RADIO_TJRN_02_03_2026_B5_LICENCA_REMUNERADA_JOAO_CAMARA.mp3,02_03_2026,LICENCA_REMUNERADA_JOAO_CAMARA,,TJRN,NAO,H:\Meu Drive\RADIO TJRN CONTEÚDO\00_PRODUCAO_2026\01_BOLETINS_DIARIOS\03_AUDIOS_RADIO\03 - MAR - 26\02 03 - SEG
MARÇO,NJUD N/A,BOLETIM_RADIO_TJRN_02_03_2026_B6_CONDENACAO_EXTRAVIO_BAGAGEM.mp3,02_03_2026,CONDENACAO_EXTRAVIO_BAGAGEM,,TJRN,NAO,H:\Meu Drive\RADIO TJRN CONTEÚDO\00_PRODUCAO_2026\01_BOLETINS_DIARIOS\03_AUDIOS_RADIO\03 - MAR - 26\02 03 - SEG
MARÇO,NJUD N/A,BOLETIM_RADIO_TJRN_02_03_2026_B7_RESPONSAVEL_INTERINO_CANGUARETAMA.mp3,02_03_2026,RESPONSAVEL_INTERINO_CANGUARETAMA,,TJRN,NAO,H:\Meu Drive\RADIO TJRN CONTEÚDO\00_PRODUCAO_2026\01_BOLETINS_DIARIOS\03_AUDIOS_RADIO\03 - MAR - 26\02 03 - SEG
MARÇO,NJUD N/A,BOLETIM_RADIO_TJRN_02_03_2026_B8_TJRN_2_VARA_PARNAMIRIM_ESTAGIO.mp3,02_03_2026,TJRN_2_VARA_PARNAMIRIM_ESTAGIO,,TJRN,NAO,H:\Meu Drive\RADIO TJRN CONTEÚDO\00_PRODUCAO_2026\01_BOLETINS_DIARIOS\03_AUDIOS_RADIO\03 - MAR - 26\02 03 - SEG
MARÇO,NJUD N/A,BOLETIM_RADIO_TJRN_02_03_2026_B9_TJRN_JUSTICA_ELEVA_PERCENTUAL_ALIMENTOS_.mp3,02_03_2026,TJRN_JUSTICA_ELEVA_PERCENTUAL_ALIMENTOS,,TJRN,NAO,H:\Meu Drive\RADIO TJRN CONTEÚDO\00_PRODUCAO_2026\01_BOLETINS_DIARIOS\03_AUDIOS_RADIO\03 - MAR - 26\02 03 - SEG
MARÇO,NJUD N/A,BOLETIM_RADIO_TJRN_03_03_2026_B10_TJRN_CURSO_ESTRATEGICO_SEGURANCA_.mp3,03_03_2026,TJRN_CURSO_ESTRATEGICO_SEGURANCA,,TJRN,NAO,H:\Meu Drive\RADIO TJRN CONTEÚDO\00_PRODUCAO_2026\01_BOLETINS_DIARIOS\03_AUDIOS_RADIO\03 - MAR - 26\03 03 - TER
MARÇO,NJUD N/A,BOLETIM_RADIO_TJRN_03_03_2026_B1_MINICURSO_COMITE_SAUDE.mp3,03_03_2026,MINICURSO_COMITE_SAUDE,,TJRN,NAO,H:\Meu Drive\RADIO TJRN CONTEÚDO\00_PRODUCAO_2026\01_BOLETINS_DIARIOS\03_AUDIOS_RADIO\03 - MAR - 26\03 03 - TER
MARÇO,NJUD N/A,BOLETIM_RADIO_TJRN_03_03_2026_B2_CONVENIO_DEBITO_PRECATORIOS.mp3,03_03_2026,CONVENIO_DEBITO_PRECATORIOS,,TJRN,NAO,H:\Meu Drive\RADIO TJRN CONTEÚDO\00_PRODUCAO_2026\01_BOLETINS_DIARIOS\03_AUDIOS_RADIO\03 - MAR - 26\03 03 - TER
MARÇO,NJUD N/A,BOLETIM_RADIO_TJRN_03_03_2026_B3_CONDENACAO_FABRICANTE_PNEUS.mp3,03_03_2026,CONDENACAO_FABRICANTE_PNEUS,,TJRN,NAO,H:\Meu Drive\RADIO TJRN CONTEÚDO\00_PRODUCAO_2026\01_BOLETINS_DIARIOS\03_AUDIOS_RADIO\03 - MAR - 26\03 03 - TER
MARÇO,NJUD N/A,BOLETIM_RADIO_TJRN_03_03_2026_B4_ESTAGIO_ENSINO_MEDIO.mp3,03_03_2026,ESTAGIO_ENSINO_MEDIO,,TJRN,NAO,H:\Meu Drive\RADIO TJRN CONTEÚDO\00_PRODUCAO_2026\01_BOLETINS_DIARIOS\03_AUDIOS_RADIO\03 - MAR - 26\03 03 - TER
MARÇO,NJUD N/A,BOLETIM_RADIO_TJRN_03_03_2026_B5_CONVOCACAO_CONCURSO_CAERN.mp3,03_03_2026,CONVOCACAO_CONCURSO_CAERN,,TJRN,NAO,H:\Meu Drive\RADIO TJRN CONTEÚDO\00_PRODUCAO_2026\01_BOLETINS_DIARIOS\03_AUDIOS_RADIO\03 - MAR - 26\03 03 - TER
MARÇO,NJUD N/A,BOLETIM_RADIO_TJRN_03_03_2026_B6_CONDENACAO_FRAUDE_LICITACAO.mp3,03_03_2026,CONDENACAO_FRAUDE_LICITACAO,,TJRN,NAO,H:\Meu Drive\RADIO TJRN CONTEÚDO\00_PRODUCAO_2026\01_BOLETINS_DIARIOS\03_AUDIOS_RADIO\03 - MAR - 26\03 03 - TER
MARÇO,NJUD N/A,BOLETIM_RADIO_TJRN_03_03_2026_B7_CONDENACAO_RESPONSABILIDADE_SOLIDARIA.mp3,03_03_2026,CONDENACAO_RESPONSABILIDADE_SOLIDARIA,,TJRN,NAO,H:\Meu Drive\RADIO TJRN CONTEÚDO\00_PRODUCAO_2026\01_BOLETINS_DIARIOS\03_AUDIOS_RADIO\03 - MAR - 26\03 03 - TER
MARÇO,NJUD N/A,BOLETIM_RADIO_TJRN_03_03_2026_B8_AMPLIACAO_SALAS_DEPOIMENTO_ESPECIAL.mp3,03_03_2026,AMPLIACAO_SALAS_DEPOIMENTO_ESPECIAL,,TJRN,NAO,H:\Meu Drive\RADIO TJRN CONTEÚDO\00_PRODUCAO_2026\01_BOLETINS_DIARIOS\03_AUDIOS_RADIO\03 - MAR - 26\03 03 - TER
MARÇO,NJUD N/A,BOLETIM_RADIO_TJRN_03_03_2026_B9_PAGAMENTO_PASSAGENS_INTERMUNICIPAL.mp3,03_03_2026,PAGAMENTO_PASSAGENS_INTERMUNICIPAL,,TJRN,NAO,H:\Meu Drive\RADIO TJRN CONTEÚDO\00_PRODUCAO_2026\01_BOLETINS_DIARIOS\03_AUDIOS_RADIO\03 - MAR - 26\03 03 - TER
MARÇO,NJUD N/A,BOLETIM_RADIO_TJRN_04_03_2026_B10_MPRN_FIRMA_ACORDO_INTERINSTITUCIONAL_.mp3,04_03_2026,MPRN_FIRMA_ACORDO_INTERINSTITUCIONAL,,TJRN,NAO,H:\Meu Drive\RADIO TJRN CONTEÚDO\00_PRODUCAO_2026\01_BOLETINS_DIARIOS\03_AUDIOS_RADIO\03 - MAR - 26\04 03 - QUA
MARÇO,NJUD N/A,BOLETIM_RADIO_TJRN_04_03_2026_B10_MPRN_FIRMA_ACORDO_INTERINSTITUCIONAL__1782542966.mp3,04_03_2026,MPRN_FIRMA_ACORDO_INTERINSTITUCIONAL__1782542966,,TJRN,NAO,H:\Meu Drive\RADIO TJRN CONTEÚDO\00_PRODUCAO_2026\01_BOLETINS_DIARIOS\03_AUDIOS_RADIO\03 - MAR - 26\04 03 - QUA
MARÇO,NJUD N/A,BOLETIM_RADIO_TJRN_04_03_2026_B10_MPRN_FIRMA_ACORDO_INTERINSTITUCIONAL__RESTORED.mp3,04_03_2026,MPRN_FIRMA_ACORDO_INTERINSTITUCIONAL__RESTORED,,TJRN,NAO,H:\Meu Drive\RADIO TJRN CONTEÚDO\00_PRODUCAO_2026\01_BOLETINS_DIARIOS\03_AUDIOS_RADIO\03 - MAR - 26\04 03 - QUA
MARÇO,NJUD N/A,BOLETIM_RADIO_TJRN_04_03_2026_B1_CAERN_CONDENADA_POR_SUSPENSAO_DE_AGUA.mp3,04_03_2026,CAERN_CONDENADA_POR_SUSPENSAO_DE_AGUA,,TJRN,NAO,H:\Meu Drive\RADIO TJRN CONTEÚDO\00_PRODUCAO_2026\01_BOLETINS_DIARIOS\03_AUDIOS_RADIO\03 - MAR - 26\04 03 - QUA
MARÇO,NJUD N/A,BOLETIM_RADIO_TJRN_04_03_2026_B2_COSERN_DEVE_AUMENTAR_CARGA_ENERGETICA.mp3,04_03_2026,COSERN_DEVE_AUMENTAR_CARGA_ENERGETICA,,TJRN,NAO,H:\Meu Drive\RADIO TJRN CONTEÚDO\00_PRODUCAO_2026\01_BOLETINS_DIARIOS\03_AUDIOS_RADIO\03 - MAR - 26\04 03 - QUA
MARÇO,NJUD N/A,BOLETIM_RADIO_TJRN_04_03_2026_B3_PARNAMIRIM_DEVE_PAGAR_ALUGUEIS.mp3,04_03_2026,PARNAMIRIM_DEVE_PAGAR_ALUGUEIS,,TJRN,NAO,H:\Meu Drive\RADIO TJRN CONTEÚDO\00_PRODUCAO_2026\01_BOLETINS_DIARIOS\03_AUDIOS_RADIO\03 - MAR - 26\04 03 - QUA
MARÇO,NJUD N/A,BOLETIM_RADIO_TJRN_04_03_2026_B4_REDE_SOCIAL_DEVE_INDENIZAR_USUARIA.mp3,04_03_2026,REDE_SOCIAL_DEVE_INDENIZAR_USUARIA,,TJRN,NAO,H:\Meu Drive\RADIO TJRN CONTEÚDO\00_PRODUCAO_2026\01_BOLETINS_DIARIOS\03_AUDIOS_RADIO\03 - MAR - 26\04 03 - QUA
MARÇO,NJUD N/A,BOLETIM_RADIO_TJRN_04_03_2026_B5_COSERN_DEVE_INDENIZAR_USUARIA.mp3,04_03_2026,COSERN_DEVE_INDENIZAR_USUARIA,,TJRN,NAO,H:\Meu Drive\RADIO TJRN CONTEÚDO\00_PRODUCAO_2026\01_BOLETINS_DIARIOS\03_AUDIOS_RADIO\03 - MAR - 26\04 03 - QUA
MARÇO,NJUD N/A,BOLETIM_RADIO_TJRN_04_03_2026_B6_PENAS_PECUNIARIAS_CANGUARETAMA.mp3,04_03_2026,PENAS_PECUNIARIAS_CANGUARETAMA,,TJRN,NAO,H:\Meu Drive\RADIO TJRN CONTEÚDO\00_PRODUCAO_2026\01_BOLETINS_DIARIOS\03_AUDIOS_RADIO\03 - MAR - 26\04 03 - QUA
MARÇO,NJUD N/A,BOLETIM_RADIO_TJRN_04_03_2026_B6_PENAS_PECUNIARIAS_CANGUARETAMA_1782542966.mp3,04_03_2026,PENAS_PECUNIARIAS_CANGUARETAMA_1782542966,,TJRN,NAO,H:\Meu Drive\RADIO TJRN CONTEÚDO\00_PRODUCAO_2026\01_BOLETINS_DIARIOS\03_AUDIOS_RADIO\03 - MAR - 26\04 03 - QUA
MARÇO,NJUD N/A,BOLETIM_RADIO_TJRN_04_03_2026_B6_PENAS_PECUNIARIAS_CANGUARETAMA_RESTORED.mp3,04_03_2026,PENAS_PECUNIARIAS_CANGUARETAMA_RESTORED,,TJRN,NAO,H:\Meu Drive\RADIO TJRN CONTEÚDO\00_PRODUCAO_2026\01_BOLETINS_DIARIOS\03_AUDIOS_RADIO\03 - MAR - 26\04 03 - QUA
MARÇO,NJUD N/A,BOLETIM_RADIO_TJRN_04_03_2026_B7_TRTRN_SOCIO_RESPONSABILIZADO_.mp3,04_03_2026,TRTRN_SOCIO_RESPONSABILIZADO,,TJRN,NAO,H:\Meu Drive\RADIO TJRN CONTEÚDO\00_PRODUCAO_2026\01_BOLETINS_DIARIOS\03_AUDIOS_RADIO\03 - MAR - 26\04 03 - QUA
MARÇO,NJUD N/A,BOLETIM_RADIO_TJRN_04_03_2026_B7_TRTRN_SOCIO_RESPONSABILIZADO__1782542966.mp3,04_03_2026,TRTRN_SOCIO_RESPONSABILIZADO__1782542966,,TJRN,NAO,H:\Meu Drive\RADIO TJRN CONTEÚDO\00_PRODUCAO_2026\01_BOLETINS_DIARIOS\03_AUDIOS_RADIO\03 - MAR - 26\04 03 - QUA
MARÇO,NJUD N/A,BOLETIM_RADIO_TJRN_04_03_2026_B7_TRTRN_SOCIO_RESPONSABILIZADO__RESTORED.mp3,04_03_2026,TRTRN_SOCIO_RESPONSABILIZADO__RESTORED,,TJRN,NAO,H:\Meu Drive\RADIO TJRN CONTEÚDO\00_PRODUCAO_2026\01_BOLETINS_DIARIOS\03_AUDIOS_RADIO\03 - MAR - 26\04 03 - QUA
MARÇO,NJUD N/A,BOLETIM_RADIO_TJRN_04_03_2026_B9_CNJ_NOTA_TECNICA_COMBATE_FALSO_ADVOGADO_.mp3,04_03_2026,CNJ_NOTA_TECNICA_COMBATE_FALSO_ADVOGADO,,TJRN,NAO,H:\Meu Drive\RADIO TJRN CONTEÚDO\00_PRODUCAO_2026\01_BOLETINS_DIARIOS\03_AUDIOS_RADIO\03 - MAR - 26\04 03 - QUA
MARÇO,NJUD N/A,BOLETIM_RADIO_TJRN_04_03_2026_B9_CNJ_NOTA_TECNICA_COMBATE_FALSO_ADVOGADO__1782542966.mp3,04_03_2026,CNJ_NOTA_TECNICA_COMBATE_FALSO_ADVOGADO__1782542966,,TJRN,NAO,H:\Meu Drive\RADIO TJRN CONTEÚDO\00_PRODUCAO_2026\01_BOLETINS_DIARIOS\03_AUDIOS_RADIO\03 - MAR - 26\04 03 - QUA
MARÇO,NJUD N/A,BOLETIM_RADIO_TJRN_04_03_2026_B9_CNJ_NOTA_TECNICA_COMBATE_FALSO_ADVOGADO__RESTORED.mp3,04_03_2026,CNJ_NOTA_TECNICA_COMBATE_FALSO_ADVOGADO__RESTORED,,TJRN,NAO,H:\Meu Drive\RADIO TJRN CONTEÚDO\00_PRODUCAO_2026\01_BOLETINS_DIARIOS\03_AUDIOS_RADIO\03 - MAR - 26\04 03 - QUA
MARÇO,NJUD N/A,BOLETIM_RADIO_TJRN_05_03_2026_B10_ESMARN_EDITAL_PROVA_PRATICA.mp3,05_03_2026,ESMARN_EDITAL_PROVA_PRATICA,,TJRN,NAO,H:\Meu Drive\RADIO TJRN CONTEÚDO\00_PRODUCAO_2026\01_BOLETINS_DIARIOS\03_AUDIOS_RADIO\03 - MAR - 26\05 03 - QUI
MARÇO,NJUD N/A,BOLETIM_RADIO_TJRN_05_03_2026_B10_ESMARN_EDITAL_PROVA_PRATICA_1782517550.mp3,05_03_2026,ESMARN_EDITAL_PROVA_PRATICA_1782517550,,TJRN,NAO,H:\Meu Drive\RADIO TJRN CONTEÚDO\00_PRODUCAO_2026\01_BOLETINS_DIARIOS\03_AUDIOS_RADIO\03 - MAR - 26\05 03 - QUI
MARÇO,NJUD N/A,BOLETIM_RADIO_TJRN_05_03_2026_B10_ESMARN_EDITAL_PROVA_PRATICA_1782542916.mp3,05_03_2026,ESMARN_EDITAL_PROVA_PRATICA_1782542916,,TJRN,NAO,H:\Meu Drive\RADIO TJRN CONTEÚDO\00_PRODUCAO_2026\01_BOLETINS_DIARIOS\03_AUDIOS_RADIO\03 - MAR - 26\05 03 - QUI
MARÇO,NJUD N/A,BOLETIM_RADIO_TJRN_05_03_2026_B1_TJRN_ATO_IMPROBIDADE_LICITATORIO_.mp3,05_03_2026,TJRN_ATO_IMPROBIDADE_LICITATORIO,,TJRN,NAO,H:\Meu Drive\RADIO TJRN CONTEÚDO\00_PRODUCAO_2026\01_BOLETINS_DIARIOS\03_AUDIOS_RADIO\03 - MAR - 26\05 03 - QUI
MARÇO,NJUD N/A,BOLETIM_RADIO_TJRN_05_03_2026_B1_TJRN_ATO_IMPROBIDADE_LICITATORIO__1782517550.mp3,05_03_2026,TJRN_ATO_IMPROBIDADE_LICITATORIO__1782517550,,TJRN,NAO,H:\Meu Drive\RADIO TJRN CONTEÚDO\00_PRODUCAO_2026\01_BOLETINS_DIARIOS\03_AUDIOS_RADIO\03 - MAR - 26\05 03 - QUI
MARÇO,NJUD N/A,BOLETIM_RADIO_TJRN_05_03_2026_B1_TJRN_ATO_IMPROBIDADE_LICITATORIO__1782542915.mp3,05_03_2026,TJRN_ATO_IMPROBIDADE_LICITATORIO__1782542915,,TJRN,NAO,H:\Meu Drive\RADIO TJRN CONTEÚDO\00_PRODUCAO_2026\01_BOLETINS_DIARIOS\03_AUDIOS_RADIO\03 - MAR - 26\05 03 - QUI
MARÇO,NJUD N/A,BOLETIM_RADIO_TJRN_05_03_2026_B2_TJRN_CONDENA_COMERCIANTES_REVENDA_.mp3,05_03_2026,TJRN_CONDENA_COMERCIANTES_REVENDA,,TJRN,NAO,H:\Meu Drive\RADIO TJRN CONTEÚDO\00_PRODUCAO_2026\01_BOLETINS_DIARIOS\03_AUDIOS_RADIO\03 - MAR - 26\05 03 - QUI
MARÇO,NJUD N/A,BOLETIM_RADIO_TJRN_05_03_2026_B2_TJRN_CONDENA_COMERCIANTES_REVENDA__1782517550.mp3,05_03_2026,TJRN_CONDENA_COMERCIANTES_REVENDA__1782517550,,TJRN,NAO,H:\Meu Drive\RADIO TJRN CONTEÚDO\00_PRODUCAO_2026\01_BOLETINS_DIARIOS\03_AUDIOS_RADIO\03 - MAR - 26\05 03 - QUI
MARÇO,NJUD N/A,BOLETIM_RADIO_TJRN_05_03_2026_B2_TJRN_CONDENA_COMERCIANTES_REVENDA__1782542916.mp3,05_03_2026,TJRN_CONDENA_COMERCIANTES_REVENDA__1782542916,,TJRN,NAO,H:\Meu Drive\RADIO TJRN CONTEÚDO\00_PRODUCAO_2026\01_BOLETINS_DIARIOS\03_AUDIOS_RADIO\03 - MAR - 26\05 03 - QUI
MARÇO,NJUD N/A,BOLETIM_RADIO_TJRN_05_03_2026_B3_TJRN_ANPP_NEGADO_NOVA_DECISAO.mp3,05_03_2026,TJRN_ANPP_NEGADO_NOVA_DECISAO,,TJRN,NAO,H:\Meu Drive\RADIO TJRN CONTEÚDO\00_PRODUCAO_2026\01_BOLETINS_DIARIOS\03_AUDIOS_RADIO\03 - MAR - 26\05 03 - QUI
MARÇO,NJUD N/A,BOLETIM_RADIO_TJRN_05_03_2026_B3_TJRN_ANPP_NEGADO_NOVA_DECISAO_1782517550.mp3,05_03_2026,TJRN_ANPP_NEGADO_NOVA_DECISAO_1782517550,,TJRN,NAO,H:\Meu Drive\RADIO TJRN CONTEÚDO\00_PRODUCAO_2026\01_BOLETINS_DIARIOS\03_AUDIOS_RADIO\03 - MAR - 26\05 03 - QUI
MARÇO,NJUD N/A,BOLETIM_RADIO_TJRN_05_03_2026_B3_TJRN_ANPP_NEGADO_NOVA_DECISAO_1782542916.mp3,05_03_2026,TJRN_ANPP_NEGADO_NOVA_DECISAO_1782542916,,TJRN,NAO,H:\Meu Drive\RADIO TJRN CONTEÚDO\00_PRODUCAO_2026\01_BOLETINS_DIARIOS\03_AUDIOS_RADIO\03 - MAR - 26\05 03 - QUI
MARÇO,NJUD N/A,BOLETIM_RADIO_TJRN_05_03_2026_B4_TJRN_MANTEM_LICITACAO_CABEAMENTO_.mp3,05_03_2026,TJRN_MANTEM_LICITACAO_CABEAMENTO,,TJRN,NAO,H:\Meu Drive\RADIO TJRN CONTEÚDO\00_PRODUCAO_2026\01_BOLETINS_DIARIOS\03_AUDIOS_RADIO\03 - MAR - 26\05 03 - QUI
MARÇO,NJUD N/A,BOLETIM_RADIO_TJRN_05_03_2026_B4_TJRN_MANTEM_LICITACAO_CABEAMENTO__1782517550.mp3,05_03_2026,TJRN_MANTEM_LICITACAO_CABEAMENTO__1782517550,,TJRN,NAO,H:\Meu Drive\RADIO TJRN CONTEÚDO\00_PRODUCAO_2026\01_BOLETINS_DIARIOS\03_AUDIOS_RADIO\03 - MAR - 26\05 03 - QUI
MARÇO,NJUD N/A,BOLETIM_RADIO_TJRN_05_03_2026_B4_TJRN_MANTEM_LICITACAO_CABEAMENTO__1782542916.mp3,05_03_2026,TJRN_MANTEM_LICITACAO_CABEAMENTO__1782542916,,TJRN,NAO,H:\Meu Drive\RADIO TJRN CONTEÚDO\00_PRODUCAO_2026\01_BOLETINS_DIARIOS\03_AUDIOS_RADIO\03 - MAR - 26\05 03 - QUI
MARÇO,NJUD N/A,BOLETIM_RADIO_TJRN_05_03_2026_B5_TJRN_HOMEM_CONDENADO_ESTELIONATO.mp3,05_03_2026,TJRN_HOMEM_CONDENADO_ESTELIONATO,,TJRN,NAO,H:\Meu Drive\RADIO TJRN CONTEÚDO\00_PRODUCAO_2026\01_BOLETINS_DIARIOS\03_AUDIOS_RADIO\03 - MAR - 26\05 03 - QUI
MARÇO,NJUD N/A,BOLETIM_RADIO_TJRN_05_03_2026_B5_TJRN_HOMEM_CONDENADO_ESTELIONATO_1782517550.mp3,05_03_2026,TJRN_HOMEM_CONDENADO_ESTELIONATO_1782517550,,TJRN,NAO,H:\Meu Drive\RADIO TJRN CONTEÚDO\00_PRODUCAO_2026\01_BOLETINS_DIARIOS\03_AUDIOS_RADIO\03 - MAR - 26\05 03 - QUI
MARÇO,NJUD N/A,BOLETIM_RADIO_TJRN_05_03_2026_B5_TJRN_HOMEM_CONDENADO_ESTELIONATO_1782542916.mp3,05_03_2026,TJRN_HOMEM_CONDENADO_ESTELIONATO_1782542916,,TJRN,NAO,H:\Meu Drive\RADIO TJRN CONTEÚDO\00_PRODUCAO_2026\01_BOLETINS_DIARIOS\03_AUDIOS_RADIO\03 - MAR - 26\05 03 - QUI
MARÇO,NJUD N/A,BOLETIM_RADIO_TJRN_05_03_2026_B6_TJRN_RESPOSABILIDADE_REDE_SOCIAL_.mp3,05_03_2026,TJRN_RESPOSABILIDADE_REDE_SOCIAL,,TJRN,NAO,H:\Meu Drive\RADIO TJRN CONTEÚDO\00_PRODUCAO_2026\01_BOLETINS_DIARIOS\03_AUDIOS_RADIO\03 - MAR - 26\05 03 - QUI
MARÇO,NJUD N/A,BOLETIM_RADIO_TJRN_05_03_2026_B6_TJRN_RESPOSABILIDADE_REDE_SOCIAL__1782517550.mp3,05_03_2026,TJRN_RESPOSABILIDADE_REDE_SOCIAL__1782517550,,TJRN,NAO,H:\Meu Drive\RADIO TJRN CONTEÚDO\00_PRODUCAO_2026\01_BOLETINS_DIARIOS\03_AUDIOS_RADIO\03 - MAR - 26\05 03 - QUI
MARÇO,NJUD N/A,BOLETIM_RADIO_TJRN_05_03_2026_B6_TJRN_RESPOSABILIDADE_REDE_SOCIAL__1782542916.mp3,05_03_2026,TJRN_RESPOSABILIDADE_REDE_SOCIAL__1782542916,,TJRN,NAO,H:\Meu Drive\RADIO TJRN CONTEÚDO\00_PRODUCAO_2026\01_BOLETINS_DIARIOS\03_AUDIOS_RADIO\03 - MAR - 26\05 03 - QUI
MARÇO,NJUD N/A,BOLETIM_RADIO_TJRN_05_03_2026_B7_TJRN_NOMEIA_13_APROVADOS_.mp3,05_03_2026,TJRN_NOMEIA_13_APROVADOS,,TJRN,NAO,H:\Meu Drive\RADIO TJRN CONTEÚDO\00_PRODUCAO_2026\01_BOLETINS_DIARIOS\03_AUDIOS_RADIO\03 - MAR - 26\05 03 - QUI
MARÇO,NJUD N/A,BOLETIM_RADIO_TJRN_05_03_2026_B7_TJRN_NOMEIA_13_APROVADOS__1782517550.mp3,05_03_2026,TJRN_NOMEIA_13_APROVADOS__1782517550,,TJRN,NAO,H:\Meu Drive\RADIO TJRN CONTEÚDO\00_PRODUCAO_2026\01_BOLETINS_DIARIOS\03_AUDIOS_RADIO\03 - MAR - 26\05 03 - QUI
MARÇO,NJUD N/A,BOLETIM_RADIO_TJRN_05_03_2026_B7_TJRN_NOMEIA_13_APROVADOS__1782542916.mp3,05_03_2026,TJRN_NOMEIA_13_APROVADOS__1782542916,,TJRN,NAO,H:\Meu Drive\RADIO TJRN CONTEÚDO\00_PRODUCAO_2026\01_BOLETINS_DIARIOS\03_AUDIOS_RADIO\03 - MAR - 26\05 03 - QUI
MARÇO,NJUD N/A,BOLETIM_RADIO_TJRN_05_03_2026_B8_DPERN_JARDIM_PRIMAVERA_.mp3,05_03_2026,DPERN_JARDIM_PRIMAVERA,,TJRN,NAO,H:\Meu Drive\RADIO TJRN CONTEÚDO\00_PRODUCAO_2026\01_BOLETINS_DIARIOS\03_AUDIOS_RADIO\03 - MAR - 26\05 03 - QUI
MARÇO,NJUD N/A,BOLETIM_RADIO_TJRN_05_03_2026_B8_DPERN_JARDIM_PRIMAVERA__1782517550.mp3,05_03_2026,DPERN_JARDIM_PRIMAVERA__1782517550,,TJRN,NAO,H:\Meu Drive\RADIO TJRN CONTEÚDO\00_PRODUCAO_2026\01_BOLETINS_DIARIOS\03_AUDIOS_RADIO\03 - MAR - 26\05 03 - QUI
MARÇO,NJUD N/A,BOLETIM_RADIO_TJRN_05_03_2026_B8_DPERN_JARDIM_PRIMAVERA__1782542916.mp3,05_03_2026,DPERN_JARDIM_PRIMAVERA__1782542916,,TJRN,NAO,H:\Meu Drive\RADIO TJRN CONTEÚDO\00_PRODUCAO_2026\01_BOLETINS_DIARIOS\03_AUDIOS_RADIO\03 - MAR - 26\05 03 - QUI
MARÇO,NJUD N/A,BOLETIM_RADIO_TJRN_05_03_2026_B9_TRTRN_ASSISTENTE_VIRTUAL.mp3,05_03_2026,TRTRN_ASSISTENTE_VIRTUAL,,TJRN,NAO,H:\Meu Drive\RADIO TJRN CONTEÚDO\00_PRODUCAO_2026\01_BOLETINS_DIARIOS\03_AUDIOS_RADIO\03 - MAR - 26\05 03 - QUI
MARÇO,NJUD N/A,BOLETIM_RADIO_TJRN_05_03_2026_B9_TRTRN_ASSISTENTE_VIRTUAL_1782517550.mp3,05_03_2026,TRTRN_ASSISTENTE_VIRTUAL_1782517550,,TJRN,NAO,H:\Meu Drive\RADIO TJRN CONTEÚDO\00_PRODUCAO_2026\01_BOLETINS_DIARIOS\03_AUDIOS_RADIO\03 - MAR - 26\05 03 - QUI
MARÇO,NJUD N/A,BOLETIM_RADIO_TJRN_05_03_2026_B9_TRTRN_ASSISTENTE_VIRTUAL_1782542916.mp3,05_03_2026,TRTRN_ASSISTENTE_VIRTUAL_1782542916,,TJRN,NAO,H:\Meu Drive\RADIO TJRN CONTEÚDO\00_PRODUCAO_2026\01_BOLETINS_DIARIOS\03_AUDIOS_RADIO\03 - MAR - 26\05 03 - QUI
MARÇO,NJUD N/A,BOLETIM_RADIO_TJRN_06_03_2026_B10_DPERN_MEDICAMENTO_ALTO_CUSTO.mp3,06_03_2026,DPERN_MEDICAMENTO_ALTO_CUSTO,,TJRN,NAO,H:\Meu Drive\RADIO TJRN CONTEÚDO\00_PRODUCAO_2026\01_BOLETINS_DIARIOS\03_AUDIOS_RADIO\03 - MAR - 26\06 03 - SEX
MARÇO,NJUD N/A,BOLETIM_RADIO_TJRN_06_03_2026_B1_TJRN_DETERMINA_RESTITUICAO_DOBRO.mp3,06_03_2026,TJRN_DETERMINA_RESTITUICAO_DOBRO,,TJRN,NAO,H:\Meu Drive\RADIO TJRN CONTEÚDO\00_PRODUCAO_2026\01_BOLETINS_DIARIOS\03_AUDIOS_RADIO\03 - MAR - 26\06 03 - SEX
MARÇO,NJUD N/A,BOLETIM_RADIO_TJRN_06_03_2026_B2_TJRN_VALOR_COPARTICIPACAO_.mp3,06_03_2026,TJRN_VALOR_COPARTICIPACAO,,TJRN,NAO,H:\Meu Drive\RADIO TJRN CONTEÚDO\00_PRODUCAO_2026\01_BOLETINS_DIARIOS\03_AUDIOS_RADIO\03 - MAR - 26\06 03 - SEX
MARÇO,NJUD N/A,BOLETIM_RADIO_TJRN_06_03_2026_B3_TJRN_CAMPESTRE_PROCESSO_SELETIVO_.mp3,06_03_2026,TJRN_CAMPESTRE_PROCESSO_SELETIVO,,TJRN,NAO,H:\Meu Drive\RADIO TJRN CONTEÚDO\00_PRODUCAO_2026\01_BOLETINS_DIARIOS\03_AUDIOS_RADIO\03 - MAR - 26\06 03 - SEX
MARÇO,NJUD N/A,BOLETIM_RADIO_TJRN_06_03_2026_B4_TJRN_REDE_SOCIAL_DECISAO_.mp3,06_03_2026,TJRN_REDE_SOCIAL_DECISAO,,TJRN,NAO,H:\Meu Drive\RADIO TJRN CONTEÚDO\00_PRODUCAO_2026\01_BOLETINS_DIARIOS\03_AUDIOS_RADIO\03 - MAR - 26\06 03 - SEX
MARÇO,NJUD N/A,BOLETIM_RADIO_TJRN_06_03_2026_B5_TJRN_HOMEM_CONDENADO_ROUBO.mp3,06_03_2026,TJRN_HOMEM_CONDENADO_ROUBO,,TJRN,NAO,H:\Meu Drive\RADIO TJRN CONTEÚDO\00_PRODUCAO_2026\01_BOLETINS_DIARIOS\03_AUDIOS_RADIO\03 - MAR - 26\06 03 - SEX
MARÇO,NJUD N/A,BOLETIM_RADIO_TJRN_06_03_2026_B6_TJRN_FUNDACAO_EX_EMPREGADOS_TELERN_.mp3,06_03_2026,TJRN_FUNDACAO_EX_EMPREGADOS_TELERN,,TJRN,NAO,H:\Meu Drive\RADIO TJRN CONTEÚDO\00_PRODUCAO_2026\01_BOLETINS_DIARIOS\03_AUDIOS_RADIO\03 - MAR - 26\06 03 - SEX
MARÇO,NJUD N/A,BOLETIM_RADIO_TJRN_06_03_2026_B7_TJRN_DESOCUPACAO_IMOVEIS_FELIPE_CAMARAO_.mp3,06_03_2026,TJRN_DESOCUPACAO_IMOVEIS_FELIPE_CAMARAO,,TJRN,NAO,H:\Meu Drive\RADIO TJRN CONTEÚDO\00_PRODUCAO_2026\01_BOLETINS_DIARIOS\03_AUDIOS_RADIO\03 - MAR - 26\06 03 - SEX
MARÇO,NJUD N/A,BOLETIM_RADIO_TJRN_06_03_2026_B8_TJRN_PAU_FERROS_PROCESSO_SELETIVO_.mp3,06_03_2026,TJRN_PAU_FERROS_PROCESSO_SELETIVO,,TJRN,NAO,H:\Meu Drive\RADIO TJRN CONTEÚDO\00_PRODUCAO_2026\01_BOLETINS_DIARIOS\03_AUDIOS_RADIO\03 - MAR - 26\06 03 - SEX
MARÇO,NJUD N/A,BOLETIM_RADIO_TJRN_06_03_2026_B9_TRTRN_PROCURADORA_CHEFE_UNIAO.mp3,06_03_2026,TRTRN_PROCURADORA_CHEFE_UNIAO,,TJRN,NAO,H:\Meu Drive\RADIO TJRN CONTEÚDO\00_PRODUCAO_2026\01_BOLETINS_DIARIOS\03_AUDIOS_RADIO\03 - MAR - 26\06 03 - SEX
MARÇO,NJUD N/A,BOLETIM_RADIO_TJRN_09_03_2026_B10_TRTRN_ACORDO_CEJUSC_MOSSORO_.mp3,09_03_2026,TRTRN_ACORDO_CEJUSC_MOSSORO,,TJRN,NAO,H:\Meu Drive\RADIO TJRN CONTEÚDO\00_PRODUCAO_2026\01_BOLETINS_DIARIOS\03_AUDIOS_RADIO\03 - MAR - 26\09 03 - SEG
MARÇO,NJUD N/A,BOLETIM_RADIO_TJRN_09_03_2026_B1_DESCREDENCIAMENTO_PLANO_SAUDE.mp3,09_03_2026,DESCREDENCIAMENTO_PLANO_SAUDE,,TJRN,NAO,H:\Meu Drive\RADIO TJRN CONTEÚDO\00_PRODUCAO_2026\01_BOLETINS_DIARIOS\03_AUDIOS_RADIO\03 - MAR - 26\09 03 - SEG
MARÇO,NJUD N/A,BOLETIM_RADIO_TJRN_09_03_2026_B2_INDENIZACAO_FAMILIA_MORTE_IDOSA.mp3,09_03_2026,INDENIZACAO_FAMILIA_MORTE_IDOSA,,TJRN,NAO,H:\Meu Drive\RADIO TJRN CONTEÚDO\00_PRODUCAO_2026\01_BOLETINS_DIARIOS\03_AUDIOS_RADIO\03 - MAR - 26\09 03 - SEG
MARÇO,NJUD N/A,BOLETIM_RADIO_TJRN_09_03_2026_B3_CIRURGIA_GLAUCOMA_AVANCADO.mp3,09_03_2026,CIRURGIA_GLAUCOMA_AVANCADO,,TJRN,NAO,H:\Meu Drive\RADIO TJRN CONTEÚDO\00_PRODUCAO_2026\01_BOLETINS_DIARIOS\03_AUDIOS_RADIO\03 - MAR - 26\09 03 - SEG
MARÇO,NJUD N/A,BOLETIM_RADIO_TJRN_09_03_2026_B4_ANULACAO_ATO_POSSE_CONCURSO.mp3,09_03_2026,ANULACAO_ATO_POSSE_CONCURSO,,TJRN,NAO,H:\Meu Drive\RADIO TJRN CONTEÚDO\00_PRODUCAO_2026\01_BOLETINS_DIARIOS\03_AUDIOS_RADIO\03 - MAR - 26\09 03 - SEG
MARÇO,NJUD N/A,BOLETIM_RADIO_TJRN_09_03_2026_B5_TJRN_SUSPENDE_ATO_PARELHAS.mp3,09_03_2026,TJRN_SUSPENDE_ATO_PARELHAS,,TJRN,NAO,H:\Meu Drive\RADIO TJRN CONTEÚDO\00_PRODUCAO_2026\01_BOLETINS_DIARIOS\03_AUDIOS_RADIO\03 - MAR - 26\09 03 - SEG
MARÇO,NJUD N/A,BOLETIM_RADIO_TJRN_09_03_2026_B6_TJRN_ENCONTRO_JUIZES_VIRTUAL_.mp3,09_03_2026,TJRN_ENCONTRO_JUIZES_VIRTUAL,,TJRN,NAO,H:\Meu Drive\RADIO TJRN CONTEÚDO\00_PRODUCAO_2026\01_BOLETINS_DIARIOS\03_AUDIOS_RADIO\03 - MAR - 26\09 03 - SEG
MARÇO,NJUD N/A,BOLETIM_RADIO_TJRN_09_03_2026_B7_TJRN_MUTIRAO_CONCILIACAO_.mp3,09_03_2026,TJRN_MUTIRAO_CONCILIACAO,,TJRN,NAO,H:\Meu Drive\RADIO TJRN CONTEÚDO\00_PRODUCAO_2026\01_BOLETINS_DIARIOS\03_AUDIOS_RADIO\03 - MAR - 26\09 03 - SEG
MARÇO,NJUD N/A,BOLETIM_RADIO_TJRN_09_03_2026_B8_FURTO_ESTACIONAMENTO_INDENIZACAO.mp3,09_03_2026,FURTO_ESTACIONAMENTO_INDENIZACAO,,TJRN,NAO,H:\Meu Drive\RADIO TJRN CONTEÚDO\00_PRODUCAO_2026\01_BOLETINS_DIARIOS\03_AUDIOS_RADIO\03 - MAR - 26\09 03 - SEG
MARÇO,NJUD N/A,BOLETIM_RADIO_TJRN_09_03_2026_B9_TJRN_EMPRESAS_CONDENADAS_RESTITUIR_VALORES.mp3,09_03_2026,TJRN_EMPRESAS_CONDENADAS_RESTITUIR_VALORES,,TJRN,NAO,H:\Meu Drive\RADIO TJRN CONTEÚDO\00_PRODUCAO_2026\01_BOLETINS_DIARIOS\03_AUDIOS_RADIO\03 - MAR - 26\09 03 - SEG
MARÇO,NJUD N/A,BOLETIM_RADIO_TJRN_10_03_2026_B10_TJRN_TERMO_GUIA_UNICA_ARRECADACAO_.mp3,10_03_2026,TJRN_TERMO_GUIA_UNICA_ARRECADACAO,,TJRN,NAO,H:\Meu Drive\RADIO TJRN CONTEÚDO\00_PRODUCAO_2026\01_BOLETINS_DIARIOS\03_AUDIOS_RADIO\03 - MAR - 26\10 03 - TER
MARÇO,NJUD N/A,BOLETIM_RADIO_TJRN_10_03_2026_B1_TJRN_DEFEITO_MAQUINA_VENDAS_PREJUIZO.mp3,10_03_2026,TJRN_DEFEITO_MAQUINA_VENDAS_PREJUIZO,,TJRN,NAO,H:\Meu Drive\RADIO TJRN CONTEÚDO\00_PRODUCAO_2026\01_BOLETINS_DIARIOS\03_AUDIOS_RADIO\03 - MAR - 26\10 03 - TER
MARÇO,NJUD N/A,BOLETIM_RADIO_TJRN_10_03_2026_B2_TJRN_FURTO_ESTACIONAMENTO_.mp3,10_03_2026,TJRN_FURTO_ESTACIONAMENTO,,TJRN,NAO,H:\Meu Drive\RADIO TJRN CONTEÚDO\00_PRODUCAO_2026\01_BOLETINS_DIARIOS\03_AUDIOS_RADIO\03 - MAR - 26\10 03 - TER
MARÇO,NJUD N/A,BOLETIM_RADIO_TJRN_10_03_2026_B3_TJRN_PLANO_SAUDE_SENSOR_GLICOSE.mp3,10_03_2026,TJRN_PLANO_SAUDE_SENSOR_GLICOSE,,TJRN,NAO,H:\Meu Drive\RADIO TJRN CONTEÚDO\00_PRODUCAO_2026\01_BOLETINS_DIARIOS\03_AUDIOS_RADIO\03 - MAR - 26\10 03 - TER
MARÇO,NJUD N/A,BOLETIM_RADIO_TJRN_10_03_2026_B4_TJRN_NEGA_BLOQUEIO_VERBAS_.mp3,10_03_2026,TJRN_NEGA_BLOQUEIO_VERBAS,,TJRN,NAO,H:\Meu Drive\RADIO TJRN CONTEÚDO\00_PRODUCAO_2026\01_BOLETINS_DIARIOS\03_AUDIOS_RADIO\03 - MAR - 26\10 03 - TER
MARÇO,NJUD N/A,BOLETIM_RADIO_TJRN_10_03_2026_B5_TJRN_COMARCA_SAO_MIGUEL_.mp3,10_03_2026,TJRN_COMARCA_SAO_MIGUEL,,TJRN,NAO,H:\Meu Drive\RADIO TJRN CONTEÚDO\00_PRODUCAO_2026\01_BOLETINS_DIARIOS\03_AUDIOS_RADIO\03 - MAR - 26\10 03 - TER
MARÇO,NJUD N/A,BOLETIM_RADIO_TJRN_10_03_2026_B6_TJRN_PARTICIPACAO_ATLETA_CAMPEONATO.mp3,10_03_2026,TJRN_PARTICIPACAO_ATLETA_CAMPEONATO,,TJRN,NAO,H:\Meu Drive\RADIO TJRN CONTEÚDO\00_PRODUCAO_2026\01_BOLETINS_DIARIOS\03_AUDIOS_RADIO\03 - MAR - 26\10 03 - TER
MARÇO,NJUD N/A,BOLETIM_RADIO_TJRN_10_03_2026_B7_TJRN_PARNAMIRIM_ESTAGIO_DIREITO_.mp3,10_03_2026,TJRN_PARNAMIRIM_ESTAGIO_DIREITO,,TJRN,NAO,H:\Meu Drive\RADIO TJRN CONTEÚDO\00_PRODUCAO_2026\01_BOLETINS_DIARIOS\03_AUDIOS_RADIO\03 - MAR - 26\10 03 - TER
MARÇO,NJUD N/A,BOLETIM_RADIO_TJRN_10_03_2026_B8_TJRN_EMPRESA_SETOR_INFORMATICA_.mp3,10_03_2026,TJRN_EMPRESA_SETOR_INFORMATICA,,TJRN,NAO,H:\Meu Drive\RADIO TJRN CONTEÚDO\00_PRODUCAO_2026\01_BOLETINS_DIARIOS\03_AUDIOS_RADIO\03 - MAR - 26\10 03 - TER
MARÇO,NJUD N/A,BOLETIM_RADIO_TJRN_10_03_2026_B9_TJRN_PRESTADOR_SERVICOS_ACUSADO_.mp3,10_03_2026,TJRN_PRESTADOR_SERVICOS_ACUSADO,,TJRN,NAO,H:\Meu Drive\RADIO TJRN CONTEÚDO\00_PRODUCAO_2026\01_BOLETINS_DIARIOS\03_AUDIOS_RADIO\03 - MAR - 26\10 03 - TER
MARÇO,NJUD N/A,BOLETIM_RADIO_TJRN_11_03_2026_B10_CRONOGRAMA_OBRAS.mp3,11_03_2026,CRONOGRAMA_OBRAS,,TJRN,NAO,H:\Meu Drive\RADIO TJRN CONTEÚDO\00_PRODUCAO_2026\01_BOLETINS_DIARIOS\03_AUDIOS_RADIO\03 - MAR - 26\11 03 - QUA
MARÇO,NJUD N/A,BOLETIM_RADIO_TJRN_11_03_2026_B1_TJRN_NEGLIGENCIA_MEDICA_ (1).mp3,11_03_2026,TJRN_NEGLIGENCIA_MEDICA_ (1),,TJRN,NAO,H:\Meu Drive\RADIO TJRN CONTEÚDO\00_PRODUCAO_2026\01_BOLETINS_DIARIOS\03_AUDIOS_RADIO\03 - MAR - 26\11 03 - QUA
MARÇO,NJUD N/A,BOLETIM_RADIO_TJRN_11_03_2026_B1_TJRN_NEGLIGENCIA_MEDICA_.mp3,11_03_2026,TJRN_NEGLIGENCIA_MEDICA,,TJRN,NAO,H:\Meu Drive\RADIO TJRN CONTEÚDO\00_PRODUCAO_2026\01_BOLETINS_DIARIOS\03_AUDIOS_RADIO\03 - MAR - 26\11 03 - QUA
MARÇO,NJUD N/A,BOLETIM_RADIO_TJRN_11_03_2026_B2_TJRN_EMPRESA_ONIBUS_CONDENADA_ (1).mp3,11_03_2026,TJRN_EMPRESA_ONIBUS_CONDENADA_ (1),,TJRN,NAO,H:\Meu Drive\RADIO TJRN CONTEÚDO\00_PRODUCAO_2026\01_BOLETINS_DIARIOS\03_AUDIOS_RADIO\03 - MAR - 26\11 03 - QUA
MARÇO,NJUD N/A,BOLETIM_RADIO_TJRN_11_03_2026_B2_TJRN_EMPRESA_ONIBUS_CONDENADA_.mp3,11_03_2026,TJRN_EMPRESA_ONIBUS_CONDENADA,,TJRN,NAO,H:\Meu Drive\RADIO TJRN CONTEÚDO\00_PRODUCAO_2026\01_BOLETINS_DIARIOS\03_AUDIOS_RADIO\03 - MAR - 26\11 03 - QUA
MARÇO,NJUD N/A,BOLETIM_RADIO_TJRN_11_03_2026_B3_TJRN_ACUSADO_MATAR_PREFEITO_ (1).mp3,11_03_2026,TJRN_ACUSADO_MATAR_PREFEITO_ (1),,TJRN,NAO,H:\Meu Drive\RADIO TJRN CONTEÚDO\00_PRODUCAO_2026\01_BOLETINS_DIARIOS\03_AUDIOS_RADIO\03 - MAR - 26\11 03 - QUA
MARÇO,NJUD N/A,BOLETIM_RADIO_TJRN_11_03_2026_B3_TJRN_ACUSADO_MATAR_PREFEITO_.mp3,11_03_2026,TJRN_ACUSADO_MATAR_PREFEITO,,TJRN,NAO,H:\Meu Drive\RADIO TJRN CONTEÚDO\00_PRODUCAO_2026\01_BOLETINS_DIARIOS\03_AUDIOS_RADIO\03 - MAR - 26\11 03 - QUA
MARÇO,NJUD N/A,BOLETIM_RADIO_TJRN_11_03_2026_B4_TJRN_JUIZADO_VIOLENCIA_DOMESTICA (1).mp3,11_03_2026,TJRN_JUIZADO_VIOLENCIA_DOMESTICA (1),,TJRN,NAO,H:\Meu Drive\RADIO TJRN CONTEÚDO\00_PRODUCAO_2026\01_BOLETINS_DIARIOS\03_AUDIOS_RADIO\03 - MAR - 26\11 03 - QUA
MARÇO,NJUD N/A,BOLETIM_RADIO_TJRN_11_03_2026_B4_TJRN_JUIZADO_VIOLENCIA_DOMESTICA.mp3,11_03_2026,TJRN_JUIZADO_VIOLENCIA_DOMESTICA,,TJRN,NAO,H:\Meu Drive\RADIO TJRN CONTEÚDO\00_PRODUCAO_2026\01_BOLETINS_DIARIOS\03_AUDIOS_RADIO\03 - MAR - 26\11 03 - QUA
MARÇO,NJUD N/A,BOLETIM_RADIO_TJRN_11_03_2026_B5_TJRN_LIVRO_IMPACTOS_FEMINICIDIOS_ (1).mp3,11_03_2026,TJRN_LIVRO_IMPACTOS_FEMINICIDIOS_ (1),,TJRN,NAO,H:\Meu Drive\RADIO TJRN CONTEÚDO\00_PRODUCAO_2026\01_BOLETINS_DIARIOS\03_AUDIOS_RADIO\03 - MAR - 26\11 03 - QUA
MARÇO,NJUD N/A,BOLETIM_RADIO_TJRN_11_03_2026_B5_TJRN_LIVRO_IMPACTOS_FEMINICIDIOS_.mp3,11_03_2026,TJRN_LIVRO_IMPACTOS_FEMINICIDIOS,,TJRN,NAO,H:\Meu Drive\RADIO TJRN CONTEÚDO\00_PRODUCAO_2026\01_BOLETINS_DIARIOS\03_AUDIOS_RADIO\03 - MAR - 26\11 03 - QUA
MARÇO,NJUD N/A,BOLETIM_RADIO_TJRN_11_03_2026_B6_TRERN_82_ATENDIMENTOS_.mp3,11_03_2026,TRERN_82_ATENDIMENTOS,,TJRN,NAO,H:\Meu Drive\RADIO TJRN CONTEÚDO\00_PRODUCAO_2026\01_BOLETINS_DIARIOS\03_AUDIOS_RADIO\03 - MAR - 26\11 03 - QUA
MARÇO,NJUD N/A,BOLETIM_RADIO_TJRN_11_03_2026_B7_CNJ_TRIBUNAIS_FERRAMENTA_IA_.mp3,11_03_2026,CNJ_TRIBUNAIS_FERRAMENTA_IA,,TJRN,NAO,H:\Meu Drive\RADIO TJRN CONTEÚDO\00_PRODUCAO_2026\01_BOLETINS_DIARIOS\03_AUDIOS_RADIO\03 - MAR - 26\11 03 - QUA
MARÇO,NJUD N/A,BOLETIM_RADIO_TJRN_11_03_2026_B8_ESTAGIO_POS_ALEXANDRIA.mp3,11_03_2026,ESTAGIO_POS_ALEXANDRIA,,TJRN,NAO,H:\Meu Drive\RADIO TJRN CONTEÚDO\00_PRODUCAO_2026\01_BOLETINS_DIARIOS\03_AUDIOS_RADIO\03 - MAR - 26\11 03 - QUA
MARÇO,NJUD N/A,BOLETIM_RADIO_TJRN_11_03_2026_B9_AFASTAMENTO_CURSO_FORMACAO.mp3,11_03_2026,AFASTAMENTO_CURSO_FORMACAO,,TJRN,NAO,H:\Meu Drive\RADIO TJRN CONTEÚDO\00_PRODUCAO_2026\01_BOLETINS_DIARIOS\03_AUDIOS_RADIO\03 - MAR - 26\11 03 - QUA
MARÇO,NJUD N/A,BOLETIM_RADIO_TJRN_12_03_2026_B10_TRTRN_CUIDADORA_REVEZAVA_PLANTOES_.mp3,12_03_2026,TRTRN_CUIDADORA_REVEZAVA_PLANTOES,,TJRN,NAO,H:\Meu Drive\RADIO TJRN CONTEÚDO\00_PRODUCAO_2026\01_BOLETINS_DIARIOS\03_AUDIOS_RADIO\03 - MAR - 26\12 03 - QUI
MARÇO,NJUD N/A,BOLETIM_RADIO_TJRN_12_03_2026_B1_TJRN_MANTIDA_LEGALIDADE_NOMEACOES_.mp3,12_03_2026,TJRN_MANTIDA_LEGALIDADE_NOMEACOES,,TJRN,NAO,H:\Meu Drive\RADIO TJRN CONTEÚDO\00_PRODUCAO_2026\01_BOLETINS_DIARIOS\03_AUDIOS_RADIO\03 - MAR - 26\12 03 - QUI
MARÇO,NJUD N/A,BOLETIM_RADIO_TJRN_12_03_2026_B2_TJRN_EMPRESA_BLACK_FRIDAY.mp3,12_03_2026,TJRN_EMPRESA_BLACK_FRIDAY,,TJRN,NAO,H:\Meu Drive\RADIO TJRN CONTEÚDO\00_PRODUCAO_2026\01_BOLETINS_DIARIOS\03_AUDIOS_RADIO\03 - MAR - 26\12 03 - QUI
MARÇO,NJUD N/A,BOLETIM_RADIO_TJRN_12_03_2026_B3_TJRN_EDITAL_FORMACAO_MANUTENCAO_.mp3,12_03_2026,TJRN_EDITAL_FORMACAO_MANUTENCAO,,TJRN,NAO,H:\Meu Drive\RADIO TJRN CONTEÚDO\00_PRODUCAO_2026\01_BOLETINS_DIARIOS\03_AUDIOS_RADIO\03 - MAR - 26\12 03 - QUI
MARÇO,NJUD N/A,BOLETIM_RADIO_TJRN_12_03_2026_B4_TJRN_TOUROS_PROCESSO_SELETIVO_.mp3,12_03_2026,TJRN_TOUROS_PROCESSO_SELETIVO,,TJRN,NAO,H:\Meu Drive\RADIO TJRN CONTEÚDO\00_PRODUCAO_2026\01_BOLETINS_DIARIOS\03_AUDIOS_RADIO\03 - MAR - 26\12 03 - QUI
MARÇO,NJUD N/A,BOLETIM_RADIO_TJRN_12_03_2026_B5_TJRN_COMITE_GESTOR_PENAS_PECUNIARIAS_.mp3,12_03_2026,TJRN_COMITE_GESTOR_PENAS_PECUNIARIAS,,TJRN,NAO,H:\Meu Drive\RADIO TJRN CONTEÚDO\00_PRODUCAO_2026\01_BOLETINS_DIARIOS\03_AUDIOS_RADIO\03 - MAR - 26\12 03 - QUI
MARÇO,NJUD N/A,BOLETIM_RADIO_TJRN_12_03_2026_B6_TJRN_CEJUSC_CEARA_MIRIM_ACORDO_.mp3,12_03_2026,TJRN_CEJUSC_CEARA_MIRIM_ACORDO,,TJRN,NAO,H:\Meu Drive\RADIO TJRN CONTEÚDO\00_PRODUCAO_2026\01_BOLETINS_DIARIOS\03_AUDIOS_RADIO\03 - MAR - 26\12 03 - QUI
MARÇO,NJUD N/A,BOLETIM_RADIO_TJRN_12_03_2026_B7_TJRN_EDITAL_PROJETOS_SOCIAIS_.mp3,12_03_2026,TJRN_EDITAL_PROJETOS_SOCIAIS,,TJRN,NAO,H:\Meu Drive\RADIO TJRN CONTEÚDO\00_PRODUCAO_2026\01_BOLETINS_DIARIOS\03_AUDIOS_RADIO\03 - MAR - 26\12 03 - QUI
MARÇO,NJUD N/A,BOLETIM_RADIO_TJRN_12_03_2026_B8_TJRN_VARA_ANGICOS_EDITAL_.mp3,12_03_2026,TJRN_VARA_ANGICOS_EDITAL,,TJRN,NAO,H:\Meu Drive\RADIO TJRN CONTEÚDO\00_PRODUCAO_2026\01_BOLETINS_DIARIOS\03_AUDIOS_RADIO\03 - MAR - 26\12 03 - QUI
MARÇO,NJUD N/A,BOLETIM_RADIO_TJRN_12_03_2026_B9_DPERN_EDITAL_DOACAO_VEICULOS_.mp3,12_03_2026,DPERN_EDITAL_DOACAO_VEICULOS,,TJRN,NAO,H:\Meu Drive\RADIO TJRN CONTEÚDO\00_PRODUCAO_2026\01_BOLETINS_DIARIOS\03_AUDIOS_RADIO\03 - MAR - 26\12 03 - QUI
MARÇO,NJUD N/A,BOLETIM_RADIO_TJRN_13_03_2026_B10_POSSE_TERRENO_USUCAPIAO.mp3,13_03_2026,POSSE_TERRENO_USUCAPIAO,,TJRN,NAO,H:\Meu Drive\RADIO TJRN CONTEÚDO\00_PRODUCAO_2026\01_BOLETINS_DIARIOS\03_AUDIOS_RADIO\03 - MAR - 26\13 03 - SEX
MARÇO,NJUD N/A,BOLETIM_RADIO_TJRN_13_03_2026_B1_TJRN_NOTIFICACAO_DEVEDOR_LEGITIMA.mp3,13_03_2026,TJRN_NOTIFICACAO_DEVEDOR_LEGITIMA,,TJRN,NAO,H:\Meu Drive\RADIO TJRN CONTEÚDO\00_PRODUCAO_2026\01_BOLETINS_DIARIOS\03_AUDIOS_RADIO\03 - MAR - 26\13 03 - SEX
MARÇO,NJUD N/A,BOLETIM_RADIO_TJRN_13_03_2026_B2_TJRN_DETERMINA_SUSPENSAO_COBRANCA_.mp3,13_03_2026,TJRN_DETERMINA_SUSPENSAO_COBRANCA,,TJRN,NAO,H:\Meu Drive\RADIO TJRN CONTEÚDO\00_PRODUCAO_2026\01_BOLETINS_DIARIOS\03_AUDIOS_RADIO\03 - MAR - 26\13 03 - SEX
MARÇO,NJUD N/A,BOLETIM_RADIO_TJRN_13_03_2026_B3_TJRN_MANTEM_CONDENACAO_DANO_AMBIENTAL_.mp3,13_03_2026,TJRN_MANTEM_CONDENACAO_DANO_AMBIENTAL,,TJRN,NAO,H:\Meu Drive\RADIO TJRN CONTEÚDO\00_PRODUCAO_2026\01_BOLETINS_DIARIOS\03_AUDIOS_RADIO\03 - MAR - 26\13 03 - SEX
MARÇO,NJUD N/A,BOLETIM_RADIO_TJRN_13_03_2026_B4_TJRN_HOMEM_CONDENADO_VIOLENCIA_PSICOLOGICA_.mp3,13_03_2026,TJRN_HOMEM_CONDENADO_VIOLENCIA_PSICOLOGICA,,TJRN,NAO,H:\Meu Drive\RADIO TJRN CONTEÚDO\00_PRODUCAO_2026\01_BOLETINS_DIARIOS\03_AUDIOS_RADIO\03 - MAR - 26\13 03 - SEX
MARÇO,NJUD N/A,BOLETIM_RADIO_TJRN_13_03_2026_B5_TJRN_CLAUSULAS_CLARAS_CONSORCIO_.mp3,13_03_2026,TJRN_CLAUSULAS_CLARAS_CONSORCIO,,TJRN,NAO,H:\Meu Drive\RADIO TJRN CONTEÚDO\00_PRODUCAO_2026\01_BOLETINS_DIARIOS\03_AUDIOS_RADIO\03 - MAR - 26\13 03 - SEX
MARÇO,NJUD N/A,BOLETIM_RADIO_TJRN_13_03_2026_B6_TJRN_VARA_MACAIBA_PENAS_PECUNIARIAS_.mp3,13_03_2026,TJRN_VARA_MACAIBA_PENAS_PECUNIARIAS,,TJRN,NAO,H:\Meu Drive\RADIO TJRN CONTEÚDO\00_PRODUCAO_2026\01_BOLETINS_DIARIOS\03_AUDIOS_RADIO\03 - MAR - 26\13 03 - SEX
MARÇO,NJUD N/A,BOLETIM_RADIO_TJRN_13_03_2026_B7_CNJ_REDES_ATENDIMENTOS_DENUNCIA_.mp3,13_03_2026,CNJ_REDES_ATENDIMENTOS_DENUNCIA,,TJRN,NAO,H:\Meu Drive\RADIO TJRN CONTEÚDO\00_PRODUCAO_2026\01_BOLETINS_DIARIOS\03_AUDIOS_RADIO\03 - MAR - 26\13 03 - SEX
MARÇO,NJUD N/A,BOLETIM_RADIO_TJRN_13_03_2026_B8_PALESTRA_SAUDE_FEMININA.mp3,13_03_2026,PALESTRA_SAUDE_FEMININA,,TJRN,NAO,H:\Meu Drive\RADIO TJRN CONTEÚDO\00_PRODUCAO_2026\01_BOLETINS_DIARIOS\03_AUDIOS_RADIO\03 - MAR - 26\13 03 - SEX
MARÇO,NJUD N/A,BOLETIM_RADIO_TJRN_13_03_2026_B9_INDENIZACAO_DEMORA_CONSERTO_VEICULO.mp3,13_03_2026,INDENIZACAO_DEMORA_CONSERTO_VEICULO,,TJRN,NAO,H:\Meu Drive\RADIO TJRN CONTEÚDO\00_PRODUCAO_2026\01_BOLETINS_DIARIOS\03_AUDIOS_RADIO\03 - MAR - 26\13 03 - SEX
MARÇO,NJUD N/A,BOLETIM_RADIO_TJRN_16_03_2026_B10_TJRN_POTILAB_INOVACAO_.mp3,16_03_2026,TJRN_POTILAB_INOVACAO,,TJRN,NAO,H:\Meu Drive\RADIO TJRN CONTEÚDO\00_PRODUCAO_2026\01_BOLETINS_DIARIOS\03_AUDIOS_RADIO\03 - MAR - 26\16 03 - SEG
MARÇO,NJUD N/A,BOLETIM_RADIO_TJRN_16_03_2026_B1_TJRN_CLIENTE_INDENIZADA_CLINICA_.mp3,16_03_2026,TJRN_CLIENTE_INDENIZADA_CLINICA,,TJRN,NAO,H:\Meu Drive\RADIO TJRN CONTEÚDO\00_PRODUCAO_2026\01_BOLETINS_DIARIOS\03_AUDIOS_RADIO\03 - MAR - 26\16 03 - SEG
MARÇO,NJUD N/A,BOLETIM_RADIO_TJRN_16_03_2026_B2_TJRN_ABERTA_INSCRICOES_ENAM.mp3,16_03_2026,TJRN_ABERTA_INSCRICOES_ENAM,,TJRN,NAO,H:\Meu Drive\RADIO TJRN CONTEÚDO\00_PRODUCAO_2026\01_BOLETINS_DIARIOS\03_AUDIOS_RADIO\03 - MAR - 26\16 03 - SEG
MARÇO,NJUD N/A,BOLETIM_RADIO_TJRN_16_03_2026_B3_TJRN_EMPRESA_TELEFONIA_CONDENADA.mp3,16_03_2026,TJRN_EMPRESA_TELEFONIA_CONDENADA,,TJRN,NAO,H:\Meu Drive\RADIO TJRN CONTEÚDO\00_PRODUCAO_2026\01_BOLETINS_DIARIOS\03_AUDIOS_RADIO\03 - MAR - 26\16 03 - SEG
MARÇO,NJUD N/A,BOLETIM_RADIO_TJRN_16_03_2026_B4_TJRN_ENTREGA_TV_DEMORA.mp3,16_03_2026,TJRN_ENTREGA_TV_DEMORA,,TJRN,NAO,H:\Meu Drive\RADIO TJRN CONTEÚDO\00_PRODUCAO_2026\01_BOLETINS_DIARIOS\03_AUDIOS_RADIO\03 - MAR - 26\16 03 - SEG
MARÇO,NJUD N/A,BOLETIM_RADIO_TJRN_16_03_2026_B5_TJRN_BOAS_PRATICAS_.mp3,16_03_2026,TJRN_BOAS_PRATICAS,,TJRN,NAO,H:\Meu Drive\RADIO TJRN CONTEÚDO\00_PRODUCAO_2026\01_BOLETINS_DIARIOS\03_AUDIOS_RADIO\03 - MAR - 26\16 03 - SEG
MARÇO,NJUD N/A,BOLETIM_RADIO_TJRN_16_03_2026_B6_TJRN_FEIRA_ARTESANATO_GASTRONOMIA_.mp3,16_03_2026,TJRN_FEIRA_ARTESANATO_GASTRONOMIA,,TJRN,NAO,H:\Meu Drive\RADIO TJRN CONTEÚDO\00_PRODUCAO_2026\01_BOLETINS_DIARIOS\03_AUDIOS_RADIO\03 - MAR - 26\16 03 - SEG
MARÇO,NJUD N/A,BOLETIM_RADIO_TJRN_16_03_2026_B7_TJRN_PROCON_ACAO_CONJUNTA.mp3,16_03_2026,TJRN_PROCON_ACAO_CONJUNTA,,TJRN,NAO,H:\Meu Drive\RADIO TJRN CONTEÚDO\00_PRODUCAO_2026\01_BOLETINS_DIARIOS\03_AUDIOS_RADIO\03 - MAR - 26\16 03 - SEG
MARÇO,NJUD N/A,BOLETIM_RADIO_TJRN_16_03_2026_B8_TJRN_CAMPANHA_CRIANCA_NAO_NAMORA_.mp3,16_03_2026,TJRN_CAMPANHA_CRIANCA_NAO_NAMORA,,TJRN,NAO,H:\Meu Drive\RADIO TJRN CONTEÚDO\00_PRODUCAO_2026\01_BOLETINS_DIARIOS\03_AUDIOS_RADIO\03 - MAR - 26\16 03 - SEG
MARÇO,NJUD N/A,BOLETIM_RADIO_TJRN_16_03_2026_B9_TJRN_MACAIBA_PROJETOS_IMPACTO_SOCIAL_.mp3,16_03_2026,TJRN_MACAIBA_PROJETOS_IMPACTO_SOCIAL,,TJRN,NAO,H:\Meu Drive\RADIO TJRN CONTEÚDO\00_PRODUCAO_2026\01_BOLETINS_DIARIOS\03_AUDIOS_RADIO\03 - MAR - 26\16 03 - SEG
MARÇO,NJUD N/A,BOLETIM_RADIO_TJRN_17_03_2026_B10_MPRN_RECOMDENCAO_POLUICAO_SONORA_.mp3,17_03_2026,MPRN_RECOMDENCAO_POLUICAO_SONORA,,TJRN,NAO,H:\Meu Drive\RADIO TJRN CONTEÚDO\00_PRODUCAO_2026\01_BOLETINS_DIARIOS\03_AUDIOS_RADIO\03 - MAR - 26\17 03 - TER
MARÇO,NJUD N/A,BOLETIM_RADIO_TJRN_17_03_2026_B1_TJRN_NEGA_DECISAO_DANO_MORAL_.mp3,17_03_2026,TJRN_NEGA_DECISAO_DANO_MORAL,,TJRN,NAO,H:\Meu Drive\RADIO TJRN CONTEÚDO\00_PRODUCAO_2026\01_BOLETINS_DIARIOS\03_AUDIOS_RADIO\03 - MAR - 26\17 03 - TER
MARÇO,NJUD N/A,BOLETIM_RADIO_TJRN_17_03_2026_B1_TJRN_NEGA_DECISAO_DANO_MORAL__1782542967.mp3,17_03_2026,TJRN_NEGA_DECISAO_DANO_MORAL__1782542967,,TJRN,NAO,H:\Meu Drive\RADIO TJRN CONTEÚDO\00_PRODUCAO_2026\01_BOLETINS_DIARIOS\03_AUDIOS_RADIO\03 - MAR - 26\17 03 - TER
MARÇO,NJUD N/A,BOLETIM_RADIO_TJRN_17_03_2026_B1_TJRN_NEGA_DECISAO_DANO_MORAL__RESTORED.mp3,17_03_2026,TJRN_NEGA_DECISAO_DANO_MORAL__RESTORED,,TJRN,NAO,H:\Meu Drive\RADIO TJRN CONTEÚDO\00_PRODUCAO_2026\01_BOLETINS_DIARIOS\03_AUDIOS_RADIO\03 - MAR - 26\17 03 - TER
MARÇO,NJUD N/A,BOLETIM_RADIO_TJRN_17_03_2026_B2_TJRN_CEARA_MIRIM_PROJETOS_.mp3,17_03_2026,TJRN_CEARA_MIRIM_PROJETOS,,TJRN,NAO,H:\Meu Drive\RADIO TJRN CONTEÚDO\00_PRODUCAO_2026\01_BOLETINS_DIARIOS\03_AUDIOS_RADIO\03 - MAR - 26\17 03 - TER
MARÇO,NJUD N/A,BOLETIM_RADIO_TJRN_17_03_2026_B3_TJRN_SERVIDAO_ADMINISTRATIVA_.mp3,17_03_2026,TJRN_SERVIDAO_ADMINISTRATIVA,,TJRN,NAO,H:\Meu Drive\RADIO TJRN CONTEÚDO\00_PRODUCAO_2026\01_BOLETINS_DIARIOS\03_AUDIOS_RADIO\03 - MAR - 26\17 03 - TER
MARÇO,NJUD N/A,BOLETIM_RADIO_TJRN_17_03_2026_B4_TJRN_EXECUCAO_FISCAL_TRIBUTARIA_.mp3,17_03_2026,TJRN_EXECUCAO_FISCAL_TRIBUTARIA,,TJRN,NAO,H:\Meu Drive\RADIO TJRN CONTEÚDO\00_PRODUCAO_2026\01_BOLETINS_DIARIOS\03_AUDIOS_RADIO\03 - MAR - 26\17 03 - TER
MARÇO,NJUD N/A,BOLETIM_RADIO_TJRN_17_03_2026_B5_TJRN_PROMOVE_CURSO_MAGISTRADOS_.mp3,17_03_2026,TJRN_PROMOVE_CURSO_MAGISTRADOS,,TJRN,NAO,H:\Meu Drive\RADIO TJRN CONTEÚDO\00_PRODUCAO_2026\01_BOLETINS_DIARIOS\03_AUDIOS_RADIO\03 - MAR - 26\17 03 - TER
MARÇO,NJUD N/A,BOLETIM_RADIO_TJRN_17_03_2026_B6_TJRN_AULA_INAUGURAL_DINTER_.mp3,17_03_2026,TJRN_AULA_INAUGURAL_DINTER,,TJRN,NAO,H:\Meu Drive\RADIO TJRN CONTEÚDO\00_PRODUCAO_2026\01_BOLETINS_DIARIOS\03_AUDIOS_RADIO\03 - MAR - 26\17 03 - TER
MARÇO,NJUD N/A,BOLETIM_RADIO_TJRN_17_03_2026_B7_TJRN_ESTADO_LEITO_UTI_PACIENTE_.mp3,17_03_2026,TJRN_ESTADO_LEITO_UTI_PACIENTE,,TJRN,NAO,H:\Meu Drive\RADIO TJRN CONTEÚDO\00_PRODUCAO_2026\01_BOLETINS_DIARIOS\03_AUDIOS_RADIO\03 - MAR - 26\17 03 - TER
MARÇO,NJUD N/A,BOLETIM_RADIO_TJRN_17_03_2026_B8_TJRN_IMOBILIARIA_COSERN_CONDENADAS.mp3,17_03_2026,TJRN_IMOBILIARIA_COSERN_CONDENADAS,,TJRN,NAO,H:\Meu Drive\RADIO TJRN CONTEÚDO\00_PRODUCAO_2026\01_BOLETINS_DIARIOS\03_AUDIOS_RADIO\03 - MAR - 26\17 03 - TER
MARÇO,NJUD N/A,BOLETIM_RADIO_TJRN_17_03_2026_B9_OABRN_PROGRAMA_DESENVOLVIMENTO_.mp3,17_03_2026,OABRN_PROGRAMA_DESENVOLVIMENTO,,TJRN,NAO,H:\Meu Drive\RADIO TJRN CONTEÚDO\00_PRODUCAO_2026\01_BOLETINS_DIARIOS\03_AUDIOS_RADIO\03 - MAR - 26\17 03 - TER
MARÇO,NJUD N/A,BOLETIM_RADIO_TJRN_18_03_2026_B10_FALHA_CONSTRUCAO_TERRENO.mp3,18_03_2026,FALHA_CONSTRUCAO_TERRENO,,TJRN,NAO,H:\Meu Drive\RADIO TJRN CONTEÚDO\00_PRODUCAO_2026\01_BOLETINS_DIARIOS\03_AUDIOS_RADIO\03 - MAR - 26\18 03 - QUA
MARÇO,NJUD N/A,BOLETIM_RADIO_TJRN_18_03_2026_B1_TJRN_FABRICANTE_MULTINACIONAL_CONDENADA_.mp3,18_03_2026,TJRN_FABRICANTE_MULTINACIONAL_CONDENADA,,TJRN,NAO,H:\Meu Drive\RADIO TJRN CONTEÚDO\00_PRODUCAO_2026\01_BOLETINS_DIARIOS\03_AUDIOS_RADIO\03 - MAR - 26\18 03 - QUA
MARÇO,NJUD N/A,BOLETIM_RADIO_TJRN_18_03_2026_B2_TJRN_FALHA_EM_MARKETPLACE.mp3,18_03_2026,TJRN_FALHA_EM_MARKETPLACE,,TJRN,NAO,H:\Meu Drive\RADIO TJRN CONTEÚDO\00_PRODUCAO_2026\01_BOLETINS_DIARIOS\03_AUDIOS_RADIO\03 - MAR - 26\18 03 - QUA
MARÇO,NJUD N/A,BOLETIM_RADIO_TJRN_18_03_2026_B3_TJRN_DETERMINA_REATIVACAO_CONTAS_FACEBOOK.mp3,18_03_2026,TJRN_DETERMINA_REATIVACAO_CONTAS_FACEBOOK,,TJRN,NAO,H:\Meu Drive\RADIO TJRN CONTEÚDO\00_PRODUCAO_2026\01_BOLETINS_DIARIOS\03_AUDIOS_RADIO\03 - MAR - 26\18 03 - QUA
MARÇO,NJUD N/A,BOLETIM_RADIO_TJRN_18_03_2026_B4_TJRN_CONDENA_HOMEM_EXTORSAO_.mp3,18_03_2026,TJRN_CONDENA_HOMEM_EXTORSAO,,TJRN,NAO,H:\Meu Drive\RADIO TJRN CONTEÚDO\00_PRODUCAO_2026\01_BOLETINS_DIARIOS\03_AUDIOS_RADIO\03 - MAR - 26\18 03 - QUA
MARÇO,NJUD N/A,BOLETIM_RADIO_TJRN_18_03_2026_B5_TJRN_GMF_RELATORIO_SISTEMA.mp3,18_03_2026,TJRN_GMF_RELATORIO_SISTEMA,,TJRN,NAO,H:\Meu Drive\RADIO TJRN CONTEÚDO\00_PRODUCAO_2026\01_BOLETINS_DIARIOS\03_AUDIOS_RADIO\03 - MAR - 26\18 03 - QUA
MARÇO,NJUD N/A,BOLETIM_RADIO_TJRN_18_03_2026_B6_TJRN_MUTIRAO_JUIZADO_ESPECIAL_.mp3,18_03_2026,TJRN_MUTIRAO_JUIZADO_ESPECIAL,,TJRN,NAO,H:\Meu Drive\RADIO TJRN CONTEÚDO\00_PRODUCAO_2026\01_BOLETINS_DIARIOS\03_AUDIOS_RADIO\03 - MAR - 26\18 03 - QUA
MARÇO,NJUD N/A,BOLETIM_RADIO_TJRN_18_03_2026_B7_TRTRN_CONVENIO_PREFEITURAS_.mp3,18_03_2026,TRTRN_CONVENIO_PREFEITURAS,,TJRN,NAO,H:\Meu Drive\RADIO TJRN CONTEÚDO\00_PRODUCAO_2026\01_BOLETINS_DIARIOS\03_AUDIOS_RADIO\03 - MAR - 26\18 03 - QUA
MARÇO,NJUD N/A,BOLETIM_RADIO_TJRN_18_03_2026_B8_TJRN_OBSERVATORIO_PRISIONAL.mp3,18_03_2026,TJRN_OBSERVATORIO_PRISIONAL,,TJRN,NAO,H:\Meu Drive\RADIO TJRN CONTEÚDO\00_PRODUCAO_2026\01_BOLETINS_DIARIOS\03_AUDIOS_RADIO\03 - MAR - 26\18 03 - QUA
MARÇO,NJUD N/A,BOLETIM_RADIO_TJRN_18_03_2026_B9_CONDENACAO_PREJUIZOS_COLISAO.mp3,18_03_2026,CONDENACAO_PREJUIZOS_COLISAO,,TJRN,NAO,H:\Meu Drive\RADIO TJRN CONTEÚDO\00_PRODUCAO_2026\01_BOLETINS_DIARIOS\03_AUDIOS_RADIO\03 - MAR - 26\18 03 - QUA
MARÇO,NJUD N/A,BOLETIM_RADIO_TJRN_19_03_2026_B10_DECISAO_PENA_JUSTA.mp3,19_03_2026,DECISAO_PENA_JUSTA,,TJRN,NAO,H:\Meu Drive\RADIO TJRN CONTEÚDO\00_PRODUCAO_2026\01_BOLETINS_DIARIOS\03_AUDIOS_RADIO\03 - MAR - 26\19 03 - QUI
MARÇO,NJUD N/A,BOLETIM_RADIO_TJRN_19_03_2026_B1_AMPLIACAO_PROTECCAO_VIOLENCIA_DOMESTICA.mp3,19_03_2026,AMPLIACAO_PROTECCAO_VIOLENCIA_DOMESTICA,,TJRN,NAO,H:\Meu Drive\RADIO TJRN CONTEÚDO\00_PRODUCAO_2026\01_BOLETINS_DIARIOS\03_AUDIOS_RADIO\03 - MAR - 26\19 03 - QUI
MARÇO,NJUD N/A,BOLETIM_RADIO_TJRN_19_03_2026_B2_SUSPENSAO_ICMS_ENERGIA_SOLAR.mp3,19_03_2026,SUSPENSAO_ICMS_ENERGIA_SOLAR,,TJRN,NAO,H:\Meu Drive\RADIO TJRN CONTEÚDO\00_PRODUCAO_2026\01_BOLETINS_DIARIOS\03_AUDIOS_RADIO\03 - MAR - 26\19 03 - QUI
MARÇO,NJUD N/A,BOLETIM_RADIO_TJRN_19_03_2026_B3_CONDENACAO_FACULDADE_ENCERRAMENTO_ATIVIDADES.mp3,19_03_2026,CONDENACAO_FACULDADE_ENCERRAMENTO_ATIVIDADES,,TJRN,NAO,H:\Meu Drive\RADIO TJRN CONTEÚDO\00_PRODUCAO_2026\01_BOLETINS_DIARIOS\03_AUDIOS_RADIO\03 - MAR - 26\19 03 - QUI
MARÇO,NJUD N/A,BOLETIM_RADIO_TJRN_19_03_2026_B4_SUBSTITUICAO_PORTA_VEICULOS.mp3,19_03_2026,SUBSTITUICAO_PORTA_VEICULOS,,TJRN,NAO,H:\Meu Drive\RADIO TJRN CONTEÚDO\00_PRODUCAO_2026\01_BOLETINS_DIARIOS\03_AUDIOS_RADIO\03 - MAR - 26\19 03 - QUI
MARÇO,NJUD N/A,BOLETIM_RADIO_TJRN_19_03_2026_B5_ESTAGIO_JUIZADOS_ESPECIAIS.mp3,19_03_2026,ESTAGIO_JUIZADOS_ESPECIAIS,,TJRN,NAO,H:\Meu Drive\RADIO TJRN CONTEÚDO\00_PRODUCAO_2026\01_BOLETINS_DIARIOS\03_AUDIOS_RADIO\03 - MAR - 26\19 03 - QUI
MARÇO,NJUD N/A,BOLETIM_RADIO_TJRN_19_03_2026_B6_HOMENAGEM_DESEMBARGADOR_AMAURY.mp3,19_03_2026,HOMENAGEM_DESEMBARGADOR_AMAURY,,TJRN,NAO,H:\Meu Drive\RADIO TJRN CONTEÚDO\00_PRODUCAO_2026\01_BOLETINS_DIARIOS\03_AUDIOS_RADIO\03 - MAR - 26\19 03 - QUI
MARÇO,NJUD N/A,BOLETIM_RADIO_TJRN_19_03_2026_B7_APOIO_FAMILIAS_AFETADAS_LAGOA_CAPTACAO.mp3,19_03_2026,APOIO_FAMILIAS_AFETADAS_LAGOA_CAPTACAO,,TJRN,NAO,H:\Meu Drive\RADIO TJRN CONTEÚDO\00_PRODUCAO_2026\01_BOLETINS_DIARIOS\03_AUDIOS_RADIO\03 - MAR - 26\19 03 - QUI
MARÇO,NJUD N/A,BOLETIM_RADIO_TJRN_19_03_2026_B8_VISITA_MAGISTRADOS_PARAIBA.mp3,19_03_2026,VISITA_MAGISTRADOS_PARAIBA,,TJRN,NAO,H:\Meu Drive\RADIO TJRN CONTEÚDO\00_PRODUCAO_2026\01_BOLETINS_DIARIOS\03_AUDIOS_RADIO\03 - MAR - 26\19 03 - QUI
MARÇO,NJUD N/A,BOLETIM_RADIO_TJRN_19_03_2026_B9_ENCONTRO_OUVIDORES_JUDICIAIS.mp3,19_03_2026,ENCONTRO_OUVIDORES_JUDICIAIS,,TJRN,NAO,H:\Meu Drive\RADIO TJRN CONTEÚDO\00_PRODUCAO_2026\01_BOLETINS_DIARIOS\03_AUDIOS_RADIO\03 - MAR - 26\19 03 - QUI
MARÇO,NJUD N/A,BOLETIM_RADIO_TJRN_20_03_2026_B10_CNJ_DENUNCIAS_GOLPES_FALSO_ADVOGADO_.mp3,20_03_2026,CNJ_DENUNCIAS_GOLPES_FALSO_ADVOGADO,,TJRN,NAO,H:\Meu Drive\RADIO TJRN CONTEÚDO\00_PRODUCAO_2026\01_BOLETINS_DIARIOS\03_AUDIOS_RADIO\03 - MAR - 26\20 03 - SEX
MARÇO,NJUD N/A,BOLETIM_RADIO_TJRN_20_03_2026_B1_TJRN_DECISAO_PLANO_SAUDE_.mp3,20_03_2026,TJRN_DECISAO_PLANO_SAUDE,,TJRN,NAO,H:\Meu Drive\RADIO TJRN CONTEÚDO\00_PRODUCAO_2026\01_BOLETINS_DIARIOS\03_AUDIOS_RADIO\03 - MAR - 26\20 03 - SEX
MARÇO,NJUD N/A,BOLETIM_RADIO_TJRN_20_03_2026_B2_TJRN_SERVIDOR_PUBLICO_REENQUADRAMENTO_.mp3,20_03_2026,TJRN_SERVIDOR_PUBLICO_REENQUADRAMENTO,,TJRN,NAO,H:\Meu Drive\RADIO TJRN CONTEÚDO\00_PRODUCAO_2026\01_BOLETINS_DIARIOS\03_AUDIOS_RADIO\03 - MAR - 26\20 03 - SEX
MARÇO,NJUD N/A,BOLETIM_RADIO_TJRN_20_03_2026_B3_TJRN_REALIZAR_CIRURGIA_OMBRO_.mp3,20_03_2026,TJRN_REALIZAR_CIRURGIA_OMBRO,,TJRN,NAO,H:\Meu Drive\RADIO TJRN CONTEÚDO\00_PRODUCAO_2026\01_BOLETINS_DIARIOS\03_AUDIOS_RADIO\03 - MAR - 26\20 03 - SEX
MARÇO,NJUD N/A,BOLETIM_RADIO_TJRN_20_03_2026_B4_TJRN_PLANO_SAUDE_CONDENADO_.mp3,20_03_2026,TJRN_PLANO_SAUDE_CONDENADO,,TJRN,NAO,H:\Meu Drive\RADIO TJRN CONTEÚDO\00_PRODUCAO_2026\01_BOLETINS_DIARIOS\03_AUDIOS_RADIO\03 - MAR - 26\20 03 - SEX
MARÇO,NJUD N/A,BOLETIM_RADIO_TJRN_20_03_2026_B5_TJRN_EMPRESA_VAREJO_ONLINE_DANO_MORAL_.mp3,20_03_2026,TJRN_EMPRESA_VAREJO_ONLINE_DANO_MORAL,,TJRN,NAO,H:\Meu Drive\RADIO TJRN CONTEÚDO\00_PRODUCAO_2026\01_BOLETINS_DIARIOS\03_AUDIOS_RADIO\03 - MAR - 26\20 03 - SEX
MARÇO,NJUD N/A,BOLETIM_RADIO_TJRN_20_03_2026_B6_TJRN_NEGA_MANDADO_SEGURANCA_EMPRESA.mp3,20_03_2026,TJRN_NEGA_MANDADO_SEGURANCA_EMPRESA,,TJRN,NAO,H:\Meu Drive\RADIO TJRN CONTEÚDO\00_PRODUCAO_2026\01_BOLETINS_DIARIOS\03_AUDIOS_RADIO\03 - MAR - 26\20 03 - SEX
MARÇO,NJUD N/A,BOLETIM_RADIO_TJRN_20_03_2026_B7_TJRN_ENCONTRO_MULHERES_JUSTICA.mp3,20_03_2026,TJRN_ENCONTRO_MULHERES_JUSTICA,,TJRN,NAO,H:\Meu Drive\RADIO TJRN CONTEÚDO\00_PRODUCAO_2026\01_BOLETINS_DIARIOS\03_AUDIOS_RADIO\03 - MAR - 26\20 03 - SEX
MARÇO,NJUD N/A,BOLETIM_RADIO_TJRN_20_03_2026_B8_OABRN_TIPIFICA_CRIME_FALSO_ADVOGADO_.mp3,20_03_2026,OABRN_TIPIFICA_CRIME_FALSO_ADVOGADO,,TJRN,NAO,H:\Meu Drive\RADIO TJRN CONTEÚDO\00_PRODUCAO_2026\01_BOLETINS_DIARIOS\03_AUDIOS_RADIO\03 - MAR - 26\20 03 - SEX
MARÇO,NJUD N/A,BOLETIM_RADIO_TJRN_20_03_2026_B9_MPRN_CONDENACAO_EMPRESA_MEDICAMENTOS_.mp3,20_03_2026,MPRN_CONDENACAO_EMPRESA_MEDICAMENTOS,,TJRN,NAO,H:\Meu Drive\RADIO TJRN CONTEÚDO\00_PRODUCAO_2026\01_BOLETINS_DIARIOS\03_AUDIOS_RADIO\03 - MAR - 26\20 03 - SEX
MARÇO,NJUD N/A,BOLETIM_RADIO_TJRN_23_03_2026_B10_TRATAMENTO_DOMICILIAR_CRIANCA.mp3,23_03_2026,TRATAMENTO_DOMICILIAR_CRIANCA,,TJRN,NAO,H:\Meu Drive\RADIO TJRN CONTEÚDO\00_PRODUCAO_2026\01_BOLETINS_DIARIOS\03_AUDIOS_RADIO\03 - MAR - 26\23 03 - SEG
MARÇO,NJUD N/A,BOLETIM_RADIO_TJRN_23_03_2026_B1_RESSARCIMENTO_CUSTOS_FISIOTERAPIA.mp3,23_03_2026,RESSARCIMENTO_CUSTOS_FISIOTERAPIA,,TJRN,NAO,H:\Meu Drive\RADIO TJRN CONTEÚDO\00_PRODUCAO_2026\01_BOLETINS_DIARIOS\03_AUDIOS_RADIO\03 - MAR - 26\23 03 - SEG
MARÇO,NJUD N/A,BOLETIM_RADIO_TJRN_23_03_2026_B2_SUSPENSAO_EVENTOS_PRAIA_MIAMI.mp3,23_03_2026,SUSPENSAO_EVENTOS_PRAIA_MIAMI,,TJRN,NAO,H:\Meu Drive\RADIO TJRN CONTEÚDO\00_PRODUCAO_2026\01_BOLETINS_DIARIOS\03_AUDIOS_RADIO\03 - MAR - 26\23 03 - SEG
MARÇO,NJUD N/A,BOLETIM_RADIO_TJRN_23_03_2026_B3_AULA_INAUGURAL_DOUTORADO_ESMARN.mp3,23_03_2026,AULA_INAUGURAL_DOUTORADO_ESMARN,,TJRN,NAO,H:\Meu Drive\RADIO TJRN CONTEÚDO\00_PRODUCAO_2026\01_BOLETINS_DIARIOS\03_AUDIOS_RADIO\03 - MAR - 26\23 03 - SEG
MARÇO,NJUD N/A,BOLETIM_RADIO_TJRN_23_03_2026_B4_NEGADA_REVISAO_MEDIDAS_PROTETIVAS.mp3,23_03_2026,NEGADA_REVISAO_MEDIDAS_PROTETIVAS,,TJRN,NAO,H:\Meu Drive\RADIO TJRN CONTEÚDO\00_PRODUCAO_2026\01_BOLETINS_DIARIOS\03_AUDIOS_RADIO\03 - MAR - 26\23 03 - SEG
MARÇO,NJUD N/A,BOLETIM_RADIO_TJRN_23_03_2026_B5_INTERNACAO_PENDENCIAS.mp3,23_03_2026,INTERNACAO_PENDENCIAS,,TJRN,NAO,H:\Meu Drive\RADIO TJRN CONTEÚDO\00_PRODUCAO_2026\01_BOLETINS_DIARIOS\03_AUDIOS_RADIO\03 - MAR - 26\23 03 - SEG
MARÇO,NJUD N/A,BOLETIM_RADIO_TJRN_23_03_2026_B6_CANCELAMENTO_ABUSIVO_PASSAGEM.mp3,23_03_2026,CANCELAMENTO_ABUSIVO_PASSAGEM,,TJRN,NAO,H:\Meu Drive\RADIO TJRN CONTEÚDO\00_PRODUCAO_2026\01_BOLETINS_DIARIOS\03_AUDIOS_RADIO\03 - MAR - 26\23 03 - SEG
MARÇO,NJUD N/A,BOLETIM_RADIO_TJRN_23_03_2026_B7_DEVOLUCAO_MILHAS.mp3,23_03_2026,DEVOLUCAO_MILHAS,,TJRN,NAO,H:\Meu Drive\RADIO TJRN CONTEÚDO\00_PRODUCAO_2026\01_BOLETINS_DIARIOS\03_AUDIOS_RADIO\03 - MAR - 26\23 03 - SEG
MARÇO,NJUD N/A,BOLETIM_RADIO_TJRN_23_03_2026_B8_MUTIRAO_EFICIENCIA_PJE.mp3,23_03_2026,MUTIRAO_EFICIENCIA_PJE,,TJRN,NAO,H:\Meu Drive\RADIO TJRN CONTEÚDO\00_PRODUCAO_2026\01_BOLETINS_DIARIOS\03_AUDIOS_RADIO\03 - MAR - 26\23 03 - SEG
MARÇO,NJUD N/A,BOLETIM_RADIO_TJRN_23_03_2026_B9_CAPACITACAO_ESCUTA_PROTEGIDA.mp3,23_03_2026,CAPACITACAO_ESCUTA_PROTEGIDA,,TJRN,NAO,H:\Meu Drive\RADIO TJRN CONTEÚDO\00_PRODUCAO_2026\01_BOLETINS_DIARIOS\03_AUDIOS_RADIO\03 - MAR - 26\23 03 - SEG
MARÇO,NJUD N/A,BOLETIM_RADIO_TJRN_24_03_2026_B10_MPRN_ORIENTA_PREFEITOS_GASTOS_JUNINOS_.mp3,24_03_2026,MPRN_ORIENTA_PREFEITOS_GASTOS_JUNINOS,,TJRN,NAO,H:\Meu Drive\RADIO TJRN CONTEÚDO\00_PRODUCAO_2026\01_BOLETINS_DIARIOS\03_AUDIOS_RADIO\03 - MAR - 26\24 03 - TER
MARÇO,NJUD N/A,BOLETIM_RADIO_TJRN_24_03_2026_B1_TJRN_PLANO_SAUDE_NEGA_TRATAMENTO.mp3,24_03_2026,TJRN_PLANO_SAUDE_NEGA_TRATAMENTO,,TJRN,NAO,H:\Meu Drive\RADIO TJRN CONTEÚDO\00_PRODUCAO_2026\01_BOLETINS_DIARIOS\03_AUDIOS_RADIO\03 - MAR - 26\24 03 - TER
MARÇO,NJUD N/A,BOLETIM_RADIO_TJRN_24_03_2026_B2_TJRN_SERRA_MEL_CONVOCACAO_CANDIDATO_.mp3,24_03_2026,TJRN_SERRA_MEL_CONVOCACAO_CANDIDATO,,TJRN,NAO,H:\Meu Drive\RADIO TJRN CONTEÚDO\00_PRODUCAO_2026\01_BOLETINS_DIARIOS\03_AUDIOS_RADIO\03 - MAR - 26\24 03 - TER
MARÇO,NJUD N/A,BOLETIM_RADIO_TJRN_24_03_2026_B3_TJRN_ATRASO_REEMBOLSO.mp3,24_03_2026,TJRN_ATRASO_REEMBOLSO,,TJRN,NAO,H:\Meu Drive\RADIO TJRN CONTEÚDO\00_PRODUCAO_2026\01_BOLETINS_DIARIOS\03_AUDIOS_RADIO\03 - MAR - 26\24 03 - TER
MARÇO,NJUD N/A,BOLETIM_RADIO_TJRN_24_03_2026_B4_TJRN_COLISAO_CAMINHAO_ENTULHOS_.mp3,24_03_2026,TJRN_COLISAO_CAMINHAO_ENTULHOS,,TJRN,NAO,H:\Meu Drive\RADIO TJRN CONTEÚDO\00_PRODUCAO_2026\01_BOLETINS_DIARIOS\03_AUDIOS_RADIO\03 - MAR - 26\24 03 - TER
MARÇO,NJUD N/A,BOLETIM_RADIO_TJRN_24_03_2026_B5_TJRN_CUMPRIMENTO_IMEDIATO_E_MULTA.mp3,24_03_2026,TJRN_CUMPRIMENTO_IMEDIATO_E_MULTA,,TJRN,NAO,H:\Meu Drive\RADIO TJRN CONTEÚDO\00_PRODUCAO_2026\01_BOLETINS_DIARIOS\03_AUDIOS_RADIO\03 - MAR - 26\24 03 - TER
MARÇO,NJUD N/A,BOLETIM_RADIO_TJRN_24_03_2026_B6_TJRN_EMPRESA_CONDENADA_NEGATIVACAO_INDEVIDA.mp3,24_03_2026,TJRN_EMPRESA_CONDENADA_NEGATIVACAO_INDEVIDA,,TJRN,NAO,H:\Meu Drive\RADIO TJRN CONTEÚDO\00_PRODUCAO_2026\01_BOLETINS_DIARIOS\03_AUDIOS_RADIO\03 - MAR - 26\24 03 - TER
MARÇO,NJUD N/A,BOLETIM_RADIO_TJRN_24_03_2026_B7_TJRN_COMPANHIA_AEREA_CONDENADA_OVERBOOKING_.mp3,24_03_2026,TJRN_COMPANHIA_AEREA_CONDENADA_OVERBOOKING,,TJRN,NAO,H:\Meu Drive\RADIO TJRN CONTEÚDO\00_PRODUCAO_2026\01_BOLETINS_DIARIOS\03_AUDIOS_RADIO\03 - MAR - 26\24 03 - TER
MARÇO,NJUD N/A,BOLETIM_RADIO_TJRN_24_03_2026_B8_TJRN_PARELHAS_PROJETOS_PRESTACOES_PECUNIARIAS_.mp3,24_03_2026,TJRN_PARELHAS_PROJETOS_PRESTACOES_PECUNIARIAS,,TJRN,NAO,H:\Meu Drive\RADIO TJRN CONTEÚDO\00_PRODUCAO_2026\01_BOLETINS_DIARIOS\03_AUDIOS_RADIO\03 - MAR - 26\24 03 - TER
MARÇO,NJUD N/A,BOLETIM_RADIO_TJRN_24_03_2026_B9_DPERN_BLOQUEIO_VERBAS_.mp3,24_03_2026,DPERN_BLOQUEIO_VERBAS,,TJRN,NAO,H:\Meu Drive\RADIO TJRN CONTEÚDO\00_PRODUCAO_2026\01_BOLETINS_DIARIOS\03_AUDIOS_RADIO\03 - MAR - 26\24 03 - TER
MARÇO,NJUD N/A,BOLETIM_RADIO_TJRN_25_03_2026_B10_MPRN_COMBATE_REDE_TRAFICO_.mp3,25_03_2026,MPRN_COMBATE_REDE_TRAFICO,,TJRN,NAO,H:\Meu Drive\RADIO TJRN CONTEÚDO\00_PRODUCAO_2026\01_BOLETINS_DIARIOS\03_AUDIOS_RADIO\03 - MAR - 26\25 03 - QUA
MARÇO,NJUD N/A,BOLETIM_RADIO_TJRN_25_03_2026_B1_TJRN_CURSO_SEGURANCA_INSTITUCIONAL_.mp3,25_03_2026,TJRN_CURSO_SEGURANCA_INSTITUCIONAL,,TJRN,NAO,H:\Meu Drive\RADIO TJRN CONTEÚDO\00_PRODUCAO_2026\01_BOLETINS_DIARIOS\03_AUDIOS_RADIO\03 - MAR - 26\25 03 - QUA
MARÇO,NJUD N/A,BOLETIM_RADIO_TJRN_25_03_2026_B2_TJRN_SUSPENDE_LICITACAO_PREGAO_.mp3,25_03_2026,TJRN_SUSPENDE_LICITACAO_PREGAO,,TJRN,NAO,H:\Meu Drive\RADIO TJRN CONTEÚDO\00_PRODUCAO_2026\01_BOLETINS_DIARIOS\03_AUDIOS_RADIO\03 - MAR - 26\25 03 - QUA
MARÇO,NJUD N/A,BOLETIM_RADIO_TJRN_25_03_2026_B3_TJRN_CLIENTE_INDENIZADO_COMPRA_CANCELADA_.mp3,25_03_2026,TJRN_CLIENTE_INDENIZADO_COMPRA_CANCELADA,,TJRN,NAO,H:\Meu Drive\RADIO TJRN CONTEÚDO\00_PRODUCAO_2026\01_BOLETINS_DIARIOS\03_AUDIOS_RADIO\03 - MAR - 26\25 03 - QUA
MARÇO,NJUD N/A,BOLETIM_RADIO_TJRN_25_03_2026_B4_TJRN_AFASTA_RESPONSABILIDADE_BANCO_GOLPE_.mp3,25_03_2026,TJRN_AFASTA_RESPONSABILIDADE_BANCO_GOLPE,,TJRN,NAO,H:\Meu Drive\RADIO TJRN CONTEÚDO\00_PRODUCAO_2026\01_BOLETINS_DIARIOS\03_AUDIOS_RADIO\03 - MAR - 26\25 03 - QUA
MARÇO,NJUD N/A,BOLETIM_RADIO_TJRN_25_03_2026_B5_TJRN_RECONHECE_FALHA_PLATAFORMA_JOGOS_.mp3,25_03_2026,TJRN_RECONHECE_FALHA_PLATAFORMA_JOGOS,,TJRN,NAO,H:\Meu Drive\RADIO TJRN CONTEÚDO\00_PRODUCAO_2026\01_BOLETINS_DIARIOS\03_AUDIOS_RADIO\03 - MAR - 26\25 03 - QUA
MARÇO,NJUD N/A,BOLETIM_RADIO_TJRN_25_03_2026_B6_TJRN_EMPRESA_TELEFONIA_CONDENADA_.mp3,25_03_2026,TJRN_EMPRESA_TELEFONIA_CONDENADA,,TJRN,NAO,H:\Meu Drive\RADIO TJRN CONTEÚDO\00_PRODUCAO_2026\01_BOLETINS_DIARIOS\03_AUDIOS_RADIO\03 - MAR - 26\25 03 - QUA
MARÇO,NJUD N/A,BOLETIM_RADIO_TJRN_25_03_2026_B7_TJRN_OPERADORA_CELULAR_ENVIO_EXCESSIVO_.mp3,25_03_2026,TJRN_OPERADORA_CELULAR_ENVIO_EXCESSIVO,,TJRN,NAO,H:\Meu Drive\RADIO TJRN CONTEÚDO\00_PRODUCAO_2026\01_BOLETINS_DIARIOS\03_AUDIOS_RADIO\03 - MAR - 26\25 03 - QUA
MARÇO,NJUD N/A,BOLETIM_RADIO_TJRN_25_03_2026_B8_TJRN_ASSEGURA_CIRURGIA_ALTA_COMPLEXIDADE.mp3,25_03_2026,TJRN_ASSEGURA_CIRURGIA_ALTA_COMPLEXIDADE,,TJRN,NAO,H:\Meu Drive\RADIO TJRN CONTEÚDO\00_PRODUCAO_2026\01_BOLETINS_DIARIOS\03_AUDIOS_RADIO\03 - MAR - 26\25 03 - QUA
MARÇO,NJUD N/A,BOLETIM_RADIO_TJRN_25_03_2026_B9_OABRB_CAMPANHA_VACINACAO_.mp3,25_03_2026,OABRB_CAMPANHA_VACINACAO,,TJRN,NAO,H:\Meu Drive\RADIO TJRN CONTEÚDO\00_PRODUCAO_2026\01_BOLETINS_DIARIOS\03_AUDIOS_RADIO\03 - MAR - 26\25 03 - QUA
MARÇO,NJUD N/A,BOLETIM_RADIO_TJRN_26_03_2026_B10_TRTRN_VARA_NEGA_DANOS_MORAIS_.mp3,26_03_2026,TRTRN_VARA_NEGA_DANOS_MORAIS,,TJRN,NAO,H:\Meu Drive\RADIO TJRN CONTEÚDO\00_PRODUCAO_2026\01_BOLETINS_DIARIOS\03_AUDIOS_RADIO\03 - MAR - 26\26 03 - QUI
MARÇO,NJUD N/A,BOLETIM_RADIO_TJRN_26_03_2026_B1_TJRN_CANGUARETAMA_SELECAO_INTERINO.mp3,26_03_2026,TJRN_CANGUARETAMA_SELECAO_INTERINO,,TJRN,NAO,H:\Meu Drive\RADIO TJRN CONTEÚDO\00_PRODUCAO_2026\01_BOLETINS_DIARIOS\03_AUDIOS_RADIO\03 - MAR - 26\26 03 - QUI
MARÇO,NJUD N/A,BOLETIM_RADIO_TJRN_26_03_2026_B2_TJRN_INAUGURA_PLATAFORMA_ACESSIBILIDADE.mp3,26_03_2026,TJRN_INAUGURA_PLATAFORMA_ACESSIBILIDADE,,TJRN,NAO,H:\Meu Drive\RADIO TJRN CONTEÚDO\00_PRODUCAO_2026\01_BOLETINS_DIARIOS\03_AUDIOS_RADIO\03 - MAR - 26\26 03 - QUI
MARÇO,NJUD N/A,BOLETIM_RADIO_TJRN_26_03_2026_B3_TJRN_GARANTE_ABANDONO_PERMANENCIA_RETROATIVO_.mp3,26_03_2026,TJRN_GARANTE_ABANDONO_PERMANENCIA_RETROATIVO,,TJRN,NAO,H:\Meu Drive\RADIO TJRN CONTEÚDO\00_PRODUCAO_2026\01_BOLETINS_DIARIOS\03_AUDIOS_RADIO\03 - MAR - 26\26 03 - QUI
MARÇO,NJUD N/A,BOLETIM_RADIO_TJRN_26_03_2026_B4_TJRN_EMPRESA_ENERGIA_SOLAR_CONDENADA_.mp3,26_03_2026,TJRN_EMPRESA_ENERGIA_SOLAR_CONDENADA,,TJRN,NAO,H:\Meu Drive\RADIO TJRN CONTEÚDO\00_PRODUCAO_2026\01_BOLETINS_DIARIOS\03_AUDIOS_RADIO\03 - MAR - 26\26 03 - QUI
MARÇO,NJUD N/A,BOLETIM_RADIO_TJRN_26_03_2026_B5_TJRN_EMPRESA_HOME_CARE_CONDENADA_.mp3,26_03_2026,TJRN_EMPRESA_HOME_CARE_CONDENADA,,TJRN,NAO,H:\Meu Drive\RADIO TJRN CONTEÚDO\00_PRODUCAO_2026\01_BOLETINS_DIARIOS\03_AUDIOS_RADIO\03 - MAR - 26\26 03 - QUI
MARÇO,NJUD N/A,BOLETIM_RADIO_TJRN_26_03_2026_B6_TJRN_NEGA_ACAO_IMPROBIDADE_CONTRATACAO_.mp3,26_03_2026,TJRN_NEGA_ACAO_IMPROBIDADE_CONTRATACAO,,TJRN,NAO,H:\Meu Drive\RADIO TJRN CONTEÚDO\00_PRODUCAO_2026\01_BOLETINS_DIARIOS\03_AUDIOS_RADIO\03 - MAR - 26\26 03 - QUI
MARÇO,NJUD N/A,BOLETIM_RADIO_TJRN_26_03_2026_B7_TJRN_REMICAO_PENA_POR_ESTUDO_.mp3,26_03_2026,TJRN_REMICAO_PENA_POR_ESTUDO,,TJRN,NAO,H:\Meu Drive\RADIO TJRN CONTEÚDO\00_PRODUCAO_2026\01_BOLETINS_DIARIOS\03_AUDIOS_RADIO\03 - MAR - 26\26 03 - QUI
MARÇO,NJUD N/A,BOLETIM_RADIO_TJRN_26_03_2026_B8_TJRN_SENTENCA_DETERMINA_REPARACAO_DEFEITOS_.mp3,26_03_2026,TJRN_SENTENCA_DETERMINA_REPARACAO_DEFEITOS,,TJRN,NAO,H:\Meu Drive\RADIO TJRN CONTEÚDO\00_PRODUCAO_2026\01_BOLETINS_DIARIOS\03_AUDIOS_RADIO\03 - MAR - 26\26 03 - QUI
MARÇO,NJUD N/A,BOLETIM_RADIO_TJRN_26_03_2026_B9_TJRN_PARNAMIRIM_DEVE_APRESENTAR_PLANO_CAPS_.mp3,26_03_2026,TJRN_PARNAMIRIM_DEVE_APRESENTAR_PLANO_CAPS,,TJRN,NAO,H:\Meu Drive\RADIO TJRN CONTEÚDO\00_PRODUCAO_2026\01_BOLETINS_DIARIOS\03_AUDIOS_RADIO\03 - MAR - 26\26 03 - QUI
MARÇO,NJUD N/A,BOLETIM_RADIO_TJRN_27_03_2026_B10_FALHAS_SERVICO_TELEFONIA_.mp3,27_03_2026,FALHAS_SERVICO_TELEFONIA,,TJRN,NAO,H:\Meu Drive\RADIO TJRN CONTEÚDO\00_PRODUCAO_2026\01_BOLETINS_DIARIOS\03_AUDIOS_RADIO\03 - MAR - 26\27 03 - SEX
MARÇO,NJUD N/A,BOLETIM_RADIO_TJRN_27_03_2026_B10_FALHAS_SERVICO_TELEFONIA__1782517289.mp3,27_03_2026,FALHAS_SERVICO_TELEFONIA__1782517289,,TJRN,NAO,H:\Meu Drive\RADIO TJRN CONTEÚDO\00_PRODUCAO_2026\01_BOLETINS_DIARIOS\03_AUDIOS_RADIO\03 - MAR - 26\27 03 - SEX
MARÇO,NJUD N/A,BOLETIM_RADIO_TJRN_27_03_2026_B10_FALHAS_SERVICO_TELEFONIA__1782542968.mp3,27_03_2026,FALHAS_SERVICO_TELEFONIA__1782542968,,TJRN,NAO,H:\Meu Drive\RADIO TJRN CONTEÚDO\00_PRODUCAO_2026\01_BOLETINS_DIARIOS\03_AUDIOS_RADIO\03 - MAR - 26\27 03 - SEX
MARÇO,NJUD N/A,BOLETIM_RADIO_TJRN_27_03_2026_B10_FALHAS_SERVICO_TELEFONIA__RESTORED.mp3,27_03_2026,FALHAS_SERVICO_TELEFONIA__RESTORED,,TJRN,NAO,H:\Meu Drive\RADIO TJRN CONTEÚDO\00_PRODUCAO_2026\01_BOLETINS_DIARIOS\03_AUDIOS_RADIO\03 - MAR - 26\27 03 - SEX
MARÇO,NJUD N/A,BOLETIM_RADIO_TJRN_27_03_2026_B1_TJRN_ESTADO_DEVE_CONCEDER_NOVO_PRAZO_APROVADO_.mp3,27_03_2026,TJRN_ESTADO_DEVE_CONCEDER_NOVO_PRAZO_APROVADO,,TJRN,NAO,H:\Meu Drive\RADIO TJRN CONTEÚDO\00_PRODUCAO_2026\01_BOLETINS_DIARIOS\03_AUDIOS_RADIO\03 - MAR - 26\27 03 - SEX
MARÇO,NJUD N/A,BOLETIM_RADIO_TJRN_27_03_2026_B2_TJRN_VARA_CRIMINAL_RESULTADO_SELECAO_.mp3,27_03_2026,TJRN_VARA_CRIMINAL_RESULTADO_SELECAO,,TJRN,NAO,H:\Meu Drive\RADIO TJRN CONTEÚDO\00_PRODUCAO_2026\01_BOLETINS_DIARIOS\03_AUDIOS_RADIO\03 - MAR - 26\27 03 - SEX
MARÇO,NJUD N/A,BOLETIM_RADIO_TJRN_27_03_2026_B3_TJRN_CAFE_DA_MANHA_OFICIAL_JUSTICA_.mp3,27_03_2026,TJRN_CAFE_DA_MANHA_OFICIAL_JUSTICA,,TJRN,NAO,H:\Meu Drive\RADIO TJRN CONTEÚDO\00_PRODUCAO_2026\01_BOLETINS_DIARIOS\03_AUDIOS_RADIO\03 - MAR - 26\27 03 - SEX
MARÇO,NJUD N/A,BOLETIM_RADIO_TJRN_27_03_2026_B4_TJRN_OFICINAS_ENTREGA_VOLUNTARIA_.mp3,27_03_2026,TJRN_OFICINAS_ENTREGA_VOLUNTARIA,,TJRN,NAO,H:\Meu Drive\RADIO TJRN CONTEÚDO\00_PRODUCAO_2026\01_BOLETINS_DIARIOS\03_AUDIOS_RADIO\03 - MAR - 26\27 03 - SEX
MARÇO,NJUD N/A,BOLETIM_RADIO_TJRN_27_03_2026_B5_TJRN_DETERMINA_ESTADO_NOMEIE_APROVADOS_.mp3,27_03_2026,TJRN_DETERMINA_ESTADO_NOMEIE_APROVADOS,,TJRN,NAO,H:\Meu Drive\RADIO TJRN CONTEÚDO\00_PRODUCAO_2026\01_BOLETINS_DIARIOS\03_AUDIOS_RADIO\03 - MAR - 26\27 03 - SEX
MARÇO,NJUD N/A,BOLETIM_RADIO_TJRN_27_03_2026_B6_TJRN_CONSUMIDORA_RECEBERA_INDENIZACAO_.mp3,27_03_2026,TJRN_CONSUMIDORA_RECEBERA_INDENIZACAO,,TJRN,NAO,H:\Meu Drive\RADIO TJRN CONTEÚDO\00_PRODUCAO_2026\01_BOLETINS_DIARIOS\03_AUDIOS_RADIO\03 - MAR - 26\27 03 - SEX
MARÇO,NJUD N/A,BOLETIM_RADIO_TJRN_27_03_2026_B6_TJRN_CONSUMIDORA_RECEBERA_INDENIZACAO__1782517289.mp3,27_03_2026,TJRN_CONSUMIDORA_RECEBERA_INDENIZACAO__1782517289,,TJRN,NAO,H:\Meu Drive\RADIO TJRN CONTEÚDO\00_PRODUCAO_2026\01_BOLETINS_DIARIOS\03_AUDIOS_RADIO\03 - MAR - 26\27 03 - SEX
MARÇO,NJUD N/A,BOLETIM_RADIO_TJRN_27_03_2026_B6_TJRN_CONSUMIDORA_RECEBERA_INDENIZACAO__1782542968.mp3,27_03_2026,TJRN_CONSUMIDORA_RECEBERA_INDENIZACAO__1782542968,,TJRN,NAO,H:\Meu Drive\RADIO TJRN CONTEÚDO\00_PRODUCAO_2026\01_BOLETINS_DIARIOS\03_AUDIOS_RADIO\03 - MAR - 26\27 03 - SEX
MARÇO,NJUD N/A,BOLETIM_RADIO_TJRN_27_03_2026_B6_TJRN_CONSUMIDORA_RECEBERA_INDENIZACAO__RESTORED.mp3,27_03_2026,TJRN_CONSUMIDORA_RECEBERA_INDENIZACAO__RESTORED,,TJRN,NAO,H:\Meu Drive\RADIO TJRN CONTEÚDO\00_PRODUCAO_2026\01_BOLETINS_DIARIOS\03_AUDIOS_RADIO\03 - MAR - 26\27 03 - SEX
MARÇO,NJUD N/A,BOLETIM_RADIO_TJRN_27_03_2026_B7_TJRN_REDE_SOCIAL_CONDENADA_INDENIZACAO_.mp3,27_03_2026,TJRN_REDE_SOCIAL_CONDENADA_INDENIZACAO,,TJRN,NAO,H:\Meu Drive\RADIO TJRN CONTEÚDO\00_PRODUCAO_2026\01_BOLETINS_DIARIOS\03_AUDIOS_RADIO\03 - MAR - 26\27 03 - SEX
MARÇO,NJUD N/A,BOLETIM_RADIO_TJRN_27_03_2026_B7_TJRN_REDE_SOCIAL_CONDENADA_INDENIZACAO__1782517288.mp3,27_03_2026,TJRN_REDE_SOCIAL_CONDENADA_INDENIZACAO__1782517288,,TJRN,NAO,H:\Meu Drive\RADIO TJRN CONTEÚDO\00_PRODUCAO_2026\01_BOLETINS_DIARIOS\03_AUDIOS_RADIO\03 - MAR - 26\27 03 - SEX
MARÇO,NJUD N/A,BOLETIM_RADIO_TJRN_27_03_2026_B7_TJRN_REDE_SOCIAL_CONDENADA_INDENIZACAO__1782542968.mp3,27_03_2026,TJRN_REDE_SOCIAL_CONDENADA_INDENIZACAO__1782542968,,TJRN,NAO,H:\Meu Drive\RADIO TJRN CONTEÚDO\00_PRODUCAO_2026\01_BOLETINS_DIARIOS\03_AUDIOS_RADIO\03 - MAR - 26\27 03 - SEX
MARÇO,NJUD N/A,BOLETIM_RADIO_TJRN_27_03_2026_B7_TJRN_REDE_SOCIAL_CONDENADA_INDENIZACAO__RESTORED.mp3,27_03_2026,TJRN_REDE_SOCIAL_CONDENADA_INDENIZACAO__RESTORED,,TJRN,NAO,H:\Meu Drive\RADIO TJRN CONTEÚDO\00_PRODUCAO_2026\01_BOLETINS_DIARIOS\03_AUDIOS_RADIO\03 - MAR - 26\27 03 - SEX
MARÇO,NJUD N/A,BOLETIM_RADIO_TJRN_27_03_2026_B8_TJRN_TURMA_RECURSAL_INSALUBRIDADE_SAMU_.mp3,27_03_2026,TJRN_TURMA_RECURSAL_INSALUBRIDADE_SAMU,,TJRN,NAO,H:\Meu Drive\RADIO TJRN CONTEÚDO\00_PRODUCAO_2026\01_BOLETINS_DIARIOS\03_AUDIOS_RADIO\03 - MAR - 26\27 03 - SEX
MARÇO,NJUD N/A,BOLETIM_RADIO_TJRN_27_03_2026_B8_TJRN_TURMA_RECURSAL_INSALUBRIDADE_SAMU__1782517288.mp3,27_03_2026,TJRN_TURMA_RECURSAL_INSALUBRIDADE_SAMU__1782517288,,TJRN,NAO,H:\Meu Drive\RADIO TJRN CONTEÚDO\00_PRODUCAO_2026\01_BOLETINS_DIARIOS\03_AUDIOS_RADIO\03 - MAR - 26\27 03 - SEX
MARÇO,NJUD N/A,BOLETIM_RADIO_TJRN_27_03_2026_B8_TJRN_TURMA_RECURSAL_INSALUBRIDADE_SAMU__1782542968.mp3,27_03_2026,TJRN_TURMA_RECURSAL_INSALUBRIDADE_SAMU__1782542968,,TJRN,NAO,H:\Meu Drive\RADIO TJRN CONTEÚDO\00_PRODUCAO_2026\01_BOLETINS_DIARIOS\03_AUDIOS_RADIO\03 - MAR - 26\27 03 - SEX
MARÇO,NJUD N/A,BOLETIM_RADIO_TJRN_27_03_2026_B8_TJRN_TURMA_RECURSAL_INSALUBRIDADE_SAMU__RESTORED.mp3,27_03_2026,TJRN_TURMA_RECURSAL_INSALUBRIDADE_SAMU__RESTORED,,TJRN,NAO,H:\Meu Drive\RADIO TJRN CONTEÚDO\00_PRODUCAO_2026\01_BOLETINS_DIARIOS\03_AUDIOS_RADIO\03 - MAR - 26\27 03 - SEX
MARÇO,NJUD N/A,BOLETIM_RADIO_TJRN_27_03_2026_B9_TJRN_CORTE_INDEVIDO_DE_ENERGIA_.mp3,27_03_2026,TJRN_CORTE_INDEVIDO_DE_ENERGIA,,TJRN,NAO,H:\Meu Drive\RADIO TJRN CONTEÚDO\00_PRODUCAO_2026\01_BOLETINS_DIARIOS\03_AUDIOS_RADIO\03 - MAR - 26\27 03 - SEX
MARÇO,NJUD N/A,BOLETIM_RADIO_TJRN_27_03_2026_B9_TJRN_CORTE_INDEVIDO_DE_ENERGIA__1782517289.mp3,27_03_2026,TJRN_CORTE_INDEVIDO_DE_ENERGIA__1782517289,,TJRN,NAO,H:\Meu Drive\RADIO TJRN CONTEÚDO\00_PRODUCAO_2026\01_BOLETINS_DIARIOS\03_AUDIOS_RADIO\03 - MAR - 26\27 03 - SEX
MARÇO,NJUD N/A,BOLETIM_RADIO_TJRN_27_03_2026_B9_TJRN_CORTE_INDEVIDO_DE_ENERGIA__1782542968.mp3,27_03_2026,TJRN_CORTE_INDEVIDO_DE_ENERGIA__1782542968,,TJRN,NAO,H:\Meu Drive\RADIO TJRN CONTEÚDO\00_PRODUCAO_2026\01_BOLETINS_DIARIOS\03_AUDIOS_RADIO\03 - MAR - 26\27 03 - SEX
MARÇO,NJUD N/A,BOLETIM_RADIO_TJRN_27_03_2026_B9_TJRN_CORTE_INDEVIDO_DE_ENERGIA__RESTORED.mp3,27_03_2026,TJRN_CORTE_INDEVIDO_DE_ENERGIA__RESTORED,,TJRN,NAO,H:\Meu Drive\RADIO TJRN CONTEÚDO\00_PRODUCAO_2026\01_BOLETINS_DIARIOS\03_AUDIOS_RADIO\03 - MAR - 26\27 03 - SEX
MARÇO,NJUD N/A,BOLETIM_RADIO_TJRN_30_03_2026_B10_PENSAO_GUARDA_MUNICIPAL.mp3,30_03_2026,PENSAO_GUARDA_MUNICIPAL,,TJRN,NAO,H:\Meu Drive\RADIO TJRN CONTEÚDO\00_PRODUCAO_2026\01_BOLETINS_DIARIOS\03_AUDIOS_RADIO\03 - MAR - 26\30 03 - SEG
MARÇO,NJUD N/A,BOLETIM_RADIO_TJRN_30_03_2026_B1_DANOS_MORAIS_NOME_NEGATIVADO.mp3,30_03_2026,DANOS_MORAIS_NOME_NEGATIVADO,,TJRN,NAO,H:\Meu Drive\RADIO TJRN CONTEÚDO\00_PRODUCAO_2026\01_BOLETINS_DIARIOS\03_AUDIOS_RADIO\03 - MAR - 26\30 03 - SEG
MARÇO,NJUD N/A,BOLETIM_RADIO_TJRN_30_03_2026_B2_GMF_EM_ACAO_PAU_DOS_FERROS.mp3,30_03_2026,GMF_EM_ACAO_PAU_DOS_FERROS,,TJRN,NAO,H:\Meu Drive\RADIO TJRN CONTEÚDO\00_PRODUCAO_2026\01_BOLETINS_DIARIOS\03_AUDIOS_RADIO\03 - MAR - 26\30 03 - SEG
MARÇO,NJUD N/A,BOLETIM_RADIO_TJRN_30_03_2026_B3_INDICES_ESTRATEGICOS_2025.mp3,30_03_2026,INDICES_ESTRATEGICOS_2025,,TJRN,NAO,H:\Meu Drive\RADIO TJRN CONTEÚDO\00_PRODUCAO_2026\01_BOLETINS_DIARIOS\03_AUDIOS_RADIO\03 - MAR - 26\30 03 - SEG
MARÇO,NJUD N/A,BOLETIM_RADIO_TJRN_30_03_2026_B4_RESIDENCIA_TERAPEUTICA_EGRESSOS.mp3,30_03_2026,RESIDENCIA_TERAPEUTICA_EGRESSOS,,TJRN,NAO,H:\Meu Drive\RADIO TJRN CONTEÚDO\00_PRODUCAO_2026\01_BOLETINS_DIARIOS\03_AUDIOS_RADIO\03 - MAR - 26\30 03 - SEG
MARÇO,NJUD N/A,BOLETIM_RADIO_TJRN_30_03_2026_B5_EVENTO_INOVACAO_SETIC.mp3,30_03_2026,EVENTO_INOVACAO_SETIC,,TJRN,NAO,H:\Meu Drive\RADIO TJRN CONTEÚDO\00_PRODUCAO_2026\01_BOLETINS_DIARIOS\03_AUDIOS_RADIO\03 - MAR - 26\30 03 - SEG
MARÇO,NJUD N/A,BOLETIM_RADIO_TJRN_30_03_2026_B6_AUTOMOVEL_DEFEITO_FABRICACAO.mp3,30_03_2026,AUTOMOVEL_DEFEITO_FABRICACAO,,TJRN,NAO,H:\Meu Drive\RADIO TJRN CONTEÚDO\00_PRODUCAO_2026\01_BOLETINS_DIARIOS\03_AUDIOS_RADIO\03 - MAR - 26\30 03 - SEG
MARÇO,NJUD N/A,BOLETIM_RADIO_TJRN_30_03_2026_B7_DESCONTOS_PREVIDENCIARIOS.mp3,30_03_2026,DESCONTOS_PREVIDENCIARIOS,,TJRN,NAO,H:\Meu Drive\RADIO TJRN CONTEÚDO\00_PRODUCAO_2026\01_BOLETINS_DIARIOS\03_AUDIOS_RADIO\03 - MAR - 26\30 03 - SEG
MARÇO,NJUD N/A,BOLETIM_RADIO_TJRN_30_03_2026_B8_BLOQUEIO_INDEVIDO_BANCO.mp3,30_03_2026,BLOQUEIO_INDEVIDO_BANCO,,TJRN,NAO,H:\Meu Drive\RADIO TJRN CONTEÚDO\00_PRODUCAO_2026\01_BOLETINS_DIARIOS\03_AUDIOS_RADIO\03 - MAR - 26\30 03 - SEG
MARÇO,NJUD N/A,BOLETIM_RADIO_TJRN_30_03_2026_B9_GMF_ACAO_MOSSORO.mp3,30_03_2026,GMF_ACAO_MOSSORO,,TJRN,NAO,H:\Meu Drive\RADIO TJRN CONTEÚDO\00_PRODUCAO_2026\01_BOLETINS_DIARIOS\03_AUDIOS_RADIO\03 - MAR - 26\30 03 - SEG
MARÇO,NJUD N/A,BOLETIM_RADIO_TJRN_31_03_2026_B10_TJRN_REFORMA_DECISAO_CONTRATACAO_ASSESSORIA_.mp3,31_03_2026,TJRN_REFORMA_DECISAO_CONTRATACAO_ASSESSORIA,,TJRN,NAO,H:\Meu Drive\RADIO TJRN CONTEÚDO\00_PRODUCAO_2026\01_BOLETINS_DIARIOS\03_AUDIOS_RADIO\03 - MAR - 26\31 03 - TER
MARÇO,NJUD N/A,BOLETIM_RADIO_TJRN_31_03_2026_B10_TJRN_REFORMA_DECISAO_CONTRATACAO_ASSESSORIA__RESTORED.mp3,31_03_2026,TJRN_REFORMA_DECISAO_CONTRATACAO_ASSESSORIA__RESTORED,,TJRN,NAO,H:\Meu Drive\RADIO TJRN CONTEÚDO\00_PRODUCAO_2026\01_BOLETINS_DIARIOS\03_AUDIOS_RADIO\03 - MAR - 26\31 03 - TER
MARÇO,NJUD N/A,BOLETIM_RADIO_TJRN_31_03_2026_B1_INJURIA_QUALIFICADA_IDOSA.mp3,31_03_2026,INJURIA_QUALIFICADA_IDOSA,,TJRN,NAO,H:\Meu Drive\RADIO TJRN CONTEÚDO\00_PRODUCAO_2026\01_BOLETINS_DIARIOS\03_AUDIOS_RADIO\03 - MAR - 26\31 03 - TER
MARÇO,NJUD N/A,BOLETIM_RADIO_TJRN_31_03_2026_B2_REINTEGRACAO_POSSE_IMOVEL.mp3,31_03_2026,REINTEGRACAO_POSSE_IMOVEL,,TJRN,NAO,H:\Meu Drive\RADIO TJRN CONTEÚDO\00_PRODUCAO_2026\01_BOLETINS_DIARIOS\03_AUDIOS_RADIO\03 - MAR - 26\31 03 - TER
MARÇO,NJUD N/A,BOLETIM_RADIO_TJRN_31_03_2026_B3_BANCA_HETEROIDENTIFICACAO_ENAM.mp3,31_03_2026,BANCA_HETEROIDENTIFICACAO_ENAM,,TJRN,NAO,H:\Meu Drive\RADIO TJRN CONTEÚDO\00_PRODUCAO_2026\01_BOLETINS_DIARIOS\03_AUDIOS_RADIO\03 - MAR - 26\31 03 - TER
MARÇO,NJUD N/A,BOLETIM_RADIO_TJRN_31_03_2026_B4_CONVOCADOS_CONCURSO.mp3,31_03_2026,CONVOCADOS_CONCURSO,,TJRN,NAO,H:\Meu Drive\RADIO TJRN CONTEÚDO\00_PRODUCAO_2026\01_BOLETINS_DIARIOS\03_AUDIOS_RADIO\03 - MAR - 26\31 03 - TER
MARÇO,NJUD N/A,BOLETIM_RADIO_TJRN_31_03_2026_B5_TJRN_FINALISTA_COMUNICACAO_PUBLICA.mp3,31_03_2026,TJRN_FINALISTA_COMUNICACAO_PUBLICA,,TJRN,NAO,H:\Meu Drive\RADIO TJRN CONTEÚDO\00_PRODUCAO_2026\01_BOLETINS_DIARIOS\03_AUDIOS_RADIO\03 - MAR - 26\31 03 - TER
MARÇO,NJUD N/A,BOLETIM_RADIO_TJRN_31_03_2026_B6_PAVILHAO_MARIO_NEGOCIO.mp3,31_03_2026,PAVILHAO_MARIO_NEGOCIO,,TJRN,NAO,H:\Meu Drive\RADIO TJRN CONTEÚDO\00_PRODUCAO_2026\01_BOLETINS_DIARIOS\03_AUDIOS_RADIO\03 - MAR - 26\31 03 - TER
MARÇO,NJUD N/A,BOLETIM_RADIO_TJRN_31_03_2026_B7_TJRN_CONDENA_HOMEM_INJURIA_.mp3,31_03_2026,TJRN_CONDENA_HOMEM_INJURIA,,TJRN,NAO,H:\Meu Drive\RADIO TJRN CONTEÚDO\00_PRODUCAO_2026\01_BOLETINS_DIARIOS\03_AUDIOS_RADIO\03 - MAR - 26\31 03 - TER
MARÇO,NJUD N/A,BOLETIM_RADIO_TJRN_31_03_2026_B7_TJRN_CONDENA_HOMEM_INJURIA__RESTORED.mp3,31_03_2026,TJRN_CONDENA_HOMEM_INJURIA__RESTORED,,TJRN,NAO,H:\Meu Drive\RADIO TJRN CONTEÚDO\00_PRODUCAO_2026\01_BOLETINS_DIARIOS\03_AUDIOS_RADIO\03 - MAR - 26\31 03 - TER
MARÇO,NJUD N/A,BOLETIM_RADIO_TJRN_31_03_2026_B8_TJRN_DESCREDENCIAMENTO_CLINICA_.mp3,31_03_2026,TJRN_DESCREDENCIAMENTO_CLINICA,,TJRN,NAO,H:\Meu Drive\RADIO TJRN CONTEÚDO\00_PRODUCAO_2026\01_BOLETINS_DIARIOS\03_AUDIOS_RADIO\03 - MAR - 26\31 03 - TER
MARÇO,NJUD N/A,BOLETIM_RADIO_TJRN_31_03_2026_B8_TJRN_DESCREDENCIAMENTO_CLINICA__RESTORED.mp3,31_03_2026,TJRN_DESCREDENCIAMENTO_CLINICA__RESTORED,,TJRN,NAO,H:\Meu Drive\RADIO TJRN CONTEÚDO\00_PRODUCAO_2026\01_BOLETINS_DIARIOS\03_AUDIOS_RADIO\03 - MAR - 26\31 03 - TER
MARÇO,NJUD N/A,BOLETIM_RADIO_TJRN_31_03_2026_B9_TJRN_PROCEDIMENTOS_REPARADORES_.mp3,31_03_2026,TJRN_PROCEDIMENTOS_REPARADORES,,TJRN,NAO,H:\Meu Drive\RADIO TJRN CONTEÚDO\00_PRODUCAO_2026\01_BOLETINS_DIARIOS\03_AUDIOS_RADIO\03 - MAR - 26\31 03 - TER
MARÇO,NJUD N/A,BOLETIM_RADIO_TJRN_31_03_2026_B9_TJRN_PROCEDIMENTOS_REPARADORES__RESTORED.mp3,31_03_2026,TJRN_PROCEDIMENTOS_REPARADORES__RESTORED,,TJRN,NAO,H:\Meu Drive\RADIO TJRN CONTEÚDO\00_PRODUCAO_2026\01_BOLETINS_DIARIOS\03_AUDIOS_RADIO\03 - MAR - 26\31 03 - TER
MARÇO,NJUD N/A,BOLETIM_RADIO_TJRN_04_03_2026_B10_MPRN_FIRMA_ACORDO_INTERINSTITUCIONAL_.mp3,04_03_2026,MPRN_FIRMA_ACORDO_INTERINSTITUCIONAL,,TJRN,NAO,H:\Meu Drive\RADIO TJRN CONTEÚDO\00_PRODUCAO_2026\01_BOLETINS_DIARIOS\03_AUDIOS_RADIO\03 - MAR - 26
MARÇO,NJUD N/A,BOLETIM_RADIO_TJRN_04_03_2026_B6_PENAS_PECUNIARIAS_CANGUARETAMA.mp3,04_03_2026,PENAS_PECUNIARIAS_CANGUARETAMA,,TJRN,NAO,H:\Meu Drive\RADIO TJRN CONTEÚDO\00_PRODUCAO_2026\01_BOLETINS_DIARIOS\03_AUDIOS_RADIO\03 - MAR - 26
MARÇO,NJUD N/A,BOLETIM_RADIO_TJRN_04_03_2026_B7_TRTRN_SOCIO_RESPONSABILIZADO_.mp3,04_03_2026,TRTRN_SOCIO_RESPONSABILIZADO,,TJRN,NAO,H:\Meu Drive\RADIO TJRN CONTEÚDO\00_PRODUCAO_2026\01_BOLETINS_DIARIOS\03_AUDIOS_RADIO\03 - MAR - 26
MARÇO,NJUD N/A,BOLETIM_RADIO_TJRN_04_03_2026_B9_CNJ_NOTA_TECNICA_COMBATE_FALSO_ADVOGADO_.mp3,04_03_2026,CNJ_NOTA_TECNICA_COMBATE_FALSO_ADVOGADO,,TJRN,NAO,H:\Meu Drive\RADIO TJRN CONTEÚDO\00_PRODUCAO_2026\01_BOLETINS_DIARIOS\03_AUDIOS_RADIO\03 - MAR - 26
MARÇO,NJUD N/A,BOLETIM_RADIO_TJRN_10_03_2026_B10_TJRN_TERMO_GUIA_UNICA_ARRECADACAO_.mp3,10_03_2026,TJRN_TERMO_GUIA_UNICA_ARRECADACAO,,TJRN,NAO,H:\Meu Drive\RADIO TJRN CONTEÚDO\00_PRODUCAO_2026\01_BOLETINS_DIARIOS\03_AUDIOS_RADIO\03 - MAR - 26
MARÇO,NJUD N/A,BOLETIM_RADIO_TJRN_10_03_2026_B6_TJRN_PARTICIPACAO_ATLETA_CAMPEONATO.mp3,10_03_2026,TJRN_PARTICIPACAO_ATLETA_CAMPEONATO,,TJRN,NAO,H:\Meu Drive\RADIO TJRN CONTEÚDO\00_PRODUCAO_2026\01_BOLETINS_DIARIOS\03_AUDIOS_RADIO\03 - MAR - 26
MARÇO,NJUD N/A,BOLETIM_RADIO_TJRN_10_03_2026_B7_TJRN_PARNAMIRIM_ESTAGIO_DIREITO_.mp3,10_03_2026,TJRN_PARNAMIRIM_ESTAGIO_DIREITO,,TJRN,NAO,H:\Meu Drive\RADIO TJRN CONTEÚDO\00_PRODUCAO_2026\01_BOLETINS_DIARIOS\03_AUDIOS_RADIO\03 - MAR - 26
MARÇO,NJUD N/A,BOLETIM_RADIO_TJRN_10_03_2026_B8_TJRN_EMPRESA_SETOR_INFORMATICA_.mp3,10_03_2026,TJRN_EMPRESA_SETOR_INFORMATICA,,TJRN,NAO,H:\Meu Drive\RADIO TJRN CONTEÚDO\00_PRODUCAO_2026\01_BOLETINS_DIARIOS\03_AUDIOS_RADIO\03 - MAR - 26
MARÇO,NJUD N/A,BOLETIM_RADIO_TJRN_10_03_2026_B9_TJRN_PRESTADOR_SERVICOS_ACUSADO_.mp3,10_03_2026,TJRN_PRESTADOR_SERVICOS_ACUSADO,,TJRN,NAO,H:\Meu Drive\RADIO TJRN CONTEÚDO\00_PRODUCAO_2026\01_BOLETINS_DIARIOS\03_AUDIOS_RADIO\03 - MAR - 26
MARÇO,NJUD N/A,BOLETIM_RADIO_TJRN_17_03_2026_B1_TJRN_NEGA_DECISAO_DANO_MORAL_.mp3,17_03_2026,TJRN_NEGA_DECISAO_DANO_MORAL,,TJRN,NAO,H:\Meu Drive\RADIO TJRN CONTEÚDO\00_PRODUCAO_2026\01_BOLETINS_DIARIOS\03_AUDIOS_RADIO\03 - MAR - 26
MARÇO,NJUD N/A,BOLETIM_RADIO_TJRN_23_03_2026_B10_TRATAMENTO_DOMICILIAR_CRIANCA.mp3,23_03_2026,TRATAMENTO_DOMICILIAR_CRIANCA,,TJRN,NAO,H:\Meu Drive\RADIO TJRN CONTEÚDO\00_PRODUCAO_2026\01_BOLETINS_DIARIOS\03_AUDIOS_RADIO\03 - MAR - 26
MARÇO,NJUD N/A,BOLETIM_RADIO_TJRN_23_03_2026_B1_RESSARCIMENTO_CUSTOS_FISIOTERAPIA.mp3,23_03_2026,RESSARCIMENTO_CUSTOS_FISIOTERAPIA,,TJRN,NAO,H:\Meu Drive\RADIO TJRN CONTEÚDO\00_PRODUCAO_2026\01_BOLETINS_DIARIOS\03_AUDIOS_RADIO\03 - MAR - 26
MARÇO,NJUD N/A,BOLETIM_RADIO_TJRN_23_03_2026_B2_SUSPENSAO_EVENTOS_PRAIA_MIAMI.mp3,23_03_2026,SUSPENSAO_EVENTOS_PRAIA_MIAMI,,TJRN,NAO,H:\Meu Drive\RADIO TJRN CONTEÚDO\00_PRODUCAO_2026\01_BOLETINS_DIARIOS\03_AUDIOS_RADIO\03 - MAR - 26
MARÇO,NJUD N/A,BOLETIM_RADIO_TJRN_23_03_2026_B3_AULA_INAUGURAL_DOUTORADO_ESMARN.mp3,23_03_2026,AULA_INAUGURAL_DOUTORADO_ESMARN,,TJRN,NAO,H:\Meu Drive\RADIO TJRN CONTEÚDO\00_PRODUCAO_2026\01_BOLETINS_DIARIOS\03_AUDIOS_RADIO\03 - MAR - 26
MARÇO,NJUD N/A,BOLETIM_RADIO_TJRN_23_03_2026_B4_NEGADA_REVISAO_MEDIDAS_PROTETIVAS.mp3,23_03_2026,NEGADA_REVISAO_MEDIDAS_PROTETIVAS,,TJRN,NAO,H:\Meu Drive\RADIO TJRN CONTEÚDO\00_PRODUCAO_2026\01_BOLETINS_DIARIOS\03_AUDIOS_RADIO\03 - MAR - 26
MARÇO,NJUD N/A,BOLETIM_RADIO_TJRN_23_03_2026_B5_INTERNACAO_PENDENCIAS.mp3,23_03_2026,INTERNACAO_PENDENCIAS,,TJRN,NAO,H:\Meu Drive\RADIO TJRN CONTEÚDO\00_PRODUCAO_2026\01_BOLETINS_DIARIOS\03_AUDIOS_RADIO\03 - MAR - 26
MARÇO,NJUD N/A,BOLETIM_RADIO_TJRN_23_03_2026_B6_CANCELAMENTO_ABUSIVO_PASSAGEM.mp3,23_03_2026,CANCELAMENTO_ABUSIVO_PASSAGEM,,TJRN,NAO,H:\Meu Drive\RADIO TJRN CONTEÚDO\00_PRODUCAO_2026\01_BOLETINS_DIARIOS\03_AUDIOS_RADIO\03 - MAR - 26
MARÇO,NJUD N/A,BOLETIM_RADIO_TJRN_23_03_2026_B7_DEVOLUCAO_MILHAS.mp3,23_03_2026,DEVOLUCAO_MILHAS,,TJRN,NAO,H:\Meu Drive\RADIO TJRN CONTEÚDO\00_PRODUCAO_2026\01_BOLETINS_DIARIOS\03_AUDIOS_RADIO\03 - MAR - 26
MARÇO,NJUD N/A,BOLETIM_RADIO_TJRN_23_03_2026_B8_MUTIRAO_EFICIENCIA_PJE.mp3,23_03_2026,MUTIRAO_EFICIENCIA_PJE,,TJRN,NAO,H:\Meu Drive\RADIO TJRN CONTEÚDO\00_PRODUCAO_2026\01_BOLETINS_DIARIOS\03_AUDIOS_RADIO\03 - MAR - 26
MARÇO,NJUD N/A,BOLETIM_RADIO_TJRN_23_03_2026_B9_CAPACITACAO_ESCUTA_PROTEGIDA.mp3,23_03_2026,CAPACITACAO_ESCUTA_PROTEGIDA,,TJRN,NAO,H:\Meu Drive\RADIO TJRN CONTEÚDO\00_PRODUCAO_2026\01_BOLETINS_DIARIOS\03_AUDIOS_RADIO\03 - MAR - 26
MARÇO,NJUD N/A,BOLETIM_RADIO_TJRN_24_03_2026_B10_MPRN_ORIENTA_PREFEITOS_GASTOS_JUNINOS_.mp3,24_03_2026,MPRN_ORIENTA_PREFEITOS_GASTOS_JUNINOS,,TJRN,NAO,H:\Meu Drive\RADIO TJRN CONTEÚDO\00_PRODUCAO_2026\01_BOLETINS_DIARIOS\03_AUDIOS_RADIO\03 - MAR - 26
MARÇO,NJUD N/A,BOLETIM_RADIO_TJRN_24_03_2026_B1_TJRN_PLANO_SAUDE_NEGA_TRATAMENTO.mp3,24_03_2026,TJRN_PLANO_SAUDE_NEGA_TRATAMENTO,,TJRN,NAO,H:\Meu Drive\RADIO TJRN CONTEÚDO\00_PRODUCAO_2026\01_BOLETINS_DIARIOS\03_AUDIOS_RADIO\03 - MAR - 26
MARÇO,NJUD N/A,BOLETIM_RADIO_TJRN_24_03_2026_B2_TJRN_SERRA_MEL_CONVOCACAO_CANDIDATO_.mp3,24_03_2026,TJRN_SERRA_MEL_CONVOCACAO_CANDIDATO,,TJRN,NAO,H:\Meu Drive\RADIO TJRN CONTEÚDO\00_PRODUCAO_2026\01_BOLETINS_DIARIOS\03_AUDIOS_RADIO\03 - MAR - 26
MARÇO,NJUD N/A,BOLETIM_RADIO_TJRN_24_03_2026_B3_TJRN_ATRASO_REEMBOLSO.mp3,24_03_2026,TJRN_ATRASO_REEMBOLSO,,TJRN,NAO,H:\Meu Drive\RADIO TJRN CONTEÚDO\00_PRODUCAO_2026\01_BOLETINS_DIARIOS\03_AUDIOS_RADIO\03 - MAR - 26
MARÇO,NJUD N/A,BOLETIM_RADIO_TJRN_24_03_2026_B4_TJRN_COLISAO_CAMINHAO_ENTULHOS_.mp3,24_03_2026,TJRN_COLISAO_CAMINHAO_ENTULHOS,,TJRN,NAO,H:\Meu Drive\RADIO TJRN CONTEÚDO\00_PRODUCAO_2026\01_BOLETINS_DIARIOS\03_AUDIOS_RADIO\03 - MAR - 26
MARÇO,NJUD N/A,BOLETIM_RADIO_TJRN_24_03_2026_B5_TJRN_CUMPRIMENTO_IMEDIATO_E_MULTA.mp3,24_03_2026,TJRN_CUMPRIMENTO_IMEDIATO_E_MULTA,,TJRN,NAO,H:\Meu Drive\RADIO TJRN CONTEÚDO\00_PRODUCAO_2026\01_BOLETINS_DIARIOS\03_AUDIOS_RADIO\03 - MAR - 26
MARÇO,NJUD N/A,BOLETIM_RADIO_TJRN_24_03_2026_B6_TJRN_EMPRESA_CONDENADA_NEGATIVACAO_INDEVIDA.mp3,24_03_2026,TJRN_EMPRESA_CONDENADA_NEGATIVACAO_INDEVIDA,,TJRN,NAO,H:\Meu Drive\RADIO TJRN CONTEÚDO\00_PRODUCAO_2026\01_BOLETINS_DIARIOS\03_AUDIOS_RADIO\03 - MAR - 26
MARÇO,NJUD N/A,BOLETIM_RADIO_TJRN_24_03_2026_B7_TJRN_COMPANHIA_AEREA_CONDENADA_OVERBOOKING_.mp3,24_03_2026,TJRN_COMPANHIA_AEREA_CONDENADA_OVERBOOKING,,TJRN,NAO,H:\Meu Drive\RADIO TJRN CONTEÚDO\00_PRODUCAO_2026\01_BOLETINS_DIARIOS\03_AUDIOS_RADIO\03 - MAR - 26
MARÇO,NJUD N/A,BOLETIM_RADIO_TJRN_24_03_2026_B8_TJRN_PARELHAS_PROJETOS_PRESTACOES_PECUNIARIAS_.mp3,24_03_2026,TJRN_PARELHAS_PROJETOS_PRESTACOES_PECUNIARIAS,,TJRN,NAO,H:\Meu Drive\RADIO TJRN CONTEÚDO\00_PRODUCAO_2026\01_BOLETINS_DIARIOS\03_AUDIOS_RADIO\03 - MAR - 26
MARÇO,NJUD N/A,BOLETIM_RADIO_TJRN_24_03_2026_B9_DPERN_BLOQUEIO_VERBAS_.mp3,24_03_2026,DPERN_BLOQUEIO_VERBAS,,TJRN,NAO,H:\Meu Drive\RADIO TJRN CONTEÚDO\00_PRODUCAO_2026\01_BOLETINS_DIARIOS\03_AUDIOS_RADIO\03 - MAR - 26
MARÇO,NJUD N/A,BOLETIM_RADIO_TJRN_25_03_2026_B1_TJRN_CURSO_SEGURANCA_INSTITUCIONAL_.mp3,25_03_2026,TJRN_CURSO_SEGURANCA_INSTITUCIONAL,,TJRN,NAO,H:\Meu Drive\RADIO TJRN CONTEÚDO\00_PRODUCAO_2026\01_BOLETINS_DIARIOS\03_AUDIOS_RADIO\03 - MAR - 26
MARÇO,NJUD N/A,BOLETIM_RADIO_TJRN_26_03_2026_B10_TRTRN_VARA_NEGA_DANOS_MORAIS_.mp3,26_03_2026,TRTRN_VARA_NEGA_DANOS_MORAIS,,TJRN,NAO,H:\Meu Drive\RADIO TJRN CONTEÚDO\00_PRODUCAO_2026\01_BOLETINS_DIARIOS\03_AUDIOS_RADIO\03 - MAR - 26
MARÇO,NJUD N/A,BOLETIM_RADIO_TJRN_26_03_2026_B1_TJRN_CANGUARETAMA_SELECAO_INTERINO.mp3,26_03_2026,TJRN_CANGUARETAMA_SELECAO_INTERINO,,TJRN,NAO,H:\Meu Drive\RADIO TJRN CONTEÚDO\00_PRODUCAO_2026\01_BOLETINS_DIARIOS\03_AUDIOS_RADIO\03 - MAR - 26
MARÇO,NJUD N/A,BOLETIM_RADIO_TJRN_26_03_2026_B2_TJRN_INAUGURA_PLATAFORMA_ACESSIBILIDADE.mp3,26_03_2026,TJRN_INAUGURA_PLATAFORMA_ACESSIBILIDADE,,TJRN,NAO,H:\Meu Drive\RADIO TJRN CONTEÚDO\00_PRODUCAO_2026\01_BOLETINS_DIARIOS\03_AUDIOS_RADIO\03 - MAR - 26
MARÇO,NJUD N/A,BOLETIM_RADIO_TJRN_26_03_2026_B3_TJRN_GARANTE_ABANDONO_PERMANENCIA_RETROATIVO_.mp3,26_03_2026,TJRN_GARANTE_ABANDONO_PERMANENCIA_RETROATIVO,,TJRN,NAO,H:\Meu Drive\RADIO TJRN CONTEÚDO\00_PRODUCAO_2026\01_BOLETINS_DIARIOS\03_AUDIOS_RADIO\03 - MAR - 26
MARÇO,NJUD N/A,BOLETIM_RADIO_TJRN_26_03_2026_B4_TJRN_EMPRESA_ENERGIA_SOLAR_CONDENADA_.mp3,26_03_2026,TJRN_EMPRESA_ENERGIA_SOLAR_CONDENADA,,TJRN,NAO,H:\Meu Drive\RADIO TJRN CONTEÚDO\00_PRODUCAO_2026\01_BOLETINS_DIARIOS\03_AUDIOS_RADIO\03 - MAR - 26
MARÇO,NJUD N/A,BOLETIM_RADIO_TJRN_26_03_2026_B5_TJRN_EMPRESA_HOME_CARE_CONDENADA_.mp3,26_03_2026,TJRN_EMPRESA_HOME_CARE_CONDENADA,,TJRN,NAO,H:\Meu Drive\RADIO TJRN CONTEÚDO\00_PRODUCAO_2026\01_BOLETINS_DIARIOS\03_AUDIOS_RADIO\03 - MAR - 26
MARÇO,NJUD N/A,BOLETIM_RADIO_TJRN_26_03_2026_B6_TJRN_NEGA_ACAO_IMPROBIDADE_CONTRATACAO_.mp3,26_03_2026,TJRN_NEGA_ACAO_IMPROBIDADE_CONTRATACAO,,TJRN,NAO,H:\Meu Drive\RADIO TJRN CONTEÚDO\00_PRODUCAO_2026\01_BOLETINS_DIARIOS\03_AUDIOS_RADIO\03 - MAR - 26
MARÇO,NJUD N/A,BOLETIM_RADIO_TJRN_26_03_2026_B7_TJRN_REMICAO_PENA_POR_ESTUDO_.mp3,26_03_2026,TJRN_REMICAO_PENA_POR_ESTUDO,,TJRN,NAO,H:\Meu Drive\RADIO TJRN CONTEÚDO\00_PRODUCAO_2026\01_BOLETINS_DIARIOS\03_AUDIOS_RADIO\03 - MAR - 26
MARÇO,NJUD N/A,BOLETIM_RADIO_TJRN_26_03_2026_B8_TJRN_SENTENCA_DETERMINA_REPARACAO_DEFEITOS_.mp3,26_03_2026,TJRN_SENTENCA_DETERMINA_REPARACAO_DEFEITOS,,TJRN,NAO,H:\Meu Drive\RADIO TJRN CONTEÚDO\00_PRODUCAO_2026\01_BOLETINS_DIARIOS\03_AUDIOS_RADIO\03 - MAR - 26
MARÇO,NJUD N/A,BOLETIM_RADIO_TJRN_26_03_2026_B9_TJRN_PARNAMIRIM_DEVE_APRESENTAR_PLANO_CAPS_.mp3,26_03_2026,TJRN_PARNAMIRIM_DEVE_APRESENTAR_PLANO_CAPS,,TJRN,NAO,H:\Meu Drive\RADIO TJRN CONTEÚDO\00_PRODUCAO_2026\01_BOLETINS_DIARIOS\03_AUDIOS_RADIO\03 - MAR - 26
MARÇO,NJUD N/A,BOLETIM_RADIO_TJRN_27_03_2026_B10_FALHAS_SERVICO_TELEFONIA_.mp3,27_03_2026,FALHAS_SERVICO_TELEFONIA,,TJRN,NAO,H:\Meu Drive\RADIO TJRN CONTEÚDO\00_PRODUCAO_2026\01_BOLETINS_DIARIOS\03_AUDIOS_RADIO\03 - MAR - 26
MARÇO,NJUD N/A,BOLETIM_RADIO_TJRN_27_03_2026_B1_TJRN_ESTADO_DEVE_CONCEDER_NOVO_PRAZO_APROVADO_.mp3,27_03_2026,TJRN_ESTADO_DEVE_CONCEDER_NOVO_PRAZO_APROVADO,,TJRN,NAO,H:\Meu Drive\RADIO TJRN CONTEÚDO\00_PRODUCAO_2026\01_BOLETINS_DIARIOS\03_AUDIOS_RADIO\03 - MAR - 26
MARÇO,NJUD N/A,BOLETIM_RADIO_TJRN_27_03_2026_B2_TJRN_VARA_CRIMINAL_RESULTADO_SELECAO_.mp3,27_03_2026,TJRN_VARA_CRIMINAL_RESULTADO_SELECAO,,TJRN,NAO,H:\Meu Drive\RADIO TJRN CONTEÚDO\00_PRODUCAO_2026\01_BOLETINS_DIARIOS\03_AUDIOS_RADIO\03 - MAR - 26
MARÇO,NJUD N/A,BOLETIM_RADIO_TJRN_27_03_2026_B3_TJRN_CAFE_DA_MANHA_OFICIAL_JUSTICA_.mp3,27_03_2026,TJRN_CAFE_DA_MANHA_OFICIAL_JUSTICA,,TJRN,NAO,H:\Meu Drive\RADIO TJRN CONTEÚDO\00_PRODUCAO_2026\01_BOLETINS_DIARIOS\03_AUDIOS_RADIO\03 - MAR - 26
MARÇO,NJUD N/A,BOLETIM_RADIO_TJRN_27_03_2026_B4_TJRN_OFICINAS_ENTREGA_VOLUNTARIA_.mp3,27_03_2026,TJRN_OFICINAS_ENTREGA_VOLUNTARIA,,TJRN,NAO,H:\Meu Drive\RADIO TJRN CONTEÚDO\00_PRODUCAO_2026\01_BOLETINS_DIARIOS\03_AUDIOS_RADIO\03 - MAR - 26
MARÇO,NJUD N/A,BOLETIM_RADIO_TJRN_27_03_2026_B5_TJRN_DETERMINA_ESTADO_NOMEIE_APROVADOS_.mp3,27_03_2026,TJRN_DETERMINA_ESTADO_NOMEIE_APROVADOS,,TJRN,NAO,H:\Meu Drive\RADIO TJRN CONTEÚDO\00_PRODUCAO_2026\01_BOLETINS_DIARIOS\03_AUDIOS_RADIO\03 - MAR - 26
MARÇO,NJUD N/A,BOLETIM_RADIO_TJRN_27_03_2026_B6_TJRN_CONSUMIDORA_RECEBERA_INDENIZACAO_.mp3,27_03_2026,TJRN_CONSUMIDORA_RECEBERA_INDENIZACAO,,TJRN,NAO,H:\Meu Drive\RADIO TJRN CONTEÚDO\00_PRODUCAO_2026\01_BOLETINS_DIARIOS\03_AUDIOS_RADIO\03 - MAR - 26
MARÇO,NJUD N/A,BOLETIM_RADIO_TJRN_27_03_2026_B7_TJRN_REDE_SOCIAL_CONDENADA_INDENIZACAO_.mp3,27_03_2026,TJRN_REDE_SOCIAL_CONDENADA_INDENIZACAO,,TJRN,NAO,H:\Meu Drive\RADIO TJRN CONTEÚDO\00_PRODUCAO_2026\01_BOLETINS_DIARIOS\03_AUDIOS_RADIO\03 - MAR - 26
MARÇO,NJUD N/A,BOLETIM_RADIO_TJRN_27_03_2026_B8_TJRN_TURMA_RECURSAL_INSALUBRIDADE_SAMU_.mp3,27_03_2026,TJRN_TURMA_RECURSAL_INSALUBRIDADE_SAMU,,TJRN,NAO,H:\Meu Drive\RADIO TJRN CONTEÚDO\00_PRODUCAO_2026\01_BOLETINS_DIARIOS\03_AUDIOS_RADIO\03 - MAR - 26
MARÇO,NJUD N/A,BOLETIM_RADIO_TJRN_27_03_2026_B9_TJRN_CORTE_INDEVIDO_DE_ENERGIA_.mp3,27_03_2026,TJRN_CORTE_INDEVIDO_DE_ENERGIA,,TJRN,NAO,H:\Meu Drive\RADIO TJRN CONTEÚDO\00_PRODUCAO_2026\01_BOLETINS_DIARIOS\03_AUDIOS_RADIO\03 - MAR - 26
MARÇO,NJUD N/A,BOLETIM_RADIO_TJRN_30_03_2026_B10_PENSAO_GUARDA_MUNICIPAL.mp3,30_03_2026,PENSAO_GUARDA_MUNICIPAL,,TJRN,NAO,H:\Meu Drive\RADIO TJRN CONTEÚDO\00_PRODUCAO_2026\01_BOLETINS_DIARIOS\03_AUDIOS_RADIO\03 - MAR - 26
MARÇO,NJUD N/A,BOLETIM_RADIO_TJRN_30_03_2026_B1_DANOS_MORAIS_NOME_NEGATIVADO.mp3,30_03_2026,DANOS_MORAIS_NOME_NEGATIVADO,,TJRN,NAO,H:\Meu Drive\RADIO TJRN CONTEÚDO\00_PRODUCAO_2026\01_BOLETINS_DIARIOS\03_AUDIOS_RADIO\03 - MAR - 26
MARÇO,NJUD N/A,BOLETIM_RADIO_TJRN_30_03_2026_B2_GMF_EM_ACAO_PAU_DOS_FERROS.mp3,30_03_2026,GMF_EM_ACAO_PAU_DOS_FERROS,,TJRN,NAO,H:\Meu Drive\RADIO TJRN CONTEÚDO\00_PRODUCAO_2026\01_BOLETINS_DIARIOS\03_AUDIOS_RADIO\03 - MAR - 26
MARÇO,NJUD N/A,BOLETIM_RADIO_TJRN_30_03_2026_B4_RESIDENCIA_TERAPEUTICA_EGRESSOS.mp3,30_03_2026,RESIDENCIA_TERAPEUTICA_EGRESSOS,,TJRN,NAO,H:\Meu Drive\RADIO TJRN CONTEÚDO\00_PRODUCAO_2026\01_BOLETINS_DIARIOS\03_AUDIOS_RADIO\03 - MAR - 26
MARÇO,NJUD N/A,BOLETIM_RADIO_TJRN_30_03_2026_B5_EVENTO_INOVACAO_SETIC.mp3,30_03_2026,EVENTO_INOVACAO_SETIC,,TJRN,NAO,H:\Meu Drive\RADIO TJRN CONTEÚDO\00_PRODUCAO_2026\01_BOLETINS_DIARIOS\03_AUDIOS_RADIO\03 - MAR - 26
MARÇO,NJUD N/A,BOLETIM_RADIO_TJRN_30_03_2026_B6_AUTOMOVEL_DEFEITO_FABRICACAO.mp3,30_03_2026,AUTOMOVEL_DEFEITO_FABRICACAO,,TJRN,NAO,H:\Meu Drive\RADIO TJRN CONTEÚDO\00_PRODUCAO_2026\01_BOLETINS_DIARIOS\03_AUDIOS_RADIO\03 - MAR - 26
MARÇO,NJUD N/A,BOLETIM_RADIO_TJRN_30_03_2026_B7_DESCONTOS_PREVIDENCIARIOS.mp3,30_03_2026,DESCONTOS_PREVIDENCIARIOS,,TJRN,NAO,H:\Meu Drive\RADIO TJRN CONTEÚDO\00_PRODUCAO_2026\01_BOLETINS_DIARIOS\03_AUDIOS_RADIO\03 - MAR - 26
MARÇO,NJUD N/A,BOLETIM_RADIO_TJRN_30_03_2026_B8_BLOQUEIO_INDEVIDO_BANCO.mp3,30_03_2026,BLOQUEIO_INDEVIDO_BANCO,,TJRN,NAO,H:\Meu Drive\RADIO TJRN CONTEÚDO\00_PRODUCAO_2026\01_BOLETINS_DIARIOS\03_AUDIOS_RADIO\03 - MAR - 26
MARÇO,NJUD N/A,BOLETIM_RADIO_TJRN_30_03_2026_B9_GMF_ACAO_MOSSORO.mp3,30_03_2026,GMF_ACAO_MOSSORO,,TJRN,NAO,H:\Meu Drive\RADIO TJRN CONTEÚDO\00_PRODUCAO_2026\01_BOLETINS_DIARIOS\03_AUDIOS_RADIO\03 - MAR - 26
MARÇO,NJUD N/A,BOLETIM_RADIO_TJRN_31_03_2026_B10_TJRN_REFORMA_DECISAO_CONTRATACAO_ASSESSORIA_.mp3,31_03_2026,TJRN_REFORMA_DECISAO_CONTRATACAO_ASSESSORIA,,TJRN,NAO,H:\Meu Drive\RADIO TJRN CONTEÚDO\00_PRODUCAO_2026\01_BOLETINS_DIARIOS\03_AUDIOS_RADIO\03 - MAR - 26
MARÇO,NJUD N/A,BOLETIM_RADIO_TJRN_31_03_2026_B1_INJURIA_QUALIFICADA_IDOSA.mp3,31_03_2026,INJURIA_QUALIFICADA_IDOSA,,TJRN,NAO,H:\Meu Drive\RADIO TJRN CONTEÚDO\00_PRODUCAO_2026\01_BOLETINS_DIARIOS\03_AUDIOS_RADIO\03 - MAR - 26
MARÇO,NJUD N/A,BOLETIM_RADIO_TJRN_31_03_2026_B2_REINTEGRACAO_POSSE_IMOVEL.mp3,31_03_2026,REINTEGRACAO_POSSE_IMOVEL,,TJRN,NAO,H:\Meu Drive\RADIO TJRN CONTEÚDO\00_PRODUCAO_2026\01_BOLETINS_DIARIOS\03_AUDIOS_RADIO\03 - MAR - 26
MARÇO,NJUD N/A,BOLETIM_RADIO_TJRN_31_03_2026_B3_BANCA_HETEROIDENTIFICACAO_ENAM.mp3,31_03_2026,BANCA_HETEROIDENTIFICACAO_ENAM,,TJRN,NAO,H:\Meu Drive\RADIO TJRN CONTEÚDO\00_PRODUCAO_2026\01_BOLETINS_DIARIOS\03_AUDIOS_RADIO\03 - MAR - 26
MARÇO,NJUD N/A,BOLETIM_RADIO_TJRN_31_03_2026_B4_CONVOCADOS_CONCURSO.mp3,31_03_2026,CONVOCADOS_CONCURSO,,TJRN,NAO,H:\Meu Drive\RADIO TJRN CONTEÚDO\00_PRODUCAO_2026\01_BOLETINS_DIARIOS\03_AUDIOS_RADIO\03 - MAR - 26
MARÇO,NJUD N/A,BOLETIM_RADIO_TJRN_31_03_2026_B5_TJRN_FINALISTA_COMUNICACAO_PUBLICA.mp3,31_03_2026,TJRN_FINALISTA_COMUNICACAO_PUBLICA,,TJRN,NAO,H:\Meu Drive\RADIO TJRN CONTEÚDO\00_PRODUCAO_2026\01_BOLETINS_DIARIOS\03_AUDIOS_RADIO\03 - MAR - 26
MARÇO,NJUD N/A,BOLETIM_RADIO_TJRN_31_03_2026_B6_PAVILHAO_MARIO_NEGOCIO.mp3,31_03_2026,PAVILHAO_MARIO_NEGOCIO,,TJRN,NAO,H:\Meu Drive\RADIO TJRN CONTEÚDO\00_PRODUCAO_2026\01_BOLETINS_DIARIOS\03_AUDIOS_RADIO\03 - MAR - 26
MARÇO,NJUD N/A,BOLETIM_RADIO_TJRN_31_03_2026_B7_TJRN_CONDENA_HOMEM_INJURIA_.mp3,31_03_2026,TJRN_CONDENA_HOMEM_INJURIA,,TJRN,NAO,H:\Meu Drive\RADIO TJRN CONTEÚDO\00_PRODUCAO_2026\01_BOLETINS_DIARIOS\03_AUDIOS_RADIO\03 - MAR - 26
MARÇO,NJUD N/A,BOLETIM_RADIO_TJRN_31_03_2026_B8_TJRN_DESCREDENCIAMENTO_CLINICA_.mp3,31_03_2026,TJRN_DESCREDENCIAMENTO_CLINICA,,TJRN,NAO,H:\Meu Drive\RADIO TJRN CONTEÚDO\00_PRODUCAO_2026\01_BOLETINS_DIARIOS\03_AUDIOS_RADIO\03 - MAR - 26
MARÇO,NJUD N/A,BOLETIM_RADIO_TJRN_31_03_2026_B9_TJRN_PROCEDIMENTOS_REPARADORES_.mp3,31_03_2026,TJRN_PROCEDIMENTOS_REPARADORES,,TJRN,NAO,H:\Meu Drive\RADIO TJRN CONTEÚDO\00_PRODUCAO_2026\01_BOLETINS_DIARIOS\03_AUDIOS_RADIO\03 - MAR - 26
ABRIL,NJUD N/A,BOLETIM_RADIO_TJRN_06_04_2026_B10_TJRN_CONDENA_FALSO_ADVOGADO_.mp3,06_04_2026,TJRN_CONDENA_FALSO_ADVOGADO,,TJRN,NAO,H:\Meu Drive\RADIO TJRN CONTEÚDO\00_PRODUCAO_2026\01_BOLETINS_DIARIOS\03_AUDIOS_RADIO\04 - ABR - 26\06 04 - SEG
ABRIL,NJUD N/A,BOLETIM_RADIO_TJRN_06_04_2026_B1_TJRN_FALHA_ELETRONICA_REGISTRO_DOCUMENTO_.mp3,06_04_2026,TJRN_FALHA_ELETRONICA_REGISTRO_DOCUMENTO,,TJRN,NAO,H:\Meu Drive\RADIO TJRN CONTEÚDO\00_PRODUCAO_2026\01_BOLETINS_DIARIOS\03_AUDIOS_RADIO\04 - ABR - 26\06 04 - SEG
ABRIL,NJUD N/A,BOLETIM_RADIO_TJRN_06_04_2026_B2_TJRN_PROJETO_GMF_REDE_SOCIOEDUCATIVA_.mp3,06_04_2026,TJRN_PROJETO_GMF_REDE_SOCIOEDUCATIVA,,TJRN,NAO,H:\Meu Drive\RADIO TJRN CONTEÚDO\00_PRODUCAO_2026\01_BOLETINS_DIARIOS\03_AUDIOS_RADIO\04 - ABR - 26\06 04 - SEG
ABRIL,NJUD N/A,BOLETIM_RADIO_TJRN_06_04_2026_B3_TJRN_COJUD_PROCESSO_SELETIVO_.mp3,06_04_2026,TJRN_COJUD_PROCESSO_SELETIVO,,TJRN,NAO,H:\Meu Drive\RADIO TJRN CONTEÚDO\00_PRODUCAO_2026\01_BOLETINS_DIARIOS\03_AUDIOS_RADIO\04 - ABR - 26\06 04 - SEG
ABRIL,NJUD N/A,BOLETIM_RADIO_TJRN_06_04_2026_B4_TJRN_MUNICIPIO_GARANTIR_CONSULTAS_.mp3,06_04_2026,TJRN_MUNICIPIO_GARANTIR_CONSULTAS,,TJRN,NAO,H:\Meu Drive\RADIO TJRN CONTEÚDO\00_PRODUCAO_2026\01_BOLETINS_DIARIOS\03_AUDIOS_RADIO\04 - ABR - 26\06 04 - SEG
ABRIL,NJUD N/A,BOLETIM_RADIO_TJRN_06_04_2026_B5_TJRN_MANTEM_RESPONSABILIZACAO_DANOS_ENCHENTE_.mp3,06_04_2026,TJRN_MANTEM_RESPONSABILIZACAO_DANOS_ENCHENTE,,TJRN,NAO,H:\Meu Drive\RADIO TJRN CONTEÚDO\00_PRODUCAO_2026\01_BOLETINS_DIARIOS\03_AUDIOS_RADIO\04 - ABR - 26\06 04 - SEG
ABRIL,NJUD N/A,BOLETIM_RADIO_TJRN_06_04_2026_B6_TJRN_NEGA_RECURSO_ACUSADO_TENTATIVA_FEMINICIDIO_.mp3,06_04_2026,TJRN_NEGA_RECURSO_ACUSADO_TENTATIVA_FEMINICIDIO,,TJRN,NAO,H:\Meu Drive\RADIO TJRN CONTEÚDO\00_PRODUCAO_2026\01_BOLETINS_DIARIOS\03_AUDIOS_RADIO\04 - ABR - 26\06 04 - SEG
ABRIL,NJUD N/A,BOLETIM_RADIO_TJRN_06_04_2026_B7_TJRN_ACORDOS_EXTRAJUDICIAIS_PROSSEGUIMENTOS_.mp3,06_04_2026,TJRN_ACORDOS_EXTRAJUDICIAIS_PROSSEGUIMENTOS,,TJRN,NAO,H:\Meu Drive\RADIO TJRN CONTEÚDO\00_PRODUCAO_2026\01_BOLETINS_DIARIOS\03_AUDIOS_RADIO\04 - ABR - 26\06 04 - SEG
ABRIL,NJUD N/A,BOLETIM_RADIO_TJRN_06_04_2026_B8_TJRN_DECISAO_REALIZACAO_PERICIA_GRAFOTECNICA_.mp3,06_04_2026,TJRN_DECISAO_REALIZACAO_PERICIA_GRAFOTECNICA,,TJRN,NAO,H:\Meu Drive\RADIO TJRN CONTEÚDO\00_PRODUCAO_2026\01_BOLETINS_DIARIOS\03_AUDIOS_RADIO\04 - ABR - 26\06 04 - SEG
ABRIL,NJUD N/A,BOLETIM_RADIO_TJRN_06_04_2026_B9_TJRN_GARANTE_COBERTURA_PARTO_SEM_CARENCIA_.mp3,06_04_2026,TJRN_GARANTE_COBERTURA_PARTO_SEM_CARENCIA,,TJRN,NAO,H:\Meu Drive\RADIO TJRN CONTEÚDO\00_PRODUCAO_2026\01_BOLETINS_DIARIOS\03_AUDIOS_RADIO\04 - ABR - 26\06 04 - SEG
ABRIL,NJUD N/A,BOLETIM_RADIO_TJRN_07_04_2026_B10_REPARADORA_BARIATRICA.mp3,07_04_2026,REPARADORA_BARIATRICA,,TJRN,NAO,H:\Meu Drive\RADIO TJRN CONTEÚDO\00_PRODUCAO_2026\01_BOLETINS_DIARIOS\03_AUDIOS_RADIO\04 - ABR - 26\07 04 - TER
ABRIL,NJUD N/A,BOLETIM_RADIO_TJRN_07_04_2026_B1_TJRN_CLIENTES_RECEBERAM_AGENCIA_TURISMO_.mp3,07_04_2026,TJRN_CLIENTES_RECEBERAM_AGENCIA_TURISMO,,TJRN,NAO,H:\Meu Drive\RADIO TJRN CONTEÚDO\00_PRODUCAO_2026\01_BOLETINS_DIARIOS\03_AUDIOS_RADIO\04 - ABR - 26\07 04 - TER
ABRIL,NJUD N/A,BOLETIM_RADIO_TJRN_07_04_2026_B2_TJRN_CONSOLIDA_MEDIACAO_CONFLITOS_.mp3,07_04_2026,TJRN_CONSOLIDA_MEDIACAO_CONFLITOS,,TJRN,NAO,H:\Meu Drive\RADIO TJRN CONTEÚDO\00_PRODUCAO_2026\01_BOLETINS_DIARIOS\03_AUDIOS_RADIO\04 - ABR - 26\07 04 - TER
ABRIL,NJUD N/A,BOLETIM_RADIO_TJRN_07_04_2026_B3_TJRN_OPERADORA_CONDENADA_.mp3,07_04_2026,TJRN_OPERADORA_CONDENADA,,TJRN,NAO,H:\Meu Drive\RADIO TJRN CONTEÚDO\00_PRODUCAO_2026\01_BOLETINS_DIARIOS\03_AUDIOS_RADIO\04 - ABR - 26\07 04 - TER
ABRIL,NJUD N/A,BOLETIM_RADIO_TJRN_07_04_2026_B4_TJRN_NEGADO_ATO_IMPROBIDADE_SAO_MIGUEL_.mp3,07_04_2026,TJRN_NEGADO_ATO_IMPROBIDADE_SAO_MIGUEL,,TJRN,NAO,H:\Meu Drive\RADIO TJRN CONTEÚDO\00_PRODUCAO_2026\01_BOLETINS_DIARIOS\03_AUDIOS_RADIO\04 - ABR - 26\07 04 - TER
ABRIL,NJUD N/A,BOLETIM_RADIO_TJRN_07_04_2026_B5_TJRN_CONDENADO_ROUBO_CARRO_.mp3,07_04_2026,TJRN_CONDENADO_ROUBO_CARRO,,TJRN,NAO,H:\Meu Drive\RADIO TJRN CONTEÚDO\00_PRODUCAO_2026\01_BOLETINS_DIARIOS\03_AUDIOS_RADIO\04 - ABR - 26\07 04 - TER
ABRIL,NJUD N/A,BOLETIM_RADIO_TJRN_07_04_2026_B6_TJRN_ACUSADO_SEQUESTRO_.mp3,07_04_2026,TJRN_ACUSADO_SEQUESTRO,,TJRN,NAO,H:\Meu Drive\RADIO TJRN CONTEÚDO\00_PRODUCAO_2026\01_BOLETINS_DIARIOS\03_AUDIOS_RADIO\04 - ABR - 26\07 04 - TER
ABRIL,NJUD N/A,BOLETIM_RADIO_TJRN_07_04_2026_B7_FALHA_ELETRONICA_CONCURSO.mp3,07_04_2026,FALHA_ELETRONICA_CONCURSO,,TJRN,NAO,H:\Meu Drive\RADIO TJRN CONTEÚDO\00_PRODUCAO_2026\01_BOLETINS_DIARIOS\03_AUDIOS_RADIO\04 - ABR - 26\07 04 - TER
ABRIL,NJUD N/A,BOLETIM_RADIO_TJRN_07_04_2026_B8_ESTAGIO_CIENCIAS_CONTABEIS.mp3,07_04_2026,ESTAGIO_CIENCIAS_CONTABEIS,,TJRN,NAO,H:\Meu Drive\RADIO TJRN CONTEÚDO\00_PRODUCAO_2026\01_BOLETINS_DIARIOS\03_AUDIOS_RADIO\04 - ABR - 26\07 04 - TER
ABRIL,NJUD N/A,BOLETIM_RADIO_TJRN_07_04_2026_B8_MPRN_EX_SECRETARIO_MOSSORO_CONDENADO.mp3,07_04_2026,MPRN_EX_SECRETARIO_MOSSORO_CONDENADO,,TJRN,NAO,H:\Meu Drive\RADIO TJRN CONTEÚDO\00_PRODUCAO_2026\01_BOLETINS_DIARIOS\03_AUDIOS_RADIO\04 - ABR - 26\07 04 - TER
ABRIL,NJUD N/A,BOLETIM_RADIO_TJRN_07_04_2026_B8_MPRN_EX_SECRETARIO_MOSSORO_CONDENADO_1782542969.mp3,07_04_2026,MPRN_EX_SECRETARIO_MOSSORO_CONDENADO_1782542969,,TJRN,NAO,H:\Meu Drive\RADIO TJRN CONTEÚDO\00_PRODUCAO_2026\01_BOLETINS_DIARIOS\03_AUDIOS_RADIO\04 - ABR - 26\07 04 - TER
ABRIL,NJUD N/A,BOLETIM_RADIO_TJRN_07_04_2026_B8_MPRN_EX_SECRETARIO_MOSSORO_CONDENADO_RESTORED.mp3,07_04_2026,MPRN_EX_SECRETARIO_MOSSORO_CONDENADO_RESTORED,,TJRN,NAO,H:\Meu Drive\RADIO TJRN CONTEÚDO\00_PRODUCAO_2026\01_BOLETINS_DIARIOS\03_AUDIOS_RADIO\04 - ABR - 26\07 04 - TER
ABRIL,NJUD N/A,BOLETIM_RADIO_TJRN_07_04_2026_B9_INDENIZACAO_FALTA_AGUA.mp3,07_04_2026,INDENIZACAO_FALTA_AGUA,,TJRN,NAO,H:\Meu Drive\RADIO TJRN CONTEÚDO\00_PRODUCAO_2026\01_BOLETINS_DIARIOS\03_AUDIOS_RADIO\04 - ABR - 26\07 04 - TER
ABRIL,NJUD N/A,BOLETIM_RADIO_TJRN_08_04_2026_B10_TJRN_SEMANA_NACIONAL_SAUDE.mp3,08_04_2026,TJRN_SEMANA_NACIONAL_SAUDE,,TJRN,NAO,H:\Meu Drive\RADIO TJRN CONTEÚDO\00_PRODUCAO_2026\01_BOLETINS_DIARIOS\03_AUDIOS_RADIO\04 - ABR - 26\08 04 - QUA
ABRIL,NJUD N/A,BOLETIM_RADIO_TJRN_08_04_2026_B1_TJRN_SANTA_CRUZ_PROJETOS_SOCIAIS_.mp3,08_04_2026,TJRN_SANTA_CRUZ_PROJETOS_SOCIAIS,,TJRN,NAO,H:\Meu Drive\RADIO TJRN CONTEÚDO\00_PRODUCAO_2026\01_BOLETINS_DIARIOS\03_AUDIOS_RADIO\04 - ABR - 26\08 04 - QUA
ABRIL,NJUD N/A,BOLETIM_RADIO_TJRN_08_04_2026_B2_TJRN_BANCO_CONDENADO_VAZAMENTOS_DADOS_.mp3,08_04_2026,TJRN_BANCO_CONDENADO_VAZAMENTOS_DADOS,,TJRN,NAO,H:\Meu Drive\RADIO TJRN CONTEÚDO\00_PRODUCAO_2026\01_BOLETINS_DIARIOS\03_AUDIOS_RADIO\04 - ABR - 26\08 04 - QUA
ABRIL,NJUD N/A,BOLETIM_RADIO_TJRN_08_04_2026_B3_TJRN_ACAO_ALIMENTOS_IDOSO_ALZHEIMER_.mp3,08_04_2026,TJRN_ACAO_ALIMENTOS_IDOSO_ALZHEIMER,,TJRN,NAO,H:\Meu Drive\RADIO TJRN CONTEÚDO\00_PRODUCAO_2026\01_BOLETINS_DIARIOS\03_AUDIOS_RADIO\04 - ABR - 26\08 04 - QUA
ABRIL,NJUD N/A,BOLETIM_RADIO_TJRN_08_04_2026_B4_TJRN_PLANO_SAUDE_CONDENADO_CIRURGIA_OCULAR_.mp3,08_04_2026,TJRN_PLANO_SAUDE_CONDENADO_CIRURGIA_OCULAR,,TJRN,NAO,H:\Meu Drive\RADIO TJRN CONTEÚDO\00_PRODUCAO_2026\01_BOLETINS_DIARIOS\03_AUDIOS_RADIO\04 - ABR - 26\08 04 - QUA
ABRIL,NJUD N/A,BOLETIM_RADIO_TJRN_08_04_2026_B5_TJRN_SENTENCA_EXIGENCIA_PROCURACAO_DETRAN_.mp3,08_04_2026,TJRN_SENTENCA_EXIGENCIA_PROCURACAO_DETRAN,,TJRN,NAO,H:\Meu Drive\RADIO TJRN CONTEÚDO\00_PRODUCAO_2026\01_BOLETINS_DIARIOS\03_AUDIOS_RADIO\04 - ABR - 26\08 04 - QUA
ABRIL,NJUD N/A,BOLETIM_RADIO_TJRN_08_04_2026_B6_TJRN_VIGILANTE_AUXILIAR_CONDENADOS_.mp3,08_04_2026,TJRN_VIGILANTE_AUXILIAR_CONDENADOS,,TJRN,NAO,H:\Meu Drive\RADIO TJRN CONTEÚDO\00_PRODUCAO_2026\01_BOLETINS_DIARIOS\03_AUDIOS_RADIO\04 - ABR - 26\08 04 - QUA
ABRIL,NJUD N/A,BOLETIM_RADIO_TJRN_08_04_2026_B6_TJRN_VIGILANTE_AUXILIAR_CONDENADOS__1782542968.mp3,08_04_2026,TJRN_VIGILANTE_AUXILIAR_CONDENADOS__1782542968,,TJRN,NAO,H:\Meu Drive\RADIO TJRN CONTEÚDO\00_PRODUCAO_2026\01_BOLETINS_DIARIOS\03_AUDIOS_RADIO\04 - ABR - 26\08 04 - QUA
ABRIL,NJUD N/A,BOLETIM_RADIO_TJRN_08_04_2026_B6_TJRN_VIGILANTE_AUXILIAR_CONDENADOS__RESTORED.mp3,08_04_2026,TJRN_VIGILANTE_AUXILIAR_CONDENADOS__RESTORED,,TJRN,NAO,H:\Meu Drive\RADIO TJRN CONTEÚDO\00_PRODUCAO_2026\01_BOLETINS_DIARIOS\03_AUDIOS_RADIO\04 - ABR - 26\08 04 - QUA
ABRIL,NJUD N/A,BOLETIM_RADIO_TJRN_08_04_2026_B7_TJRN_PLATAFORMA_NAO_EFETIVA_RESERVA_HOTEL.mp3,08_04_2026,TJRN_PLATAFORMA_NAO_EFETIVA_RESERVA_HOTEL,,TJRN,NAO,H:\Meu Drive\RADIO TJRN CONTEÚDO\00_PRODUCAO_2026\01_BOLETINS_DIARIOS\03_AUDIOS_RADIO\04 - ABR - 26\08 04 - QUA
ABRIL,NJUD N/A,BOLETIM_RADIO_TJRN_08_04_2026_B8_TJRN_FALHA_DEPOSITO_BANCARIO_.mp3,08_04_2026,TJRN_FALHA_DEPOSITO_BANCARIO,,TJRN,NAO,H:\Meu Drive\RADIO TJRN CONTEÚDO\00_PRODUCAO_2026\01_BOLETINS_DIARIOS\03_AUDIOS_RADIO\04 - ABR - 26\08 04 - QUA
ABRIL,NJUD N/A,BOLETIM_RADIO_TJRN_08_04_2026_B9_TJRN_ANULA_CONTRATO_OTICA_.mp3,08_04_2026,TJRN_ANULA_CONTRATO_OTICA,,TJRN,NAO,H:\Meu Drive\RADIO TJRN CONTEÚDO\00_PRODUCAO_2026\01_BOLETINS_DIARIOS\03_AUDIOS_RADIO\04 - ABR - 26\08 04 - QUA
ABRIL,NJUD N/A,BOLETIM_RADIO_TJRN_09_04_2026_B10_TRERN_AUTOATENDIMENTO_ELEITORAL_BIOMETRIA_.mp3,09_04_2026,TRERN_AUTOATENDIMENTO_ELEITORAL_BIOMETRIA,,TJRN,NAO,H:\Meu Drive\RADIO TJRN CONTEÚDO\00_PRODUCAO_2026\01_BOLETINS_DIARIOS\03_AUDIOS_RADIO\04 - ABR - 26\09 04 - QUI
ABRIL,NJUD N/A,BOLETIM_RADIO_TJRN_09_04_2026_B1_TJRN_COBRANCA_INDEVIDA_BAGAGEM_.mp3,09_04_2026,TJRN_COBRANCA_INDEVIDA_BAGAGEM,,TJRN,NAO,H:\Meu Drive\RADIO TJRN CONTEÚDO\00_PRODUCAO_2026\01_BOLETINS_DIARIOS\03_AUDIOS_RADIO\04 - ABR - 26\09 04 - QUI
ABRIL,NJUD N/A,BOLETIM_RADIO_TJRN_09_04_2026_B2_TJRN_MANTEM_CONDENACAO_ACUSADOS_ROUBO.mp3,09_04_2026,TJRN_MANTEM_CONDENACAO_ACUSADOS_ROUBO,,TJRN,NAO,H:\Meu Drive\RADIO TJRN CONTEÚDO\00_PRODUCAO_2026\01_BOLETINS_DIARIOS\03_AUDIOS_RADIO\04 - ABR - 26\09 04 - QUI
ABRIL,NJUD N/A,BOLETIM_RADIO_TJRN_09_04_2026_B3_TJRN_TECNICO_PAGAMENTO_SERVICO_.mp3,09_04_2026,TJRN_TECNICO_PAGAMENTO_SERVICO,,TJRN,NAO,H:\Meu Drive\RADIO TJRN CONTEÚDO\00_PRODUCAO_2026\01_BOLETINS_DIARIOS\03_AUDIOS_RADIO\04 - ABR - 26\09 04 - QUI
ABRIL,NJUD N/A,BOLETIM_RADIO_TJRN_09_04_2026_B4_TJRN_SUPOSTO_DESVIO_FUNCAO_PM.mp3,09_04_2026,TJRN_SUPOSTO_DESVIO_FUNCAO_PM,,TJRN,NAO,H:\Meu Drive\RADIO TJRN CONTEÚDO\00_PRODUCAO_2026\01_BOLETINS_DIARIOS\03_AUDIOS_RADIO\04 - ABR - 26\09 04 - QUI
ABRIL,NJUD N/A,BOLETIM_RADIO_TJRN_09_04_2026_B5_TJRN_MANTIDA_CONDENACAO_EMPRESA_AEREA_.mp3,09_04_2026,TJRN_MANTIDA_CONDENACAO_EMPRESA_AEREA,,TJRN,NAO,H:\Meu Drive\RADIO TJRN CONTEÚDO\00_PRODUCAO_2026\01_BOLETINS_DIARIOS\03_AUDIOS_RADIO\04 - ABR - 26\09 04 - QUI
ABRIL,NJUD N/A,BOLETIM_RADIO_TJRN_09_04_2026_B6_TJRN_CAMARA_SESSAO_EXTRAORDINARIA_HIBRIDA_.mp3,09_04_2026,TJRN_CAMARA_SESSAO_EXTRAORDINARIA_HIBRIDA,,TJRN,NAO,H:\Meu Drive\RADIO TJRN CONTEÚDO\00_PRODUCAO_2026\01_BOLETINS_DIARIOS\03_AUDIOS_RADIO\04 - ABR - 26\09 04 - QUI
ABRIL,NJUD N/A,BOLETIM_RADIO_TJRN_09_04_2026_B7_TJRN_SEMANA_NACIONAL_REGISTRO_CIVIL.mp3,09_04_2026,TJRN_SEMANA_NACIONAL_REGISTRO_CIVIL,,TJRN,NAO,H:\Meu Drive\RADIO TJRN CONTEÚDO\00_PRODUCAO_2026\01_BOLETINS_DIARIOS\03_AUDIOS_RADIO\04 - ABR - 26\09 04 - QUI
ABRIL,NJUD N/A,BOLETIM_RADIO_TJRN_09_04_2026_B8_TRTRN_NOVA_SALA_ESPERA_AUDIENCIA_.mp3,09_04_2026,TRTRN_NOVA_SALA_ESPERA_AUDIENCIA,,TJRN,NAO,H:\Meu Drive\RADIO TJRN CONTEÚDO\00_PRODUCAO_2026\01_BOLETINS_DIARIOS\03_AUDIOS_RADIO\04 - ABR - 26\09 04 - QUI
ABRIL,NJUD N/A,BOLETIM_RADIO_TJRN_09_04_2026_B9_TRERN_CAMPANHA_ARRECADACOES_LIVROS_INFANTIS_.mp3,09_04_2026,TRERN_CAMPANHA_ARRECADACOES_LIVROS_INFANTIS,,TJRN,NAO,H:\Meu Drive\RADIO TJRN CONTEÚDO\00_PRODUCAO_2026\01_BOLETINS_DIARIOS\03_AUDIOS_RADIO\04 - ABR - 26\09 04 - QUI
ABRIL,NJUD N/A,BOLETIM_RADIO_TJRN_10_04_2026_B10_TJRN_DETERMINA_SUSPENSAO_ATO_CANDIDATA_APROVADA.mp3,10_04_2026,TJRN_DETERMINA_SUSPENSAO_ATO_CANDIDATA_APROVADA,,TJRN,NAO,H:\Meu Drive\RADIO TJRN CONTEÚDO\00_PRODUCAO_2026\01_BOLETINS_DIARIOS\03_AUDIOS_RADIO\04 - ABR - 26\10 04 - SEX
ABRIL,NJUD N/A,BOLETIM_RADIO_TJRN_10_04_2026_B1_TJRN_DECISAO_REALIZACAO_PERICIA_ASSINATURA_.mp3,10_04_2026,TJRN_DECISAO_REALIZACAO_PERICIA_ASSINATURA,,TJRN,NAO,H:\Meu Drive\RADIO TJRN CONTEÚDO\00_PRODUCAO_2026\01_BOLETINS_DIARIOS\03_AUDIOS_RADIO\04 - ABR - 26\10 04 - SEX
ABRIL,NJUD N/A,BOLETIM_RADIO_TJRN_10_04_2026_B2_TJRN_SUPERLOTACAO_CARCERARIA_PROGRESSAO_REGIME_.mp3,10_04_2026,TJRN_SUPERLOTACAO_CARCERARIA_PROGRESSAO_REGIME,,TJRN,NAO,H:\Meu Drive\RADIO TJRN CONTEÚDO\00_PRODUCAO_2026\01_BOLETINS_DIARIOS\03_AUDIOS_RADIO\04 - ABR - 26\10 04 - SEX
ABRIL,NJUD N/A,BOLETIM_RADIO_TJRN_10_04_2026_B3_TJRN_COSERN_CANCELAR_DEBITO_FRAUDE_.mp3,10_04_2026,TJRN_COSERN_CANCELAR_DEBITO_FRAUDE,,TJRN,NAO,H:\Meu Drive\RADIO TJRN CONTEÚDO\00_PRODUCAO_2026\01_BOLETINS_DIARIOS\03_AUDIOS_RADIO\04 - ABR - 26\10 04 - SEX
ABRIL,NJUD N/A,BOLETIM_RADIO_TJRN_10_04_2026_B4_TJRN_CLIENTE_SOFRE_GOLPE_EMPRESTIMO_CONSIGNADO_.mp3,10_04_2026,TJRN_CLIENTE_SOFRE_GOLPE_EMPRESTIMO_CONSIGNADO,,TJRN,NAO,H:\Meu Drive\RADIO TJRN CONTEÚDO\00_PRODUCAO_2026\01_BOLETINS_DIARIOS\03_AUDIOS_RADIO\04 - ABR - 26\10 04 - SEX
ABRIL,NJUD N/A,BOLETIM_RADIO_TJRN_10_04_2026_B5_TJRN_RECONHECE_DIREITO_CORRETOR_.mp3,10_04_2026,TJRN_RECONHECE_DIREITO_CORRETOR,,TJRN,NAO,H:\Meu Drive\RADIO TJRN CONTEÚDO\00_PRODUCAO_2026\01_BOLETINS_DIARIOS\03_AUDIOS_RADIO\04 - ABR - 26\10 04 - SEX
ABRIL,NJUD N/A,BOLETIM_RADIO_TJRN_10_04_2026_B6_TJRN_PLANO_SAUDE_COBRANCA_EXCESSIVA_.mp3,10_04_2026,TJRN_PLANO_SAUDE_COBRANCA_EXCESSIVA,,TJRN,NAO,H:\Meu Drive\RADIO TJRN CONTEÚDO\00_PRODUCAO_2026\01_BOLETINS_DIARIOS\03_AUDIOS_RADIO\04 - ABR - 26\10 04 - SEX
ABRIL,NJUD N/A,BOLETIM_RADIO_TJRN_10_04_2026_B7_TJRN_TRIPLO_HOMICIDIO_NISIA_FLORESTA_JURI_MANTIDO_.mp3,10_04_2026,TJRN_TRIPLO_HOMICIDIO_NISIA_FLORESTA_JURI_MANTIDO,,TJRN,NAO,H:\Meu Drive\RADIO TJRN CONTEÚDO\00_PRODUCAO_2026\01_BOLETINS_DIARIOS\03_AUDIOS_RADIO\04 - ABR - 26\10 04 - SEX
ABRIL,NJUD N/A,BOLETIM_RADIO_TJRN_10_04_2026_B8_TJRN_DUPLA_CONDENADA_ASSALTO_.mp3,10_04_2026,TJRN_DUPLA_CONDENADA_ASSALTO,,TJRN,NAO,H:\Meu Drive\RADIO TJRN CONTEÚDO\00_PRODUCAO_2026\01_BOLETINS_DIARIOS\03_AUDIOS_RADIO\04 - ABR - 26\10 04 - SEX
ABRIL,NJUD N/A,BOLETIM_RADIO_TJRN_10_04_2026_B9_TJRN_RECONHECE_DESCUMPRIMENTO_CONTRATUAL_.mp3,10_04_2026,TJRN_RECONHECE_DESCUMPRIMENTO_CONTRATUAL,,TJRN,NAO,H:\Meu Drive\RADIO TJRN CONTEÚDO\00_PRODUCAO_2026\01_BOLETINS_DIARIOS\03_AUDIOS_RADIO\04 - ABR - 26\10 04 - SEX
ABRIL,NJUD N/A,BOLETIM_RADIO_TJRN_13_04_2026_B10_SUPLEMENTO_CRIANCA_SELETIVIDADE.mp3,13_04_2026,SUPLEMENTO_CRIANCA_SELETIVIDADE,,TJRN,NAO,H:\Meu Drive\RADIO TJRN CONTEÚDO\00_PRODUCAO_2026\01_BOLETINS_DIARIOS\03_AUDIOS_RADIO\04 - ABR - 26\13 04 - SEG
ABRIL,NJUD N/A,BOLETIM_RADIO_TJRN_13_04_2026_B1_TJRN_CONDENA_PLATAFORMA_DIGITAL_FALHA_.mp3,13_04_2026,TJRN_CONDENA_PLATAFORMA_DIGITAL_FALHA,,TJRN,NAO,H:\Meu Drive\RADIO TJRN CONTEÚDO\00_PRODUCAO_2026\01_BOLETINS_DIARIOS\03_AUDIOS_RADIO\04 - ABR - 26\13 04 - SEG
ABRIL,NJUD N/A,BOLETIM_RADIO_TJRN_13_04_2026_B2_TJRN_PARNAMIRIM_CONDENADO_ACIDENTE_TRANSPORTE_.mp3,13_04_2026,TJRN_PARNAMIRIM_CONDENADO_ACIDENTE_TRANSPORTE,,TJRN,NAO,H:\Meu Drive\RADIO TJRN CONTEÚDO\00_PRODUCAO_2026\01_BOLETINS_DIARIOS\03_AUDIOS_RADIO\04 - ABR - 26\13 04 - SEG
ABRIL,NJUD N/A,BOLETIM_RADIO_TJRN_13_04_2026_B3_TJRN_IPERN_CONDENADO_INDENIZAR_SERVIDORA_.mp3,13_04_2026,TJRN_IPERN_CONDENADO_INDENIZAR_SERVIDORA,,TJRN,NAO,H:\Meu Drive\RADIO TJRN CONTEÚDO\00_PRODUCAO_2026\01_BOLETINS_DIARIOS\03_AUDIOS_RADIO\04 - ABR - 26\13 04 - SEG
ABRIL,NJUD N/A,BOLETIM_RADIO_TJRN_13_04_2026_B4_TJRN_ACUSADOS_CRIMES_TRAFICO_.mp3,13_04_2026,TJRN_ACUSADOS_CRIMES_TRAFICO,,TJRN,NAO,H:\Meu Drive\RADIO TJRN CONTEÚDO\00_PRODUCAO_2026\01_BOLETINS_DIARIOS\03_AUDIOS_RADIO\04 - ABR - 26\13 04 - SEG
ABRIL,NJUD N/A,BOLETIM_RADIO_TJRN_13_04_2026_B5_TJRN_PASSAGEIRA_RECEBEU_MALA_DANIFICADA_.mp3,13_04_2026,TJRN_PASSAGEIRA_RECEBEU_MALA_DANIFICADA,,TJRN,NAO,H:\Meu Drive\RADIO TJRN CONTEÚDO\00_PRODUCAO_2026\01_BOLETINS_DIARIOS\03_AUDIOS_RADIO\04 - ABR - 26\13 04 - SEG
ABRIL,NJUD N/A,BOLETIM_RADIO_TJRN_13_04_2026_B6_TJRN_CONVOCA_45_TECNICOS_.mp3,13_04_2026,TJRN_CONVOCA_45_TECNICOS,,TJRN,NAO,H:\Meu Drive\RADIO TJRN CONTEÚDO\00_PRODUCAO_2026\01_BOLETINS_DIARIOS\03_AUDIOS_RADIO\04 - ABR - 26\13 04 - SEG
ABRIL,NJUD N/A,BOLETIM_RADIO_TJRN_13_04_2026_B7_DANOS_MORAIS_MANOBRA_IRREGULAR.mp3,13_04_2026,DANOS_MORAIS_MANOBRA_IRREGULAR,,TJRN,NAO,H:\Meu Drive\RADIO TJRN CONTEÚDO\00_PRODUCAO_2026\01_BOLETINS_DIARIOS\03_AUDIOS_RADIO\04 - ABR - 26\13 04 - SEG
ABRIL,NJUD N/A,BOLETIM_RADIO_TJRN_13_04_2026_B8_SUSPENSAO_FATURA_ENERGIA_ELETRICA.mp3,13_04_2026,SUSPENSAO_FATURA_ENERGIA_ELETRICA,,TJRN,NAO,H:\Meu Drive\RADIO TJRN CONTEÚDO\00_PRODUCAO_2026\01_BOLETINS_DIARIOS\03_AUDIOS_RADIO\04 - ABR - 26\13 04 - SEG
ABRIL,NJUD N/A,BOLETIM_RADIO_TJRN_13_04_2026_B9_CONTRATACAO_MEDICO_IRREGULAR.mp3,13_04_2026,CONTRATACAO_MEDICO_IRREGULAR,,TJRN,NAO,H:\Meu Drive\RADIO TJRN CONTEÚDO\00_PRODUCAO_2026\01_BOLETINS_DIARIOS\03_AUDIOS_RADIO\04 - ABR - 26\13 04 - SEG
ABRIL,NJUD N/A,BOLETIM_RADIO_TJRN_14_04_2026_B10_INDENIZACAO_ALAGAMENTO_RESIDENCIA.mp3,14_04_2026,INDENIZACAO_ALAGAMENTO_RESIDENCIA,,TJRN,NAO,H:\Meu Drive\RADIO TJRN CONTEÚDO\00_PRODUCAO_2026\01_BOLETINS_DIARIOS\03_AUDIOS_RADIO\04 - ABR - 26\14 04 - TER
ABRIL,NJUD N/A,BOLETIM_RADIO_TJRN_14_04_2026_B1_BLOQUEIO_TRATAMENTO_CRIANCA_TEA.mp3,14_04_2026,BLOQUEIO_TRATAMENTO_CRIANCA_TEA,,TJRN,NAO,H:\Meu Drive\RADIO TJRN CONTEÚDO\00_PRODUCAO_2026\01_BOLETINS_DIARIOS\03_AUDIOS_RADIO\04 - ABR - 26\14 04 - TER
ABRIL,NJUD N/A,BOLETIM_RADIO_TJRN_14_04_2026_B2_ANULACAO_DEBITO_TRIBUTARIO.mp3,14_04_2026,ANULACAO_DEBITO_TRIBUTARIO,,TJRN,NAO,H:\Meu Drive\RADIO TJRN CONTEÚDO\00_PRODUCAO_2026\01_BOLETINS_DIARIOS\03_AUDIOS_RADIO\04 - ABR - 26\14 04 - TER
ABRIL,NJUD N/A,BOLETIM_RADIO_TJRN_14_04_2026_B3_CONDENACAO_PLANO_CIRURGIA_FACIAL.mp3,14_04_2026,CONDENACAO_PLANO_CIRURGIA_FACIAL,,TJRN,NAO,H:\Meu Drive\RADIO TJRN CONTEÚDO\00_PRODUCAO_2026\01_BOLETINS_DIARIOS\03_AUDIOS_RADIO\04 - ABR - 26\14 04 - TER
ABRIL,NJUD N/A,BOLETIM_RADIO_TJRN_14_04_2026_B4_INDENIZACAO_FALTA_HIGIENE_HOSPEDAGEM.mp3,14_04_2026,INDENIZACAO_FALTA_HIGIENE_HOSPEDAGEM,,TJRN,NAO,H:\Meu Drive\RADIO TJRN CONTEÚDO\00_PRODUCAO_2026\01_BOLETINS_DIARIOS\03_AUDIOS_RADIO\04 - ABR - 26\14 04 - TER
ABRIL,NJUD N/A,BOLETIM_RADIO_TJRN_14_04_2026_B5_ACAO_EXTINTA_HETEROIDENTIFICACAO.mp3,14_04_2026,ACAO_EXTINTA_HETEROIDENTIFICACAO,,TJRN,NAO,H:\Meu Drive\RADIO TJRN CONTEÚDO\00_PRODUCAO_2026\01_BOLETINS_DIARIOS\03_AUDIOS_RADIO\04 - ABR - 26\14 04 - TER
ABRIL,NJUD N/A,BOLETIM_RADIO_TJRN_14_04_2026_B6_CONDENACAO_FURTO_CARRO.mp3,14_04_2026,CONDENACAO_FURTO_CARRO,,TJRN,NAO,H:\Meu Drive\RADIO TJRN CONTEÚDO\00_PRODUCAO_2026\01_BOLETINS_DIARIOS\03_AUDIOS_RADIO\04 - ABR - 26\14 04 - TER
ABRIL,NJUD N/A,BOLETIM_RADIO_TJRN_14_04_2026_B7_REGISTRE_SE.mp3,14_04_2026,REGISTRE_SE,,TJRN,NAO,H:\Meu Drive\RADIO TJRN CONTEÚDO\00_PRODUCAO_2026\01_BOLETINS_DIARIOS\03_AUDIOS_RADIO\04 - ABR - 26\14 04 - TER
ABRIL,NJUD N/A,BOLETIM_RADIO_TJRN_14_04_2026_B8_BLOQUEIO_APLICATIVO_MENSAGENS.mp3,14_04_2026,BLOQUEIO_APLICATIVO_MENSAGENS,,TJRN,NAO,H:\Meu Drive\RADIO TJRN CONTEÚDO\00_PRODUCAO_2026\01_BOLETINS_DIARIOS\03_AUDIOS_RADIO\04 - ABR - 26\14 04 - TER
ABRIL,NJUD N/A,BOLETIM_RADIO_TJRN_14_04_2026_B9_CONDENACAO_GOLPE_IDOSA.mp3,14_04_2026,CONDENACAO_GOLPE_IDOSA,,TJRN,NAO,H:\Meu Drive\RADIO TJRN CONTEÚDO\00_PRODUCAO_2026\01_BOLETINS_DIARIOS\03_AUDIOS_RADIO\04 - ABR - 26\14 04 - TER
ABRIL,NJUD N/A,BOLETIM_RADIO_TJRN_15_04_2026_B10_TRE_RN_CARTILHA_PROPAGANDA_ELEITORAL_.mp3,15_04_2026,TRE_RN_CARTILHA_PROPAGANDA_ELEITORAL,,TJRN,NAO,H:\Meu Drive\RADIO TJRN CONTEÚDO\00_PRODUCAO_2026\01_BOLETINS_DIARIOS\03_AUDIOS_RADIO\04 - ABR - 26\15 04 - QUA
ABRIL,NJUD N/A,BOLETIM_RADIO_TJRN_15_04_2026_B1_TJRN_ADVOGADA_CONSTRANGIDA_.mp3,15_04_2026,TJRN_ADVOGADA_CONSTRANGIDA,,TJRN,NAO,H:\Meu Drive\RADIO TJRN CONTEÚDO\00_PRODUCAO_2026\01_BOLETINS_DIARIOS\03_AUDIOS_RADIO\04 - ABR - 26\15 04 - QUA
ABRIL,NJUD N/A,BOLETIM_RADIO_TJRN_15_04_2026_B2_TJRN_EMPRESARIA_INDENIZADA_.mp3,15_04_2026,TJRN_EMPRESARIA_INDENIZADA,,TJRN,NAO,H:\Meu Drive\RADIO TJRN CONTEÚDO\00_PRODUCAO_2026\01_BOLETINS_DIARIOS\03_AUDIOS_RADIO\04 - ABR - 26\15 04 - QUA
ABRIL,NJUD N/A,BOLETIM_RADIO_TJRN_15_04_2026_B3_TJRN_COLISAO_E_FUGA_CONDUTOR_.mp3,15_04_2026,TJRN_COLISAO_E_FUGA_CONDUTOR,,TJRN,NAO,H:\Meu Drive\RADIO TJRN CONTEÚDO\00_PRODUCAO_2026\01_BOLETINS_DIARIOS\03_AUDIOS_RADIO\04 - ABR - 26\15 04 - QUA
ABRIL,NJUD N/A,BOLETIM_RADIO_TJRN_15_04_2026_B4_TJRN_VARA_CIVEL_NATAL_PREMIO_ADVOGADOS_.mp3,15_04_2026,TJRN_VARA_CIVEL_NATAL_PREMIO_ADVOGADOS,,TJRN,NAO,H:\Meu Drive\RADIO TJRN CONTEÚDO\00_PRODUCAO_2026\01_BOLETINS_DIARIOS\03_AUDIOS_RADIO\04 - ABR - 26\15 04 - QUA
ABRIL,NJUD N/A,BOLETIM_RADIO_TJRN_15_04_2026_B5_TJRN_SELECAO_ESTAGIO_PAU_FERROS_.mp3,15_04_2026,TJRN_SELECAO_ESTAGIO_PAU_FERROS,,TJRN,NAO,H:\Meu Drive\RADIO TJRN CONTEÚDO\00_PRODUCAO_2026\01_BOLETINS_DIARIOS\03_AUDIOS_RADIO\04 - ABR - 26\15 04 - QUA
ABRIL,NJUD N/A,BOLETIM_RADIO_TJRN_15_04_2026_B6_TJRN_NOMEIA_TRES_CANDIDATOS_.mp3,15_04_2026,TJRN_NOMEIA_TRES_CANDIDATOS,,TJRN,NAO,H:\Meu Drive\RADIO TJRN CONTEÚDO\00_PRODUCAO_2026\01_BOLETINS_DIARIOS\03_AUDIOS_RADIO\04 - ABR - 26\15 04 - QUA
ABRIL,NJUD N/A,BOLETIM_RADIO_TJRN_15_04_2026_B7_TRTRN_PROGRAMA_REGISTRE_SE.mp3,15_04_2026,TRTRN_PROGRAMA_REGISTRE_SE,,TJRN,NAO,H:\Meu Drive\RADIO TJRN CONTEÚDO\00_PRODUCAO_2026\01_BOLETINS_DIARIOS\03_AUDIOS_RADIO\04 - ABR - 26\15 04 - QUA
ABRIL,NJUD N/A,BOLETIM_RADIO_TJRN_15_04_2026_B8_DPERN_INSCRICAO_CANDIDATO_PM.mp3,15_04_2026,DPERN_INSCRICAO_CANDIDATO_PM,,TJRN,NAO,H:\Meu Drive\RADIO TJRN CONTEÚDO\00_PRODUCAO_2026\01_BOLETINS_DIARIOS\03_AUDIOS_RADIO\04 - ABR - 26\15 04 - QUA
ABRIL,NJUD N/A,BOLETIM_RADIO_TJRN_15_04_2026_B9_MPRN_IMPLEMENTACAO_CAMERAS_VIDEOMONITORAMENTO_.mp3,15_04_2026,MPRN_IMPLEMENTACAO_CAMERAS_VIDEOMONITORAMENTO,,TJRN,NAO,H:\Meu Drive\RADIO TJRN CONTEÚDO\00_PRODUCAO_2026\01_BOLETINS_DIARIOS\03_AUDIOS_RADIO\04 - ABR - 26\15 04 - QUA
ABRIL,NJUD N/A,BOLETIM_RADIO_TJRN_16_04_2026_B10_OABRN_PADRONIZACAO_PROCESSOS_.mp3,16_04_2026,OABRN_PADRONIZACAO_PROCESSOS,,TJRN,NAO,H:\Meu Drive\RADIO TJRN CONTEÚDO\00_PRODUCAO_2026\01_BOLETINS_DIARIOS\03_AUDIOS_RADIO\04 - ABR - 26\16 04 - QUI
ABRIL,NJUD N/A,BOLETIM_RADIO_TJRN_16_04_2026_B1_TJRN_PACIENTE_INDENIZADO_CICATRIZ_QUEIXO.mp3,16_04_2026,TJRN_PACIENTE_INDENIZADO_CICATRIZ_QUEIXO,,TJRN,NAO,H:\Meu Drive\RADIO TJRN CONTEÚDO\00_PRODUCAO_2026\01_BOLETINS_DIARIOS\03_AUDIOS_RADIO\04 - ABR - 26\16 04 - QUI
ABRIL,NJUD N/A,BOLETIM_RADIO_TJRN_16_04_2026_B2_TJRN_ACUSADO_VARIOS_DELITOS_GOIANINHA_.mp3,16_04_2026,TJRN_ACUSADO_VARIOS_DELITOS_GOIANINHA,,TJRN,NAO,H:\Meu Drive\RADIO TJRN CONTEÚDO\00_PRODUCAO_2026\01_BOLETINS_DIARIOS\03_AUDIOS_RADIO\04 - ABR - 26\16 04 - QUI
ABRIL,NJUD N/A,BOLETIM_RADIO_TJRN_16_04_2026_B3_TJRN_CONDENA_MOTORISTA_ACIDENTE_MOTOCICLISTA_.mp3,16_04_2026,TJRN_CONDENA_MOTORISTA_ACIDENTE_MOTOCICLISTA,,TJRN,NAO,H:\Meu Drive\RADIO TJRN CONTEÚDO\00_PRODUCAO_2026\01_BOLETINS_DIARIOS\03_AUDIOS_RADIO\04 - ABR - 26\16 04 - QUI
ABRIL,NJUD N/A,BOLETIM_RADIO_TJRN_16_04_2026_B4_TJRN_CANCELAMENTO_PASSAGENS_AEREAS_COLOMBIA_.mp3,16_04_2026,TJRN_CANCELAMENTO_PASSAGENS_AEREAS_COLOMBIA,,TJRN,NAO,H:\Meu Drive\RADIO TJRN CONTEÚDO\00_PRODUCAO_2026\01_BOLETINS_DIARIOS\03_AUDIOS_RADIO\04 - ABR - 26\16 04 - QUI
ABRIL,NJUD N/A,BOLETIM_RADIO_TJRN_16_04_2026_B5_TJRN_MUNICIPIO_NATAL_CONDENADO_TRANSBORDAMENTO_.mp3,16_04_2026,TJRN_MUNICIPIO_NATAL_CONDENADO_TRANSBORDAMENTO,,TJRN,NAO,H:\Meu Drive\RADIO TJRN CONTEÚDO\00_PRODUCAO_2026\01_BOLETINS_DIARIOS\03_AUDIOS_RADIO\04 - ABR - 26\16 04 - QUI
ABRIL,NJUD N/A,BOLETIM_RADIO_TJRN_16_04_2026_B6_TJRN_CONDENA_LOJA_INDENIZACAO_.mp3,16_04_2026,TJRN_CONDENA_LOJA_INDENIZACAO,,TJRN,NAO,H:\Meu Drive\RADIO TJRN CONTEÚDO\00_PRODUCAO_2026\01_BOLETINS_DIARIOS\03_AUDIOS_RADIO\04 - ABR - 26\16 04 - QUI
ABRIL,NJUD N/A,BOLETIM_RADIO_TJRN_16_04_2026_B7_MPRN_VERBAS_PECUNIARIAS_.mp3,16_04_2026,MPRN_VERBAS_PECUNIARIAS,,TJRN,NAO,H:\Meu Drive\RADIO TJRN CONTEÚDO\00_PRODUCAO_2026\01_BOLETINS_DIARIOS\03_AUDIOS_RADIO\04 - ABR - 26\16 04 - QUI
ABRIL,NJUD N/A,BOLETIM_RADIO_TJRN_16_04_2026_B8_CMN_PACOTE_GRATUIDADE_TRANSPORTE_PUBLICO_.mp3,16_04_2026,CMN_PACOTE_GRATUIDADE_TRANSPORTE_PUBLICO,,TJRN,NAO,H:\Meu Drive\RADIO TJRN CONTEÚDO\00_PRODUCAO_2026\01_BOLETINS_DIARIOS\03_AUDIOS_RADIO\04 - ABR - 26\16 04 - QUI
ABRIL,NJUD N/A,BOLETIM_RADIO_TJRN_16_04_2026_B9_TJRN_ACAO_INTEGRADA_EMISSAO_DOCUMENTOS_.mp3,16_04_2026,TJRN_ACAO_INTEGRADA_EMISSAO_DOCUMENTOS,,TJRN,NAO,H:\Meu Drive\RADIO TJRN CONTEÚDO\00_PRODUCAO_2026\01_BOLETINS_DIARIOS\03_AUDIOS_RADIO\04 - ABR - 26\16 04 - QUI
ABRIL,NJUD N/A,BOLETIM_RADIO_TJRN_17_04_2026_B10_ACUMULO_FUNCOES_POLICIAL_CIVIL.mp3,17_04_2026,ACUMULO_FUNCOES_POLICIAL_CIVIL,,TJRN,NAO,H:\Meu Drive\RADIO TJRN CONTEÚDO\00_PRODUCAO_2026\01_BOLETINS_DIARIOS\03_AUDIOS_RADIO\04 - ABR - 26\17 04 - SEX
ABRIL,NJUD N/A,BOLETIM_RADIO_TJRN_17_04_2026_B1_TJRN_PACIENTE_INDENIZADO_FALHA_PLANO.mp3,17_04_2026,TJRN_PACIENTE_INDENIZADO_FALHA_PLANO,,TJRN,NAO,H:\Meu Drive\RADIO TJRN CONTEÚDO\00_PRODUCAO_2026\01_BOLETINS_DIARIOS\03_AUDIOS_RADIO\04 - ABR - 26\17 04 - SEX
ABRIL,NJUD N/A,BOLETIM_RADIO_TJRN_17_04_2026_B2_TJRN_RECONHECE_COMPETENCIA_IELMO_MARINHO_TAXA_.mp3,17_04_2026,TJRN_RECONHECE_COMPETENCIA_IELMO_MARINHO_TAXA,,TJRN,NAO,H:\Meu Drive\RADIO TJRN CONTEÚDO\00_PRODUCAO_2026\01_BOLETINS_DIARIOS\03_AUDIOS_RADIO\04 - ABR - 26\17 04 - SEX
ABRIL,NJUD N/A,BOLETIM_RADIO_TJRN_17_04_2026_B3_TJRN_DETERMINA_EXCLUSAO_48_HORAS_.mp3,17_04_2026,TJRN_DETERMINA_EXCLUSAO_48_HORAS,,TJRN,NAO,H:\Meu Drive\RADIO TJRN CONTEÚDO\00_PRODUCAO_2026\01_BOLETINS_DIARIOS\03_AUDIOS_RADIO\04 - ABR - 26\17 04 - SEX
ABRIL,NJUD N/A,BOLETIM_RADIO_TJRN_17_04_2026_B4_TJRN_PARTICIPA_EXPANSAO_PLATAFORMA_.mp3,17_04_2026,TJRN_PARTICIPA_EXPANSAO_PLATAFORMA,,TJRN,NAO,H:\Meu Drive\RADIO TJRN CONTEÚDO\00_PRODUCAO_2026\01_BOLETINS_DIARIOS\03_AUDIOS_RADIO\04 - ABR - 26\17 04 - SEX
ABRIL,NJUD N/A,BOLETIM_RADIO_TJRN_17_04_2026_B5_TRTRN_PROJETO_ACESSIBILIDADE_ATITUDINAL_.mp3,17_04_2026,TRTRN_PROJETO_ACESSIBILIDADE_ATITUDINAL,,TJRN,NAO,H:\Meu Drive\RADIO TJRN CONTEÚDO\00_PRODUCAO_2026\01_BOLETINS_DIARIOS\03_AUDIOS_RADIO\04 - ABR - 26\17 04 - SEX
ABRIL,NJUD N/A,BOLETIM_RADIO_TJRN_17_04_2026_B6_MPRN_JURI_CONDENACAO_HOMEM_MORTE.mp3,17_04_2026,MPRN_JURI_CONDENACAO_HOMEM_MORTE,,TJRN,NAO,H:\Meu Drive\RADIO TJRN CONTEÚDO\00_PRODUCAO_2026\01_BOLETINS_DIARIOS\03_AUDIOS_RADIO\04 - ABR - 26\17 04 - SEX
ABRIL,NJUD N/A,BOLETIM_RADIO_TJRN_17_04_2026_B7_FUNDO_INFANCIA_GROSSOS.mp3,17_04_2026,FUNDO_INFANCIA_GROSSOS,,TJRN,NAO,H:\Meu Drive\RADIO TJRN CONTEÚDO\00_PRODUCAO_2026\01_BOLETINS_DIARIOS\03_AUDIOS_RADIO\04 - ABR - 26\17 04 - SEX
ABRIL,NJUD N/A,BOLETIM_RADIO_TJRN_17_04_2026_B8_CONDENACAO_PAGAMENTO_FUNCARTE.mp3,17_04_2026,CONDENACAO_PAGAMENTO_FUNCARTE,,TJRN,NAO,H:\Meu Drive\RADIO TJRN CONTEÚDO\00_PRODUCAO_2026\01_BOLETINS_DIARIOS\03_AUDIOS_RADIO\04 - ABR - 26\17 04 - SEX
ABRIL,NJUD N/A,BOLETIM_RADIO_TJRN_17_04_2026_B9_CONDENACAO_COSERN_INDENIZACAO.mp3,17_04_2026,CONDENACAO_COSERN_INDENIZACAO,,TJRN,NAO,H:\Meu Drive\RADIO TJRN CONTEÚDO\00_PRODUCAO_2026\01_BOLETINS_DIARIOS\03_AUDIOS_RADIO\04 - ABR - 26\17 04 - SEX
ABRIL,NJUD N/A,BOLETIM_RADIO_TJRN_22_04_2026_B10_MPRN_RECOMENDA_RETIRADA_PLACAS_AREZ.mp3,22_04_2026,MPRN_RECOMENDA_RETIRADA_PLACAS_AREZ,,TJRN,NAO,H:\Meu Drive\RADIO TJRN CONTEÚDO\00_PRODUCAO_2026\01_BOLETINS_DIARIOS\03_AUDIOS_RADIO\04 - ABR - 26\22 04 - QUA
ABRIL,NJUD N/A,BOLETIM_RADIO_TJRN_22_04_2026_B1_FORUM_NACIONAL_MEDIACAO.mp3,22_04_2026,FORUM_NACIONAL_MEDIACAO,,TJRN,NAO,H:\Meu Drive\RADIO TJRN CONTEÚDO\00_PRODUCAO_2026\01_BOLETINS_DIARIOS\03_AUDIOS_RADIO\04 - ABR - 26\22 04 - QUA
ABRIL,NJUD N/A,BOLETIM_RADIO_TJRN_22_04_2026_B2_ENCERRAMENTO_REGISTRE_SE.mp3,22_04_2026,ENCERRAMENTO_REGISTRE_SE,,TJRN,NAO,H:\Meu Drive\RADIO TJRN CONTEÚDO\00_PRODUCAO_2026\01_BOLETINS_DIARIOS\03_AUDIOS_RADIO\04 - ABR - 26\22 04 - QUA
ABRIL,NJUD N/A,BOLETIM_RADIO_TJRN_22_04_2026_B3_PENAS_PECUNIARIAS_ACARI.mp3,22_04_2026,PENAS_PECUNIARIAS_ACARI,,TJRN,NAO,H:\Meu Drive\RADIO TJRN CONTEÚDO\00_PRODUCAO_2026\01_BOLETINS_DIARIOS\03_AUDIOS_RADIO\04 - ABR - 26\22 04 - QUA
ABRIL,NJUD N/A,BOLETIM_RADIO_TJRN_22_04_2026_B4_INDENIZACAO_ENERGIA.mp3,22_04_2026,INDENIZACAO_ENERGIA,,TJRN,NAO,H:\Meu Drive\RADIO TJRN CONTEÚDO\00_PRODUCAO_2026\01_BOLETINS_DIARIOS\03_AUDIOS_RADIO\04 - ABR - 26\22 04 - QUA
ABRIL,NJUD N/A,BOLETIM_RADIO_TJRN_22_04_2026_B5_PAGAMENTO_ADICIONAL_RISCO_VIDA.mp3,22_04_2026,PAGAMENTO_ADICIONAL_RISCO_VIDA,,TJRN,NAO,H:\Meu Drive\RADIO TJRN CONTEÚDO\00_PRODUCAO_2026\01_BOLETINS_DIARIOS\03_AUDIOS_RADIO\04 - ABR - 26\22 04 - QUA
ABRIL,NJUD N/A,BOLETIM_RADIO_TJRN_22_04_2026_B6_USUCAPIAO_NEGADO.mp3,22_04_2026,USUCAPIAO_NEGADO,,TJRN,NAO,H:\Meu Drive\RADIO TJRN CONTEÚDO\00_PRODUCAO_2026\01_BOLETINS_DIARIOS\03_AUDIOS_RADIO\04 - ABR - 26\22 04 - QUA
ABRIL,NJUD N/A,BOLETIM_RADIO_TJRN_22_04_2026_B7_GARANTIA_TRATAMENTO_PACIENTE.mp3,22_04_2026,GARANTIA_TRATAMENTO_PACIENTE,,TJRN,NAO,H:\Meu Drive\RADIO TJRN CONTEÚDO\00_PRODUCAO_2026\01_BOLETINS_DIARIOS\03_AUDIOS_RADIO\04 - ABR - 26\22 04 - QUA
ABRIL,NJUD N/A,BOLETIM_RADIO_TJRN_22_04_2026_B8_ESTAGIO_POS_JOAO_CAMARA.mp3,22_04_2026,ESTAGIO_POS_JOAO_CAMARA,,TJRN,NAO,H:\Meu Drive\RADIO TJRN CONTEÚDO\00_PRODUCAO_2026\01_BOLETINS_DIARIOS\03_AUDIOS_RADIO\04 - ABR - 26\22 04 - QUA
ABRIL,NJUD N/A,BOLETIM_RADIO_TJRN_22_04_2026_B9_TRTRN_CONTRATO_INTERMITENTE_FALHA_CTPS.mp3,22_04_2026,TRTRN_CONTRATO_INTERMITENTE_FALHA_CTPS,,TJRN,NAO,H:\Meu Drive\RADIO TJRN CONTEÚDO\00_PRODUCAO_2026\01_BOLETINS_DIARIOS\03_AUDIOS_RADIO\04 - ABR - 26\22 04 - QUA
ABRIL,NJUD N/A,BOLETIM_RADIO_TJRN_23_04_2026_B10_TRT_RN_LEILAO_2026.mp3,23_04_2026,TRT_RN_LEILAO_2026,,TJRN,NAO,H:\Meu Drive\RADIO TJRN CONTEÚDO\00_PRODUCAO_2026\01_BOLETINS_DIARIOS\03_AUDIOS_RADIO\04 - ABR - 26\23 04 - QUI
ABRIL,NJUD N/A,BOLETIM_RADIO_TJRN_23_04_2026_B1_ROUBO_MAJORADO_CONDENACAO.mp3,23_04_2026,ROUBO_MAJORADO_CONDENACAO,,TJRN,NAO,H:\Meu Drive\RADIO TJRN CONTEÚDO\00_PRODUCAO_2026\01_BOLETINS_DIARIOS\03_AUDIOS_RADIO\04 - ABR - 26\23 04 - QUI
ABRIL,NJUD N/A,BOLETIM_RADIO_TJRN_23_04_2026_B2_DANOS_MORAIS_MESA_MADEIRA.mp3,23_04_2026,DANOS_MORAIS_MESA_MADEIRA,,TJRN,NAO,H:\Meu Drive\RADIO TJRN CONTEÚDO\00_PRODUCAO_2026\01_BOLETINS_DIARIOS\03_AUDIOS_RADIO\04 - ABR - 26\23 04 - QUI
ABRIL,NJUD N/A,BOLETIM_RADIO_TJRN_23_04_2026_B3_IRREGULARIDADE_LEILAO.mp3,23_04_2026,IRREGULARIDADE_LEILAO,,TJRN,NAO,H:\Meu Drive\RADIO TJRN CONTEÚDO\00_PRODUCAO_2026\01_BOLETINS_DIARIOS\03_AUDIOS_RADIO\04 - ABR - 26\23 04 - QUI
ABRIL,NJUD N/A,BOLETIM_RADIO_TJRN_23_04_2026_B4_FALHA_SEGURANCA_DADOS.mp3,23_04_2026,FALHA_SEGURANCA_DADOS,,TJRN,NAO,H:\Meu Drive\RADIO TJRN CONTEÚDO\00_PRODUCAO_2026\01_BOLETINS_DIARIOS\03_AUDIOS_RADIO\04 - ABR - 26\23 04 - QUI
ABRIL,NJUD N/A,BOLETIM_RADIO_TJRN_23_04_2026_B5_EMPRESA_ONIBUS_CONDENACAO.mp3,23_04_2026,EMPRESA_ONIBUS_CONDENACAO,,TJRN,NAO,H:\Meu Drive\RADIO TJRN CONTEÚDO\00_PRODUCAO_2026\01_BOLETINS_DIARIOS\03_AUDIOS_RADIO\04 - ABR - 26\23 04 - QUI
ABRIL,NJUD N/A,BOLETIM_RADIO_TJRN_23_04_2026_B6_GRUPO_APOIO_METAS_ESTAGIO.mp3,23_04_2026,GRUPO_APOIO_METAS_ESTAGIO,,TJRN,NAO,H:\Meu Drive\RADIO TJRN CONTEÚDO\00_PRODUCAO_2026\01_BOLETINS_DIARIOS\03_AUDIOS_RADIO\04 - ABR - 26\23 04 - QUI
ABRIL,NJUD N/A,BOLETIM_RADIO_TJRN_23_04_2026_B7_TCE_RN_TREINAMENTO_GESTORES_TRANSPARENCIA_.mp3,23_04_2026,TCE_RN_TREINAMENTO_GESTORES_TRANSPARENCIA,,TJRN,NAO,H:\Meu Drive\RADIO TJRN CONTEÚDO\00_PRODUCAO_2026\01_BOLETINS_DIARIOS\03_AUDIOS_RADIO\04 - ABR - 26\23 04 - QUI
ABRIL,NJUD N/A,BOLETIM_RADIO_TJRN_23_04_2026_B8_MPRN_RECOMENDA_REGULARIZACAO_LIXO.mp3,23_04_2026,MPRN_RECOMENDA_REGULARIZACAO_LIXO,,TJRN,NAO,H:\Meu Drive\RADIO TJRN CONTEÚDO\00_PRODUCAO_2026\01_BOLETINS_DIARIOS\03_AUDIOS_RADIO\04 - ABR - 26\23 04 - QUI
ABRIL,NJUD N/A,BOLETIM_RADIO_TJRN_23_04_2026_B9_TRE_RN_APERFEICOAMENTO_MAGISTRATURA_.mp3,23_04_2026,TRE_RN_APERFEICOAMENTO_MAGISTRATURA,,TJRN,NAO,H:\Meu Drive\RADIO TJRN CONTEÚDO\00_PRODUCAO_2026\01_BOLETINS_DIARIOS\03_AUDIOS_RADIO\04 - ABR - 26\23 04 - QUI
ABRIL,NJUD N/A,BOLETIM_RADIO_TJRN_24_04_2026_B10_PROJETO_LAIS_SAUDE.mp3,24_04_2026,PROJETO_LAIS_SAUDE,,TJRN,NAO,H:\Meu Drive\RADIO TJRN CONTEÚDO\00_PRODUCAO_2026\01_BOLETINS_DIARIOS\03_AUDIOS_RADIO\04 - ABR - 26\24 04 - SEX
ABRIL,NJUD N/A,BOLETIM_RADIO_TJRN_24_04_2026_B1_ATRASO_TRANSPORTE_INDENIZACAO.mp3,24_04_2026,ATRASO_TRANSPORTE_INDENIZACAO,,TJRN,NAO,H:\Meu Drive\RADIO TJRN CONTEÚDO\00_PRODUCAO_2026\01_BOLETINS_DIARIOS\03_AUDIOS_RADIO\04 - ABR - 26\24 04 - SEX
ABRIL,NJUD N/A,BOLETIM_RADIO_TJRN_24_04_2026_B2_BLOQUEIO_INDEVIDO_APLICATIVO.mp3,24_04_2026,BLOQUEIO_INDEVIDO_APLICATIVO,,TJRN,NAO,H:\Meu Drive\RADIO TJRN CONTEÚDO\00_PRODUCAO_2026\01_BOLETINS_DIARIOS\03_AUDIOS_RADIO\04 - ABR - 26\24 04 - SEX
ABRIL,NJUD N/A,BOLETIM_RADIO_TJRN_24_04_2026_B3_PERDA_AUDITIVA_MOTORISTA_AMBULANCIA.mp3,24_04_2026,PERDA_AUDITIVA_MOTORISTA_AMBULANCIA,,TJRN,NAO,H:\Meu Drive\RADIO TJRN CONTEÚDO\00_PRODUCAO_2026\01_BOLETINS_DIARIOS\03_AUDIOS_RADIO\04 - ABR - 26\24 04 - SEX
ABRIL,NJUD N/A,BOLETIM_RADIO_TJRN_24_04_2026_B4_RETROATIVO_GRATIFICACAO_DENTISTA.mp3,24_04_2026,RETROATIVO_GRATIFICACAO_DENTISTA,,TJRN,NAO,H:\Meu Drive\RADIO TJRN CONTEÚDO\00_PRODUCAO_2026\01_BOLETINS_DIARIOS\03_AUDIOS_RADIO\04 - ABR - 26\24 04 - SEX
ABRIL,NJUD N/A,BOLETIM_RADIO_TJRN_24_04_2026_B5_REGULARIZACAO_EMPREENDIMENTO_PONTA_NEGRA.mp3,24_04_2026,REGULARIZACAO_EMPREENDIMENTO_PONTA_NEGRA,,TJRN,NAO,H:\Meu Drive\RADIO TJRN CONTEÚDO\00_PRODUCAO_2026\01_BOLETINS_DIARIOS\03_AUDIOS_RADIO\04 - ABR - 26\24 04 - SEX
ABRIL,NJUD N/A,BOLETIM_RADIO_TJRN_24_04_2026_B6_ESTAGIO_DIREITO_VARA_CIVEL.mp3,24_04_2026,ESTAGIO_DIREITO_VARA_CIVEL,,TJRN,NAO,H:\Meu Drive\RADIO TJRN CONTEÚDO\00_PRODUCAO_2026\01_BOLETINS_DIARIOS\03_AUDIOS_RADIO\04 - ABR - 26\24 04 - SEX
ABRIL,NJUD N/A,BOLETIM_RADIO_TJRN_24_04_2026_B7_TRT_DIALOGO_CONCILIACAO.mp3,24_04_2026,TRT_DIALOGO_CONCILIACAO,,TJRN,NAO,H:\Meu Drive\RADIO TJRN CONTEÚDO\00_PRODUCAO_2026\01_BOLETINS_DIARIOS\03_AUDIOS_RADIO\04 - ABR - 26\24 04 - SEX
ABRIL,NJUD N/A,BOLETIM_RADIO_TJRN_24_04_2026_B8_LIBERACAO_1_MILHAO_HENRIQUE_LAJES.mp3,24_04_2026,LIBERACAO_1_MILHAO_HENRIQUE_LAJES,,TJRN,NAO,H:\Meu Drive\RADIO TJRN CONTEÚDO\00_PRODUCAO_2026\01_BOLETINS_DIARIOS\03_AUDIOS_RADIO\04 - ABR - 26\24 04 - SEX
ABRIL,NJUD N/A,BOLETIM_RADIO_TJRN_24_04_2026_B9_CENTRAL_ESTADUAL_LIBRAS.mp3,24_04_2026,CENTRAL_ESTADUAL_LIBRAS,,TJRN,NAO,H:\Meu Drive\RADIO TJRN CONTEÚDO\00_PRODUCAO_2026\01_BOLETINS_DIARIOS\03_AUDIOS_RADIO\04 - ABR - 26\24 04 - SEX
ABRIL,NJUD N/A,BOLETIM_RADIO_TJRN_27_04_2026_B10_TRTRN_EVENTO_PREPARATORIO_CONCILIACAO_.mp3,27_04_2026,TRTRN_EVENTO_PREPARATORIO_CONCILIACAO,,TJRN,NAO,H:\Meu Drive\RADIO TJRN CONTEÚDO\00_PRODUCAO_2026\01_BOLETINS_DIARIOS\03_AUDIOS_RADIO\04 - ABR - 26\27 04 - SEG
ABRIL,NJUD N/A,BOLETIM_RADIO_TJRN_27_04_2026_B1_PLANO_SAUDE_CIRURGIA_BARIATRICA.mp3,27_04_2026,PLANO_SAUDE_CIRURGIA_BARIATRICA,,TJRN,NAO,H:\Meu Drive\RADIO TJRN CONTEÚDO\00_PRODUCAO_2026\01_BOLETINS_DIARIOS\03_AUDIOS_RADIO\04 - ABR - 26\27 04 - SEG
ABRIL,NJUD N/A,BOLETIM_RADIO_TJRN_27_04_2026_B2_CONDOMINIO_LICENCAS_LEGAIS.mp3,27_04_2026,CONDOMINIO_LICENCAS_LEGAIS,,TJRN,NAO,H:\Meu Drive\RADIO TJRN CONTEÚDO\00_PRODUCAO_2026\01_BOLETINS_DIARIOS\03_AUDIOS_RADIO\04 - ABR - 26\27 04 - SEG
ABRIL,NJUD N/A,BOLETIM_RADIO_TJRN_27_04_2026_B3_TERAPIAS_CRIANCA_TEA.mp3,27_04_2026,TERAPIAS_CRIANCA_TEA,,TJRN,NAO,H:\Meu Drive\RADIO TJRN CONTEÚDO\00_PRODUCAO_2026\01_BOLETINS_DIARIOS\03_AUDIOS_RADIO\04 - ABR - 26\27 04 - SEG
ABRIL,NJUD N/A,BOLETIM_RADIO_TJRN_27_04_2026_B4_CORTE_LUZ_SISTEMA_SOLAR.mp3,27_04_2026,CORTE_LUZ_SISTEMA_SOLAR,,TJRN,NAO,H:\Meu Drive\RADIO TJRN CONTEÚDO\00_PRODUCAO_2026\01_BOLETINS_DIARIOS\03_AUDIOS_RADIO\04 - ABR - 26\27 04 - SEG
ABRIL,NJUD N/A,BOLETIM_RADIO_TJRN_27_04_2026_B5_ADICIONAL_INSALUBRIDADE_TECNICO_SAMU.mp3,27_04_2026,ADICIONAL_INSALUBRIDADE_TECNICO_SAMU,,TJRN,NAO,H:\Meu Drive\RADIO TJRN CONTEÚDO\00_PRODUCAO_2026\01_BOLETINS_DIARIOS\03_AUDIOS_RADIO\04 - ABR - 26\27 04 - SEG
ABRIL,NJUD N/A,BOLETIM_RADIO_TJRN_27_04_2026_B6_ESTAGIO_JARDIM_PIRANHAS.mp3,27_04_2026,ESTAGIO_JARDIM_PIRANHAS,,TJRN,NAO,H:\Meu Drive\RADIO TJRN CONTEÚDO\00_PRODUCAO_2026\01_BOLETINS_DIARIOS\03_AUDIOS_RADIO\04 - ABR - 26\27 04 - SEG
ABRIL,NJUD N/A,BOLETIM_RADIO_TJRN_27_04_2026_B7_CONVOCACAO_HETEROIDENTIFICACAO_ENAM.mp3,27_04_2026,CONVOCACAO_HETEROIDENTIFICACAO_ENAM,,TJRN,NAO,H:\Meu Drive\RADIO TJRN CONTEÚDO\00_PRODUCAO_2026\01_BOLETINS_DIARIOS\03_AUDIOS_RADIO\04 - ABR - 26\27 04 - SEG
ABRIL,NJUD N/A,BOLETIM_RADIO_TJRN_27_04_2026_B8_TJRN_SESSAO_ORDINARIA_HIBRIDA_.mp3,27_04_2026,TJRN_SESSAO_ORDINARIA_HIBRIDA,,TJRN,NAO,H:\Meu Drive\RADIO TJRN CONTEÚDO\00_PRODUCAO_2026\01_BOLETINS_DIARIOS\03_AUDIOS_RADIO\04 - ABR - 26\27 04 - SEG
ABRIL,NJUD N/A,BOLETIM_RADIO_TJRN_27_04_2026_B9_MPRN_BLOQUEIO_PARNAMIRIM_.mp3,27_04_2026,MPRN_BLOQUEIO_PARNAMIRIM,,TJRN,NAO,H:\Meu Drive\RADIO TJRN CONTEÚDO\00_PRODUCAO_2026\01_BOLETINS_DIARIOS\03_AUDIOS_RADIO\04 - ABR - 26\27 04 - SEG
ABRIL,NJUD N/A,BOLETIM_RADIO_TJRN_28_04_2026_B10_TJRN_COOPERACAO_TECNICA.mp3,28_04_2026,TJRN_COOPERACAO_TECNICA,,TJRN,NAO,H:\Meu Drive\RADIO TJRN CONTEÚDO\00_PRODUCAO_2026\01_BOLETINS_DIARIOS\03_AUDIOS_RADIO\04 - ABR - 26\28 04 - TER
ABRIL,NJUD N/A,BOLETIM_RADIO_TJRN_28_04_2026_B10_TJRN_COOPERACAO_TECNICA_1782517287.mp3,28_04_2026,TJRN_COOPERACAO_TECNICA_1782517287,,TJRN,NAO,H:\Meu Drive\RADIO TJRN CONTEÚDO\00_PRODUCAO_2026\01_BOLETINS_DIARIOS\03_AUDIOS_RADIO\04 - ABR - 26\28 04 - TER
ABRIL,NJUD N/A,BOLETIM_RADIO_TJRN_28_04_2026_B1_TJRN_CASO_POLLYANA_.mp3,28_04_2026,TJRN_CASO_POLLYANA,,TJRN,NAO,H:\Meu Drive\RADIO TJRN CONTEÚDO\00_PRODUCAO_2026\01_BOLETINS_DIARIOS\03_AUDIOS_RADIO\04 - ABR - 26\28 04 - TER
ABRIL,NJUD N/A,BOLETIM_RADIO_TJRN_28_04_2026_B2_TJRN_3_CAMARA_INGRESSOS_COOPERADOS_.mp3,28_04_2026,TJRN_3_CAMARA_INGRESSOS_COOPERADOS,,TJRN,NAO,H:\Meu Drive\RADIO TJRN CONTEÚDO\00_PRODUCAO_2026\01_BOLETINS_DIARIOS\03_AUDIOS_RADIO\04 - ABR - 26\28 04 - TER
ABRIL,NJUD N/A,BOLETIM_RADIO_TJRN_28_04_2026_B3_TJRN_EMPRESA_VESTUARIO_INDENIZACAO_.mp3,28_04_2026,TJRN_EMPRESA_VESTUARIO_INDENIZACAO,,TJRN,NAO,H:\Meu Drive\RADIO TJRN CONTEÚDO\00_PRODUCAO_2026\01_BOLETINS_DIARIOS\03_AUDIOS_RADIO\04 - ABR - 26\28 04 - TER
ABRIL,NJUD N/A,BOLETIM_RADIO_TJRN_28_04_2026_B4_TJRN_CITACAO_CONJUGE_.mp3,28_04_2026,TJRN_CITACAO_CONJUGE,,TJRN,NAO,H:\Meu Drive\RADIO TJRN CONTEÚDO\00_PRODUCAO_2026\01_BOLETINS_DIARIOS\03_AUDIOS_RADIO\04 - ABR - 26\28 04 - TER
ABRIL,NJUD N/A,BOLETIM_RADIO_TJRN_28_04_2026_B5_TJRN_JUSTICA_POTIGUAR_NESGA_ISENCAO_.mp3,28_04_2026,TJRN_JUSTICA_POTIGUAR_NESGA_ISENCAO,,TJRN,NAO,H:\Meu Drive\RADIO TJRN CONTEÚDO\00_PRODUCAO_2026\01_BOLETINS_DIARIOS\03_AUDIOS_RADIO\04 - ABR - 26\28 04 - TER
ABRIL,NJUD N/A,BOLETIM_RADIO_TJRN_28_04_2026_B6_TJRN_OPERACAO_RECEPTOR_.mp3,28_04_2026,TJRN_OPERACAO_RECEPTOR,,TJRN,NAO,H:\Meu Drive\RADIO TJRN CONTEÚDO\00_PRODUCAO_2026\01_BOLETINS_DIARIOS\03_AUDIOS_RADIO\04 - ABR - 26\28 04 - TER
ABRIL,NJUD N/A,BOLETIM_RADIO_TJRN_28_04_2026_B7_MPRN_MANUNTENCAO_SERVICOS_SUS_.mp3,28_04_2026,MPRN_MANUNTENCAO_SERVICOS_SUS,,TJRN,NAO,H:\Meu Drive\RADIO TJRN CONTEÚDO\00_PRODUCAO_2026\01_BOLETINS_DIARIOS\03_AUDIOS_RADIO\04 - ABR - 26\28 04 - TER
ABRIL,NJUD N/A,BOLETIM_RADIO_TJRN_28_04_2026_B8_OABRN_LOCAIS_PROVA_ENAM.mp3,28_04_2026,OABRN_LOCAIS_PROVA_ENAM,,TJRN,NAO,H:\Meu Drive\RADIO TJRN CONTEÚDO\00_PRODUCAO_2026\01_BOLETINS_DIARIOS\03_AUDIOS_RADIO\04 - ABR - 26\28 04 - TER
ABRIL,NJUD N/A,BOLETIM_RADIO_TJRN_28_04_2026_B9_DPERN_DECISAO_INDIGENAS_WARAO.mp3,28_04_2026,DPERN_DECISAO_INDIGENAS_WARAO,,TJRN,NAO,H:\Meu Drive\RADIO TJRN CONTEÚDO\00_PRODUCAO_2026\01_BOLETINS_DIARIOS\03_AUDIOS_RADIO\04 - ABR - 26\28 04 - TER
ABRIL,NJUD N/A,BOLETIM_RADIO_TJRN_29_04_2026_B10_MPRN_OPERACAO_TRAFICO_DROGAS_.mp3,29_04_2026,MPRN_OPERACAO_TRAFICO_DROGAS,,TJRN,NAO,H:\Meu Drive\RADIO TJRN CONTEÚDO\00_PRODUCAO_2026\01_BOLETINS_DIARIOS\03_AUDIOS_RADIO\04 - ABR - 26\29 04 - QUA
ABRIL,NJUD N/A,BOLETIM_RADIO_TJRN_29_04_2026_B1_INSCRICOES_PREMIO_INNOVARE.mp3,29_04_2026,INSCRICOES_PREMIO_INNOVARE,,TJRN,NAO,H:\Meu Drive\RADIO TJRN CONTEÚDO\00_PRODUCAO_2026\01_BOLETINS_DIARIOS\03_AUDIOS_RADIO\04 - ABR - 26\29 04 - QUA
ABRIL,NJUD N/A,BOLETIM_RADIO_TJRN_29_04_2026_B2_CUSTEIO_MATERIAIS_CIRURGICOS.mp3,29_04_2026,CUSTEIO_MATERIAIS_CIRURGICOS,,TJRN,NAO,H:\Meu Drive\RADIO TJRN CONTEÚDO\00_PRODUCAO_2026\01_BOLETINS_DIARIOS\03_AUDIOS_RADIO\04 - ABR - 26\29 04 - QUA
ABRIL,NJUD N/A,BOLETIM_RADIO_TJRN_29_04_2026_B3_INDENIZACAO_GELADEIRA_DEFEITUOSA.mp3,29_04_2026,INDENIZACAO_GELADEIRA_DEFEITUOSA,,TJRN,NAO,H:\Meu Drive\RADIO TJRN CONTEÚDO\00_PRODUCAO_2026\01_BOLETINS_DIARIOS\03_AUDIOS_RADIO\04 - ABR - 26\29 04 - QUA
ABRIL,NJUD N/A,BOLETIM_RADIO_TJRN_29_04_2026_B4_EMPRESA_PENDENCIAS_TRIBUTARIAS.mp3,29_04_2026,EMPRESA_PENDENCIAS_TRIBUTARIAS,,TJRN,NAO,H:\Meu Drive\RADIO TJRN CONTEÚDO\00_PRODUCAO_2026\01_BOLETINS_DIARIOS\03_AUDIOS_RADIO\04 - ABR - 26\29 04 - QUA
ABRIL,NJUD N/A,BOLETIM_RADIO_TJRN_29_04_2026_B5_HOMICIDIO_CULPOSO_NEGADO_RECURSO.mp3,29_04_2026,HOMICIDIO_CULPOSO_NEGADO_RECURSO,,TJRN,NAO,H:\Meu Drive\RADIO TJRN CONTEÚDO\00_PRODUCAO_2026\01_BOLETINS_DIARIOS\03_AUDIOS_RADIO\04 - ABR - 26\29 04 - QUA
ABRIL,NJUD N/A,BOLETIM_RADIO_TJRN_29_04_2026_B6_DANOS_MORAIS_FOGAO_DEFEITUOSO.mp3,29_04_2026,DANOS_MORAIS_FOGAO_DEFEITUOSO,,TJRN,NAO,H:\Meu Drive\RADIO TJRN CONTEÚDO\00_PRODUCAO_2026\01_BOLETINS_DIARIOS\03_AUDIOS_RADIO\04 - ABR - 26\29 04 - QUA
ABRIL,NJUD N/A,BOLETIM_RADIO_TJRN_29_04_2026_B7_SEGUNDA_SEMANA_PAUTA_VERDE.mp3,29_04_2026,SEGUNDA_SEMANA_PAUTA_VERDE,,TJRN,NAO,H:\Meu Drive\RADIO TJRN CONTEÚDO\00_PRODUCAO_2026\01_BOLETINS_DIARIOS\03_AUDIOS_RADIO\04 - ABR - 26\29 04 - QUA
ABRIL,NJUD N/A,BOLETIM_RADIO_TJRN_29_04_2026_B8_TJRN_PROGRAMA_JUSTICA_E_ESCOLA_.mp3,29_04_2026,TJRN_PROGRAMA_JUSTICA_E_ESCOLA,,TJRN,NAO,H:\Meu Drive\RADIO TJRN CONTEÚDO\00_PRODUCAO_2026\01_BOLETINS_DIARIOS\03_AUDIOS_RADIO\04 - ABR - 26\29 04 - QUA
ABRIL,NJUD N/A,BOLETIM_RADIO_TJRN_29_04_2026_B9_DPERN_RESTABELECIMENTO_AGUA_.mp3,29_04_2026,DPERN_RESTABELECIMENTO_AGUA,,TJRN,NAO,H:\Meu Drive\RADIO TJRN CONTEÚDO\00_PRODUCAO_2026\01_BOLETINS_DIARIOS\03_AUDIOS_RADIO\04 - ABR - 26\29 04 - QUA
ABRIL,NJUD N/A,BOLETIM_RADIO_TJRN_30_04_2026_B10_TRTRN_REVERTE_JUSTA_CAUSA_.mp3,30_04_2026,TRTRN_REVERTE_JUSTA_CAUSA,,TJRN,NAO,H:\Meu Drive\RADIO TJRN CONTEÚDO\00_PRODUCAO_2026\01_BOLETINS_DIARIOS\03_AUDIOS_RADIO\04 - ABR - 26\30 04 - QUI
ABRIL,NJUD N/A,BOLETIM_RADIO_TJRN_30_04_2026_B1_TJRN_CAMARA_VEREADORES_VIRGILIO_MACEDO_.mp3,30_04_2026,TJRN_CAMARA_VEREADORES_VIRGILIO_MACEDO,,TJRN,NAO,H:\Meu Drive\RADIO TJRN CONTEÚDO\00_PRODUCAO_2026\01_BOLETINS_DIARIOS\03_AUDIOS_RADIO\04 - ABR - 26\30 04 - QUI
ABRIL,NJUD N/A,BOLETIM_RADIO_TJRN_30_04_2026_B2_TJRN_SESSAO_JURI_POLLYANA_.mp3,30_04_2026,TJRN_SESSAO_JURI_POLLYANA,,TJRN,NAO,H:\Meu Drive\RADIO TJRN CONTEÚDO\00_PRODUCAO_2026\01_BOLETINS_DIARIOS\03_AUDIOS_RADIO\04 - ABR - 26\30 04 - QUI
ABRIL,NJUD N/A,BOLETIM_RADIO_TJRN_30_04_2026_B3_TJRN_MANTIDO_JURI_ACUSADOS_HOMICIDIOS_.mp3,30_04_2026,TJRN_MANTIDO_JURI_ACUSADOS_HOMICIDIOS,,TJRN,NAO,H:\Meu Drive\RADIO TJRN CONTEÚDO\00_PRODUCAO_2026\01_BOLETINS_DIARIOS\03_AUDIOS_RADIO\04 - ABR - 26\30 04 - QUI
ABRIL,NJUD N/A,BOLETIM_RADIO_TJRN_30_04_2026_B4_TJRN_RECONHECE_VICIO_ACESSORIO_.mp3,30_04_2026,TJRN_RECONHECE_VICIO_ACESSORIO,,TJRN,NAO,H:\Meu Drive\RADIO TJRN CONTEÚDO\00_PRODUCAO_2026\01_BOLETINS_DIARIOS\03_AUDIOS_RADIO\04 - ABR - 26\30 04 - QUI
ABRIL,NJUD N/A,BOLETIM_RADIO_TJRN_30_04_2026_B5_TJRN_PACIENTE_ESCLEROSE_LATERAL.mp3,30_04_2026,TJRN_PACIENTE_ESCLEROSE_LATERAL,,TJRN,NAO,H:\Meu Drive\RADIO TJRN CONTEÚDO\00_PRODUCAO_2026\01_BOLETINS_DIARIOS\03_AUDIOS_RADIO\04 - ABR - 26\30 04 - QUI
ABRIL,NJUD N/A,BOLETIM_RADIO_TJRN_30_04_2026_B6_TJRN_REATIVACAO_PLANO_SAUDE_.mp3,30_04_2026,TJRN_REATIVACAO_PLANO_SAUDE,,TJRN,NAO,H:\Meu Drive\RADIO TJRN CONTEÚDO\00_PRODUCAO_2026\01_BOLETINS_DIARIOS\03_AUDIOS_RADIO\04 - ABR - 26\30 04 - QUI
ABRIL,NJUD N/A,BOLETIM_RADIO_TJRN_30_04_2026_B7_TJRN_MULHER_INDENIZADA_PERFIL_FRAUDULENTO_.mp3,30_04_2026,TJRN_MULHER_INDENIZADA_PERFIL_FRAUDULENTO,,TJRN,NAO,H:\Meu Drive\RADIO TJRN CONTEÚDO\00_PRODUCAO_2026\01_BOLETINS_DIARIOS\03_AUDIOS_RADIO\04 - ABR - 26\30 04 - QUI
ABRIL,NJUD N/A,BOLETIM_RADIO_TJRN_30_04_2026_B8_TJRN_CASO_POLLYANA_CONDENA_SEIS_.mp3,30_04_2026,TJRN_CASO_POLLYANA_CONDENA_SEIS,,TJRN,NAO,H:\Meu Drive\RADIO TJRN CONTEÚDO\00_PRODUCAO_2026\01_BOLETINS_DIARIOS\03_AUDIOS_RADIO\04 - ABR - 26\30 04 - QUI
ABRIL,NJUD N/A,BOLETIM_RADIO_TJRN_30_04_2026_B9_TJRN_DESTAQUE_PREMIO_NACIONAL_CNJ.mp3,30_04_2026,TJRN_DESTAQUE_PREMIO_NACIONAL_CNJ,,TJRN,NAO,H:\Meu Drive\RADIO TJRN CONTEÚDO\00_PRODUCAO_2026\01_BOLETINS_DIARIOS\03_AUDIOS_RADIO\04 - ABR - 26\30 04 - QUI
ABRIL,NJUD N/A,BOLETIM_RADIO_TJRN_06_04_2026_B10_TJRN_CONDENA_FALSO_ADVOGADO_.mp3,06_04_2026,TJRN_CONDENA_FALSO_ADVOGADO,,TJRN,NAO,H:\Meu Drive\RADIO TJRN CONTEÚDO\00_PRODUCAO_2026\01_BOLETINS_DIARIOS\03_AUDIOS_RADIO\04 - ABR - 26
ABRIL,NJUD N/A,BOLETIM_RADIO_TJRN_06_04_2026_B1_TJRN_FALHA_ELETRONICA_REGISTRO_DOCUMENTO_.mp3,06_04_2026,TJRN_FALHA_ELETRONICA_REGISTRO_DOCUMENTO,,TJRN,NAO,H:\Meu Drive\RADIO TJRN CONTEÚDO\00_PRODUCAO_2026\01_BOLETINS_DIARIOS\03_AUDIOS_RADIO\04 - ABR - 26
ABRIL,NJUD N/A,BOLETIM_RADIO_TJRN_06_04_2026_B2_TJRN_PROJETO_GMF_REDE_SOCIOEDUCATIVA_.mp3,06_04_2026,TJRN_PROJETO_GMF_REDE_SOCIOEDUCATIVA,,TJRN,NAO,H:\Meu Drive\RADIO TJRN CONTEÚDO\00_PRODUCAO_2026\01_BOLETINS_DIARIOS\03_AUDIOS_RADIO\04 - ABR - 26
ABRIL,NJUD N/A,BOLETIM_RADIO_TJRN_06_04_2026_B3_TJRN_COJUD_PROCESSO_SELETIVO_.mp3,06_04_2026,TJRN_COJUD_PROCESSO_SELETIVO,,TJRN,NAO,H:\Meu Drive\RADIO TJRN CONTEÚDO\00_PRODUCAO_2026\01_BOLETINS_DIARIOS\03_AUDIOS_RADIO\04 - ABR - 26
ABRIL,NJUD N/A,BOLETIM_RADIO_TJRN_06_04_2026_B4_TJRN_MUNICIPIO_GARANTIR_CONSULTAS_.mp3,06_04_2026,TJRN_MUNICIPIO_GARANTIR_CONSULTAS,,TJRN,NAO,H:\Meu Drive\RADIO TJRN CONTEÚDO\00_PRODUCAO_2026\01_BOLETINS_DIARIOS\03_AUDIOS_RADIO\04 - ABR - 26
ABRIL,NJUD N/A,BOLETIM_RADIO_TJRN_06_04_2026_B5_TJRN_MANTEM_RESPONSABILIZACAO_DANOS_ENCHENTE_.mp3,06_04_2026,TJRN_MANTEM_RESPONSABILIZACAO_DANOS_ENCHENTE,,TJRN,NAO,H:\Meu Drive\RADIO TJRN CONTEÚDO\00_PRODUCAO_2026\01_BOLETINS_DIARIOS\03_AUDIOS_RADIO\04 - ABR - 26
ABRIL,NJUD N/A,BOLETIM_RADIO_TJRN_06_04_2026_B6_TJRN_NEGA_RECURSO_ACUSADO_TENTATIVA_FEMINICIDIO_.mp3,06_04_2026,TJRN_NEGA_RECURSO_ACUSADO_TENTATIVA_FEMINICIDIO,,TJRN,NAO,H:\Meu Drive\RADIO TJRN CONTEÚDO\00_PRODUCAO_2026\01_BOLETINS_DIARIOS\03_AUDIOS_RADIO\04 - ABR - 26
ABRIL,NJUD N/A,BOLETIM_RADIO_TJRN_06_04_2026_B7_TJRN_ACORDOS_EXTRAJUDICIAIS_PROSSEGUIMENTOS_.mp3,06_04_2026,TJRN_ACORDOS_EXTRAJUDICIAIS_PROSSEGUIMENTOS,,TJRN,NAO,H:\Meu Drive\RADIO TJRN CONTEÚDO\00_PRODUCAO_2026\01_BOLETINS_DIARIOS\03_AUDIOS_RADIO\04 - ABR - 26
ABRIL,NJUD N/A,BOLETIM_RADIO_TJRN_06_04_2026_B8_TJRN_DECISAO_REALIZACAO_PERICIA_GRAFOTECNICA_.mp3,06_04_2026,TJRN_DECISAO_REALIZACAO_PERICIA_GRAFOTECNICA,,TJRN,NAO,H:\Meu Drive\RADIO TJRN CONTEÚDO\00_PRODUCAO_2026\01_BOLETINS_DIARIOS\03_AUDIOS_RADIO\04 - ABR - 26
ABRIL,NJUD N/A,BOLETIM_RADIO_TJRN_06_04_2026_B9_TJRN_GARANTE_COBERTURA_PARTO_SEM_CARENCIA_.mp3,06_04_2026,TJRN_GARANTE_COBERTURA_PARTO_SEM_CARENCIA,,TJRN,NAO,H:\Meu Drive\RADIO TJRN CONTEÚDO\00_PRODUCAO_2026\01_BOLETINS_DIARIOS\03_AUDIOS_RADIO\04 - ABR - 26
ABRIL,NJUD N/A,BOLETIM_RADIO_TJRN_07_04_2026_B8_MPRN_EX_SECRETARIO_MOSSORO_CONDENADO.mp3,07_04_2026,MPRN_EX_SECRETARIO_MOSSORO_CONDENADO,,TJRN,NAO,H:\Meu Drive\RADIO TJRN CONTEÚDO\00_PRODUCAO_2026\01_BOLETINS_DIARIOS\03_AUDIOS_RADIO\04 - ABR - 26
ABRIL,NJUD N/A,BOLETIM_RADIO_TJRN_08_04_2026_B10_TJRN_SEMANA_NACIONAL_SAUDE.mp3,08_04_2026,TJRN_SEMANA_NACIONAL_SAUDE,,TJRN,NAO,H:\Meu Drive\RADIO TJRN CONTEÚDO\00_PRODUCAO_2026\01_BOLETINS_DIARIOS\03_AUDIOS_RADIO\04 - ABR - 26
ABRIL,NJUD N/A,BOLETIM_RADIO_TJRN_08_04_2026_B1_TJRN_SANTA_CRUZ_PROJETOS_SOCIAIS_.mp3,08_04_2026,TJRN_SANTA_CRUZ_PROJETOS_SOCIAIS,,TJRN,NAO,H:\Meu Drive\RADIO TJRN CONTEÚDO\00_PRODUCAO_2026\01_BOLETINS_DIARIOS\03_AUDIOS_RADIO\04 - ABR - 26
ABRIL,NJUD N/A,BOLETIM_RADIO_TJRN_08_04_2026_B2_TJRN_BANCO_CONDENADO_VAZAMENTOS_DADOS_.mp3,08_04_2026,TJRN_BANCO_CONDENADO_VAZAMENTOS_DADOS,,TJRN,NAO,H:\Meu Drive\RADIO TJRN CONTEÚDO\00_PRODUCAO_2026\01_BOLETINS_DIARIOS\03_AUDIOS_RADIO\04 - ABR - 26
ABRIL,NJUD N/A,BOLETIM_RADIO_TJRN_08_04_2026_B3_TJRN_ACAO_ALIMENTOS_IDOSO_ALZHEIMER_.mp3,08_04_2026,TJRN_ACAO_ALIMENTOS_IDOSO_ALZHEIMER,,TJRN,NAO,H:\Meu Drive\RADIO TJRN CONTEÚDO\00_PRODUCAO_2026\01_BOLETINS_DIARIOS\03_AUDIOS_RADIO\04 - ABR - 26
ABRIL,NJUD N/A,BOLETIM_RADIO_TJRN_08_04_2026_B4_TJRN_PLANO_SAUDE_CONDENADO_CIRURGIA_OCULAR_.mp3,08_04_2026,TJRN_PLANO_SAUDE_CONDENADO_CIRURGIA_OCULAR,,TJRN,NAO,H:\Meu Drive\RADIO TJRN CONTEÚDO\00_PRODUCAO_2026\01_BOLETINS_DIARIOS\03_AUDIOS_RADIO\04 - ABR - 26
ABRIL,NJUD N/A,BOLETIM_RADIO_TJRN_08_04_2026_B5_TJRN_SENTENCA_EXIGENCIA_PROCURACAO_DETRAN_.mp3,08_04_2026,TJRN_SENTENCA_EXIGENCIA_PROCURACAO_DETRAN,,TJRN,NAO,H:\Meu Drive\RADIO TJRN CONTEÚDO\00_PRODUCAO_2026\01_BOLETINS_DIARIOS\03_AUDIOS_RADIO\04 - ABR - 26
ABRIL,NJUD N/A,BOLETIM_RADIO_TJRN_08_04_2026_B6_TJRN_VIGILANTE_AUXILIAR_CONDENADOS_.mp3,08_04_2026,TJRN_VIGILANTE_AUXILIAR_CONDENADOS,,TJRN,NAO,H:\Meu Drive\RADIO TJRN CONTEÚDO\00_PRODUCAO_2026\01_BOLETINS_DIARIOS\03_AUDIOS_RADIO\04 - ABR - 26
ABRIL,NJUD N/A,BOLETIM_RADIO_TJRN_08_04_2026_B7_TJRN_PLATAFORMA_NAO_EFETIVA_RESERVA_HOTEL.mp3,08_04_2026,TJRN_PLATAFORMA_NAO_EFETIVA_RESERVA_HOTEL,,TJRN,NAO,H:\Meu Drive\RADIO TJRN CONTEÚDO\00_PRODUCAO_2026\01_BOLETINS_DIARIOS\03_AUDIOS_RADIO\04 - ABR - 26
ABRIL,NJUD N/A,BOLETIM_RADIO_TJRN_08_04_2026_B8_TJRN_FALHA_DEPOSITO_BANCARIO_.mp3,08_04_2026,TJRN_FALHA_DEPOSITO_BANCARIO,,TJRN,NAO,H:\Meu Drive\RADIO TJRN CONTEÚDO\00_PRODUCAO_2026\01_BOLETINS_DIARIOS\03_AUDIOS_RADIO\04 - ABR - 26
ABRIL,NJUD N/A,BOLETIM_RADIO_TJRN_08_04_2026_B9_TJRN_ANULA_CONTRATO_OTICA_.mp3,08_04_2026,TJRN_ANULA_CONTRATO_OTICA,,TJRN,NAO,H:\Meu Drive\RADIO TJRN CONTEÚDO\00_PRODUCAO_2026\01_BOLETINS_DIARIOS\03_AUDIOS_RADIO\04 - ABR - 26
ABRIL,NJUD N/A,BOLETIM_RADIO_TJRN_09_04_2026_B10_TRERN_AUTOATENDIMENTO_ELEITORAL_BIOMETRIA_.mp3,09_04_2026,TRERN_AUTOATENDIMENTO_ELEITORAL_BIOMETRIA,,TJRN,NAO,H:\Meu Drive\RADIO TJRN CONTEÚDO\00_PRODUCAO_2026\01_BOLETINS_DIARIOS\03_AUDIOS_RADIO\04 - ABR - 26
ABRIL,NJUD N/A,BOLETIM_RADIO_TJRN_09_04_2026_B1_TJRN_COBRANCA_INDEVIDA_BAGAGEM_.mp3,09_04_2026,TJRN_COBRANCA_INDEVIDA_BAGAGEM,,TJRN,NAO,H:\Meu Drive\RADIO TJRN CONTEÚDO\00_PRODUCAO_2026\01_BOLETINS_DIARIOS\03_AUDIOS_RADIO\04 - ABR - 26
ABRIL,NJUD N/A,BOLETIM_RADIO_TJRN_09_04_2026_B2_TJRN_MANTEM_CONDENACAO_ACUSADOS_ROUBO.mp3,09_04_2026,TJRN_MANTEM_CONDENACAO_ACUSADOS_ROUBO,,TJRN,NAO,H:\Meu Drive\RADIO TJRN CONTEÚDO\00_PRODUCAO_2026\01_BOLETINS_DIARIOS\03_AUDIOS_RADIO\04 - ABR - 26
ABRIL,NJUD N/A,BOLETIM_RADIO_TJRN_09_04_2026_B3_TJRN_TECNICO_PAGAMENTO_SERVICO_.mp3,09_04_2026,TJRN_TECNICO_PAGAMENTO_SERVICO,,TJRN,NAO,H:\Meu Drive\RADIO TJRN CONTEÚDO\00_PRODUCAO_2026\01_BOLETINS_DIARIOS\03_AUDIOS_RADIO\04 - ABR - 26
ABRIL,NJUD N/A,BOLETIM_RADIO_TJRN_09_04_2026_B4_TJRN_SUPOSTO_DESVIO_FUNCAO_PM.mp3,09_04_2026,TJRN_SUPOSTO_DESVIO_FUNCAO_PM,,TJRN,NAO,H:\Meu Drive\RADIO TJRN CONTEÚDO\00_PRODUCAO_2026\01_BOLETINS_DIARIOS\03_AUDIOS_RADIO\04 - ABR - 26
ABRIL,NJUD N/A,BOLETIM_RADIO_TJRN_09_04_2026_B5_TJRN_MANTIDA_CONDENACAO_EMPRESA_AEREA_.mp3,09_04_2026,TJRN_MANTIDA_CONDENACAO_EMPRESA_AEREA,,TJRN,NAO,H:\Meu Drive\RADIO TJRN CONTEÚDO\00_PRODUCAO_2026\01_BOLETINS_DIARIOS\03_AUDIOS_RADIO\04 - ABR - 26
ABRIL,NJUD N/A,BOLETIM_RADIO_TJRN_09_04_2026_B6_TJRN_CAMARA_SESSAO_EXTRAORDINARIA_HIBRIDA_.mp3,09_04_2026,TJRN_CAMARA_SESSAO_EXTRAORDINARIA_HIBRIDA,,TJRN,NAO,H:\Meu Drive\RADIO TJRN CONTEÚDO\00_PRODUCAO_2026\01_BOLETINS_DIARIOS\03_AUDIOS_RADIO\04 - ABR - 26
ABRIL,NJUD N/A,BOLETIM_RADIO_TJRN_09_04_2026_B7_TJRN_SEMANA_NACIONAL_REGISTRO_CIVIL.mp3,09_04_2026,TJRN_SEMANA_NACIONAL_REGISTRO_CIVIL,,TJRN,NAO,H:\Meu Drive\RADIO TJRN CONTEÚDO\00_PRODUCAO_2026\01_BOLETINS_DIARIOS\03_AUDIOS_RADIO\04 - ABR - 26
ABRIL,NJUD N/A,BOLETIM_RADIO_TJRN_09_04_2026_B8_TRTRN_NOVA_SALA_ESPERA_AUDIENCIA_.mp3,09_04_2026,TRTRN_NOVA_SALA_ESPERA_AUDIENCIA,,TJRN,NAO,H:\Meu Drive\RADIO TJRN CONTEÚDO\00_PRODUCAO_2026\01_BOLETINS_DIARIOS\03_AUDIOS_RADIO\04 - ABR - 26
ABRIL,NJUD N/A,BOLETIM_RADIO_TJRN_09_04_2026_B9_TRERN_CAMPANHA_ARRECADACOES_LIVROS_INFANTIS_.mp3,09_04_2026,TRERN_CAMPANHA_ARRECADACOES_LIVROS_INFANTIS,,TJRN,NAO,H:\Meu Drive\RADIO TJRN CONTEÚDO\00_PRODUCAO_2026\01_BOLETINS_DIARIOS\03_AUDIOS_RADIO\04 - ABR - 26
ABRIL,NJUD N/A,BOLETIM_RADIO_TJRN_10_04_2026_B10_TJRN_DETERMINA_SUSPENSAO_ATO_CANDIDATA_APROVADA.mp3,10_04_2026,TJRN_DETERMINA_SUSPENSAO_ATO_CANDIDATA_APROVADA,,TJRN,NAO,H:\Meu Drive\RADIO TJRN CONTEÚDO\00_PRODUCAO_2026\01_BOLETINS_DIARIOS\03_AUDIOS_RADIO\04 - ABR - 26
ABRIL,NJUD N/A,BOLETIM_RADIO_TJRN_10_04_2026_B1_TJRN_DECISAO_REALIZACAO_PERICIA_ASSINATURA_.mp3,10_04_2026,TJRN_DECISAO_REALIZACAO_PERICIA_ASSINATURA,,TJRN,NAO,H:\Meu Drive\RADIO TJRN CONTEÚDO\00_PRODUCAO_2026\01_BOLETINS_DIARIOS\03_AUDIOS_RADIO\04 - ABR - 26
ABRIL,NJUD N/A,BOLETIM_RADIO_TJRN_10_04_2026_B2_TJRN_SUPERLOTACAO_CARCERARIA_PROGRESSAO_REGIME_.mp3,10_04_2026,TJRN_SUPERLOTACAO_CARCERARIA_PROGRESSAO_REGIME,,TJRN,NAO,H:\Meu Drive\RADIO TJRN CONTEÚDO\00_PRODUCAO_2026\01_BOLETINS_DIARIOS\03_AUDIOS_RADIO\04 - ABR - 26
ABRIL,NJUD N/A,BOLETIM_RADIO_TJRN_10_04_2026_B3_TJRN_COSERN_CANCELAR_DEBITO_FRAUDE_.mp3,10_04_2026,TJRN_COSERN_CANCELAR_DEBITO_FRAUDE,,TJRN,NAO,H:\Meu Drive\RADIO TJRN CONTEÚDO\00_PRODUCAO_2026\01_BOLETINS_DIARIOS\03_AUDIOS_RADIO\04 - ABR - 26
ABRIL,NJUD N/A,BOLETIM_RADIO_TJRN_10_04_2026_B4_TJRN_CLIENTE_SOFRE_GOLPE_EMPRESTIMO_CONSIGNADO_.mp3,10_04_2026,TJRN_CLIENTE_SOFRE_GOLPE_EMPRESTIMO_CONSIGNADO,,TJRN,NAO,H:\Meu Drive\RADIO TJRN CONTEÚDO\00_PRODUCAO_2026\01_BOLETINS_DIARIOS\03_AUDIOS_RADIO\04 - ABR - 26
ABRIL,NJUD N/A,BOLETIM_RADIO_TJRN_10_04_2026_B5_TJRN_RECONHECE_DIREITO_CORRETOR_.mp3,10_04_2026,TJRN_RECONHECE_DIREITO_CORRETOR,,TJRN,NAO,H:\Meu Drive\RADIO TJRN CONTEÚDO\00_PRODUCAO_2026\01_BOLETINS_DIARIOS\03_AUDIOS_RADIO\04 - ABR - 26
ABRIL,NJUD N/A,BOLETIM_RADIO_TJRN_10_04_2026_B6_TJRN_PLANO_SAUDE_COBRANCA_EXCESSIVA_.mp3,10_04_2026,TJRN_PLANO_SAUDE_COBRANCA_EXCESSIVA,,TJRN,NAO,H:\Meu Drive\RADIO TJRN CONTEÚDO\00_PRODUCAO_2026\01_BOLETINS_DIARIOS\03_AUDIOS_RADIO\04 - ABR - 26
ABRIL,NJUD N/A,BOLETIM_RADIO_TJRN_10_04_2026_B7_TJRN_TRIPLO_HOMICIDIO_NISIA_FLORESTA_JURI_MANTIDO_.mp3,10_04_2026,TJRN_TRIPLO_HOMICIDIO_NISIA_FLORESTA_JURI_MANTIDO,,TJRN,NAO,H:\Meu Drive\RADIO TJRN CONTEÚDO\00_PRODUCAO_2026\01_BOLETINS_DIARIOS\03_AUDIOS_RADIO\04 - ABR - 26
ABRIL,NJUD N/A,BOLETIM_RADIO_TJRN_10_04_2026_B8_TJRN_DUPLA_CONDENADA_ASSALTO_.mp3,10_04_2026,TJRN_DUPLA_CONDENADA_ASSALTO,,TJRN,NAO,H:\Meu Drive\RADIO TJRN CONTEÚDO\00_PRODUCAO_2026\01_BOLETINS_DIARIOS\03_AUDIOS_RADIO\04 - ABR - 26
ABRIL,NJUD N/A,BOLETIM_RADIO_TJRN_10_04_2026_B9_TJRN_RECONHECE_DESCUMPRIMENTO_CONTRATUAL_.mp3,10_04_2026,TJRN_RECONHECE_DESCUMPRIMENTO_CONTRATUAL,,TJRN,NAO,H:\Meu Drive\RADIO TJRN CONTEÚDO\00_PRODUCAO_2026\01_BOLETINS_DIARIOS\03_AUDIOS_RADIO\04 - ABR - 26
ABRIL,NJUD N/A,BOLETIM_RADIO_TJRN_13_04_2026_B10_SUPLEMENTO_CRIANCA_SELETIVIDADE.mp3,13_04_2026,SUPLEMENTO_CRIANCA_SELETIVIDADE,,TJRN,NAO,H:\Meu Drive\RADIO TJRN CONTEÚDO\00_PRODUCAO_2026\01_BOLETINS_DIARIOS\03_AUDIOS_RADIO\04 - ABR - 26
ABRIL,NJUD N/A,BOLETIM_RADIO_TJRN_13_04_2026_B1_TJRN_CONDENA_PLATAFORMA_DIGITAL_FALHA_.mp3,13_04_2026,TJRN_CONDENA_PLATAFORMA_DIGITAL_FALHA,,TJRN,NAO,H:\Meu Drive\RADIO TJRN CONTEÚDO\00_PRODUCAO_2026\01_BOLETINS_DIARIOS\03_AUDIOS_RADIO\04 - ABR - 26
ABRIL,NJUD N/A,BOLETIM_RADIO_TJRN_13_04_2026_B2_TJRN_PARNAMIRIM_CONDENADO_ACIDENTE_TRANSPORTE_.mp3,13_04_2026,TJRN_PARNAMIRIM_CONDENADO_ACIDENTE_TRANSPORTE,,TJRN,NAO,H:\Meu Drive\RADIO TJRN CONTEÚDO\00_PRODUCAO_2026\01_BOLETINS_DIARIOS\03_AUDIOS_RADIO\04 - ABR - 26
ABRIL,NJUD N/A,BOLETIM_RADIO_TJRN_13_04_2026_B3_TJRN_IPERN_CONDENADO_INDENIZAR_SERVIDORA_.mp3,13_04_2026,TJRN_IPERN_CONDENADO_INDENIZAR_SERVIDORA,,TJRN,NAO,H:\Meu Drive\RADIO TJRN CONTEÚDO\00_PRODUCAO_2026\01_BOLETINS_DIARIOS\03_AUDIOS_RADIO\04 - ABR - 26
ABRIL,NJUD N/A,BOLETIM_RADIO_TJRN_13_04_2026_B4_TJRN_ACUSADOS_CRIMES_TRAFICO_.mp3,13_04_2026,TJRN_ACUSADOS_CRIMES_TRAFICO,,TJRN,NAO,H:\Meu Drive\RADIO TJRN CONTEÚDO\00_PRODUCAO_2026\01_BOLETINS_DIARIOS\03_AUDIOS_RADIO\04 - ABR - 26
ABRIL,NJUD N/A,BOLETIM_RADIO_TJRN_13_04_2026_B5_TJRN_PASSAGEIRA_RECEBEU_MALA_DANIFICADA_.mp3,13_04_2026,TJRN_PASSAGEIRA_RECEBEU_MALA_DANIFICADA,,TJRN,NAO,H:\Meu Drive\RADIO TJRN CONTEÚDO\00_PRODUCAO_2026\01_BOLETINS_DIARIOS\03_AUDIOS_RADIO\04 - ABR - 26
ABRIL,NJUD N/A,BOLETIM_RADIO_TJRN_13_04_2026_B6_TJRN_CONVOCA_45_TECNICOS_.mp3,13_04_2026,TJRN_CONVOCA_45_TECNICOS,,TJRN,NAO,H:\Meu Drive\RADIO TJRN CONTEÚDO\00_PRODUCAO_2026\01_BOLETINS_DIARIOS\03_AUDIOS_RADIO\04 - ABR - 26
ABRIL,NJUD N/A,BOLETIM_RADIO_TJRN_13_04_2026_B7_DANOS_MORAIS_MANOBRA_IRREGULAR.mp3,13_04_2026,DANOS_MORAIS_MANOBRA_IRREGULAR,,TJRN,NAO,H:\Meu Drive\RADIO TJRN CONTEÚDO\00_PRODUCAO_2026\01_BOLETINS_DIARIOS\03_AUDIOS_RADIO\04 - ABR - 26
ABRIL,NJUD N/A,BOLETIM_RADIO_TJRN_13_04_2026_B8_SUSPENSAO_FATURA_ENERGIA_ELETRICA.mp3,13_04_2026,SUSPENSAO_FATURA_ENERGIA_ELETRICA,,TJRN,NAO,H:\Meu Drive\RADIO TJRN CONTEÚDO\00_PRODUCAO_2026\01_BOLETINS_DIARIOS\03_AUDIOS_RADIO\04 - ABR - 26
ABRIL,NJUD N/A,BOLETIM_RADIO_TJRN_13_04_2026_B9_CONTRATACAO_MEDICO_IRREGULAR.mp3,13_04_2026,CONTRATACAO_MEDICO_IRREGULAR,,TJRN,NAO,H:\Meu Drive\RADIO TJRN CONTEÚDO\00_PRODUCAO_2026\01_BOLETINS_DIARIOS\03_AUDIOS_RADIO\04 - ABR - 26
ABRIL,NJUD N/A,BOLETIM_RADIO_TJRN_14_04_2026_B1_BLOQUEIO_TRATAMENTO_CRIANCA_TEA.mp3,14_04_2026,BLOQUEIO_TRATAMENTO_CRIANCA_TEA,,TJRN,NAO,H:\Meu Drive\RADIO TJRN CONTEÚDO\00_PRODUCAO_2026\01_BOLETINS_DIARIOS\03_AUDIOS_RADIO\04 - ABR - 26
ABRIL,NJUD N/A,BOLETIM_RADIO_TJRN_14_04_2026_B2_ANULACAO_DEBITO_TRIBUTARIO.mp3,14_04_2026,ANULACAO_DEBITO_TRIBUTARIO,,TJRN,NAO,H:\Meu Drive\RADIO TJRN CONTEÚDO\00_PRODUCAO_2026\01_BOLETINS_DIARIOS\03_AUDIOS_RADIO\04 - ABR - 26
ABRIL,NJUD N/A,BOLETIM_RADIO_TJRN_14_04_2026_B3_CONDENACAO_PLANO_CIRURGIA_FACIAL.mp3,14_04_2026,CONDENACAO_PLANO_CIRURGIA_FACIAL,,TJRN,NAO,H:\Meu Drive\RADIO TJRN CONTEÚDO\00_PRODUCAO_2026\01_BOLETINS_DIARIOS\03_AUDIOS_RADIO\04 - ABR - 26
ABRIL,NJUD N/A,BOLETIM_RADIO_TJRN_14_04_2026_B4_INDENIZACAO_FALTA_HIGIENE_HOSPEDAGEM.mp3,14_04_2026,INDENIZACAO_FALTA_HIGIENE_HOSPEDAGEM,,TJRN,NAO,H:\Meu Drive\RADIO TJRN CONTEÚDO\00_PRODUCAO_2026\01_BOLETINS_DIARIOS\03_AUDIOS_RADIO\04 - ABR - 26
ABRIL,NJUD N/A,BOLETIM_RADIO_TJRN_14_04_2026_B5_ACAO_EXTINTA_HETEROIDENTIFICACAO.mp3,14_04_2026,ACAO_EXTINTA_HETEROIDENTIFICACAO,,TJRN,NAO,H:\Meu Drive\RADIO TJRN CONTEÚDO\00_PRODUCAO_2026\01_BOLETINS_DIARIOS\03_AUDIOS_RADIO\04 - ABR - 26
ABRIL,NJUD N/A,BOLETIM_RADIO_TJRN_22_04_2026_B10_MPRN_RECOMENDA_RETIRADA_PLACAS_AREZ.mp3,22_04_2026,MPRN_RECOMENDA_RETIRADA_PLACAS_AREZ,,TJRN,NAO,H:\Meu Drive\RADIO TJRN CONTEÚDO\00_PRODUCAO_2026\01_BOLETINS_DIARIOS\03_AUDIOS_RADIO\04 - ABR - 26
ABRIL,NJUD N/A,BOLETIM_RADIO_TJRN_22_04_2026_B1_FORUM_NACIONAL_MEDIACAO.mp3,22_04_2026,FORUM_NACIONAL_MEDIACAO,,TJRN,NAO,H:\Meu Drive\RADIO TJRN CONTEÚDO\00_PRODUCAO_2026\01_BOLETINS_DIARIOS\03_AUDIOS_RADIO\04 - ABR - 26
ABRIL,NJUD N/A,BOLETIM_RADIO_TJRN_22_04_2026_B2_ENCERRAMENTO_REGISTRE_SE.mp3,22_04_2026,ENCERRAMENTO_REGISTRE_SE,,TJRN,NAO,H:\Meu Drive\RADIO TJRN CONTEÚDO\00_PRODUCAO_2026\01_BOLETINS_DIARIOS\03_AUDIOS_RADIO\04 - ABR - 26
ABRIL,NJUD N/A,BOLETIM_RADIO_TJRN_22_04_2026_B3_PENAS_PECUNIARIAS_ACARI.mp3,22_04_2026,PENAS_PECUNIARIAS_ACARI,,TJRN,NAO,H:\Meu Drive\RADIO TJRN CONTEÚDO\00_PRODUCAO_2026\01_BOLETINS_DIARIOS\03_AUDIOS_RADIO\04 - ABR - 26
ABRIL,NJUD N/A,BOLETIM_RADIO_TJRN_22_04_2026_B4_INDENIZACAO_ENERGIA.mp3,22_04_2026,INDENIZACAO_ENERGIA,,TJRN,NAO,H:\Meu Drive\RADIO TJRN CONTEÚDO\00_PRODUCAO_2026\01_BOLETINS_DIARIOS\03_AUDIOS_RADIO\04 - ABR - 26
ABRIL,NJUD N/A,BOLETIM_RADIO_TJRN_22_04_2026_B5_PAGAMENTO_ADICIONAL_RISCO_VIDA.mp3,22_04_2026,PAGAMENTO_ADICIONAL_RISCO_VIDA,,TJRN,NAO,H:\Meu Drive\RADIO TJRN CONTEÚDO\00_PRODUCAO_2026\01_BOLETINS_DIARIOS\03_AUDIOS_RADIO\04 - ABR - 26
ABRIL,NJUD N/A,BOLETIM_RADIO_TJRN_22_04_2026_B6_USUCAPIAO_NEGADO.mp3,22_04_2026,USUCAPIAO_NEGADO,,TJRN,NAO,H:\Meu Drive\RADIO TJRN CONTEÚDO\00_PRODUCAO_2026\01_BOLETINS_DIARIOS\03_AUDIOS_RADIO\04 - ABR - 26
ABRIL,NJUD N/A,BOLETIM_RADIO_TJRN_22_04_2026_B7_GARANTIA_TRATAMENTO_PACIENTE.mp3,22_04_2026,GARANTIA_TRATAMENTO_PACIENTE,,TJRN,NAO,H:\Meu Drive\RADIO TJRN CONTEÚDO\00_PRODUCAO_2026\01_BOLETINS_DIARIOS\03_AUDIOS_RADIO\04 - ABR - 26
ABRIL,NJUD N/A,BOLETIM_RADIO_TJRN_22_04_2026_B8_ESTAGIO_POS_JOAO_CAMARA.mp3,22_04_2026,ESTAGIO_POS_JOAO_CAMARA,,TJRN,NAO,H:\Meu Drive\RADIO TJRN CONTEÚDO\00_PRODUCAO_2026\01_BOLETINS_DIARIOS\03_AUDIOS_RADIO\04 - ABR - 26
ABRIL,NJUD N/A,BOLETIM_RADIO_TJRN_22_04_2026_B9_TRTRN_CONTRATO_INTERMITENTE_FALHA_CTPS.mp3,22_04_2026,TRTRN_CONTRATO_INTERMITENTE_FALHA_CTPS,,TJRN,NAO,H:\Meu Drive\RADIO TJRN CONTEÚDO\00_PRODUCAO_2026\01_BOLETINS_DIARIOS\03_AUDIOS_RADIO\04 - ABR - 26
ABRIL,NJUD N/A,BOLETIM_RADIO_TJRN_23_04_2026_B10_TRT_RN_LEILAO_2026.mp3,23_04_2026,TRT_RN_LEILAO_2026,,TJRN,NAO,H:\Meu Drive\RADIO TJRN CONTEÚDO\00_PRODUCAO_2026\01_BOLETINS_DIARIOS\03_AUDIOS_RADIO\04 - ABR - 26
ABRIL,NJUD N/A,BOLETIM_RADIO_TJRN_23_04_2026_B1_ROUBO_MAJORADO_CONDENACAO.mp3,23_04_2026,ROUBO_MAJORADO_CONDENACAO,,TJRN,NAO,H:\Meu Drive\RADIO TJRN CONTEÚDO\00_PRODUCAO_2026\01_BOLETINS_DIARIOS\03_AUDIOS_RADIO\04 - ABR - 26
ABRIL,NJUD N/A,BOLETIM_RADIO_TJRN_23_04_2026_B2_DANOS_MORAIS_MESA_MADEIRA.mp3,23_04_2026,DANOS_MORAIS_MESA_MADEIRA,,TJRN,NAO,H:\Meu Drive\RADIO TJRN CONTEÚDO\00_PRODUCAO_2026\01_BOLETINS_DIARIOS\03_AUDIOS_RADIO\04 - ABR - 26
ABRIL,NJUD N/A,BOLETIM_RADIO_TJRN_23_04_2026_B3_IRREGULARIDADE_LEILAO.mp3,23_04_2026,IRREGULARIDADE_LEILAO,,TJRN,NAO,H:\Meu Drive\RADIO TJRN CONTEÚDO\00_PRODUCAO_2026\01_BOLETINS_DIARIOS\03_AUDIOS_RADIO\04 - ABR - 26
ABRIL,NJUD N/A,BOLETIM_RADIO_TJRN_23_04_2026_B4_FALHA_SEGURANCA_DADOS.mp3,23_04_2026,FALHA_SEGURANCA_DADOS,,TJRN,NAO,H:\Meu Drive\RADIO TJRN CONTEÚDO\00_PRODUCAO_2026\01_BOLETINS_DIARIOS\03_AUDIOS_RADIO\04 - ABR - 26
ABRIL,NJUD N/A,BOLETIM_RADIO_TJRN_23_04_2026_B5_EMPRESA_ONIBUS_CONDENACAO.mp3,23_04_2026,EMPRESA_ONIBUS_CONDENACAO,,TJRN,NAO,H:\Meu Drive\RADIO TJRN CONTEÚDO\00_PRODUCAO_2026\01_BOLETINS_DIARIOS\03_AUDIOS_RADIO\04 - ABR - 26
ABRIL,NJUD N/A,BOLETIM_RADIO_TJRN_23_04_2026_B6_GRUPO_APOIO_METAS_ESTAGIO.mp3,23_04_2026,GRUPO_APOIO_METAS_ESTAGIO,,TJRN,NAO,H:\Meu Drive\RADIO TJRN CONTEÚDO\00_PRODUCAO_2026\01_BOLETINS_DIARIOS\03_AUDIOS_RADIO\04 - ABR - 26
ABRIL,NJUD N/A,BOLETIM_RADIO_TJRN_23_04_2026_B7_TCE_RN_TREINAMENTO_GESTORES_TRANSPARENCIA_.mp3,23_04_2026,TCE_RN_TREINAMENTO_GESTORES_TRANSPARENCIA,,TJRN,NAO,H:\Meu Drive\RADIO TJRN CONTEÚDO\00_PRODUCAO_2026\01_BOLETINS_DIARIOS\03_AUDIOS_RADIO\04 - ABR - 26
ABRIL,NJUD N/A,BOLETIM_RADIO_TJRN_23_04_2026_B8_MPRN_RECOMENDA_REGULARIZACAO_LIXO.mp3,23_04_2026,MPRN_RECOMENDA_REGULARIZACAO_LIXO,,TJRN,NAO,H:\Meu Drive\RADIO TJRN CONTEÚDO\00_PRODUCAO_2026\01_BOLETINS_DIARIOS\03_AUDIOS_RADIO\04 - ABR - 26
ABRIL,NJUD N/A,BOLETIM_RADIO_TJRN_23_04_2026_B9_TRE_RN_APERFEICOAMENTO_MAGISTRATURA_.mp3,23_04_2026,TRE_RN_APERFEICOAMENTO_MAGISTRATURA,,TJRN,NAO,H:\Meu Drive\RADIO TJRN CONTEÚDO\00_PRODUCAO_2026\01_BOLETINS_DIARIOS\03_AUDIOS_RADIO\04 - ABR - 26
ABRIL,NJUD N/A,BOLETIM_RADIO_TJRN_24_04_2026_B10_PROJETO_LAIS_SAUDE.mp3,24_04_2026,PROJETO_LAIS_SAUDE,,TJRN,NAO,H:\Meu Drive\RADIO TJRN CONTEÚDO\00_PRODUCAO_2026\01_BOLETINS_DIARIOS\03_AUDIOS_RADIO\04 - ABR - 26
ABRIL,NJUD N/A,BOLETIM_RADIO_TJRN_24_04_2026_B1_ATRASO_TRANSPORTE_INDENIZACAO.mp3,24_04_2026,ATRASO_TRANSPORTE_INDENIZACAO,,TJRN,NAO,H:\Meu Drive\RADIO TJRN CONTEÚDO\00_PRODUCAO_2026\01_BOLETINS_DIARIOS\03_AUDIOS_RADIO\04 - ABR - 26
ABRIL,NJUD N/A,BOLETIM_RADIO_TJRN_24_04_2026_B2_BLOQUEIO_INDEVIDO_APLICATIVO.mp3,24_04_2026,BLOQUEIO_INDEVIDO_APLICATIVO,,TJRN,NAO,H:\Meu Drive\RADIO TJRN CONTEÚDO\00_PRODUCAO_2026\01_BOLETINS_DIARIOS\03_AUDIOS_RADIO\04 - ABR - 26
ABRIL,NJUD N/A,BOLETIM_RADIO_TJRN_24_04_2026_B3_PERDA_AUDITIVA_MOTORISTA_AMBULANCIA.mp3,24_04_2026,PERDA_AUDITIVA_MOTORISTA_AMBULANCIA,,TJRN,NAO,H:\Meu Drive\RADIO TJRN CONTEÚDO\00_PRODUCAO_2026\01_BOLETINS_DIARIOS\03_AUDIOS_RADIO\04 - ABR - 26
ABRIL,NJUD N/A,BOLETIM_RADIO_TJRN_24_04_2026_B4_RETROATIVO_GRATIFICACAO_DENTISTA.mp3,24_04_2026,RETROATIVO_GRATIFICACAO_DENTISTA,,TJRN,NAO,H:\Meu Drive\RADIO TJRN CONTEÚDO\00_PRODUCAO_2026\01_BOLETINS_DIARIOS\03_AUDIOS_RADIO\04 - ABR - 26
ABRIL,NJUD N/A,BOLETIM_RADIO_TJRN_24_04_2026_B5_REGULARIZACAO_EMPREENDIMENTO_PONTA_NEGRA.mp3,24_04_2026,REGULARIZACAO_EMPREENDIMENTO_PONTA_NEGRA,,TJRN,NAO,H:\Meu Drive\RADIO TJRN CONTEÚDO\00_PRODUCAO_2026\01_BOLETINS_DIARIOS\03_AUDIOS_RADIO\04 - ABR - 26
ABRIL,NJUD N/A,BOLETIM_RADIO_TJRN_24_04_2026_B6_ESTAGIO_DIREITO_VARA_CIVEL.mp3,24_04_2026,ESTAGIO_DIREITO_VARA_CIVEL,,TJRN,NAO,H:\Meu Drive\RADIO TJRN CONTEÚDO\00_PRODUCAO_2026\01_BOLETINS_DIARIOS\03_AUDIOS_RADIO\04 - ABR - 26
ABRIL,NJUD N/A,BOLETIM_RADIO_TJRN_24_04_2026_B7_TRT_DIALOGO_CONCILIACAO.mp3,24_04_2026,TRT_DIALOGO_CONCILIACAO,,TJRN,NAO,H:\Meu Drive\RADIO TJRN CONTEÚDO\00_PRODUCAO_2026\01_BOLETINS_DIARIOS\03_AUDIOS_RADIO\04 - ABR - 26
ABRIL,NJUD N/A,BOLETIM_RADIO_TJRN_24_04_2026_B8_LIBERACAO_1_MILHAO_HENRIQUE_LAJES.mp3,24_04_2026,LIBERACAO_1_MILHAO_HENRIQUE_LAJES,,TJRN,NAO,H:\Meu Drive\RADIO TJRN CONTEÚDO\00_PRODUCAO_2026\01_BOLETINS_DIARIOS\03_AUDIOS_RADIO\04 - ABR - 26
ABRIL,NJUD N/A,BOLETIM_RADIO_TJRN_24_04_2026_B9_CENTRAL_ESTADUAL_LIBRAS.mp3,24_04_2026,CENTRAL_ESTADUAL_LIBRAS,,TJRN,NAO,H:\Meu Drive\RADIO TJRN CONTEÚDO\00_PRODUCAO_2026\01_BOLETINS_DIARIOS\03_AUDIOS_RADIO\04 - ABR - 26
ABRIL,NJUD N/A,BOLETIM_RADIO_TJRN_27_04_2026_B10_TRTRN_EVENTO_PREPARATORIO_CONCILIACAO_.mp3,27_04_2026,TRTRN_EVENTO_PREPARATORIO_CONCILIACAO,,TJRN,NAO,H:\Meu Drive\RADIO TJRN CONTEÚDO\00_PRODUCAO_2026\01_BOLETINS_DIARIOS\03_AUDIOS_RADIO\04 - ABR - 26
ABRIL,NJUD N/A,BOLETIM_RADIO_TJRN_27_04_2026_B1_PLANO_SAUDE_CIRURGIA_BARIATRICA.mp3,27_04_2026,PLANO_SAUDE_CIRURGIA_BARIATRICA,,TJRN,NAO,H:\Meu Drive\RADIO TJRN CONTEÚDO\00_PRODUCAO_2026\01_BOLETINS_DIARIOS\03_AUDIOS_RADIO\04 - ABR - 26
ABRIL,NJUD N/A,BOLETIM_RADIO_TJRN_27_04_2026_B2_CONDOMINIO_LICENCAS_LEGAIS.mp3,27_04_2026,CONDOMINIO_LICENCAS_LEGAIS,,TJRN,NAO,H:\Meu Drive\RADIO TJRN CONTEÚDO\00_PRODUCAO_2026\01_BOLETINS_DIARIOS\03_AUDIOS_RADIO\04 - ABR - 26
ABRIL,NJUD N/A,BOLETIM_RADIO_TJRN_27_04_2026_B3_TERAPIAS_CRIANCA_TEA.mp3,27_04_2026,TERAPIAS_CRIANCA_TEA,,TJRN,NAO,H:\Meu Drive\RADIO TJRN CONTEÚDO\00_PRODUCAO_2026\01_BOLETINS_DIARIOS\03_AUDIOS_RADIO\04 - ABR - 26
ABRIL,NJUD N/A,BOLETIM_RADIO_TJRN_27_04_2026_B4_CORTE_LUZ_SISTEMA_SOLAR.mp3,27_04_2026,CORTE_LUZ_SISTEMA_SOLAR,,TJRN,NAO,H:\Meu Drive\RADIO TJRN CONTEÚDO\00_PRODUCAO_2026\01_BOLETINS_DIARIOS\03_AUDIOS_RADIO\04 - ABR - 26
ABRIL,NJUD N/A,BOLETIM_RADIO_TJRN_27_04_2026_B5_ADICIONAL_INSALUBRIDADE_TECNICO_SAMU.mp3,27_04_2026,ADICIONAL_INSALUBRIDADE_TECNICO_SAMU,,TJRN,NAO,H:\Meu Drive\RADIO TJRN CONTEÚDO\00_PRODUCAO_2026\01_BOLETINS_DIARIOS\03_AUDIOS_RADIO\04 - ABR - 26
ABRIL,NJUD N/A,BOLETIM_RADIO_TJRN_27_04_2026_B6_ESTAGIO_JARDIM_PIRANHAS.mp3,27_04_2026,ESTAGIO_JARDIM_PIRANHAS,,TJRN,NAO,H:\Meu Drive\RADIO TJRN CONTEÚDO\00_PRODUCAO_2026\01_BOLETINS_DIARIOS\03_AUDIOS_RADIO\04 - ABR - 26
ABRIL,NJUD N/A,BOLETIM_RADIO_TJRN_27_04_2026_B7_CONVOCACAO_HETEROIDENTIFICACAO_ENAM.mp3,27_04_2026,CONVOCACAO_HETEROIDENTIFICACAO_ENAM,,TJRN,NAO,H:\Meu Drive\RADIO TJRN CONTEÚDO\00_PRODUCAO_2026\01_BOLETINS_DIARIOS\03_AUDIOS_RADIO\04 - ABR - 26
ABRIL,NJUD N/A,BOLETIM_RADIO_TJRN_27_04_2026_B8_TJRN_SESSAO_ORDINARIA_HIBRIDA_.mp3,27_04_2026,TJRN_SESSAO_ORDINARIA_HIBRIDA,,TJRN,NAO,H:\Meu Drive\RADIO TJRN CONTEÚDO\00_PRODUCAO_2026\01_BOLETINS_DIARIOS\03_AUDIOS_RADIO\04 - ABR - 26
ABRIL,NJUD N/A,BOLETIM_RADIO_TJRN_27_04_2026_B9_MPRN_BLOQUEIO_PARNAMIRIM_.mp3,27_04_2026,MPRN_BLOQUEIO_PARNAMIRIM,,TJRN,NAO,H:\Meu Drive\RADIO TJRN CONTEÚDO\00_PRODUCAO_2026\01_BOLETINS_DIARIOS\03_AUDIOS_RADIO\04 - ABR - 26
ABRIL,NJUD N/A,BOLETIM_RADIO_TJRN_28_04_2026_B10_TJRN_COOPERACAO_TECNICA.mp3,28_04_2026,TJRN_COOPERACAO_TECNICA,,TJRN,NAO,H:\Meu Drive\RADIO TJRN CONTEÚDO\00_PRODUCAO_2026\01_BOLETINS_DIARIOS\03_AUDIOS_RADIO\04 - ABR - 26
ABRIL,NJUD N/A,BOLETIM_RADIO_TJRN_28_04_2026_B1_TJRN_CASO_POLLYANA_.mp3,28_04_2026,TJRN_CASO_POLLYANA,,TJRN,NAO,H:\Meu Drive\RADIO TJRN CONTEÚDO\00_PRODUCAO_2026\01_BOLETINS_DIARIOS\03_AUDIOS_RADIO\04 - ABR - 26
ABRIL,NJUD N/A,BOLETIM_RADIO_TJRN_28_04_2026_B2_TJRN_3_CAMARA_INGRESSOS_COOPERADOS_.mp3,28_04_2026,TJRN_3_CAMARA_INGRESSOS_COOPERADOS,,TJRN,NAO,H:\Meu Drive\RADIO TJRN CONTEÚDO\00_PRODUCAO_2026\01_BOLETINS_DIARIOS\03_AUDIOS_RADIO\04 - ABR - 26
ABRIL,NJUD N/A,BOLETIM_RADIO_TJRN_28_04_2026_B3_TJRN_EMPRESA_VESTUARIO_INDENIZACAO_.mp3,28_04_2026,TJRN_EMPRESA_VESTUARIO_INDENIZACAO,,TJRN,NAO,H:\Meu Drive\RADIO TJRN CONTEÚDO\00_PRODUCAO_2026\01_BOLETINS_DIARIOS\03_AUDIOS_RADIO\04 - ABR - 26
ABRIL,NJUD N/A,BOLETIM_RADIO_TJRN_28_04_2026_B4_TJRN_CITACAO_CONJUGE_.mp3,28_04_2026,TJRN_CITACAO_CONJUGE,,TJRN,NAO,H:\Meu Drive\RADIO TJRN CONTEÚDO\00_PRODUCAO_2026\01_BOLETINS_DIARIOS\03_AUDIOS_RADIO\04 - ABR - 26
ABRIL,NJUD N/A,BOLETIM_RADIO_TJRN_28_04_2026_B5_TJRN_JUSTICA_POTIGUAR_NESGA_ISENCAO_.mp3,28_04_2026,TJRN_JUSTICA_POTIGUAR_NESGA_ISENCAO,,TJRN,NAO,H:\Meu Drive\RADIO TJRN CONTEÚDO\00_PRODUCAO_2026\01_BOLETINS_DIARIOS\03_AUDIOS_RADIO\04 - ABR - 26
ABRIL,NJUD N/A,BOLETIM_RADIO_TJRN_28_04_2026_B6_TJRN_OPERACAO_RECEPTOR_.mp3,28_04_2026,TJRN_OPERACAO_RECEPTOR,,TJRN,NAO,H:\Meu Drive\RADIO TJRN CONTEÚDO\00_PRODUCAO_2026\01_BOLETINS_DIARIOS\03_AUDIOS_RADIO\04 - ABR - 26
ABRIL,NJUD N/A,BOLETIM_RADIO_TJRN_28_04_2026_B7_MPRN_MANUNTENCAO_SERVICOS_SUS_.mp3,28_04_2026,MPRN_MANUNTENCAO_SERVICOS_SUS,,TJRN,NAO,H:\Meu Drive\RADIO TJRN CONTEÚDO\00_PRODUCAO_2026\01_BOLETINS_DIARIOS\03_AUDIOS_RADIO\04 - ABR - 26
ABRIL,NJUD N/A,BOLETIM_RADIO_TJRN_28_04_2026_B8_OABRN_LOCAIS_PROVA_ENAM.mp3,28_04_2026,OABRN_LOCAIS_PROVA_ENAM,,TJRN,NAO,H:\Meu Drive\RADIO TJRN CONTEÚDO\00_PRODUCAO_2026\01_BOLETINS_DIARIOS\03_AUDIOS_RADIO\04 - ABR - 26
ABRIL,NJUD N/A,BOLETIM_RADIO_TJRN_28_04_2026_B9_DPERN_DECISAO_INDIGENAS_WARAO.mp3,28_04_2026,DPERN_DECISAO_INDIGENAS_WARAO,,TJRN,NAO,H:\Meu Drive\RADIO TJRN CONTEÚDO\00_PRODUCAO_2026\01_BOLETINS_DIARIOS\03_AUDIOS_RADIO\04 - ABR - 26
ABRIL,NJUD N/A,BOLETIM_RADIO_TJRN_29_04_2026_B10_MPRN_OPERACAO_TRAFICO_DROGAS_.mp3,29_04_2026,MPRN_OPERACAO_TRAFICO_DROGAS,,TJRN,NAO,H:\Meu Drive\RADIO TJRN CONTEÚDO\00_PRODUCAO_2026\01_BOLETINS_DIARIOS\03_AUDIOS_RADIO\04 - ABR - 26
ABRIL,NJUD N/A,BOLETIM_RADIO_TJRN_29_04_2026_B1_INSCRICOES_PREMIO_INNOVARE.mp3,29_04_2026,INSCRICOES_PREMIO_INNOVARE,,TJRN,NAO,H:\Meu Drive\RADIO TJRN CONTEÚDO\00_PRODUCAO_2026\01_BOLETINS_DIARIOS\03_AUDIOS_RADIO\04 - ABR - 26
ABRIL,NJUD N/A,BOLETIM_RADIO_TJRN_29_04_2026_B2_CUSTEIO_MATERIAIS_CIRURGICOS.mp3,29_04_2026,CUSTEIO_MATERIAIS_CIRURGICOS,,TJRN,NAO,H:\Meu Drive\RADIO TJRN CONTEÚDO\00_PRODUCAO_2026\01_BOLETINS_DIARIOS\03_AUDIOS_RADIO\04 - ABR - 26
ABRIL,NJUD N/A,BOLETIM_RADIO_TJRN_29_04_2026_B3_INDENIZACAO_GELADEIRA_DEFEITUOSA.mp3,29_04_2026,INDENIZACAO_GELADEIRA_DEFEITUOSA,,TJRN,NAO,H:\Meu Drive\RADIO TJRN CONTEÚDO\00_PRODUCAO_2026\01_BOLETINS_DIARIOS\03_AUDIOS_RADIO\04 - ABR - 26
ABRIL,NJUD N/A,BOLETIM_RADIO_TJRN_29_04_2026_B4_EMPRESA_PENDENCIAS_TRIBUTARIAS.mp3,29_04_2026,EMPRESA_PENDENCIAS_TRIBUTARIAS,,TJRN,NAO,H:\Meu Drive\RADIO TJRN CONTEÚDO\00_PRODUCAO_2026\01_BOLETINS_DIARIOS\03_AUDIOS_RADIO\04 - ABR - 26
ABRIL,NJUD N/A,BOLETIM_RADIO_TJRN_29_04_2026_B5_HOMICIDIO_CULPOSO_NEGADO_RECURSO.mp3,29_04_2026,HOMICIDIO_CULPOSO_NEGADO_RECURSO,,TJRN,NAO,H:\Meu Drive\RADIO TJRN CONTEÚDO\00_PRODUCAO_2026\01_BOLETINS_DIARIOS\03_AUDIOS_RADIO\04 - ABR - 26
ABRIL,NJUD N/A,BOLETIM_RADIO_TJRN_29_04_2026_B6_DANOS_MORAIS_FOGAO_DEFEITUOSO.mp3,29_04_2026,DANOS_MORAIS_FOGAO_DEFEITUOSO,,TJRN,NAO,H:\Meu Drive\RADIO TJRN CONTEÚDO\00_PRODUCAO_2026\01_BOLETINS_DIARIOS\03_AUDIOS_RADIO\04 - ABR - 26
ABRIL,NJUD N/A,BOLETIM_RADIO_TJRN_29_04_2026_B7_SEGUNDA_SEMANA_PAUTA_VERDE.mp3,29_04_2026,SEGUNDA_SEMANA_PAUTA_VERDE,,TJRN,NAO,H:\Meu Drive\RADIO TJRN CONTEÚDO\00_PRODUCAO_2026\01_BOLETINS_DIARIOS\03_AUDIOS_RADIO\04 - ABR - 26
ABRIL,NJUD N/A,BOLETIM_RADIO_TJRN_29_04_2026_B8_TJRN_PROGRAMA_JUSTICA_E_ESCOLA_.mp3,29_04_2026,TJRN_PROGRAMA_JUSTICA_E_ESCOLA,,TJRN,NAO,H:\Meu Drive\RADIO TJRN CONTEÚDO\00_PRODUCAO_2026\01_BOLETINS_DIARIOS\03_AUDIOS_RADIO\04 - ABR - 26
ABRIL,NJUD N/A,BOLETIM_RADIO_TJRN_29_04_2026_B9_DPERN_RESTABELECIMENTO_AGUA_.mp3,29_04_2026,DPERN_RESTABELECIMENTO_AGUA,,TJRN,NAO,H:\Meu Drive\RADIO TJRN CONTEÚDO\00_PRODUCAO_2026\01_BOLETINS_DIARIOS\03_AUDIOS_RADIO\04 - ABR - 26
ABRIL,NJUD N/A,BOLETIM_RADIO_TJRN_30_04_2026_B10_TRTRN_REVERTE_JUSTA_CAUSA_.mp3,30_04_2026,TRTRN_REVERTE_JUSTA_CAUSA,,TJRN,NAO,H:\Meu Drive\RADIO TJRN CONTEÚDO\00_PRODUCAO_2026\01_BOLETINS_DIARIOS\03_AUDIOS_RADIO\04 - ABR - 26
ABRIL,NJUD N/A,BOLETIM_RADIO_TJRN_30_04_2026_B1_TJRN_CAMARA_VEREADORES_VIRGILIO_MACEDO_.mp3,30_04_2026,TJRN_CAMARA_VEREADORES_VIRGILIO_MACEDO,,TJRN,NAO,H:\Meu Drive\RADIO TJRN CONTEÚDO\00_PRODUCAO_2026\01_BOLETINS_DIARIOS\03_AUDIOS_RADIO\04 - ABR - 26
ABRIL,NJUD N/A,BOLETIM_RADIO_TJRN_30_04_2026_B2_TJRN_SESSAO_JURI_POLLYANA_.mp3,30_04_2026,TJRN_SESSAO_JURI_POLLYANA,,TJRN,NAO,H:\Meu Drive\RADIO TJRN CONTEÚDO\00_PRODUCAO_2026\01_BOLETINS_DIARIOS\03_AUDIOS_RADIO\04 - ABR - 26
ABRIL,NJUD N/A,BOLETIM_RADIO_TJRN_30_04_2026_B3_TJRN_MANTIDO_JURI_ACUSADOS_HOMICIDIOS_.mp3,30_04_2026,TJRN_MANTIDO_JURI_ACUSADOS_HOMICIDIOS,,TJRN,NAO,H:\Meu Drive\RADIO TJRN CONTEÚDO\00_PRODUCAO_2026\01_BOLETINS_DIARIOS\03_AUDIOS_RADIO\04 - ABR - 26
ABRIL,NJUD N/A,BOLETIM_RADIO_TJRN_30_04_2026_B4_TJRN_RECONHECE_VICIO_ACESSORIO_.mp3,30_04_2026,TJRN_RECONHECE_VICIO_ACESSORIO,,TJRN,NAO,H:\Meu Drive\RADIO TJRN CONTEÚDO\00_PRODUCAO_2026\01_BOLETINS_DIARIOS\03_AUDIOS_RADIO\04 - ABR - 26
ABRIL,NJUD N/A,BOLETIM_RADIO_TJRN_30_04_2026_B5_TJRN_PACIENTE_ESCLEROSE_LATERAL.mp3,30_04_2026,TJRN_PACIENTE_ESCLEROSE_LATERAL,,TJRN,NAO,H:\Meu Drive\RADIO TJRN CONTEÚDO\00_PRODUCAO_2026\01_BOLETINS_DIARIOS\03_AUDIOS_RADIO\04 - ABR - 26
ABRIL,NJUD N/A,BOLETIM_RADIO_TJRN_30_04_2026_B6_TJRN_REATIVACAO_PLANO_SAUDE_.mp3,30_04_2026,TJRN_REATIVACAO_PLANO_SAUDE,,TJRN,NAO,H:\Meu Drive\RADIO TJRN CONTEÚDO\00_PRODUCAO_2026\01_BOLETINS_DIARIOS\03_AUDIOS_RADIO\04 - ABR - 26
ABRIL,NJUD N/A,BOLETIM_RADIO_TJRN_30_04_2026_B7_TJRN_MULHER_INDENIZADA_PERFIL_FRAUDULENTO_.mp3,30_04_2026,TJRN_MULHER_INDENIZADA_PERFIL_FRAUDULENTO,,TJRN,NAO,H:\Meu Drive\RADIO TJRN CONTEÚDO\00_PRODUCAO_2026\01_BOLETINS_DIARIOS\03_AUDIOS_RADIO\04 - ABR - 26
ABRIL,NJUD N/A,BOLETIM_RADIO_TJRN_30_04_2026_B8_TJRN_CASO_POLLYANA_CONDENA_SEIS_.mp3,30_04_2026,TJRN_CASO_POLLYANA_CONDENA_SEIS,,TJRN,NAO,H:\Meu Drive\RADIO TJRN CONTEÚDO\00_PRODUCAO_2026\01_BOLETINS_DIARIOS\03_AUDIOS_RADIO\04 - ABR - 26
ABRIL,NJUD N/A,BOLETIM_RADIO_TJRN_30_04_2026_B9_TJRN_DESTAQUE_PREMIO_NACIONAL_CNJ.mp3,30_04_2026,TJRN_DESTAQUE_PREMIO_NACIONAL_CNJ,,TJRN,NAO,H:\Meu Drive\RADIO TJRN CONTEÚDO\00_PRODUCAO_2026\01_BOLETINS_DIARIOS\03_AUDIOS_RADIO\04 - ABR - 26
MAIO,NJUD N/A,BOLETIM_RADIO_TJRN_04_05_2026_B10_ESTAGIO_POS_VICE_PRESIDENCIA.mp3,04_05_2026,ESTAGIO_POS_VICE_PRESIDENCIA,,TJRN,NAO,H:\Meu Drive\RADIO TJRN CONTEÚDO\00_PRODUCAO_2026\01_BOLETINS_DIARIOS\03_AUDIOS_RADIO\05 - MAI - 26\04 05 - SEG
MAIO,NJUD N/A,BOLETIM_RADIO_TJRN_04_05_2026_B10_ESTAGIO_POS_VICE_PRESIDENCIA_1782542565.mp3,04_05_2026,ESTAGIO_POS_VICE_PRESIDENCIA_1782542565,,TJRN,NAO,H:\Meu Drive\RADIO TJRN CONTEÚDO\00_PRODUCAO_2026\01_BOLETINS_DIARIOS\03_AUDIOS_RADIO\05 - MAI - 26\04 05 - SEG
MAIO,NJUD N/A,BOLETIM_RADIO_TJRN_04_05_2026_B1_TJRN_VISITA_ALUNOS_UFRN_.mp3,04_05_2026,TJRN_VISITA_ALUNOS_UFRN,,TJRN,NAO,H:\Meu Drive\RADIO TJRN CONTEÚDO\00_PRODUCAO_2026\01_BOLETINS_DIARIOS\03_AUDIOS_RADIO\05 - MAI - 26\04 05 - SEG
MAIO,NJUD N/A,BOLETIM_RADIO_TJRN_04_05_2026_B1_TJRN_VISITA_ALUNOS_UFRN__1782542565.mp3,04_05_2026,TJRN_VISITA_ALUNOS_UFRN__1782542565,,TJRN,NAO,H:\Meu Drive\RADIO TJRN CONTEÚDO\00_PRODUCAO_2026\01_BOLETINS_DIARIOS\03_AUDIOS_RADIO\05 - MAI - 26\04 05 - SEG
MAIO,NJUD N/A,BOLETIM_RADIO_TJRN_04_05_2026_B2_TJRN_JURI_ACUSADO_MATAR_PERSONAL_.mp3,04_05_2026,TJRN_JURI_ACUSADO_MATAR_PERSONAL,,TJRN,NAO,H:\Meu Drive\RADIO TJRN CONTEÚDO\00_PRODUCAO_2026\01_BOLETINS_DIARIOS\03_AUDIOS_RADIO\05 - MAI - 26\04 05 - SEG
MAIO,NJUD N/A,BOLETIM_RADIO_TJRN_04_05_2026_B2_TJRN_JURI_ACUSADO_MATAR_PERSONAL__1782542565.mp3,04_05_2026,TJRN_JURI_ACUSADO_MATAR_PERSONAL__1782542565,,TJRN,NAO,H:\Meu Drive\RADIO TJRN CONTEÚDO\00_PRODUCAO_2026\01_BOLETINS_DIARIOS\03_AUDIOS_RADIO\05 - MAI - 26\04 05 - SEG
MAIO,NJUD N/A,BOLETIM_RADIO_TJRN_04_05_2026_B3_TJRN_INVESTE_GOVERNANCA.mp3,04_05_2026,TJRN_INVESTE_GOVERNANCA,,TJRN,NAO,H:\Meu Drive\RADIO TJRN CONTEÚDO\00_PRODUCAO_2026\01_BOLETINS_DIARIOS\03_AUDIOS_RADIO\05 - MAI - 26\04 05 - SEG
MAIO,NJUD N/A,BOLETIM_RADIO_TJRN_04_05_2026_B3_TJRN_INVESTE_GOVERNANCA_1782542565.mp3,04_05_2026,TJRN_INVESTE_GOVERNANCA_1782542565,,TJRN,NAO,H:\Meu Drive\RADIO TJRN CONTEÚDO\00_PRODUCAO_2026\01_BOLETINS_DIARIOS\03_AUDIOS_RADIO\05 - MAI - 26\04 05 - SEG
MAIO,NJUD N/A,BOLETIM_RADIO_TJRN_04_05_2026_B4_TJRN_CONDUZ_MEDIACAO_.mp3,04_05_2026,TJRN_CONDUZ_MEDIACAO,,TJRN,NAO,H:\Meu Drive\RADIO TJRN CONTEÚDO\00_PRODUCAO_2026\01_BOLETINS_DIARIOS\03_AUDIOS_RADIO\05 - MAI - 26\04 05 - SEG
MAIO,NJUD N/A,BOLETIM_RADIO_TJRN_04_05_2026_B4_TJRN_CONDUZ_MEDIACAO__1782542565.mp3,04_05_2026,TJRN_CONDUZ_MEDIACAO__1782542565,,TJRN,NAO,H:\Meu Drive\RADIO TJRN CONTEÚDO\00_PRODUCAO_2026\01_BOLETINS_DIARIOS\03_AUDIOS_RADIO\05 - MAI - 26\04 05 - SEG
MAIO,NJUD N/A,BOLETIM_RADIO_TJRN_04_05_2026_B5_RESTITUICAO_FALHA_PRODUTO.mp3,04_05_2026,RESTITUICAO_FALHA_PRODUTO,,TJRN,NAO,H:\Meu Drive\RADIO TJRN CONTEÚDO\00_PRODUCAO_2026\01_BOLETINS_DIARIOS\03_AUDIOS_RADIO\05 - MAI - 26\04 05 - SEG
MAIO,NJUD N/A,BOLETIM_RADIO_TJRN_04_05_2026_B5_RESTITUICAO_FALHA_PRODUTO_1782542565.mp3,04_05_2026,RESTITUICAO_FALHA_PRODUTO_1782542565,,TJRN,NAO,H:\Meu Drive\RADIO TJRN CONTEÚDO\00_PRODUCAO_2026\01_BOLETINS_DIARIOS\03_AUDIOS_RADIO\05 - MAI - 26\04 05 - SEG
MAIO,NJUD N/A,BOLETIM_RADIO_TJRN_04_05_2026_B6_MAIO_TECNOLOGICO.mp3,04_05_2026,MAIO_TECNOLOGICO,,TJRN,NAO,H:\Meu Drive\RADIO TJRN CONTEÚDO\00_PRODUCAO_2026\01_BOLETINS_DIARIOS\03_AUDIOS_RADIO\05 - MAI - 26\04 05 - SEG
MAIO,NJUD N/A,BOLETIM_RADIO_TJRN_04_05_2026_B6_MAIO_TECNOLOGICO_1782542565.mp3,04_05_2026,MAIO_TECNOLOGICO_1782542565,,TJRN,NAO,H:\Meu Drive\RADIO TJRN CONTEÚDO\00_PRODUCAO_2026\01_BOLETINS_DIARIOS\03_AUDIOS_RADIO\05 - MAI - 26\04 05 - SEG
MAIO,NJUD N/A,BOLETIM_RADIO_TJRN_04_05_2026_B7_IPTU_NATAL_TAXA_SELIC.mp3,04_05_2026,IPTU_NATAL_TAXA_SELIC,,TJRN,NAO,H:\Meu Drive\RADIO TJRN CONTEÚDO\00_PRODUCAO_2026\01_BOLETINS_DIARIOS\03_AUDIOS_RADIO\05 - MAI - 26\04 05 - SEG
MAIO,NJUD N/A,BOLETIM_RADIO_TJRN_04_05_2026_B7_IPTU_NATAL_TAXA_SELIC_1782542565.mp3,04_05_2026,IPTU_NATAL_TAXA_SELIC_1782542565,,TJRN,NAO,H:\Meu Drive\RADIO TJRN CONTEÚDO\00_PRODUCAO_2026\01_BOLETINS_DIARIOS\03_AUDIOS_RADIO\05 - MAI - 26\04 05 - SEG
MAIO,NJUD N/A,BOLETIM_RADIO_TJRN_04_05_2026_B8_CONCENTRACAO_EXECUCAO_PENAL_RN.mp3,04_05_2026,CONCENTRACAO_EXECUCAO_PENAL_RN,,TJRN,NAO,H:\Meu Drive\RADIO TJRN CONTEÚDO\00_PRODUCAO_2026\01_BOLETINS_DIARIOS\03_AUDIOS_RADIO\05 - MAI - 26\04 05 - SEG
MAIO,NJUD N/A,BOLETIM_RADIO_TJRN_04_05_2026_B8_CONCENTRACAO_EXECUCAO_PENAL_RN_1782542565.mp3,04_05_2026,CONCENTRACAO_EXECUCAO_PENAL_RN_1782542565,,TJRN,NAO,H:\Meu Drive\RADIO TJRN CONTEÚDO\00_PRODUCAO_2026\01_BOLETINS_DIARIOS\03_AUDIOS_RADIO\05 - MAI - 26\04 05 - SEG
MAIO,NJUD N/A,BOLETIM_RADIO_TJRN_04_05_2026_B9_SEMANA_COMBATE_ASSEDIO.mp3,04_05_2026,SEMANA_COMBATE_ASSEDIO,,TJRN,NAO,H:\Meu Drive\RADIO TJRN CONTEÚDO\00_PRODUCAO_2026\01_BOLETINS_DIARIOS\03_AUDIOS_RADIO\05 - MAI - 26\04 05 - SEG
MAIO,NJUD N/A,BOLETIM_RADIO_TJRN_04_05_2026_B9_SEMANA_COMBATE_ASSEDIO_1782542565.mp3,04_05_2026,SEMANA_COMBATE_ASSEDIO_1782542565,,TJRN,NAO,H:\Meu Drive\RADIO TJRN CONTEÚDO\00_PRODUCAO_2026\01_BOLETINS_DIARIOS\03_AUDIOS_RADIO\05 - MAI - 26\04 05 - SEG
MAIO,NJUD N/A,BOLETIM_RADIO_TJRN_05_05_2026_B10_VISITA_UNIVERSITARIOS_TJRN.mp3,05_05_2026,VISITA_UNIVERSITARIOS_TJRN,,TJRN,NAO,H:\Meu Drive\RADIO TJRN CONTEÚDO\00_PRODUCAO_2026\01_BOLETINS_DIARIOS\03_AUDIOS_RADIO\05 - MAI - 26\05 05 - TER
MAIO,NJUD N/A,BOLETIM_RADIO_TJRN_05_05_2026_B10_VISITA_UNIVERSITARIOS_TJRN_1782542565.mp3,05_05_2026,VISITA_UNIVERSITARIOS_TJRN_1782542565,,TJRN,NAO,H:\Meu Drive\RADIO TJRN CONTEÚDO\00_PRODUCAO_2026\01_BOLETINS_DIARIOS\03_AUDIOS_RADIO\05 - MAI - 26\05 05 - TER
MAIO,NJUD N/A,BOLETIM_RADIO_TJRN_05_05_2026_B1_ETAPA_HETEROIDENTIFICACAO_ENAM.mp3,05_05_2026,ETAPA_HETEROIDENTIFICACAO_ENAM,,TJRN,NAO,H:\Meu Drive\RADIO TJRN CONTEÚDO\00_PRODUCAO_2026\01_BOLETINS_DIARIOS\03_AUDIOS_RADIO\05 - MAI - 26\05 05 - TER
MAIO,NJUD N/A,BOLETIM_RADIO_TJRN_05_05_2026_B1_ETAPA_HETEROIDENTIFICACAO_ENAM_1782542565.mp3,05_05_2026,ETAPA_HETEROIDENTIFICACAO_ENAM_1782542565,,TJRN,NAO,H:\Meu Drive\RADIO TJRN CONTEÚDO\00_PRODUCAO_2026\01_BOLETINS_DIARIOS\03_AUDIOS_RADIO\05 - MAI - 26\05 05 - TER
MAIO,NJUD N/A,BOLETIM_RADIO_TJRN_05_05_2026_B2_POLICIAL_MILITAR_CONDENADO_TRIBUNAL_JURI.mp3,05_05_2026,POLICIAL_MILITAR_CONDENADO_TRIBUNAL_JURI,,TJRN,NAO,H:\Meu Drive\RADIO TJRN CONTEÚDO\00_PRODUCAO_2026\01_BOLETINS_DIARIOS\03_AUDIOS_RADIO\05 - MAI - 26\05 05 - TER
MAIO,NJUD N/A,BOLETIM_RADIO_TJRN_05_05_2026_B2_POLICIAL_MILITAR_CONDENADO_TRIBUNAL_JURI_1782542565.mp3,05_05_2026,POLICIAL_MILITAR_CONDENADO_TRIBUNAL_JURI_1782542565,,TJRN,NAO,H:\Meu Drive\RADIO TJRN CONTEÚDO\00_PRODUCAO_2026\01_BOLETINS_DIARIOS\03_AUDIOS_RADIO\05 - MAI - 26\05 05 - TER
MAIO,NJUD N/A,BOLETIM_RADIO_TJRN_05_05_2026_B3_INDENIZACAO_ALAGAMENTO_CHUVAS.mp3,05_05_2026,INDENIZACAO_ALAGAMENTO_CHUVAS,,TJRN,NAO,H:\Meu Drive\RADIO TJRN CONTEÚDO\00_PRODUCAO_2026\01_BOLETINS_DIARIOS\03_AUDIOS_RADIO\05 - MAI - 26\05 05 - TER
MAIO,NJUD N/A,BOLETIM_RADIO_TJRN_05_05_2026_B3_INDENIZACAO_ALAGAMENTO_CHUVAS_1782542565.mp3,05_05_2026,INDENIZACAO_ALAGAMENTO_CHUVAS_1782542565,,TJRN,NAO,H:\Meu Drive\RADIO TJRN CONTEÚDO\00_PRODUCAO_2026\01_BOLETINS_DIARIOS\03_AUDIOS_RADIO\05 - MAI - 26\05 05 - TER
MAIO,NJUD N/A,BOLETIM_RADIO_TJRN_05_05_2026_B4_CONDENACAO_ENTREGA_ERRADA.mp3,05_05_2026,CONDENACAO_ENTREGA_ERRADA,,TJRN,NAO,H:\Meu Drive\RADIO TJRN CONTEÚDO\00_PRODUCAO_2026\01_BOLETINS_DIARIOS\03_AUDIOS_RADIO\05 - MAI - 26\05 05 - TER
MAIO,NJUD N/A,BOLETIM_RADIO_TJRN_05_05_2026_B4_CONDENACAO_ENTREGA_ERRADA_1782542565.mp3,05_05_2026,CONDENACAO_ENTREGA_ERRADA_1782542565,,TJRN,NAO,H:\Meu Drive\RADIO TJRN CONTEÚDO\00_PRODUCAO_2026\01_BOLETINS_DIARIOS\03_AUDIOS_RADIO\05 - MAI - 26\05 05 - TER
MAIO,NJUD N/A,BOLETIM_RADIO_TJRN_05_05_2026_B5_CONDENACAO_NEGATIVACAO_INDEVIDA.mp3,05_05_2026,CONDENACAO_NEGATIVACAO_INDEVIDA,,TJRN,NAO,H:\Meu Drive\RADIO TJRN CONTEÚDO\00_PRODUCAO_2026\01_BOLETINS_DIARIOS\03_AUDIOS_RADIO\05 - MAI - 26\05 05 - TER
MAIO,NJUD N/A,BOLETIM_RADIO_TJRN_05_05_2026_B5_CONDENACAO_NEGATIVACAO_INDEVIDA_1782542565.mp3,05_05_2026,CONDENACAO_NEGATIVACAO_INDEVIDA_1782542565,,TJRN,NAO,H:\Meu Drive\RADIO TJRN CONTEÚDO\00_PRODUCAO_2026\01_BOLETINS_DIARIOS\03_AUDIOS_RADIO\05 - MAI - 26\05 05 - TER
MAIO,NJUD N/A,BOLETIM_RADIO_TJRN_05_05_2026_B6_DADOS_PORTAL_TRANSPARENCIA.mp3,05_05_2026,DADOS_PORTAL_TRANSPARENCIA,,TJRN,NAO,H:\Meu Drive\RADIO TJRN CONTEÚDO\00_PRODUCAO_2026\01_BOLETINS_DIARIOS\03_AUDIOS_RADIO\05 - MAI - 26\05 05 - TER
MAIO,NJUD N/A,BOLETIM_RADIO_TJRN_05_05_2026_B6_DADOS_PORTAL_TRANSPARENCIA_1782542565.mp3,05_05_2026,DADOS_PORTAL_TRANSPARENCIA_1782542565,,TJRN,NAO,H:\Meu Drive\RADIO TJRN CONTEÚDO\00_PRODUCAO_2026\01_BOLETINS_DIARIOS\03_AUDIOS_RADIO\05 - MAI - 26\05 05 - TER
MAIO,NJUD N/A,BOLETIM_RADIO_TJRN_05_05_2026_B7_LITIGANCIA_MA_FE.mp3,05_05_2026,LITIGANCIA_MA_FE,,TJRN,NAO,H:\Meu Drive\RADIO TJRN CONTEÚDO\00_PRODUCAO_2026\01_BOLETINS_DIARIOS\03_AUDIOS_RADIO\05 - MAI - 26\05 05 - TER
MAIO,NJUD N/A,BOLETIM_RADIO_TJRN_05_05_2026_B7_LITIGANCIA_MA_FE_1782542565.mp3,05_05_2026,LITIGANCIA_MA_FE_1782542565,,TJRN,NAO,H:\Meu Drive\RADIO TJRN CONTEÚDO\00_PRODUCAO_2026\01_BOLETINS_DIARIOS\03_AUDIOS_RADIO\05 - MAI - 26\05 05 - TER
MAIO,NJUD N/A,BOLETIM_RADIO_TJRN_05_05_2026_B8_MES_INFANCIA_PROTEGIDA.mp3,05_05_2026,MES_INFANCIA_PROTEGIDA,,TJRN,NAO,H:\Meu Drive\RADIO TJRN CONTEÚDO\00_PRODUCAO_2026\01_BOLETINS_DIARIOS\03_AUDIOS_RADIO\05 - MAI - 26\05 05 - TER
MAIO,NJUD N/A,BOLETIM_RADIO_TJRN_05_05_2026_B8_MES_INFANCIA_PROTEGIDA_1782542565.mp3,05_05_2026,MES_INFANCIA_PROTEGIDA_1782542565,,TJRN,NAO,H:\Meu Drive\RADIO TJRN CONTEÚDO\00_PRODUCAO_2026\01_BOLETINS_DIARIOS\03_AUDIOS_RADIO\05 - MAI - 26\05 05 - TER
MAIO,NJUD N/A,BOLETIM_RADIO_TJRN_05_05_2026_B9_BATE_PAPO_RACISMO_ASSU.mp3,05_05_2026,BATE_PAPO_RACISMO_ASSU,,TJRN,NAO,H:\Meu Drive\RADIO TJRN CONTEÚDO\00_PRODUCAO_2026\01_BOLETINS_DIARIOS\03_AUDIOS_RADIO\05 - MAI - 26\05 05 - TER
MAIO,NJUD N/A,BOLETIM_RADIO_TJRN_05_05_2026_B9_BATE_PAPO_RACISMO_ASSU_1782542565.mp3,05_05_2026,BATE_PAPO_RACISMO_ASSU_1782542565,,TJRN,NAO,H:\Meu Drive\RADIO TJRN CONTEÚDO\00_PRODUCAO_2026\01_BOLETINS_DIARIOS\03_AUDIOS_RADIO\05 - MAI - 26\05 05 - TER
MAIO,NJUD N/A,BOLETIM_RADIO_TJRN_06_05_2026_B10_DPERN_IDOSA_DEFICIENCIA_VISUAL_.mp3,06_05_2026,DPERN_IDOSA_DEFICIENCIA_VISUAL,,TJRN,NAO,H:\Meu Drive\RADIO TJRN CONTEÚDO\00_PRODUCAO_2026\01_BOLETINS_DIARIOS\03_AUDIOS_RADIO\05 - MAI - 26\06 05 - QUA
MAIO,NJUD N/A,BOLETIM_RADIO_TJRN_06_05_2026_B10_DPERN_IDOSA_DEFICIENCIA_VISUAL__1782542565.mp3,06_05_2026,DPERN_IDOSA_DEFICIENCIA_VISUAL__1782542565,,TJRN,NAO,H:\Meu Drive\RADIO TJRN CONTEÚDO\00_PRODUCAO_2026\01_BOLETINS_DIARIOS\03_AUDIOS_RADIO\05 - MAI - 26\06 05 - QUA
MAIO,NJUD N/A,BOLETIM_RADIO_TJRN_06_05_2026_B1_RESTRICAO_MATERIAL_CIRURGICO.mp3,06_05_2026,RESTRICAO_MATERIAL_CIRURGICO,,TJRN,NAO,H:\Meu Drive\RADIO TJRN CONTEÚDO\00_PRODUCAO_2026\01_BOLETINS_DIARIOS\03_AUDIOS_RADIO\05 - MAI - 26\06 05 - QUA
MAIO,NJUD N/A,BOLETIM_RADIO_TJRN_06_05_2026_B1_RESTRICAO_MATERIAL_CIRURGICO_1782542565.mp3,06_05_2026,RESTRICAO_MATERIAL_CIRURGICO_1782542565,,TJRN,NAO,H:\Meu Drive\RADIO TJRN CONTEÚDO\00_PRODUCAO_2026\01_BOLETINS_DIARIOS\03_AUDIOS_RADIO\05 - MAI - 26\06 05 - QUA
MAIO,NJUD N/A,BOLETIM_RADIO_TJRN_06_05_2026_B2_AGRESSAO_SEGURANCA_DUPLA_SERTANEJA.mp3,06_05_2026,AGRESSAO_SEGURANCA_DUPLA_SERTANEJA,,TJRN,NAO,H:\Meu Drive\RADIO TJRN CONTEÚDO\00_PRODUCAO_2026\01_BOLETINS_DIARIOS\03_AUDIOS_RADIO\05 - MAI - 26\06 05 - QUA
MAIO,NJUD N/A,BOLETIM_RADIO_TJRN_06_05_2026_B2_AGRESSAO_SEGURANCA_DUPLA_SERTANEJA_1782542565.mp3,06_05_2026,AGRESSAO_SEGURANCA_DUPLA_SERTANEJA_1782542565,,TJRN,NAO,H:\Meu Drive\RADIO TJRN CONTEÚDO\00_PRODUCAO_2026\01_BOLETINS_DIARIOS\03_AUDIOS_RADIO\05 - MAI - 26\06 05 - QUA
MAIO,NJUD N/A,BOLETIM_RADIO_TJRN_06_05_2026_B3_PENA_REDEFINIDA_TRAFICO.mp3,06_05_2026,PENA_REDEFINIDA_TRAFICO,,TJRN,NAO,H:\Meu Drive\RADIO TJRN CONTEÚDO\00_PRODUCAO_2026\01_BOLETINS_DIARIOS\03_AUDIOS_RADIO\05 - MAI - 26\06 05 - QUA
MAIO,NJUD N/A,BOLETIM_RADIO_TJRN_06_05_2026_B3_PENA_REDEFINIDA_TRAFICO_1782542565.mp3,06_05_2026,PENA_REDEFINIDA_TRAFICO_1782542565,,TJRN,NAO,H:\Meu Drive\RADIO TJRN CONTEÚDO\00_PRODUCAO_2026\01_BOLETINS_DIARIOS\03_AUDIOS_RADIO\05 - MAI - 26\06 05 - QUA
MAIO,NJUD N/A,BOLETIM_RADIO_TJRN_06_05_2026_B4_CONDENACAO_REDE_SOCIAL_DESATIVADA.mp3,06_05_2026,CONDENACAO_REDE_SOCIAL_DESATIVADA,,TJRN,NAO,H:\Meu Drive\RADIO TJRN CONTEÚDO\00_PRODUCAO_2026\01_BOLETINS_DIARIOS\03_AUDIOS_RADIO\05 - MAI - 26\06 05 - QUA
MAIO,NJUD N/A,BOLETIM_RADIO_TJRN_06_05_2026_B4_CONDENACAO_REDE_SOCIAL_DESATIVADA_1782542565.mp3,06_05_2026,CONDENACAO_REDE_SOCIAL_DESATIVADA_1782542565,,TJRN,NAO,H:\Meu Drive\RADIO TJRN CONTEÚDO\00_PRODUCAO_2026\01_BOLETINS_DIARIOS\03_AUDIOS_RADIO\05 - MAI - 26\06 05 - QUA
MAIO,NJUD N/A,BOLETIM_RADIO_TJRN_06_05_2026_B5_TEMPO_MINIMO_CARTEIRA_ESTUDANTES.mp3,06_05_2026,TEMPO_MINIMO_CARTEIRA_ESTUDANTES,,TJRN,NAO,H:\Meu Drive\RADIO TJRN CONTEÚDO\00_PRODUCAO_2026\01_BOLETINS_DIARIOS\03_AUDIOS_RADIO\05 - MAI - 26\06 05 - QUA
MAIO,NJUD N/A,BOLETIM_RADIO_TJRN_06_05_2026_B5_TEMPO_MINIMO_CARTEIRA_ESTUDANTES_1782542565.mp3,06_05_2026,TEMPO_MINIMO_CARTEIRA_ESTUDANTES_1782542565,,TJRN,NAO,H:\Meu Drive\RADIO TJRN CONTEÚDO\00_PRODUCAO_2026\01_BOLETINS_DIARIOS\03_AUDIOS_RADIO\05 - MAI - 26\06 05 - QUA
MAIO,NJUD N/A,BOLETIM_RADIO_TJRN_06_05_2026_B6_ENCONTRO_NACIONAL_SERIDO.mp3,06_05_2026,ENCONTRO_NACIONAL_SERIDO,,TJRN,NAO,H:\Meu Drive\RADIO TJRN CONTEÚDO\00_PRODUCAO_2026\01_BOLETINS_DIARIOS\03_AUDIOS_RADIO\05 - MAI - 26\06 05 - QUA
MAIO,NJUD N/A,BOLETIM_RADIO_TJRN_06_05_2026_B6_ENCONTRO_NACIONAL_SERIDO_1782542565.mp3,06_05_2026,ENCONTRO_NACIONAL_SERIDO_1782542565,,TJRN,NAO,H:\Meu Drive\RADIO TJRN CONTEÚDO\00_PRODUCAO_2026\01_BOLETINS_DIARIOS\03_AUDIOS_RADIO\05 - MAI - 26\06 05 - QUA
MAIO,NJUD N/A,BOLETIM_RADIO_TJRN_06_05_2026_B7_TABELIAO_ALMINO_AFONSO.mp3,06_05_2026,TABELIAO_ALMINO_AFONSO,,TJRN,NAO,H:\Meu Drive\RADIO TJRN CONTEÚDO\00_PRODUCAO_2026\01_BOLETINS_DIARIOS\03_AUDIOS_RADIO\05 - MAI - 26\06 05 - QUA
MAIO,NJUD N/A,BOLETIM_RADIO_TJRN_06_05_2026_B7_TABELIAO_ALMINO_AFONSO_1782542565.mp3,06_05_2026,TABELIAO_ALMINO_AFONSO_1782542565,,TJRN,NAO,H:\Meu Drive\RADIO TJRN CONTEÚDO\00_PRODUCAO_2026\01_BOLETINS_DIARIOS\03_AUDIOS_RADIO\05 - MAI - 26\06 05 - QUA
MAIO,NJUD N/A,BOLETIM_RADIO_TJRN_06_05_2026_B8_PROCURADORIA_MULHER_PARNAMIRIM.mp3,06_05_2026,PROCURADORIA_MULHER_PARNAMIRIM,,TJRN,NAO,H:\Meu Drive\RADIO TJRN CONTEÚDO\00_PRODUCAO_2026\01_BOLETINS_DIARIOS\03_AUDIOS_RADIO\05 - MAI - 26\06 05 - QUA
MAIO,NJUD N/A,BOLETIM_RADIO_TJRN_06_05_2026_B8_PROCURADORIA_MULHER_PARNAMIRIM_1782542565.mp3,06_05_2026,PROCURADORIA_MULHER_PARNAMIRIM_1782542565,,TJRN,NAO,H:\Meu Drive\RADIO TJRN CONTEÚDO\00_PRODUCAO_2026\01_BOLETINS_DIARIOS\03_AUDIOS_RADIO\05 - MAI - 26\06 05 - QUA
MAIO,NJUD N/A,BOLETIM_RADIO_TJRN_06_05_2026_B9_MPRN_RECOMENDA_RECONSTRUCAO_RUAS.mp3,06_05_2026,MPRN_RECOMENDA_RECONSTRUCAO_RUAS,,TJRN,NAO,H:\Meu Drive\RADIO TJRN CONTEÚDO\00_PRODUCAO_2026\01_BOLETINS_DIARIOS\03_AUDIOS_RADIO\05 - MAI - 26\06 05 - QUA
MAIO,NJUD N/A,BOLETIM_RADIO_TJRN_06_05_2026_B9_MPRN_RECOMENDA_RECONSTRUCAO_RUAS_1782542565.mp3,06_05_2026,MPRN_RECOMENDA_RECONSTRUCAO_RUAS_1782542565,,TJRN,NAO,H:\Meu Drive\RADIO TJRN CONTEÚDO\00_PRODUCAO_2026\01_BOLETINS_DIARIOS\03_AUDIOS_RADIO\05 - MAI - 26\06 05 - QUA
MAIO,NJUD N/A,BOLETIM_RADIO_TJRN_07_05_2026_B10_MPRN_ACOES_CONTROLE_ANIMAIS_.mp3,07_05_2026,MPRN_ACOES_CONTROLE_ANIMAIS,,TJRN,NAO,H:\Meu Drive\RADIO TJRN CONTEÚDO\00_PRODUCAO_2026\01_BOLETINS_DIARIOS\03_AUDIOS_RADIO\05 - MAI - 26\07 05 - QUI
MAIO,NJUD N/A,BOLETIM_RADIO_TJRN_07_05_2026_B10_MPRN_ACOES_CONTROLE_ANIMAIS__1782542565.mp3,07_05_2026,MPRN_ACOES_CONTROLE_ANIMAIS__1782542565,,TJRN,NAO,H:\Meu Drive\RADIO TJRN CONTEÚDO\00_PRODUCAO_2026\01_BOLETINS_DIARIOS\03_AUDIOS_RADIO\05 - MAI - 26\07 05 - QUI
MAIO,NJUD N/A,BOLETIM_RADIO_TJRN_07_05_2026_B1_INDENIZACAO_PROFESSORA_REMUNERACAO.mp3,07_05_2026,INDENIZACAO_PROFESSORA_REMUNERACAO,,TJRN,NAO,H:\Meu Drive\RADIO TJRN CONTEÚDO\00_PRODUCAO_2026\01_BOLETINS_DIARIOS\03_AUDIOS_RADIO\05 - MAI - 26\07 05 - QUI
MAIO,NJUD N/A,BOLETIM_RADIO_TJRN_07_05_2026_B1_INDENIZACAO_PROFESSORA_REMUNERACAO_1782542565.mp3,07_05_2026,INDENIZACAO_PROFESSORA_REMUNERACAO_1782542565,,TJRN,NAO,H:\Meu Drive\RADIO TJRN CONTEÚDO\00_PRODUCAO_2026\01_BOLETINS_DIARIOS\03_AUDIOS_RADIO\05 - MAI - 26\07 05 - QUI
MAIO,NJUD N/A,BOLETIM_RADIO_TJRN_07_05_2026_B2_JURI_ACUSADO_DISPARO_BRIGAS.mp3,07_05_2026,JURI_ACUSADO_DISPARO_BRIGAS,,TJRN,NAO,H:\Meu Drive\RADIO TJRN CONTEÚDO\00_PRODUCAO_2026\01_BOLETINS_DIARIOS\03_AUDIOS_RADIO\05 - MAI - 26\07 05 - QUI
MAIO,NJUD N/A,BOLETIM_RADIO_TJRN_07_05_2026_B2_JURI_ACUSADO_DISPARO_BRIGAS_1782542565.mp3,07_05_2026,JURI_ACUSADO_DISPARO_BRIGAS_1782542565,,TJRN,NAO,H:\Meu Drive\RADIO TJRN CONTEÚDO\00_PRODUCAO_2026\01_BOLETINS_DIARIOS\03_AUDIOS_RADIO\05 - MAI - 26\07 05 - QUI
MAIO,NJUD N/A,BOLETIM_RADIO_TJRN_07_05_2026_B3_ENFERMIDADE_ADVOGADO.mp3,07_05_2026,ENFERMIDADE_ADVOGADO,,TJRN,NAO,H:\Meu Drive\RADIO TJRN CONTEÚDO\00_PRODUCAO_2026\01_BOLETINS_DIARIOS\03_AUDIOS_RADIO\05 - MAI - 26\07 05 - QUI
MAIO,NJUD N/A,BOLETIM_RADIO_TJRN_07_05_2026_B3_ENFERMIDADE_ADVOGADO_1782542565.mp3,07_05_2026,ENFERMIDADE_ADVOGADO_1782542565,,TJRN,NAO,H:\Meu Drive\RADIO TJRN CONTEÚDO\00_PRODUCAO_2026\01_BOLETINS_DIARIOS\03_AUDIOS_RADIO\05 - MAI - 26\07 05 - QUI
MAIO,NJUD N/A,BOLETIM_RADIO_TJRN_07_05_2026_B4_INDENIZACAO_DEFEITO_CELULAR.mp3,07_05_2026,INDENIZACAO_DEFEITO_CELULAR,,TJRN,NAO,H:\Meu Drive\RADIO TJRN CONTEÚDO\00_PRODUCAO_2026\01_BOLETINS_DIARIOS\03_AUDIOS_RADIO\05 - MAI - 26\07 05 - QUI
MAIO,NJUD N/A,BOLETIM_RADIO_TJRN_07_05_2026_B4_INDENIZACAO_DEFEITO_CELULAR_1782542565.mp3,07_05_2026,INDENIZACAO_DEFEITO_CELULAR_1782542565,,TJRN,NAO,H:\Meu Drive\RADIO TJRN CONTEÚDO\00_PRODUCAO_2026\01_BOLETINS_DIARIOS\03_AUDIOS_RADIO\05 - MAI - 26\07 05 - QUI
MAIO,NJUD N/A,BOLETIM_RADIO_TJRN_07_05_2026_B5_CONDENACAO_TRAFICO_E_ARMAS.mp3,07_05_2026,CONDENACAO_TRAFICO_E_ARMAS,,TJRN,NAO,H:\Meu Drive\RADIO TJRN CONTEÚDO\00_PRODUCAO_2026\01_BOLETINS_DIARIOS\03_AUDIOS_RADIO\05 - MAI - 26\07 05 - QUI
MAIO,NJUD N/A,BOLETIM_RADIO_TJRN_07_05_2026_B5_CONDENACAO_TRAFICO_E_ARMAS_1782542565.mp3,07_05_2026,CONDENACAO_TRAFICO_E_ARMAS_1782542565,,TJRN,NAO,H:\Meu Drive\RADIO TJRN CONTEÚDO\00_PRODUCAO_2026\01_BOLETINS_DIARIOS\03_AUDIOS_RADIO\05 - MAI - 26\07 05 - QUI
MAIO,NJUD N/A,BOLETIM_RADIO_TJRN_07_05_2026_B6_IRREGULARIDADES_MATADOURO.mp3,07_05_2026,IRREGULARIDADES_MATADOURO,,TJRN,NAO,H:\Meu Drive\RADIO TJRN CONTEÚDO\00_PRODUCAO_2026\01_BOLETINS_DIARIOS\03_AUDIOS_RADIO\05 - MAI - 26\07 05 - QUI
MAIO,NJUD N/A,BOLETIM_RADIO_TJRN_07_05_2026_B6_IRREGULARIDADES_MATADOURO_1782542565.mp3,07_05_2026,IRREGULARIDADES_MATADOURO_1782542565,,TJRN,NAO,H:\Meu Drive\RADIO TJRN CONTEÚDO\00_PRODUCAO_2026\01_BOLETINS_DIARIOS\03_AUDIOS_RADIO\05 - MAI - 26\07 05 - QUI
MAIO,NJUD N/A,BOLETIM_RADIO_TJRN_07_05_2026_B7_EBOOK_SOCIOEDUCACAO.mp3,07_05_2026,EBOOK_SOCIOEDUCACAO,,TJRN,NAO,H:\Meu Drive\RADIO TJRN CONTEÚDO\00_PRODUCAO_2026\01_BOLETINS_DIARIOS\03_AUDIOS_RADIO\05 - MAI - 26\07 05 - QUI
MAIO,NJUD N/A,BOLETIM_RADIO_TJRN_07_05_2026_B7_EBOOK_SOCIOEDUCACAO_1782542565.mp3,07_05_2026,EBOOK_SOCIOEDUCACAO_1782542565,,TJRN,NAO,H:\Meu Drive\RADIO TJRN CONTEÚDO\00_PRODUCAO_2026\01_BOLETINS_DIARIOS\03_AUDIOS_RADIO\05 - MAI - 26\07 05 - QUI
MAIO,NJUD N/A,BOLETIM_RADIO_TJRN_07_05_2026_B8_ASSEDIO_AMBIENTE_TRABALHO.mp3,07_05_2026,ASSEDIO_AMBIENTE_TRABALHO,,TJRN,NAO,H:\Meu Drive\RADIO TJRN CONTEÚDO\00_PRODUCAO_2026\01_BOLETINS_DIARIOS\03_AUDIOS_RADIO\05 - MAI - 26\07 05 - QUI
MAIO,NJUD N/A,BOLETIM_RADIO_TJRN_07_05_2026_B8_ASSEDIO_AMBIENTE_TRABALHO_1782542565.mp3,07_05_2026,ASSEDIO_AMBIENTE_TRABALHO_1782542565,,TJRN,NAO,H:\Meu Drive\RADIO TJRN CONTEÚDO\00_PRODUCAO_2026\01_BOLETINS_DIARIOS\03_AUDIOS_RADIO\05 - MAI - 26\07 05 - QUI
MAIO,NJUD N/A,BOLETIM_RADIO_TJRN_07_05_2026_B9_MPRN_RECOMENDACAO_CORRECAO_PRISIONAL_FEMININO_.mp3,07_05_2026,MPRN_RECOMENDACAO_CORRECAO_PRISIONAL_FEMININO,,TJRN,NAO,H:\Meu Drive\RADIO TJRN CONTEÚDO\00_PRODUCAO_2026\01_BOLETINS_DIARIOS\03_AUDIOS_RADIO\05 - MAI - 26\07 05 - QUI
MAIO,NJUD N/A,BOLETIM_RADIO_TJRN_07_05_2026_B9_MPRN_RECOMENDACAO_CORRECAO_PRISIONAL_FEMININO__1782542565.mp3,07_05_2026,MPRN_RECOMENDACAO_CORRECAO_PRISIONAL_FEMININO__1782542565,,TJRN,NAO,H:\Meu Drive\RADIO TJRN CONTEÚDO\00_PRODUCAO_2026\01_BOLETINS_DIARIOS\03_AUDIOS_RADIO\05 - MAI - 26\07 05 - QUI
MAIO,NJUD N/A,BOLETIM_RADIO_TJRN_08_05_2026_B10_TRTRN_REGISTRO_POSTO_SAUDE.mp3,08_05_2026,TRTRN_REGISTRO_POSTO_SAUDE,,TJRN,NAO,H:\Meu Drive\RADIO TJRN CONTEÚDO\00_PRODUCAO_2026\01_BOLETINS_DIARIOS\03_AUDIOS_RADIO\05 - MAI - 26\08 05 - SEX
MAIO,NJUD N/A,BOLETIM_RADIO_TJRN_08_05_2026_B10_TRTRN_REGISTRO_POSTO_SAUDE_1782542566.mp3,08_05_2026,TRTRN_REGISTRO_POSTO_SAUDE_1782542566,,TJRN,NAO,H:\Meu Drive\RADIO TJRN CONTEÚDO\00_PRODUCAO_2026\01_BOLETINS_DIARIOS\03_AUDIOS_RADIO\05 - MAI - 26\08 05 - SEX
MAIO,NJUD N/A,BOLETIM_RADIO_TJRN_08_05_2026_B1_INDENIZACAO_TAXAS_INDEVIDAS.mp3,08_05_2026,INDENIZACAO_TAXAS_INDEVIDAS,,TJRN,NAO,H:\Meu Drive\RADIO TJRN CONTEÚDO\00_PRODUCAO_2026\01_BOLETINS_DIARIOS\03_AUDIOS_RADIO\05 - MAI - 26\08 05 - SEX
MAIO,NJUD N/A,BOLETIM_RADIO_TJRN_08_05_2026_B1_INDENIZACAO_TAXAS_INDEVIDAS_1782542565.mp3,08_05_2026,INDENIZACAO_TAXAS_INDEVIDAS_1782542565,,TJRN,NAO,H:\Meu Drive\RADIO TJRN CONTEÚDO\00_PRODUCAO_2026\01_BOLETINS_DIARIOS\03_AUDIOS_RADIO\05 - MAI - 26\08 05 - SEX
MAIO,NJUD N/A,BOLETIM_RADIO_TJRN_08_05_2026_B2_USO_INDEVIDO_JAZIGO.mp3,08_05_2026,USO_INDEVIDO_JAZIGO,,TJRN,NAO,H:\Meu Drive\RADIO TJRN CONTEÚDO\00_PRODUCAO_2026\01_BOLETINS_DIARIOS\03_AUDIOS_RADIO\05 - MAI - 26\08 05 - SEX
MAIO,NJUD N/A,BOLETIM_RADIO_TJRN_08_05_2026_B2_USO_INDEVIDO_JAZIGO_1782542565.mp3,08_05_2026,USO_INDEVIDO_JAZIGO_1782542565,,TJRN,NAO,H:\Meu Drive\RADIO TJRN CONTEÚDO\00_PRODUCAO_2026\01_BOLETINS_DIARIOS\03_AUDIOS_RADIO\05 - MAI - 26\08 05 - SEX
MAIO,NJUD N/A,BOLETIM_RADIO_TJRN_08_05_2026_B3_COBRANCA_INDEVIDA_EMPLACAMENTO.mp3,08_05_2026,COBRANCA_INDEVIDA_EMPLACAMENTO,,TJRN,NAO,H:\Meu Drive\RADIO TJRN CONTEÚDO\00_PRODUCAO_2026\01_BOLETINS_DIARIOS\03_AUDIOS_RADIO\05 - MAI - 26\08 05 - SEX
MAIO,NJUD N/A,BOLETIM_RADIO_TJRN_08_05_2026_B3_COBRANCA_INDEVIDA_EMPLACAMENTO_1782542565.mp3,08_05_2026,COBRANCA_INDEVIDA_EMPLACAMENTO_1782542565,,TJRN,NAO,H:\Meu Drive\RADIO TJRN CONTEÚDO\00_PRODUCAO_2026\01_BOLETINS_DIARIOS\03_AUDIOS_RADIO\05 - MAI - 26\08 05 - SEX
MAIO,NJUD N/A,BOLETIM_RADIO_TJRN_08_05_2026_B4_CONDENACAO_DEMORA_EXAME_URGENTE.mp3,08_05_2026,CONDENACAO_DEMORA_EXAME_URGENTE,,TJRN,NAO,H:\Meu Drive\RADIO TJRN CONTEÚDO\00_PRODUCAO_2026\01_BOLETINS_DIARIOS\03_AUDIOS_RADIO\05 - MAI - 26\08 05 - SEX
MAIO,NJUD N/A,BOLETIM_RADIO_TJRN_08_05_2026_B4_CONDENACAO_DEMORA_EXAME_URGENTE_1782542565.mp3,08_05_2026,CONDENACAO_DEMORA_EXAME_URGENTE_1782542565,,TJRN,NAO,H:\Meu Drive\RADIO TJRN CONTEÚDO\00_PRODUCAO_2026\01_BOLETINS_DIARIOS\03_AUDIOS_RADIO\05 - MAI - 26\08 05 - SEX
MAIO,NJUD N/A,BOLETIM_RADIO_TJRN_08_05_2026_B5_FISCALIZACAO_CONDOMINIO.mp3,08_05_2026,FISCALIZACAO_CONDOMINIO,,TJRN,NAO,H:\Meu Drive\RADIO TJRN CONTEÚDO\00_PRODUCAO_2026\01_BOLETINS_DIARIOS\03_AUDIOS_RADIO\05 - MAI - 26\08 05 - SEX
MAIO,NJUD N/A,BOLETIM_RADIO_TJRN_08_05_2026_B5_FISCALIZACAO_CONDOMINIO_1782542565.mp3,08_05_2026,FISCALIZACAO_CONDOMINIO_1782542565,,TJRN,NAO,H:\Meu Drive\RADIO TJRN CONTEÚDO\00_PRODUCAO_2026\01_BOLETINS_DIARIOS\03_AUDIOS_RADIO\05 - MAI - 26\08 05 - SEX
MAIO,NJUD N/A,BOLETIM_RADIO_TJRN_08_05_2026_B6_VIOLENCIA_DOMESTICA_MANTIDA_PRISAO.mp3,08_05_2026,VIOLENCIA_DOMESTICA_MANTIDA_PRISAO,,TJRN,NAO,H:\Meu Drive\RADIO TJRN CONTEÚDO\00_PRODUCAO_2026\01_BOLETINS_DIARIOS\03_AUDIOS_RADIO\05 - MAI - 26\08 05 - SEX
MAIO,NJUD N/A,BOLETIM_RADIO_TJRN_08_05_2026_B6_VIOLENCIA_DOMESTICA_MANTIDA_PRISAO_1782542565.mp3,08_05_2026,VIOLENCIA_DOMESTICA_MANTIDA_PRISAO_1782542565,,TJRN,NAO,H:\Meu Drive\RADIO TJRN CONTEÚDO\00_PRODUCAO_2026\01_BOLETINS_DIARIOS\03_AUDIOS_RADIO\05 - MAI - 26\08 05 - SEX
MAIO,NJUD N/A,BOLETIM_RADIO_TJRN_08_05_2026_B7_COBRANCA_IPTU_TAXA_LIMPEZA.mp3,08_05_2026,COBRANCA_IPTU_TAXA_LIMPEZA,,TJRN,NAO,H:\Meu Drive\RADIO TJRN CONTEÚDO\00_PRODUCAO_2026\01_BOLETINS_DIARIOS\03_AUDIOS_RADIO\05 - MAI - 26\08 05 - SEX
MAIO,NJUD N/A,BOLETIM_RADIO_TJRN_08_05_2026_B7_COBRANCA_IPTU_TAXA_LIMPEZA_1782542566.mp3,08_05_2026,COBRANCA_IPTU_TAXA_LIMPEZA_1782542566,,TJRN,NAO,H:\Meu Drive\RADIO TJRN CONTEÚDO\00_PRODUCAO_2026\01_BOLETINS_DIARIOS\03_AUDIOS_RADIO\05 - MAI - 26\08 05 - SEX
MAIO,NJUD N/A,BOLETIM_RADIO_TJRN_08_05_2026_B8_TJRN_LANCA_NOVO_SISTEMA_.mp3,08_05_2026,TJRN_LANCA_NOVO_SISTEMA,,TJRN,NAO,H:\Meu Drive\RADIO TJRN CONTEÚDO\00_PRODUCAO_2026\01_BOLETINS_DIARIOS\03_AUDIOS_RADIO\05 - MAI - 26\08 05 - SEX
MAIO,NJUD N/A,BOLETIM_RADIO_TJRN_08_05_2026_B8_TJRN_LANCA_NOVO_SISTEMA__1782542566.mp3,08_05_2026,TJRN_LANCA_NOVO_SISTEMA__1782542566,,TJRN,NAO,H:\Meu Drive\RADIO TJRN CONTEÚDO\00_PRODUCAO_2026\01_BOLETINS_DIARIOS\03_AUDIOS_RADIO\05 - MAI - 26\08 05 - SEX
MAIO,NJUD N/A,BOLETIM_RADIO_TJRN_08_05_2026_B9_TJRN_CURSO_INEDITO_GESTAO_RISCOS_.mp3,08_05_2026,TJRN_CURSO_INEDITO_GESTAO_RISCOS,,TJRN,NAO,H:\Meu Drive\RADIO TJRN CONTEÚDO\00_PRODUCAO_2026\01_BOLETINS_DIARIOS\03_AUDIOS_RADIO\05 - MAI - 26\08 05 - SEX
MAIO,NJUD N/A,BOLETIM_RADIO_TJRN_08_05_2026_B9_TJRN_CURSO_INEDITO_GESTAO_RISCOS__1782542566.mp3,08_05_2026,TJRN_CURSO_INEDITO_GESTAO_RISCOS__1782542566,,TJRN,NAO,H:\Meu Drive\RADIO TJRN CONTEÚDO\00_PRODUCAO_2026\01_BOLETINS_DIARIOS\03_AUDIOS_RADIO\05 - MAI - 26\08 05 - SEX
MAIO,NJUD N/A,BOLETIM_RADIO_TJRN_11_05_2026_B10_MPRN_RECOMENDA_CONTRATACAO_AMBULATORIO_.mp3,11_05_2026,MPRN_RECOMENDA_CONTRATACAO_AMBULATORIO,,TJRN,NAO,H:\Meu Drive\RADIO TJRN CONTEÚDO\00_PRODUCAO_2026\01_BOLETINS_DIARIOS\03_AUDIOS_RADIO\05 - MAI - 26\11 05 - SEG
MAIO,NJUD N/A,BOLETIM_RADIO_TJRN_11_05_2026_B10_MPRN_RECOMENDA_CONTRATACAO_AMBULATORIO__1782542566.mp3,11_05_2026,MPRN_RECOMENDA_CONTRATACAO_AMBULATORIO__1782542566,,TJRN,NAO,H:\Meu Drive\RADIO TJRN CONTEÚDO\00_PRODUCAO_2026\01_BOLETINS_DIARIOS\03_AUDIOS_RADIO\05 - MAI - 26\11 05 - SEG
MAIO,NJUD N/A,BOLETIM_RADIO_TJRN_11_05_2026_B1_TRE_RN_ATENDIMENTOS_AGENDADOS_.mp3,11_05_2026,TRE_RN_ATENDIMENTOS_AGENDADOS,,TJRN,NAO,H:\Meu Drive\RADIO TJRN CONTEÚDO\00_PRODUCAO_2026\01_BOLETINS_DIARIOS\03_AUDIOS_RADIO\05 - MAI - 26\11 05 - SEG
MAIO,NJUD N/A,BOLETIM_RADIO_TJRN_11_05_2026_B1_TRE_RN_ATENDIMENTOS_AGENDADOS__1782542566.mp3,11_05_2026,TRE_RN_ATENDIMENTOS_AGENDADOS__1782542566,,TJRN,NAO,H:\Meu Drive\RADIO TJRN CONTEÚDO\00_PRODUCAO_2026\01_BOLETINS_DIARIOS\03_AUDIOS_RADIO\05 - MAI - 26\11 05 - SEG
MAIO,NJUD N/A,BOLETIM_RADIO_TJRN_11_05_2026_B2_TJRN_FORTALECE_PRESERVACAO_JUSTICA_.mp3,11_05_2026,TJRN_FORTALECE_PRESERVACAO_JUSTICA,,TJRN,NAO,H:\Meu Drive\RADIO TJRN CONTEÚDO\00_PRODUCAO_2026\01_BOLETINS_DIARIOS\03_AUDIOS_RADIO\05 - MAI - 26\11 05 - SEG
MAIO,NJUD N/A,BOLETIM_RADIO_TJRN_11_05_2026_B2_TJRN_FORTALECE_PRESERVACAO_JUSTICA__1782542566.mp3,11_05_2026,TJRN_FORTALECE_PRESERVACAO_JUSTICA__1782542566,,TJRN,NAO,H:\Meu Drive\RADIO TJRN CONTEÚDO\00_PRODUCAO_2026\01_BOLETINS_DIARIOS\03_AUDIOS_RADIO\05 - MAI - 26\11 05 - SEG
MAIO,NJUD N/A,BOLETIM_RADIO_TJRN_11_05_2026_B3_TJRN_CEARA_MIRIM_ESTAGIO.mp3,11_05_2026,TJRN_CEARA_MIRIM_ESTAGIO,,TJRN,NAO,H:\Meu Drive\RADIO TJRN CONTEÚDO\00_PRODUCAO_2026\01_BOLETINS_DIARIOS\03_AUDIOS_RADIO\05 - MAI - 26\11 05 - SEG
MAIO,NJUD N/A,BOLETIM_RADIO_TJRN_11_05_2026_B3_TJRN_CEARA_MIRIM_ESTAGIO_1782542566.mp3,11_05_2026,TJRN_CEARA_MIRIM_ESTAGIO_1782542566,,TJRN,NAO,H:\Meu Drive\RADIO TJRN CONTEÚDO\00_PRODUCAO_2026\01_BOLETINS_DIARIOS\03_AUDIOS_RADIO\05 - MAI - 26\11 05 - SEG
MAIO,NJUD N/A,BOLETIM_RADIO_TJRN_11_05_2026_B4_TJRN_RECONHECE_FRAUDE_TRANSACOES_DIGITAIS.mp3,11_05_2026,TJRN_RECONHECE_FRAUDE_TRANSACOES_DIGITAIS,,TJRN,NAO,H:\Meu Drive\RADIO TJRN CONTEÚDO\00_PRODUCAO_2026\01_BOLETINS_DIARIOS\03_AUDIOS_RADIO\05 - MAI - 26\11 05 - SEG
MAIO,NJUD N/A,BOLETIM_RADIO_TJRN_11_05_2026_B4_TJRN_RECONHECE_FRAUDE_TRANSACOES_DIGITAIS_1782542566.mp3,11_05_2026,TJRN_RECONHECE_FRAUDE_TRANSACOES_DIGITAIS_1782542566,,TJRN,NAO,H:\Meu Drive\RADIO TJRN CONTEÚDO\00_PRODUCAO_2026\01_BOLETINS_DIARIOS\03_AUDIOS_RADIO\05 - MAI - 26\11 05 - SEG
MAIO,NJUD N/A,BOLETIM_RADIO_TJRN_11_05_2026_B5_TJRN_AREIA_BRANCA_SELECAO_PROJETOS_.mp3,11_05_2026,TJRN_AREIA_BRANCA_SELECAO_PROJETOS,,TJRN,NAO,H:\Meu Drive\RADIO TJRN CONTEÚDO\00_PRODUCAO_2026\01_BOLETINS_DIARIOS\03_AUDIOS_RADIO\05 - MAI - 26\11 05 - SEG
MAIO,NJUD N/A,BOLETIM_RADIO_TJRN_11_05_2026_B5_TJRN_AREIA_BRANCA_SELECAO_PROJETOS__1782542566.mp3,11_05_2026,TJRN_AREIA_BRANCA_SELECAO_PROJETOS__1782542566,,TJRN,NAO,H:\Meu Drive\RADIO TJRN CONTEÚDO\00_PRODUCAO_2026\01_BOLETINS_DIARIOS\03_AUDIOS_RADIO\05 - MAI - 26\11 05 - SEG
MAIO,NJUD N/A,BOLETIM_RADIO_TJRN_11_05_2026_B6_TJRN_COSERN_INDENIZADA_.mp3,11_05_2026,TJRN_COSERN_INDENIZADA,,TJRN,NAO,H:\Meu Drive\RADIO TJRN CONTEÚDO\00_PRODUCAO_2026\01_BOLETINS_DIARIOS\03_AUDIOS_RADIO\05 - MAI - 26\11 05 - SEG
MAIO,NJUD N/A,BOLETIM_RADIO_TJRN_11_05_2026_B6_TJRN_COSERN_INDENIZADA__1782542566.mp3,11_05_2026,TJRN_COSERN_INDENIZADA__1782542566,,TJRN,NAO,H:\Meu Drive\RADIO TJRN CONTEÚDO\00_PRODUCAO_2026\01_BOLETINS_DIARIOS\03_AUDIOS_RADIO\05 - MAI - 26\11 05 - SEG
MAIO,NJUD N/A,BOLETIM_RADIO_TJRN_11_05_2026_B7_TJRN_CANGUARETAMA_ESTAGIO_POS.mp3,11_05_2026,TJRN_CANGUARETAMA_ESTAGIO_POS,,TJRN,NAO,H:\Meu Drive\RADIO TJRN CONTEÚDO\00_PRODUCAO_2026\01_BOLETINS_DIARIOS\03_AUDIOS_RADIO\05 - MAI - 26\11 05 - SEG
MAIO,NJUD N/A,BOLETIM_RADIO_TJRN_11_05_2026_B7_TJRN_CANGUARETAMA_ESTAGIO_POS_1782542566.mp3,11_05_2026,TJRN_CANGUARETAMA_ESTAGIO_POS_1782542566,,TJRN,NAO,H:\Meu Drive\RADIO TJRN CONTEÚDO\00_PRODUCAO_2026\01_BOLETINS_DIARIOS\03_AUDIOS_RADIO\05 - MAI - 26\11 05 - SEG
MAIO,NJUD N/A,BOLETIM_RADIO_TJRN_11_05_2026_B8_TJRN_CONDENA_EMPRESA_ONIBUS_.mp3,11_05_2026,TJRN_CONDENA_EMPRESA_ONIBUS,,TJRN,NAO,H:\Meu Drive\RADIO TJRN CONTEÚDO\00_PRODUCAO_2026\01_BOLETINS_DIARIOS\03_AUDIOS_RADIO\05 - MAI - 26\11 05 - SEG
MAIO,NJUD N/A,BOLETIM_RADIO_TJRN_11_05_2026_B8_TJRN_CONDENA_EMPRESA_ONIBUS__1782542566.mp3,11_05_2026,TJRN_CONDENA_EMPRESA_ONIBUS__1782542566,,TJRN,NAO,H:\Meu Drive\RADIO TJRN CONTEÚDO\00_PRODUCAO_2026\01_BOLETINS_DIARIOS\03_AUDIOS_RADIO\05 - MAI - 26\11 05 - SEG
MAIO,NJUD N/A,BOLETIM_RADIO_TJRN_11_05_2026_B9_OABRN_EXCLUSAO_ADVOGADA_.mp3,11_05_2026,OABRN_EXCLUSAO_ADVOGADA,,TJRN,NAO,H:\Meu Drive\RADIO TJRN CONTEÚDO\00_PRODUCAO_2026\01_BOLETINS_DIARIOS\03_AUDIOS_RADIO\05 - MAI - 26\11 05 - SEG
MAIO,NJUD N/A,BOLETIM_RADIO_TJRN_11_05_2026_B9_OABRN_EXCLUSAO_ADVOGADA__1782542566.mp3,11_05_2026,OABRN_EXCLUSAO_ADVOGADA__1782542566,,TJRN,NAO,H:\Meu Drive\RADIO TJRN CONTEÚDO\00_PRODUCAO_2026\01_BOLETINS_DIARIOS\03_AUDIOS_RADIO\05 - MAI - 26\11 05 - SEG
MAIO,NJUD N/A,BOLETIM_RADIO_TJRN_12_05_2026_B10_TJRN_RESULTADO_PRELIMINAR_ENAM_.mp3,12_05_2026,TJRN_RESULTADO_PRELIMINAR_ENAM,,TJRN,NAO,H:\Meu Drive\RADIO TJRN CONTEÚDO\00_PRODUCAO_2026\01_BOLETINS_DIARIOS\03_AUDIOS_RADIO\05 - MAI - 26\12 05 - TER
MAIO,NJUD N/A,BOLETIM_RADIO_TJRN_12_05_2026_B10_TJRN_RESULTADO_PRELIMINAR_ENAM__1782542566.mp3,12_05_2026,TJRN_RESULTADO_PRELIMINAR_ENAM__1782542566,,TJRN,NAO,H:\Meu Drive\RADIO TJRN CONTEÚDO\00_PRODUCAO_2026\01_BOLETINS_DIARIOS\03_AUDIOS_RADIO\05 - MAI - 26\12 05 - TER
MAIO,NJUD N/A,BOLETIM_RADIO_TJRN_12_05_2026_B1_TJRN_NUCLEO_APOIO_ESTAGIO.mp3,12_05_2026,TJRN_NUCLEO_APOIO_ESTAGIO,,TJRN,NAO,H:\Meu Drive\RADIO TJRN CONTEÚDO\00_PRODUCAO_2026\01_BOLETINS_DIARIOS\03_AUDIOS_RADIO\05 - MAI - 26\12 05 - TER
MAIO,NJUD N/A,BOLETIM_RADIO_TJRN_12_05_2026_B1_TJRN_NUCLEO_APOIO_ESTAGIO_1782542566.mp3,12_05_2026,TJRN_NUCLEO_APOIO_ESTAGIO_1782542566,,TJRN,NAO,H:\Meu Drive\RADIO TJRN CONTEÚDO\00_PRODUCAO_2026\01_BOLETINS_DIARIOS\03_AUDIOS_RADIO\05 - MAI - 26\12 05 - TER
MAIO,NJUD N/A,BOLETIM_RADIO_TJRN_12_05_2026_B2_TJRN_EMPRESA_RESTABELECE_AGUA_.mp3,12_05_2026,TJRN_EMPRESA_RESTABELECE_AGUA,,TJRN,NAO,H:\Meu Drive\RADIO TJRN CONTEÚDO\00_PRODUCAO_2026\01_BOLETINS_DIARIOS\03_AUDIOS_RADIO\05 - MAI - 26\12 05 - TER
MAIO,NJUD N/A,BOLETIM_RADIO_TJRN_12_05_2026_B2_TJRN_EMPRESA_RESTABELECE_AGUA__1782542566.mp3,12_05_2026,TJRN_EMPRESA_RESTABELECE_AGUA__1782542566,,TJRN,NAO,H:\Meu Drive\RADIO TJRN CONTEÚDO\00_PRODUCAO_2026\01_BOLETINS_DIARIOS\03_AUDIOS_RADIO\05 - MAI - 26\12 05 - TER
MAIO,NJUD N/A,BOLETIM_RADIO_TJRN_12_05_2026_B3_TJRN_PLATAFORMA_COLABORATIVA_PROMPTS.mp3,12_05_2026,TJRN_PLATAFORMA_COLABORATIVA_PROMPTS,,TJRN,NAO,H:\Meu Drive\RADIO TJRN CONTEÚDO\00_PRODUCAO_2026\01_BOLETINS_DIARIOS\03_AUDIOS_RADIO\05 - MAI - 26\12 05 - TER
MAIO,NJUD N/A,BOLETIM_RADIO_TJRN_12_05_2026_B3_TJRN_PLATAFORMA_COLABORATIVA_PROMPTS_1782542566.mp3,12_05_2026,TJRN_PLATAFORMA_COLABORATIVA_PROMPTS_1782542566,,TJRN,NAO,H:\Meu Drive\RADIO TJRN CONTEÚDO\00_PRODUCAO_2026\01_BOLETINS_DIARIOS\03_AUDIOS_RADIO\05 - MAI - 26\12 05 - TER
MAIO,NJUD N/A,BOLETIM_RADIO_TJRN_12_05_2026_B4_TJRN_VARA_EXECUCAO_FISCAL_RESULTADO_ESTAGIO_.mp3,12_05_2026,TJRN_VARA_EXECUCAO_FISCAL_RESULTADO_ESTAGIO,,TJRN,NAO,H:\Meu Drive\RADIO TJRN CONTEÚDO\00_PRODUCAO_2026\01_BOLETINS_DIARIOS\03_AUDIOS_RADIO\05 - MAI - 26\12 05 - TER
MAIO,NJUD N/A,BOLETIM_RADIO_TJRN_12_05_2026_B4_TJRN_VARA_EXECUCAO_FISCAL_RESULTADO_ESTAGIO__1782542566.mp3,12_05_2026,TJRN_VARA_EXECUCAO_FISCAL_RESULTADO_ESTAGIO__1782542566,,TJRN,NAO,H:\Meu Drive\RADIO TJRN CONTEÚDO\00_PRODUCAO_2026\01_BOLETINS_DIARIOS\03_AUDIOS_RADIO\05 - MAI - 26\12 05 - TER
MAIO,NJUD N/A,BOLETIM_RADIO_TJRN_12_05_2026_B5_TJRN_FALHA_SERVICO_RASTREAMENTO.mp3,12_05_2026,TJRN_FALHA_SERVICO_RASTREAMENTO,,TJRN,NAO,H:\Meu Drive\RADIO TJRN CONTEÚDO\00_PRODUCAO_2026\01_BOLETINS_DIARIOS\03_AUDIOS_RADIO\05 - MAI - 26\12 05 - TER
MAIO,NJUD N/A,BOLETIM_RADIO_TJRN_12_05_2026_B5_TJRN_FALHA_SERVICO_RASTREAMENTO_1782542566.mp3,12_05_2026,TJRN_FALHA_SERVICO_RASTREAMENTO_1782542566,,TJRN,NAO,H:\Meu Drive\RADIO TJRN CONTEÚDO\00_PRODUCAO_2026\01_BOLETINS_DIARIOS\03_AUDIOS_RADIO\05 - MAI - 26\12 05 - TER
MAIO,NJUD N/A,BOLETIM_RADIO_TJRN_12_05_2026_B6_TJRN_SERVIDOR_SOFRE_ASSEDIO.mp3,12_05_2026,TJRN_SERVIDOR_SOFRE_ASSEDIO,,TJRN,NAO,H:\Meu Drive\RADIO TJRN CONTEÚDO\00_PRODUCAO_2026\01_BOLETINS_DIARIOS\03_AUDIOS_RADIO\05 - MAI - 26\12 05 - TER
MAIO,NJUD N/A,BOLETIM_RADIO_TJRN_12_05_2026_B6_TJRN_SERVIDOR_SOFRE_ASSEDIO_1782542566.mp3,12_05_2026,TJRN_SERVIDOR_SOFRE_ASSEDIO_1782542566,,TJRN,NAO,H:\Meu Drive\RADIO TJRN CONTEÚDO\00_PRODUCAO_2026\01_BOLETINS_DIARIOS\03_AUDIOS_RADIO\05 - MAI - 26\12 05 - TER
MAIO,NJUD N/A,BOLETIM_RADIO_TJRN_12_05_2026_B7_TJRN_PARELHAS_INDENIZACAO_PACIENTE_.mp3,12_05_2026,TJRN_PARELHAS_INDENIZACAO_PACIENTE,,TJRN,NAO,H:\Meu Drive\RADIO TJRN CONTEÚDO\00_PRODUCAO_2026\01_BOLETINS_DIARIOS\03_AUDIOS_RADIO\05 - MAI - 26\12 05 - TER
MAIO,NJUD N/A,BOLETIM_RADIO_TJRN_12_05_2026_B7_TJRN_PARELHAS_INDENIZACAO_PACIENTE__1782542566.mp3,12_05_2026,TJRN_PARELHAS_INDENIZACAO_PACIENTE__1782542566,,TJRN,NAO,H:\Meu Drive\RADIO TJRN CONTEÚDO\00_PRODUCAO_2026\01_BOLETINS_DIARIOS\03_AUDIOS_RADIO\05 - MAI - 26\12 05 - TER
MAIO,NJUD N/A,BOLETIM_RADIO_TJRN_12_05_2026_B8_TJRN_DETERMINA_INDISPONIBILIDADE_LOTES.mp3,12_05_2026,TJRN_DETERMINA_INDISPONIBILIDADE_LOTES,,TJRN,NAO,H:\Meu Drive\RADIO TJRN CONTEÚDO\00_PRODUCAO_2026\01_BOLETINS_DIARIOS\03_AUDIOS_RADIO\05 - MAI - 26\12 05 - TER
MAIO,NJUD N/A,BOLETIM_RADIO_TJRN_12_05_2026_B8_TJRN_DETERMINA_INDISPONIBILIDADE_LOTES_1782542566.mp3,12_05_2026,TJRN_DETERMINA_INDISPONIBILIDADE_LOTES_1782542566,,TJRN,NAO,H:\Meu Drive\RADIO TJRN CONTEÚDO\00_PRODUCAO_2026\01_BOLETINS_DIARIOS\03_AUDIOS_RADIO\05 - MAI - 26\12 05 - TER
MAIO,NJUD N/A,BOLETIM_RADIO_TJRN_12_05_2026_B9_TJRN_PLANO_SAUDE_CONDENADO.mp3,12_05_2026,TJRN_PLANO_SAUDE_CONDENADO,,TJRN,NAO,H:\Meu Drive\RADIO TJRN CONTEÚDO\00_PRODUCAO_2026\01_BOLETINS_DIARIOS\03_AUDIOS_RADIO\05 - MAI - 26\12 05 - TER
MAIO,NJUD N/A,BOLETIM_RADIO_TJRN_12_05_2026_B9_TJRN_PLANO_SAUDE_CONDENADO_1782542566.mp3,12_05_2026,TJRN_PLANO_SAUDE_CONDENADO_1782542566,,TJRN,NAO,H:\Meu Drive\RADIO TJRN CONTEÚDO\00_PRODUCAO_2026\01_BOLETINS_DIARIOS\03_AUDIOS_RADIO\05 - MAI - 26\12 05 - TER
MAIO,NJUD N/A,BOLETIM_RADIO_TJRN_13_05_2026_B10_FRAUDE_FAST_FOOD.mp3,13_05_2026,FRAUDE_FAST_FOOD,,TJRN,NAO,H:\Meu Drive\RADIO TJRN CONTEÚDO\00_PRODUCAO_2026\01_BOLETINS_DIARIOS\03_AUDIOS_RADIO\05 - MAI - 26\13 05 - QUA
MAIO,NJUD N/A,BOLETIM_RADIO_TJRN_13_05_2026_B10_FRAUDE_FAST_FOOD_1782542566.mp3,13_05_2026,FRAUDE_FAST_FOOD_1782542566,,TJRN,NAO,H:\Meu Drive\RADIO TJRN CONTEÚDO\00_PRODUCAO_2026\01_BOLETINS_DIARIOS\03_AUDIOS_RADIO\05 - MAI - 26\13 05 - QUA
MAIO,NJUD N/A,BOLETIM_RADIO_TJRN_13_05_2026_B1_INDENIZACAO_DEBITO_IPTU.mp3,13_05_2026,INDENIZACAO_DEBITO_IPTU,,TJRN,NAO,H:\Meu Drive\RADIO TJRN CONTEÚDO\00_PRODUCAO_2026\01_BOLETINS_DIARIOS\03_AUDIOS_RADIO\05 - MAI - 26\13 05 - QUA
MAIO,NJUD N/A,BOLETIM_RADIO_TJRN_13_05_2026_B1_INDENIZACAO_DEBITO_IPTU_1782542566.mp3,13_05_2026,INDENIZACAO_DEBITO_IPTU_1782542566,,TJRN,NAO,H:\Meu Drive\RADIO TJRN CONTEÚDO\00_PRODUCAO_2026\01_BOLETINS_DIARIOS\03_AUDIOS_RADIO\05 - MAI - 26\13 05 - QUA
MAIO,NJUD N/A,BOLETIM_RADIO_TJRN_13_05_2026_B2_FATURAMENTO_CONTA_ENERGIA.mp3,13_05_2026,FATURAMENTO_CONTA_ENERGIA,,TJRN,NAO,H:\Meu Drive\RADIO TJRN CONTEÚDO\00_PRODUCAO_2026\01_BOLETINS_DIARIOS\03_AUDIOS_RADIO\05 - MAI - 26\13 05 - QUA
MAIO,NJUD N/A,BOLETIM_RADIO_TJRN_13_05_2026_B2_FATURAMENTO_CONTA_ENERGIA_1782542566.mp3,13_05_2026,FATURAMENTO_CONTA_ENERGIA_1782542566,,TJRN,NAO,H:\Meu Drive\RADIO TJRN CONTEÚDO\00_PRODUCAO_2026\01_BOLETINS_DIARIOS\03_AUDIOS_RADIO\05 - MAI - 26\13 05 - QUA
MAIO,NJUD N/A,BOLETIM_RADIO_TJRN_13_05_2026_B3_EMPRESA_TRANSPORTE_CONDENADA_QUEDA_IDOSA.mp3,13_05_2026,EMPRESA_TRANSPORTE_CONDENADA_QUEDA_IDOSA,,TJRN,NAO,H:\Meu Drive\RADIO TJRN CONTEÚDO\00_PRODUCAO_2026\01_BOLETINS_DIARIOS\03_AUDIOS_RADIO\05 - MAI - 26\13 05 - QUA
MAIO,NJUD N/A,BOLETIM_RADIO_TJRN_13_05_2026_B3_EMPRESA_TRANSPORTE_CONDENADA_QUEDA_IDOSA_1782542566.mp3,13_05_2026,EMPRESA_TRANSPORTE_CONDENADA_QUEDA_IDOSA_1782542566,,TJRN,NAO,H:\Meu Drive\RADIO TJRN CONTEÚDO\00_PRODUCAO_2026\01_BOLETINS_DIARIOS\03_AUDIOS_RADIO\05 - MAI - 26\13 05 - QUA
MAIO,NJUD N/A,BOLETIM_RADIO_TJRN_13_05_2026_B4_ISENCAO_IPVA_DEFICIENCIA_VISUAL.mp3,13_05_2026,ISENCAO_IPVA_DEFICIENCIA_VISUAL,,TJRN,NAO,H:\Meu Drive\RADIO TJRN CONTEÚDO\00_PRODUCAO_2026\01_BOLETINS_DIARIOS\03_AUDIOS_RADIO\05 - MAI - 26\13 05 - QUA
MAIO,NJUD N/A,BOLETIM_RADIO_TJRN_13_05_2026_B4_ISENCAO_IPVA_DEFICIENCIA_VISUAL_1782542566.mp3,13_05_2026,ISENCAO_IPVA_DEFICIENCIA_VISUAL_1782542566,,TJRN,NAO,H:\Meu Drive\RADIO TJRN CONTEÚDO\00_PRODUCAO_2026\01_BOLETINS_DIARIOS\03_AUDIOS_RADIO\05 - MAI - 26\13 05 - QUA
MAIO,NJUD N/A,BOLETIM_RADIO_TJRN_13_05_2026_B5_SEMANA_ESTADUAL_ADOCAO.mp3,13_05_2026,SEMANA_ESTADUAL_ADOCAO,,TJRN,NAO,H:\Meu Drive\RADIO TJRN CONTEÚDO\00_PRODUCAO_2026\01_BOLETINS_DIARIOS\03_AUDIOS_RADIO\05 - MAI - 26\13 05 - QUA
MAIO,NJUD N/A,BOLETIM_RADIO_TJRN_13_05_2026_B5_SEMANA_ESTADUAL_ADOCAO_1782542566.mp3,13_05_2026,SEMANA_ESTADUAL_ADOCAO_1782542566,,TJRN,NAO,H:\Meu Drive\RADIO TJRN CONTEÚDO\00_PRODUCAO_2026\01_BOLETINS_DIARIOS\03_AUDIOS_RADIO\05 - MAI - 26\13 05 - QUA
MAIO,NJUD N/A,BOLETIM_RADIO_TJRN_13_05_2026_B6_PESQUISA_VIOLENCIA_DOMESTICA_RN.mp3,13_05_2026,PESQUISA_VIOLENCIA_DOMESTICA_RN,,TJRN,NAO,H:\Meu Drive\RADIO TJRN CONTEÚDO\00_PRODUCAO_2026\01_BOLETINS_DIARIOS\03_AUDIOS_RADIO\05 - MAI - 26\13 05 - QUA
MAIO,NJUD N/A,BOLETIM_RADIO_TJRN_13_05_2026_B6_PESQUISA_VIOLENCIA_DOMESTICA_RN_1782542566.mp3,13_05_2026,PESQUISA_VIOLENCIA_DOMESTICA_RN_1782542566,,TJRN,NAO,H:\Meu Drive\RADIO TJRN CONTEÚDO\00_PRODUCAO_2026\01_BOLETINS_DIARIOS\03_AUDIOS_RADIO\05 - MAI - 26\13 05 - QUA
MAIO,NJUD N/A,BOLETIM_RADIO_TJRN_13_05_2026_B7_PROJETO_EXPRESSO_MOSSORO.mp3,13_05_2026,PROJETO_EXPRESSO_MOSSORO,,TJRN,NAO,H:\Meu Drive\RADIO TJRN CONTEÚDO\00_PRODUCAO_2026\01_BOLETINS_DIARIOS\03_AUDIOS_RADIO\05 - MAI - 26\13 05 - QUA
MAIO,NJUD N/A,BOLETIM_RADIO_TJRN_13_05_2026_B7_PROJETO_EXPRESSO_MOSSORO_1782542566.mp3,13_05_2026,PROJETO_EXPRESSO_MOSSORO_1782542566,,TJRN,NAO,H:\Meu Drive\RADIO TJRN CONTEÚDO\00_PRODUCAO_2026\01_BOLETINS_DIARIOS\03_AUDIOS_RADIO\05 - MAI - 26\13 05 - QUA
MAIO,NJUD N/A,BOLETIM_RADIO_TJRN_13_05_2026_B8_ENCONTRO_NACIONAL_PECUNIARIAS.mp3,13_05_2026,ENCONTRO_NACIONAL_PECUNIARIAS,,TJRN,NAO,H:\Meu Drive\RADIO TJRN CONTEÚDO\00_PRODUCAO_2026\01_BOLETINS_DIARIOS\03_AUDIOS_RADIO\05 - MAI - 26\13 05 - QUA
MAIO,NJUD N/A,BOLETIM_RADIO_TJRN_13_05_2026_B8_ENCONTRO_NACIONAL_PECUNIARIAS_1782542566.mp3,13_05_2026,ENCONTRO_NACIONAL_PECUNIARIAS_1782542566,,TJRN,NAO,H:\Meu Drive\RADIO TJRN CONTEÚDO\00_PRODUCAO_2026\01_BOLETINS_DIARIOS\03_AUDIOS_RADIO\05 - MAI - 26\13 05 - QUA
MAIO,NJUD N/A,BOLETIM_RADIO_TJRN_13_05_2026_B9_TJ_ACADEMICO.mp3,13_05_2026,TJ_ACADEMICO,,TJRN,NAO,H:\Meu Drive\RADIO TJRN CONTEÚDO\00_PRODUCAO_2026\01_BOLETINS_DIARIOS\03_AUDIOS_RADIO\05 - MAI - 26\13 05 - QUA
MAIO,NJUD N/A,BOLETIM_RADIO_TJRN_13_05_2026_B9_TJ_ACADEMICO_1782542566.mp3,13_05_2026,TJ_ACADEMICO_1782542566,,TJRN,NAO,H:\Meu Drive\RADIO TJRN CONTEÚDO\00_PRODUCAO_2026\01_BOLETINS_DIARIOS\03_AUDIOS_RADIO\05 - MAI - 26\13 05 - QUA
MAIO,NJUD N/A,BOLETIM_RADIO_TJRN_14_05_2026_B10_TRTRN_RECEBEU_600_MIL_CASOS.mp3,14_05_2026,TRTRN_RECEBEU_600_MIL_CASOS,,TJRN,NAO,H:\Meu Drive\RADIO TJRN CONTEÚDO\00_PRODUCAO_2026\01_BOLETINS_DIARIOS\03_AUDIOS_RADIO\05 - MAI - 26\14 05 - QUI
MAIO,NJUD N/A,BOLETIM_RADIO_TJRN_14_05_2026_B10_TRTRN_RECEBEU_600_MIL_CASOS_1782542566.mp3,14_05_2026,TRTRN_RECEBEU_600_MIL_CASOS_1782542566,,TJRN,NAO,H:\Meu Drive\RADIO TJRN CONTEÚDO\00_PRODUCAO_2026\01_BOLETINS_DIARIOS\03_AUDIOS_RADIO\05 - MAI - 26\14 05 - QUI
MAIO,NJUD N/A,BOLETIM_RADIO_TJRN_14_05_2026_B1_LINHA_TRANSMISSAO_CEARA_MIRIM.mp3,14_05_2026,LINHA_TRANSMISSAO_CEARA_MIRIM,,TJRN,NAO,H:\Meu Drive\RADIO TJRN CONTEÚDO\00_PRODUCAO_2026\01_BOLETINS_DIARIOS\03_AUDIOS_RADIO\05 - MAI - 26\14 05 - QUI
MAIO,NJUD N/A,BOLETIM_RADIO_TJRN_14_05_2026_B1_LINHA_TRANSMISSAO_CEARA_MIRIM_1782542566.mp3,14_05_2026,LINHA_TRANSMISSAO_CEARA_MIRIM_1782542566,,TJRN,NAO,H:\Meu Drive\RADIO TJRN CONTEÚDO\00_PRODUCAO_2026\01_BOLETINS_DIARIOS\03_AUDIOS_RADIO\05 - MAI - 26\14 05 - QUI
MAIO,NJUD N/A,BOLETIM_RADIO_TJRN_14_05_2026_B2_FRAUDE_VENDA_CELULAR.mp3,14_05_2026,FRAUDE_VENDA_CELULAR,,TJRN,NAO,H:\Meu Drive\RADIO TJRN CONTEÚDO\00_PRODUCAO_2026\01_BOLETINS_DIARIOS\03_AUDIOS_RADIO\05 - MAI - 26\14 05 - QUI
MAIO,NJUD N/A,BOLETIM_RADIO_TJRN_14_05_2026_B2_FRAUDE_VENDA_CELULAR_1782542566.mp3,14_05_2026,FRAUDE_VENDA_CELULAR_1782542566,,TJRN,NAO,H:\Meu Drive\RADIO TJRN CONTEÚDO\00_PRODUCAO_2026\01_BOLETINS_DIARIOS\03_AUDIOS_RADIO\05 - MAI - 26\14 05 - QUI
MAIO,NJUD N/A,BOLETIM_RADIO_TJRN_14_05_2026_B3_RESSARCIMENTO_CONSERTO_VEICULO.mp3,14_05_2026,RESSARCIMENTO_CONSERTO_VEICULO,,TJRN,NAO,H:\Meu Drive\RADIO TJRN CONTEÚDO\00_PRODUCAO_2026\01_BOLETINS_DIARIOS\03_AUDIOS_RADIO\05 - MAI - 26\14 05 - QUI
MAIO,NJUD N/A,BOLETIM_RADIO_TJRN_14_05_2026_B3_RESSARCIMENTO_CONSERTO_VEICULO_1782542566.mp3,14_05_2026,RESSARCIMENTO_CONSERTO_VEICULO_1782542566,,TJRN,NAO,H:\Meu Drive\RADIO TJRN CONTEÚDO\00_PRODUCAO_2026\01_BOLETINS_DIARIOS\03_AUDIOS_RADIO\05 - MAI - 26\14 05 - QUI
MAIO,NJUD N/A,BOLETIM_RADIO_TJRN_14_05_2026_B4_MUTIRAO_PROCESSOS_ASSEDIO.mp3,14_05_2026,MUTIRAO_PROCESSOS_ASSEDIO,,TJRN,NAO,H:\Meu Drive\RADIO TJRN CONTEÚDO\00_PRODUCAO_2026\01_BOLETINS_DIARIOS\03_AUDIOS_RADIO\05 - MAI - 26\14 05 - QUI
MAIO,NJUD N/A,BOLETIM_RADIO_TJRN_14_05_2026_B4_MUTIRAO_PROCESSOS_ASSEDIO_1782542566.mp3,14_05_2026,MUTIRAO_PROCESSOS_ASSEDIO_1782542566,,TJRN,NAO,H:\Meu Drive\RADIO TJRN CONTEÚDO\00_PRODUCAO_2026\01_BOLETINS_DIARIOS\03_AUDIOS_RADIO\05 - MAI - 26\14 05 - QUI
MAIO,NJUD N/A,BOLETIM_RADIO_TJRN_14_05_2026_B5_INDENIZACAO_PERDA_VOO.mp3,14_05_2026,INDENIZACAO_PERDA_VOO,,TJRN,NAO,H:\Meu Drive\RADIO TJRN CONTEÚDO\00_PRODUCAO_2026\01_BOLETINS_DIARIOS\03_AUDIOS_RADIO\05 - MAI - 26\14 05 - QUI
MAIO,NJUD N/A,BOLETIM_RADIO_TJRN_14_05_2026_B5_INDENIZACAO_PERDA_VOO_1782542566.mp3,14_05_2026,INDENIZACAO_PERDA_VOO_1782542566,,TJRN,NAO,H:\Meu Drive\RADIO TJRN CONTEÚDO\00_PRODUCAO_2026\01_BOLETINS_DIARIOS\03_AUDIOS_RADIO\05 - MAI - 26\14 05 - QUI
MAIO,NJUD N/A,BOLETIM_RADIO_TJRN_14_05_2026_B6_RESPONSAVEL_INTERINO_MESSIAS_TARGINO.mp3,14_05_2026,RESPONSAVEL_INTERINO_MESSIAS_TARGINO,,TJRN,NAO,H:\Meu Drive\RADIO TJRN CONTEÚDO\00_PRODUCAO_2026\01_BOLETINS_DIARIOS\03_AUDIOS_RADIO\05 - MAI - 26\14 05 - QUI
MAIO,NJUD N/A,BOLETIM_RADIO_TJRN_14_05_2026_B6_RESPONSAVEL_INTERINO_MESSIAS_TARGINO_1782542566.mp3,14_05_2026,RESPONSAVEL_INTERINO_MESSIAS_TARGINO_1782542566,,TJRN,NAO,H:\Meu Drive\RADIO TJRN CONTEÚDO\00_PRODUCAO_2026\01_BOLETINS_DIARIOS\03_AUDIOS_RADIO\05 - MAI - 26\14 05 - QUI
MAIO,NJUD N/A,BOLETIM_RADIO_TJRN_14_05_2026_B7_ESTAGIO_EXECUCAO_TRIBUTARIA.mp3,14_05_2026,ESTAGIO_EXECUCAO_TRIBUTARIA,,TJRN,NAO,H:\Meu Drive\RADIO TJRN CONTEÚDO\00_PRODUCAO_2026\01_BOLETINS_DIARIOS\03_AUDIOS_RADIO\05 - MAI - 26\14 05 - QUI
MAIO,NJUD N/A,BOLETIM_RADIO_TJRN_14_05_2026_B7_ESTAGIO_EXECUCAO_TRIBUTARIA_1782542566.mp3,14_05_2026,ESTAGIO_EXECUCAO_TRIBUTARIA_1782542566,,TJRN,NAO,H:\Meu Drive\RADIO TJRN CONTEÚDO\00_PRODUCAO_2026\01_BOLETINS_DIARIOS\03_AUDIOS_RADIO\05 - MAI - 26\14 05 - QUI
MAIO,NJUD N/A,BOLETIM_RADIO_TJRN_14_05_2026_B8_MPRN_MUDANCAS_CONCURSO_EXTREMOZ.mp3,14_05_2026,MPRN_MUDANCAS_CONCURSO_EXTREMOZ,,TJRN,NAO,H:\Meu Drive\RADIO TJRN CONTEÚDO\00_PRODUCAO_2026\01_BOLETINS_DIARIOS\03_AUDIOS_RADIO\05 - MAI - 26\14 05 - QUI
MAIO,NJUD N/A,BOLETIM_RADIO_TJRN_14_05_2026_B8_MPRN_MUDANCAS_CONCURSO_EXTREMOZ_1782542566.mp3,14_05_2026,MPRN_MUDANCAS_CONCURSO_EXTREMOZ_1782542566,,TJRN,NAO,H:\Meu Drive\RADIO TJRN CONTEÚDO\00_PRODUCAO_2026\01_BOLETINS_DIARIOS\03_AUDIOS_RADIO\05 - MAI - 26\14 05 - QUI
MAIO,NJUD N/A,BOLETIM_RADIO_TJRN_14_05_2026_B9_ACORDO_DADOS_CRIMINAIS.mp3,14_05_2026,ACORDO_DADOS_CRIMINAIS,,TJRN,NAO,H:\Meu Drive\RADIO TJRN CONTEÚDO\00_PRODUCAO_2026\01_BOLETINS_DIARIOS\03_AUDIOS_RADIO\05 - MAI - 26\14 05 - QUI
MAIO,NJUD N/A,BOLETIM_RADIO_TJRN_14_05_2026_B9_ACORDO_DADOS_CRIMINAIS_1782542566.mp3,14_05_2026,ACORDO_DADOS_CRIMINAIS_1782542566,,TJRN,NAO,H:\Meu Drive\RADIO TJRN CONTEÚDO\00_PRODUCAO_2026\01_BOLETINS_DIARIOS\03_AUDIOS_RADIO\05 - MAI - 26\14 05 - QUI
MAIO,NJUD N/A,BOLETIM_RADIO_TJRN_15_05_2026_B10_TRT_SEMANA_COMBATE_ASSEDIO.mp3,15_05_2026,TRT_SEMANA_COMBATE_ASSEDIO,,TJRN,NAO,H:\Meu Drive\RADIO TJRN CONTEÚDO\00_PRODUCAO_2026\01_BOLETINS_DIARIOS\03_AUDIOS_RADIO\05 - MAI - 26\15 05 - SEX
MAIO,NJUD N/A,BOLETIM_RADIO_TJRN_15_05_2026_B10_TRT_SEMANA_COMBATE_ASSEDIO_1782542566.mp3,15_05_2026,TRT_SEMANA_COMBATE_ASSEDIO_1782542566,,TJRN,NAO,H:\Meu Drive\RADIO TJRN CONTEÚDO\00_PRODUCAO_2026\01_BOLETINS_DIARIOS\03_AUDIOS_RADIO\05 - MAI - 26\15 05 - SEX
MAIO,NJUD N/A,BOLETIM_RADIO_TJRN_15_05_2026_B1_FALHA_PROCEDIMENTO_MEDICO.mp3,15_05_2026,FALHA_PROCEDIMENTO_MEDICO,,TJRN,NAO,H:\Meu Drive\RADIO TJRN CONTEÚDO\00_PRODUCAO_2026\01_BOLETINS_DIARIOS\03_AUDIOS_RADIO\05 - MAI - 26\15 05 - SEX
MAIO,NJUD N/A,BOLETIM_RADIO_TJRN_15_05_2026_B1_FALHA_PROCEDIMENTO_MEDICO_1782542566.mp3,15_05_2026,FALHA_PROCEDIMENTO_MEDICO_1782542566,,TJRN,NAO,H:\Meu Drive\RADIO TJRN CONTEÚDO\00_PRODUCAO_2026\01_BOLETINS_DIARIOS\03_AUDIOS_RADIO\05 - MAI - 26\15 05 - SEX
MAIO,NJUD N/A,BOLETIM_RADIO_TJRN_15_05_2026_B2_CANDIDATO_APTO_HETEROIDENTIFICACAO.mp3,15_05_2026,CANDIDATO_APTO_HETEROIDENTIFICACAO,,TJRN,NAO,H:\Meu Drive\RADIO TJRN CONTEÚDO\00_PRODUCAO_2026\01_BOLETINS_DIARIOS\03_AUDIOS_RADIO\05 - MAI - 26\15 05 - SEX
MAIO,NJUD N/A,BOLETIM_RADIO_TJRN_15_05_2026_B2_CANDIDATO_APTO_HETEROIDENTIFICACAO_1782542566.mp3,15_05_2026,CANDIDATO_APTO_HETEROIDENTIFICACAO_1782542566,,TJRN,NAO,H:\Meu Drive\RADIO TJRN CONTEÚDO\00_PRODUCAO_2026\01_BOLETINS_DIARIOS\03_AUDIOS_RADIO\05 - MAI - 26\15 05 - SEX
MAIO,NJUD N/A,BOLETIM_RADIO_TJRN_15_05_2026_B3_GOLPE_VAZAMENTO_DADOS.mp3,15_05_2026,GOLPE_VAZAMENTO_DADOS,,TJRN,NAO,H:\Meu Drive\RADIO TJRN CONTEÚDO\00_PRODUCAO_2026\01_BOLETINS_DIARIOS\03_AUDIOS_RADIO\05 - MAI - 26\15 05 - SEX
MAIO,NJUD N/A,BOLETIM_RADIO_TJRN_15_05_2026_B3_GOLPE_VAZAMENTO_DADOS_1782542566.mp3,15_05_2026,GOLPE_VAZAMENTO_DADOS_1782542566,,TJRN,NAO,H:\Meu Drive\RADIO TJRN CONTEÚDO\00_PRODUCAO_2026\01_BOLETINS_DIARIOS\03_AUDIOS_RADIO\05 - MAI - 26\15 05 - SEX
MAIO,NJUD N/A,BOLETIM_RADIO_TJRN_15_05_2026_B4_NOVA_VERSAO_NUPERJ.mp3,15_05_2026,NOVA_VERSAO_NUPERJ,,TJRN,NAO,H:\Meu Drive\RADIO TJRN CONTEÚDO\00_PRODUCAO_2026\01_BOLETINS_DIARIOS\03_AUDIOS_RADIO\05 - MAI - 26\15 05 - SEX
MAIO,NJUD N/A,BOLETIM_RADIO_TJRN_15_05_2026_B4_NOVA_VERSAO_NUPERJ_1782542566.mp3,15_05_2026,NOVA_VERSAO_NUPERJ_1782542566,,TJRN,NAO,H:\Meu Drive\RADIO TJRN CONTEÚDO\00_PRODUCAO_2026\01_BOLETINS_DIARIOS\03_AUDIOS_RADIO\05 - MAI - 26\15 05 - SEX
MAIO,NJUD N/A,BOLETIM_RADIO_TJRN_15_05_2026_B5_AUDIENCIA_MEDIACAO_EXTREMOZ.mp3,15_05_2026,AUDIENCIA_MEDIACAO_EXTREMOZ,,TJRN,NAO,H:\Meu Drive\RADIO TJRN CONTEÚDO\00_PRODUCAO_2026\01_BOLETINS_DIARIOS\03_AUDIOS_RADIO\05 - MAI - 26\15 05 - SEX
MAIO,NJUD N/A,BOLETIM_RADIO_TJRN_15_05_2026_B5_AUDIENCIA_MEDIACAO_EXTREMOZ_1782542566.mp3,15_05_2026,AUDIENCIA_MEDIACAO_EXTREMOZ_1782542566,,TJRN,NAO,H:\Meu Drive\RADIO TJRN CONTEÚDO\00_PRODUCAO_2026\01_BOLETINS_DIARIOS\03_AUDIOS_RADIO\05 - MAI - 26\15 05 - SEX
MAIO,NJUD N/A,BOLETIM_RADIO_TJRN_15_05_2026_B6_RESULTADO_HETEROIDENTIFICACAO_ENAC.mp3,15_05_2026,RESULTADO_HETEROIDENTIFICACAO_ENAC,,TJRN,NAO,H:\Meu Drive\RADIO TJRN CONTEÚDO\00_PRODUCAO_2026\01_BOLETINS_DIARIOS\03_AUDIOS_RADIO\05 - MAI - 26\15 05 - SEX
MAIO,NJUD N/A,BOLETIM_RADIO_TJRN_15_05_2026_B6_RESULTADO_HETEROIDENTIFICACAO_ENAC_1782542566.mp3,15_05_2026,RESULTADO_HETEROIDENTIFICACAO_ENAC_1782542566,,TJRN,NAO,H:\Meu Drive\RADIO TJRN CONTEÚDO\00_PRODUCAO_2026\01_BOLETINS_DIARIOS\03_AUDIOS_RADIO\05 - MAI - 26\15 05 - SEX
MAIO,NJUD N/A,BOLETIM_RADIO_TJRN_15_05_2026_B7_MPRN_COMBATE_VIOLENCIA_SEXUAL_INAFNTIL.mp3,15_05_2026,MPRN_COMBATE_VIOLENCIA_SEXUAL_INAFNTIL,,TJRN,NAO,H:\Meu Drive\RADIO TJRN CONTEÚDO\00_PRODUCAO_2026\01_BOLETINS_DIARIOS\03_AUDIOS_RADIO\05 - MAI - 26\15 05 - SEX
MAIO,NJUD N/A,BOLETIM_RADIO_TJRN_15_05_2026_B7_MPRN_COMBATE_VIOLENCIA_SEXUAL_INAFNTIL_1782542566.mp3,15_05_2026,MPRN_COMBATE_VIOLENCIA_SEXUAL_INAFNTIL_1782542566,,TJRN,NAO,H:\Meu Drive\RADIO TJRN CONTEÚDO\00_PRODUCAO_2026\01_BOLETINS_DIARIOS\03_AUDIOS_RADIO\05 - MAI - 26\15 05 - SEX
MAIO,NJUD N/A,BOLETIM_RADIO_TJRN_15_05_2026_B8_MPRN_GESTORES_SAUDE_PUBLICA.mp3,15_05_2026,MPRN_GESTORES_SAUDE_PUBLICA,,TJRN,NAO,H:\Meu Drive\RADIO TJRN CONTEÚDO\00_PRODUCAO_2026\01_BOLETINS_DIARIOS\03_AUDIOS_RADIO\05 - MAI - 26\15 05 - SEX
MAIO,NJUD N/A,BOLETIM_RADIO_TJRN_15_05_2026_B8_MPRN_GESTORES_SAUDE_PUBLICA_1782542566.mp3,15_05_2026,MPRN_GESTORES_SAUDE_PUBLICA_1782542566,,TJRN,NAO,H:\Meu Drive\RADIO TJRN CONTEÚDO\00_PRODUCAO_2026\01_BOLETINS_DIARIOS\03_AUDIOS_RADIO\05 - MAI - 26\15 05 - SEX
MAIO,NJUD N/A,BOLETIM_RADIO_TJRN_15_05_2026_B9_TRT_DENUNCIAS_ASSEDIO_MORAL.mp3,15_05_2026,TRT_DENUNCIAS_ASSEDIO_MORAL,,TJRN,NAO,H:\Meu Drive\RADIO TJRN CONTEÚDO\00_PRODUCAO_2026\01_BOLETINS_DIARIOS\03_AUDIOS_RADIO\05 - MAI - 26\15 05 - SEX
MAIO,NJUD N/A,BOLETIM_RADIO_TJRN_15_05_2026_B9_TRT_DENUNCIAS_ASSEDIO_MORAL_1782542566.mp3,15_05_2026,TRT_DENUNCIAS_ASSEDIO_MORAL_1782542566,,TJRN,NAO,H:\Meu Drive\RADIO TJRN CONTEÚDO\00_PRODUCAO_2026\01_BOLETINS_DIARIOS\03_AUDIOS_RADIO\05 - MAI - 26\15 05 - SEX
MAIO,NJUD N/A,BOLETIM_RADIO_TJRN_18_05_2026_B10_DPERN_PROCESSO_SELETIVO_EXTREMOZ.mp3,18_05_2026,DPERN_PROCESSO_SELETIVO_EXTREMOZ,,TJRN,NAO,H:\Meu Drive\RADIO TJRN CONTEÚDO\00_PRODUCAO_2026\01_BOLETINS_DIARIOS\03_AUDIOS_RADIO\05 - MAI - 26\18 05 - SEG
MAIO,NJUD N/A,BOLETIM_RADIO_TJRN_18_05_2026_B10_DPERN_PROCESSO_SELETIVO_EXTREMOZ_1782542566.mp3,18_05_2026,DPERN_PROCESSO_SELETIVO_EXTREMOZ_1782542566,,TJRN,NAO,H:\Meu Drive\RADIO TJRN CONTEÚDO\00_PRODUCAO_2026\01_BOLETINS_DIARIOS\03_AUDIOS_RADIO\05 - MAI - 26\18 05 - SEG
MAIO,NJUD N/A,BOLETIM_RADIO_TJRN_18_05_2026_B1_OBRIGATORIEDADE_AUTENTICACAO_MULTIFATOR.mp3,18_05_2026,OBRIGATORIEDADE_AUTENTICACAO_MULTIFATOR,,TJRN,NAO,H:\Meu Drive\RADIO TJRN CONTEÚDO\00_PRODUCAO_2026\01_BOLETINS_DIARIOS\03_AUDIOS_RADIO\05 - MAI - 26\18 05 - SEG
MAIO,NJUD N/A,BOLETIM_RADIO_TJRN_18_05_2026_B1_OBRIGATORIEDADE_AUTENTICACAO_MULTIFATOR_1782542566.mp3,18_05_2026,OBRIGATORIEDADE_AUTENTICACAO_MULTIFATOR_1782542566,,TJRN,NAO,H:\Meu Drive\RADIO TJRN CONTEÚDO\00_PRODUCAO_2026\01_BOLETINS_DIARIOS\03_AUDIOS_RADIO\05 - MAI - 26\18 05 - SEG
MAIO,NJUD N/A,BOLETIM_RADIO_TJRN_18_05_2026_B2_MEMBRO_SUPLENTE_JURISTA.mp3,18_05_2026,MEMBRO_SUPLENTE_JURISTA,,TJRN,NAO,H:\Meu Drive\RADIO TJRN CONTEÚDO\00_PRODUCAO_2026\01_BOLETINS_DIARIOS\03_AUDIOS_RADIO\05 - MAI - 26\18 05 - SEG
MAIO,NJUD N/A,BOLETIM_RADIO_TJRN_18_05_2026_B2_MEMBRO_SUPLENTE_JURISTA_1782542566.mp3,18_05_2026,MEMBRO_SUPLENTE_JURISTA_1782542566,,TJRN,NAO,H:\Meu Drive\RADIO TJRN CONTEÚDO\00_PRODUCAO_2026\01_BOLETINS_DIARIOS\03_AUDIOS_RADIO\05 - MAI - 26\18 05 - SEG
MAIO,NJUD N/A,BOLETIM_RADIO_TJRN_18_05_2026_B3_CONDENACAO_COMPANHIA_AEREA_ATRASO.mp3,18_05_2026,CONDENACAO_COMPANHIA_AEREA_ATRASO,,TJRN,NAO,H:\Meu Drive\RADIO TJRN CONTEÚDO\00_PRODUCAO_2026\01_BOLETINS_DIARIOS\03_AUDIOS_RADIO\05 - MAI - 26\18 05 - SEG
MAIO,NJUD N/A,BOLETIM_RADIO_TJRN_18_05_2026_B3_CONDENACAO_COMPANHIA_AEREA_ATRASO_1782542566.mp3,18_05_2026,CONDENACAO_COMPANHIA_AEREA_ATRASO_1782542566,,TJRN,NAO,H:\Meu Drive\RADIO TJRN CONTEÚDO\00_PRODUCAO_2026\01_BOLETINS_DIARIOS\03_AUDIOS_RADIO\05 - MAI - 26\18 05 - SEG
MAIO,NJUD N/A,BOLETIM_RADIO_TJRN_18_05_2026_B4_INDENIZACAO_FURTO_MOTOCICLETA.mp3,18_05_2026,INDENIZACAO_FURTO_MOTOCICLETA,,TJRN,NAO,H:\Meu Drive\RADIO TJRN CONTEÚDO\00_PRODUCAO_2026\01_BOLETINS_DIARIOS\03_AUDIOS_RADIO\05 - MAI - 26\18 05 - SEG
MAIO,NJUD N/A,BOLETIM_RADIO_TJRN_18_05_2026_B4_INDENIZACAO_FURTO_MOTOCICLETA_1782542566.mp3,18_05_2026,INDENIZACAO_FURTO_MOTOCICLETA_1782542566,,TJRN,NAO,H:\Meu Drive\RADIO TJRN CONTEÚDO\00_PRODUCAO_2026\01_BOLETINS_DIARIOS\03_AUDIOS_RADIO\05 - MAI - 26\18 05 - SEG
MAIO,NJUD N/A,BOLETIM_RADIO_TJRN_18_05_2026_B5_CUSTEIO_CIRURGIA_PROTESE_MAMARIA.mp3,18_05_2026,CUSTEIO_CIRURGIA_PROTESE_MAMARIA,,TJRN,NAO,H:\Meu Drive\RADIO TJRN CONTEÚDO\00_PRODUCAO_2026\01_BOLETINS_DIARIOS\03_AUDIOS_RADIO\05 - MAI - 26\18 05 - SEG
MAIO,NJUD N/A,BOLETIM_RADIO_TJRN_18_05_2026_B5_CUSTEIO_CIRURGIA_PROTESE_MAMARIA_1782542566.mp3,18_05_2026,CUSTEIO_CIRURGIA_PROTESE_MAMARIA_1782542566,,TJRN,NAO,H:\Meu Drive\RADIO TJRN CONTEÚDO\00_PRODUCAO_2026\01_BOLETINS_DIARIOS\03_AUDIOS_RADIO\05 - MAI - 26\18 05 - SEG
MAIO,NJUD N/A,BOLETIM_RADIO_TJRN_18_05_2026_B6_FALHA_COBERTURA_OFTALMOLOGICA.mp3,18_05_2026,FALHA_COBERTURA_OFTALMOLOGICA,,TJRN,NAO,H:\Meu Drive\RADIO TJRN CONTEÚDO\00_PRODUCAO_2026\01_BOLETINS_DIARIOS\03_AUDIOS_RADIO\05 - MAI - 26\18 05 - SEG
MAIO,NJUD N/A,BOLETIM_RADIO_TJRN_18_05_2026_B6_FALHA_COBERTURA_OFTALMOLOGICA_1782542566.mp3,18_05_2026,FALHA_COBERTURA_OFTALMOLOGICA_1782542566,,TJRN,NAO,H:\Meu Drive\RADIO TJRN CONTEÚDO\00_PRODUCAO_2026\01_BOLETINS_DIARIOS\03_AUDIOS_RADIO\05 - MAI - 26\18 05 - SEG
MAIO,NJUD N/A,BOLETIM_RADIO_TJRN_18_05_2026_B7_ALUNO_AGREDIDO_INDENIZACAO.mp3,18_05_2026,ALUNO_AGREDIDO_INDENIZACAO,,TJRN,NAO,H:\Meu Drive\RADIO TJRN CONTEÚDO\00_PRODUCAO_2026\01_BOLETINS_DIARIOS\03_AUDIOS_RADIO\05 - MAI - 26\18 05 - SEG
MAIO,NJUD N/A,BOLETIM_RADIO_TJRN_18_05_2026_B7_ALUNO_AGREDIDO_INDENIZACAO_1782542566.mp3,18_05_2026,ALUNO_AGREDIDO_INDENIZACAO_1782542566,,TJRN,NAO,H:\Meu Drive\RADIO TJRN CONTEÚDO\00_PRODUCAO_2026\01_BOLETINS_DIARIOS\03_AUDIOS_RADIO\05 - MAI - 26\18 05 - SEG
MAIO,NJUD N/A,BOLETIM_RADIO_TJRN_18_05_2026_B8_MODERNIZACAO_REDE_CORPORATIVA.mp3,18_05_2026,MODERNIZACAO_REDE_CORPORATIVA,,TJRN,NAO,H:\Meu Drive\RADIO TJRN CONTEÚDO\00_PRODUCAO_2026\01_BOLETINS_DIARIOS\03_AUDIOS_RADIO\05 - MAI - 26\18 05 - SEG
MAIO,NJUD N/A,BOLETIM_RADIO_TJRN_18_05_2026_B8_MODERNIZACAO_REDE_CORPORATIVA_1782542566.mp3,18_05_2026,MODERNIZACAO_REDE_CORPORATIVA_1782542566,,TJRN,NAO,H:\Meu Drive\RADIO TJRN CONTEÚDO\00_PRODUCAO_2026\01_BOLETINS_DIARIOS\03_AUDIOS_RADIO\05 - MAI - 26\18 05 - SEG
MAIO,NJUD N/A,BOLETIM_RADIO_TJRN_18_05_2026_B9_TRERN_ELEICOES_PREFEITOS.mp3,18_05_2026,TRERN_ELEICOES_PREFEITOS,,TJRN,NAO,H:\Meu Drive\RADIO TJRN CONTEÚDO\00_PRODUCAO_2026\01_BOLETINS_DIARIOS\03_AUDIOS_RADIO\05 - MAI - 26\18 05 - SEG
MAIO,NJUD N/A,BOLETIM_RADIO_TJRN_18_05_2026_B9_TRERN_ELEICOES_PREFEITOS_1782542566.mp3,18_05_2026,TRERN_ELEICOES_PREFEITOS_1782542566,,TJRN,NAO,H:\Meu Drive\RADIO TJRN CONTEÚDO\00_PRODUCAO_2026\01_BOLETINS_DIARIOS\03_AUDIOS_RADIO\05 - MAI - 26\18 05 - SEG
MAIO,NJUD N/A,BOLETIM_RADIO_TJRN_19_05_2026_B10_TJRN_PROJETO_GERENCIAMENTO_EVIDENCIA_DIGITAIS_.mp3,19_05_2026,TJRN_PROJETO_GERENCIAMENTO_EVIDENCIA_DIGITAIS,,TJRN,NAO,H:\Meu Drive\RADIO TJRN CONTEÚDO\00_PRODUCAO_2026\01_BOLETINS_DIARIOS\03_AUDIOS_RADIO\05 - MAI - 26\19 05 - TER
MAIO,NJUD N/A,BOLETIM_RADIO_TJRN_19_05_2026_B10_TJRN_PROJETO_GERENCIAMENTO_EVIDENCIA_DIGITAIS__1782542567.mp3,19_05_2026,TJRN_PROJETO_GERENCIAMENTO_EVIDENCIA_DIGITAIS__1782542567,,TJRN,NAO,H:\Meu Drive\RADIO TJRN CONTEÚDO\00_PRODUCAO_2026\01_BOLETINS_DIARIOS\03_AUDIOS_RADIO\05 - MAI - 26\19 05 - TER
MAIO,NJUD N/A,BOLETIM_RADIO_TJRN_19_05_2026_B1_TJRN_COMISSAO_RESULTADO_FINAL_ENAM_.mp3,19_05_2026,TJRN_COMISSAO_RESULTADO_FINAL_ENAM,,TJRN,NAO,H:\Meu Drive\RADIO TJRN CONTEÚDO\00_PRODUCAO_2026\01_BOLETINS_DIARIOS\03_AUDIOS_RADIO\05 - MAI - 26\19 05 - TER
MAIO,NJUD N/A,BOLETIM_RADIO_TJRN_19_05_2026_B1_TJRN_COMISSAO_RESULTADO_FINAL_ENAM__1782542567.mp3,19_05_2026,TJRN_COMISSAO_RESULTADO_FINAL_ENAM__1782542567,,TJRN,NAO,H:\Meu Drive\RADIO TJRN CONTEÚDO\00_PRODUCAO_2026\01_BOLETINS_DIARIOS\03_AUDIOS_RADIO\05 - MAI - 26\19 05 - TER
MAIO,NJUD N/A,BOLETIM_RADIO_TJRN_19_05_2026_B2_TJRN_ETAPA_PRESENCIAL_HETEROIDENTIFICACAO_.mp3,19_05_2026,TJRN_ETAPA_PRESENCIAL_HETEROIDENTIFICACAO,,TJRN,NAO,H:\Meu Drive\RADIO TJRN CONTEÚDO\00_PRODUCAO_2026\01_BOLETINS_DIARIOS\03_AUDIOS_RADIO\05 - MAI - 26\19 05 - TER
MAIO,NJUD N/A,BOLETIM_RADIO_TJRN_19_05_2026_B2_TJRN_ETAPA_PRESENCIAL_HETEROIDENTIFICACAO__1782542567.mp3,19_05_2026,TJRN_ETAPA_PRESENCIAL_HETEROIDENTIFICACAO__1782542567,,TJRN,NAO,H:\Meu Drive\RADIO TJRN CONTEÚDO\00_PRODUCAO_2026\01_BOLETINS_DIARIOS\03_AUDIOS_RADIO\05 - MAI - 26\19 05 - TER
MAIO,NJUD N/A,BOLETIM_RADIO_TJRN_19_05_2026_B3_TJRN_JUSTICRN.mp3,19_05_2026,TJRN_JUSTICRN,,TJRN,NAO,H:\Meu Drive\RADIO TJRN CONTEÚDO\00_PRODUCAO_2026\01_BOLETINS_DIARIOS\03_AUDIOS_RADIO\05 - MAI - 26\19 05 - TER
MAIO,NJUD N/A,BOLETIM_RADIO_TJRN_19_05_2026_B3_TJRN_JUSTICRN_1782542567.mp3,19_05_2026,TJRN_JUSTICRN_1782542567,,TJRN,NAO,H:\Meu Drive\RADIO TJRN CONTEÚDO\00_PRODUCAO_2026\01_BOLETINS_DIARIOS\03_AUDIOS_RADIO\05 - MAI - 26\19 05 - TER
MAIO,NJUD N/A,BOLETIM_RADIO_TJRN_19_05_2026_B4_TJRN_NEGA_ACAO_POPULAR_VEREADOR_.mp3,19_05_2026,TJRN_NEGA_ACAO_POPULAR_VEREADOR,,TJRN,NAO,H:\Meu Drive\RADIO TJRN CONTEÚDO\00_PRODUCAO_2026\01_BOLETINS_DIARIOS\03_AUDIOS_RADIO\05 - MAI - 26\19 05 - TER
MAIO,NJUD N/A,BOLETIM_RADIO_TJRN_19_05_2026_B4_TJRN_NEGA_ACAO_POPULAR_VEREADOR__1782542567.mp3,19_05_2026,TJRN_NEGA_ACAO_POPULAR_VEREADOR__1782542567,,TJRN,NAO,H:\Meu Drive\RADIO TJRN CONTEÚDO\00_PRODUCAO_2026\01_BOLETINS_DIARIOS\03_AUDIOS_RADIO\05 - MAI - 26\19 05 - TER
MAIO,NJUD N/A,BOLETIM_RADIO_TJRN_19_05_2026_B5_TJRN_RECONHECE_FALHA_REDE_SOCIAL_.mp3,19_05_2026,TJRN_RECONHECE_FALHA_REDE_SOCIAL,,TJRN,NAO,H:\Meu Drive\RADIO TJRN CONTEÚDO\00_PRODUCAO_2026\01_BOLETINS_DIARIOS\03_AUDIOS_RADIO\05 - MAI - 26\19 05 - TER
MAIO,NJUD N/A,BOLETIM_RADIO_TJRN_19_05_2026_B5_TJRN_RECONHECE_FALHA_REDE_SOCIAL__1782542567.mp3,19_05_2026,TJRN_RECONHECE_FALHA_REDE_SOCIAL__1782542567,,TJRN,NAO,H:\Meu Drive\RADIO TJRN CONTEÚDO\00_PRODUCAO_2026\01_BOLETINS_DIARIOS\03_AUDIOS_RADIO\05 - MAI - 26\19 05 - TER
MAIO,NJUD N/A,BOLETIM_RADIO_TJRN_19_05_2026_B6_TJRN_MANTIDO_JURI_ACUSADO_HOMICIDIO_.mp3,19_05_2026,TJRN_MANTIDO_JURI_ACUSADO_HOMICIDIO,,TJRN,NAO,H:\Meu Drive\RADIO TJRN CONTEÚDO\00_PRODUCAO_2026\01_BOLETINS_DIARIOS\03_AUDIOS_RADIO\05 - MAI - 26\19 05 - TER
MAIO,NJUD N/A,BOLETIM_RADIO_TJRN_19_05_2026_B6_TJRN_MANTIDO_JURI_ACUSADO_HOMICIDIO__1782542567.mp3,19_05_2026,TJRN_MANTIDO_JURI_ACUSADO_HOMICIDIO__1782542567,,TJRN,NAO,H:\Meu Drive\RADIO TJRN CONTEÚDO\00_PRODUCAO_2026\01_BOLETINS_DIARIOS\03_AUDIOS_RADIO\05 - MAI - 26\19 05 - TER
MAIO,NJUD N/A,BOLETIM_RADIO_TJRN_19_05_2026_B7_TJRN_JULGADO_RECURSO_ACUSADO_ESTELIONATO_.mp3,19_05_2026,TJRN_JULGADO_RECURSO_ACUSADO_ESTELIONATO,,TJRN,NAO,H:\Meu Drive\RADIO TJRN CONTEÚDO\00_PRODUCAO_2026\01_BOLETINS_DIARIOS\03_AUDIOS_RADIO\05 - MAI - 26\19 05 - TER
MAIO,NJUD N/A,BOLETIM_RADIO_TJRN_19_05_2026_B7_TJRN_JULGADO_RECURSO_ACUSADO_ESTELIONATO__1782542567.mp3,19_05_2026,TJRN_JULGADO_RECURSO_ACUSADO_ESTELIONATO__1782542567,,TJRN,NAO,H:\Meu Drive\RADIO TJRN CONTEÚDO\00_PRODUCAO_2026\01_BOLETINS_DIARIOS\03_AUDIOS_RADIO\05 - MAI - 26\19 05 - TER
MAIO,NJUD N/A,BOLETIM_RADIO_TJRN_19_05_2026_B8_TJRN_IDOSO_INDENIZADO_DISPOSITIVO_COM_DEFEITO_.mp3,19_05_2026,TJRN_IDOSO_INDENIZADO_DISPOSITIVO_COM_DEFEITO,,TJRN,NAO,H:\Meu Drive\RADIO TJRN CONTEÚDO\00_PRODUCAO_2026\01_BOLETINS_DIARIOS\03_AUDIOS_RADIO\05 - MAI - 26\19 05 - TER
MAIO,NJUD N/A,BOLETIM_RADIO_TJRN_19_05_2026_B8_TJRN_IDOSO_INDENIZADO_DISPOSITIVO_COM_DEFEITO__1782542567.mp3,19_05_2026,TJRN_IDOSO_INDENIZADO_DISPOSITIVO_COM_DEFEITO__1782542567,,TJRN,NAO,H:\Meu Drive\RADIO TJRN CONTEÚDO\00_PRODUCAO_2026\01_BOLETINS_DIARIOS\03_AUDIOS_RADIO\05 - MAI - 26\19 05 - TER
MAIO,NJUD N/A,BOLETIM_RADIO_TJRN_19_05_2026_B9_TJRN_VARA_CIVEL_PARNAMIRIM_SELECAO_.mp3,19_05_2026,TJRN_VARA_CIVEL_PARNAMIRIM_SELECAO,,TJRN,NAO,H:\Meu Drive\RADIO TJRN CONTEÚDO\00_PRODUCAO_2026\01_BOLETINS_DIARIOS\03_AUDIOS_RADIO\05 - MAI - 26\19 05 - TER
MAIO,NJUD N/A,BOLETIM_RADIO_TJRN_19_05_2026_B9_TJRN_VARA_CIVEL_PARNAMIRIM_SELECAO__1782542567.mp3,19_05_2026,TJRN_VARA_CIVEL_PARNAMIRIM_SELECAO__1782542567,,TJRN,NAO,H:\Meu Drive\RADIO TJRN CONTEÚDO\00_PRODUCAO_2026\01_BOLETINS_DIARIOS\03_AUDIOS_RADIO\05 - MAI - 26\19 05 - TER
MAIO,NJUD N/A,BOLETIM_RADIO_TJRN_20_05_2026_B10_ESMARN_CAPACITACAO_GESTAO_RISCO.mp3,20_05_2026,ESMARN_CAPACITACAO_GESTAO_RISCO,,TJRN,NAO,H:\Meu Drive\RADIO TJRN CONTEÚDO\00_PRODUCAO_2026\01_BOLETINS_DIARIOS\03_AUDIOS_RADIO\05 - MAI - 26\20 05 - QUA
MAIO,NJUD N/A,BOLETIM_RADIO_TJRN_20_05_2026_B10_ESMARN_CAPACITACAO_GESTAO_RISCO_1782542567.mp3,20_05_2026,ESMARN_CAPACITACAO_GESTAO_RISCO_1782542567,,TJRN,NAO,H:\Meu Drive\RADIO TJRN CONTEÚDO\00_PRODUCAO_2026\01_BOLETINS_DIARIOS\03_AUDIOS_RADIO\05 - MAI - 26\20 05 - QUA
MAIO,NJUD N/A,BOLETIM_RADIO_TJRN_20_05_2026_B10_ESMARN_CAPACITACAO_GESTAO_RISCO_RESTORED.mp3,20_05_2026,ESMARN_CAPACITACAO_GESTAO_RISCO_RESTORED,,TJRN,NAO,H:\Meu Drive\RADIO TJRN CONTEÚDO\00_PRODUCAO_2026\01_BOLETINS_DIARIOS\03_AUDIOS_RADIO\05 - MAI - 26\20 05 - QUA
MAIO,NJUD N/A,BOLETIM_RADIO_TJRN_20_05_2026_B1_ABERTURA_SEMANA_ESTADUAL_ADOCAO.mp3,20_05_2026,ABERTURA_SEMANA_ESTADUAL_ADOCAO,,TJRN,NAO,H:\Meu Drive\RADIO TJRN CONTEÚDO\00_PRODUCAO_2026\01_BOLETINS_DIARIOS\03_AUDIOS_RADIO\05 - MAI - 26\20 05 - QUA
MAIO,NJUD N/A,BOLETIM_RADIO_TJRN_20_05_2026_B1_ABERTURA_SEMANA_ESTADUAL_ADOCAO_1782542567.mp3,20_05_2026,ABERTURA_SEMANA_ESTADUAL_ADOCAO_1782542567,,TJRN,NAO,H:\Meu Drive\RADIO TJRN CONTEÚDO\00_PRODUCAO_2026\01_BOLETINS_DIARIOS\03_AUDIOS_RADIO\05 - MAI - 26\20 05 - QUA
MAIO,NJUD N/A,BOLETIM_RADIO_TJRN_20_05_2026_B2_INDENIZACAO_GELADEIRA_DEFEITUOSA.mp3,20_05_2026,INDENIZACAO_GELADEIRA_DEFEITUOSA,,TJRN,NAO,H:\Meu Drive\RADIO TJRN CONTEÚDO\00_PRODUCAO_2026\01_BOLETINS_DIARIOS\03_AUDIOS_RADIO\05 - MAI - 26\20 05 - QUA
MAIO,NJUD N/A,BOLETIM_RADIO_TJRN_20_05_2026_B2_INDENIZACAO_GELADEIRA_DEFEITUOSA_1782542567.mp3,20_05_2026,INDENIZACAO_GELADEIRA_DEFEITUOSA_1782542567,,TJRN,NAO,H:\Meu Drive\RADIO TJRN CONTEÚDO\00_PRODUCAO_2026\01_BOLETINS_DIARIOS\03_AUDIOS_RADIO\05 - MAI - 26\20 05 - QUA
MAIO,NJUD N/A,BOLETIM_RADIO_TJRN_20_05_2026_B3_MEDICAMENTO_DOMICILIAR_PLANO_SAUDE.mp3,20_05_2026,MEDICAMENTO_DOMICILIAR_PLANO_SAUDE,,TJRN,NAO,H:\Meu Drive\RADIO TJRN CONTEÚDO\00_PRODUCAO_2026\01_BOLETINS_DIARIOS\03_AUDIOS_RADIO\05 - MAI - 26\20 05 - QUA
MAIO,NJUD N/A,BOLETIM_RADIO_TJRN_20_05_2026_B3_MEDICAMENTO_DOMICILIAR_PLANO_SAUDE_1782542567.mp3,20_05_2026,MEDICAMENTO_DOMICILIAR_PLANO_SAUDE_1782542567,,TJRN,NAO,H:\Meu Drive\RADIO TJRN CONTEÚDO\00_PRODUCAO_2026\01_BOLETINS_DIARIOS\03_AUDIOS_RADIO\05 - MAI - 26\20 05 - QUA
MAIO,NJUD N/A,BOLETIM_RADIO_TJRN_20_05_2026_B4_COMERCIO_ILEGAL_ARMAS_JULGAMENTO.mp3,20_05_2026,COMERCIO_ILEGAL_ARMAS_JULGAMENTO,,TJRN,NAO,H:\Meu Drive\RADIO TJRN CONTEÚDO\00_PRODUCAO_2026\01_BOLETINS_DIARIOS\03_AUDIOS_RADIO\05 - MAI - 26\20 05 - QUA
MAIO,NJUD N/A,BOLETIM_RADIO_TJRN_20_05_2026_B4_COMERCIO_ILEGAL_ARMAS_JULGAMENTO_1782542567.mp3,20_05_2026,COMERCIO_ILEGAL_ARMAS_JULGAMENTO_1782542567,,TJRN,NAO,H:\Meu Drive\RADIO TJRN CONTEÚDO\00_PRODUCAO_2026\01_BOLETINS_DIARIOS\03_AUDIOS_RADIO\05 - MAI - 26\20 05 - QUA
MAIO,NJUD N/A,BOLETIM_RADIO_TJRN_20_05_2026_B5_RESPONSAVEL_INTERINO_SAO_BENTO_NORTE.mp3,20_05_2026,RESPONSAVEL_INTERINO_SAO_BENTO_NORTE,,TJRN,NAO,H:\Meu Drive\RADIO TJRN CONTEÚDO\00_PRODUCAO_2026\01_BOLETINS_DIARIOS\03_AUDIOS_RADIO\05 - MAI - 26\20 05 - QUA
MAIO,NJUD N/A,BOLETIM_RADIO_TJRN_20_05_2026_B5_RESPONSAVEL_INTERINO_SAO_BENTO_NORTE_1782542567.mp3,20_05_2026,RESPONSAVEL_INTERINO_SAO_BENTO_NORTE_1782542567,,TJRN,NAO,H:\Meu Drive\RADIO TJRN CONTEÚDO\00_PRODUCAO_2026\01_BOLETINS_DIARIOS\03_AUDIOS_RADIO\05 - MAI - 26\20 05 - QUA
MAIO,NJUD N/A,BOLETIM_RADIO_TJRN_20_05_2026_B6_CONDENACAO_VENDEDOR_CARRO.mp3,20_05_2026,CONDENACAO_VENDEDOR_CARRO,,TJRN,NAO,H:\Meu Drive\RADIO TJRN CONTEÚDO\00_PRODUCAO_2026\01_BOLETINS_DIARIOS\03_AUDIOS_RADIO\05 - MAI - 26\20 05 - QUA
MAIO,NJUD N/A,BOLETIM_RADIO_TJRN_20_05_2026_B6_CONDENACAO_VENDEDOR_CARRO_1782542567.mp3,20_05_2026,CONDENACAO_VENDEDOR_CARRO_1782542567,,TJRN,NAO,H:\Meu Drive\RADIO TJRN CONTEÚDO\00_PRODUCAO_2026\01_BOLETINS_DIARIOS\03_AUDIOS_RADIO\05 - MAI - 26\20 05 - QUA
MAIO,NJUD N/A,BOLETIM_RADIO_TJRN_20_05_2026_B6_CONDENACAO_VENDEDOR_CARRO_RESTORED.mp3,20_05_2026,CONDENACAO_VENDEDOR_CARRO_RESTORED,,TJRN,NAO,H:\Meu Drive\RADIO TJRN CONTEÚDO\00_PRODUCAO_2026\01_BOLETINS_DIARIOS\03_AUDIOS_RADIO\05 - MAI - 26\20 05 - QUA
MAIO,NJUD N/A,BOLETIM_RADIO_TJRN_20_05_2026_B7_MPRN_MEDIDAS_PRESERVACAO_PATRIMONIO.mp3,20_05_2026,MPRN_MEDIDAS_PRESERVACAO_PATRIMONIO,,TJRN,NAO,H:\Meu Drive\RADIO TJRN CONTEÚDO\00_PRODUCAO_2026\01_BOLETINS_DIARIOS\03_AUDIOS_RADIO\05 - MAI - 26\20 05 - QUA
MAIO,NJUD N/A,BOLETIM_RADIO_TJRN_20_05_2026_B7_MPRN_MEDIDAS_PRESERVACAO_PATRIMONIO_1782542567.mp3,20_05_2026,MPRN_MEDIDAS_PRESERVACAO_PATRIMONIO_1782542567,,TJRN,NAO,H:\Meu Drive\RADIO TJRN CONTEÚDO\00_PRODUCAO_2026\01_BOLETINS_DIARIOS\03_AUDIOS_RADIO\05 - MAI - 26\20 05 - QUA
MAIO,NJUD N/A,BOLETIM_RADIO_TJRN_20_05_2026_B7_MPRN_MEDIDAS_PRESERVACAO_PATRIMONIO_RESTORED.mp3,20_05_2026,MPRN_MEDIDAS_PRESERVACAO_PATRIMONIO_RESTORED,,TJRN,NAO,H:\Meu Drive\RADIO TJRN CONTEÚDO\00_PRODUCAO_2026\01_BOLETINS_DIARIOS\03_AUDIOS_RADIO\05 - MAI - 26\20 05 - QUA
MAIO,NJUD N/A,BOLETIM_RADIO_TJRN_20_05_2026_B8_MPRN_VISITAS_MATERNIDADES.mp3,20_05_2026,MPRN_VISITAS_MATERNIDADES,,TJRN,NAO,H:\Meu Drive\RADIO TJRN CONTEÚDO\00_PRODUCAO_2026\01_BOLETINS_DIARIOS\03_AUDIOS_RADIO\05 - MAI - 26\20 05 - QUA
MAIO,NJUD N/A,BOLETIM_RADIO_TJRN_20_05_2026_B8_MPRN_VISITAS_MATERNIDADES_1782542567.mp3,20_05_2026,MPRN_VISITAS_MATERNIDADES_1782542567,,TJRN,NAO,H:\Meu Drive\RADIO TJRN CONTEÚDO\00_PRODUCAO_2026\01_BOLETINS_DIARIOS\03_AUDIOS_RADIO\05 - MAI - 26\20 05 - QUA
MAIO,NJUD N/A,BOLETIM_RADIO_TJRN_20_05_2026_B8_MPRN_VISITAS_MATERNIDADES_RESTORED.mp3,20_05_2026,MPRN_VISITAS_MATERNIDADES_RESTORED,,TJRN,NAO,H:\Meu Drive\RADIO TJRN CONTEÚDO\00_PRODUCAO_2026\01_BOLETINS_DIARIOS\03_AUDIOS_RADIO\05 - MAI - 26\20 05 - QUA
MAIO,NJUD N/A,BOLETIM_RADIO_TJRN_20_05_2026_B9_TRTRN_SEMANA_NACIONAL_CONCILIACAO_.mp3,20_05_2026,TRTRN_SEMANA_NACIONAL_CONCILIACAO,,TJRN,NAO,H:\Meu Drive\RADIO TJRN CONTEÚDO\00_PRODUCAO_2026\01_BOLETINS_DIARIOS\03_AUDIOS_RADIO\05 - MAI - 26\20 05 - QUA
MAIO,NJUD N/A,BOLETIM_RADIO_TJRN_20_05_2026_B9_TRTRN_SEMANA_NACIONAL_CONCILIACAO__1782542567.mp3,20_05_2026,TRTRN_SEMANA_NACIONAL_CONCILIACAO__1782542567,,TJRN,NAO,H:\Meu Drive\RADIO TJRN CONTEÚDO\00_PRODUCAO_2026\01_BOLETINS_DIARIOS\03_AUDIOS_RADIO\05 - MAI - 26\20 05 - QUA
MAIO,NJUD N/A,BOLETIM_RADIO_TJRN_20_05_2026_B9_TRTRN_SEMANA_NACIONAL_CONCILIACAO__RESTORED.mp3,20_05_2026,TRTRN_SEMANA_NACIONAL_CONCILIACAO__RESTORED,,TJRN,NAO,H:\Meu Drive\RADIO TJRN CONTEÚDO\00_PRODUCAO_2026\01_BOLETINS_DIARIOS\03_AUDIOS_RADIO\05 - MAI - 26\20 05 - QUA
MAIO,NJUD N/A,BOLETIM_RADIO_TJRN_21_05_2026_B10_TRTRN_CARTILHA_RESPEITO_ASSEDIO_MORAL_.mp3,21_05_2026,TRTRN_CARTILHA_RESPEITO_ASSEDIO_MORAL,,TJRN,NAO,H:\Meu Drive\RADIO TJRN CONTEÚDO\00_PRODUCAO_2026\01_BOLETINS_DIARIOS\03_AUDIOS_RADIO\05 - MAI - 26\21 05 - QUI
MAIO,NJUD N/A,BOLETIM_RADIO_TJRN_21_05_2026_B10_TRTRN_CARTILHA_RESPEITO_ASSEDIO_MORAL__1782542567.mp3,21_05_2026,TRTRN_CARTILHA_RESPEITO_ASSEDIO_MORAL__1782542567,,TJRN,NAO,H:\Meu Drive\RADIO TJRN CONTEÚDO\00_PRODUCAO_2026\01_BOLETINS_DIARIOS\03_AUDIOS_RADIO\05 - MAI - 26\21 05 - QUI
MAIO,NJUD N/A,BOLETIM_RADIO_TJRN_21_05_2026_B10_TRTRN_CARTILHA_RESPEITO_ASSEDIO_MORAL__RESTORED.mp3,21_05_2026,TRTRN_CARTILHA_RESPEITO_ASSEDIO_MORAL__RESTORED,,TJRN,NAO,H:\Meu Drive\RADIO TJRN CONTEÚDO\00_PRODUCAO_2026\01_BOLETINS_DIARIOS\03_AUDIOS_RADIO\05 - MAI - 26\21 05 - QUI
MAIO,NJUD N/A,BOLETIM_RADIO_TJRN_21_05_2026_B1_TJRN_PM_ESQUIZOFRENIA_.mp3,21_05_2026,TJRN_PM_ESQUIZOFRENIA,,TJRN,NAO,H:\Meu Drive\RADIO TJRN CONTEÚDO\00_PRODUCAO_2026\01_BOLETINS_DIARIOS\03_AUDIOS_RADIO\05 - MAI - 26\21 05 - QUI
MAIO,NJUD N/A,BOLETIM_RADIO_TJRN_21_05_2026_B1_TJRN_PM_ESQUIZOFRENIA__1782542567.mp3,21_05_2026,TJRN_PM_ESQUIZOFRENIA__1782542567,,TJRN,NAO,H:\Meu Drive\RADIO TJRN CONTEÚDO\00_PRODUCAO_2026\01_BOLETINS_DIARIOS\03_AUDIOS_RADIO\05 - MAI - 26\21 05 - QUI
MAIO,NJUD N/A,BOLETIM_RADIO_TJRN_21_05_2026_B2_TJRN_DESCIMPRIMENTO_CONRATO_VERBAL.mp3,21_05_2026,TJRN_DESCIMPRIMENTO_CONRATO_VERBAL,,TJRN,NAO,H:\Meu Drive\RADIO TJRN CONTEÚDO\00_PRODUCAO_2026\01_BOLETINS_DIARIOS\03_AUDIOS_RADIO\05 - MAI - 26\21 05 - QUI
MAIO,NJUD N/A,BOLETIM_RADIO_TJRN_21_05_2026_B2_TJRN_DESCIMPRIMENTO_CONRATO_VERBAL_1782542567.mp3,21_05_2026,TJRN_DESCIMPRIMENTO_CONRATO_VERBAL_1782542567,,TJRN,NAO,H:\Meu Drive\RADIO TJRN CONTEÚDO\00_PRODUCAO_2026\01_BOLETINS_DIARIOS\03_AUDIOS_RADIO\05 - MAI - 26\21 05 - QUI
MAIO,NJUD N/A,BOLETIM_RADIO_TJRN_21_05_2026_B3_TJRN_REDE_SOCIAL_BLOQUEIA_PERFIL.mp3,21_05_2026,TJRN_REDE_SOCIAL_BLOQUEIA_PERFIL,,TJRN,NAO,H:\Meu Drive\RADIO TJRN CONTEÚDO\00_PRODUCAO_2026\01_BOLETINS_DIARIOS\03_AUDIOS_RADIO\05 - MAI - 26\21 05 - QUI
MAIO,NJUD N/A,BOLETIM_RADIO_TJRN_21_05_2026_B3_TJRN_REDE_SOCIAL_BLOQUEIA_PERFIL_1782542567.mp3,21_05_2026,TJRN_REDE_SOCIAL_BLOQUEIA_PERFIL_1782542567,,TJRN,NAO,H:\Meu Drive\RADIO TJRN CONTEÚDO\00_PRODUCAO_2026\01_BOLETINS_DIARIOS\03_AUDIOS_RADIO\05 - MAI - 26\21 05 - QUI
MAIO,NJUD N/A,BOLETIM_RADIO_TJRN_21_05_2026_B4_TJRN_CONTRATACOES_NAO_GERAM_NOMEACOES_.mp3,21_05_2026,TJRN_CONTRATACOES_NAO_GERAM_NOMEACOES,,TJRN,NAO,H:\Meu Drive\RADIO TJRN CONTEÚDO\00_PRODUCAO_2026\01_BOLETINS_DIARIOS\03_AUDIOS_RADIO\05 - MAI - 26\21 05 - QUI
MAIO,NJUD N/A,BOLETIM_RADIO_TJRN_21_05_2026_B4_TJRN_CONTRATACOES_NAO_GERAM_NOMEACOES__1782542567.mp3,21_05_2026,TJRN_CONTRATACOES_NAO_GERAM_NOMEACOES__1782542567,,TJRN,NAO,H:\Meu Drive\RADIO TJRN CONTEÚDO\00_PRODUCAO_2026\01_BOLETINS_DIARIOS\03_AUDIOS_RADIO\05 - MAI - 26\21 05 - QUI
MAIO,NJUD N/A,BOLETIM_RADIO_TJRN_21_05_2026_B5_TJRN_DETERMINA_RESTITUICAO_CONSUMIDORES.mp3,21_05_2026,TJRN_DETERMINA_RESTITUICAO_CONSUMIDORES,,TJRN,NAO,H:\Meu Drive\RADIO TJRN CONTEÚDO\00_PRODUCAO_2026\01_BOLETINS_DIARIOS\03_AUDIOS_RADIO\05 - MAI - 26\21 05 - QUI
MAIO,NJUD N/A,BOLETIM_RADIO_TJRN_21_05_2026_B5_TJRN_DETERMINA_RESTITUICAO_CONSUMIDORES_1782542567.mp3,21_05_2026,TJRN_DETERMINA_RESTITUICAO_CONSUMIDORES_1782542567,,TJRN,NAO,H:\Meu Drive\RADIO TJRN CONTEÚDO\00_PRODUCAO_2026\01_BOLETINS_DIARIOS\03_AUDIOS_RADIO\05 - MAI - 26\21 05 - QUI
MAIO,NJUD N/A,BOLETIM_RADIO_TJRN_21_05_2026_B6_TJRN_FALHA_PRESTACAO_SERVICOS_TELECOMUNICACOES.mp3,21_05_2026,TJRN_FALHA_PRESTACAO_SERVICOS_TELECOMUNICACOES,,TJRN,NAO,H:\Meu Drive\RADIO TJRN CONTEÚDO\00_PRODUCAO_2026\01_BOLETINS_DIARIOS\03_AUDIOS_RADIO\05 - MAI - 26\21 05 - QUI
MAIO,NJUD N/A,BOLETIM_RADIO_TJRN_21_05_2026_B6_TJRN_FALHA_PRESTACAO_SERVICOS_TELECOMUNICACOES_1782542567.mp3,21_05_2026,TJRN_FALHA_PRESTACAO_SERVICOS_TELECOMUNICACOES_1782542567,,TJRN,NAO,H:\Meu Drive\RADIO TJRN CONTEÚDO\00_PRODUCAO_2026\01_BOLETINS_DIARIOS\03_AUDIOS_RADIO\05 - MAI - 26\21 05 - QUI
MAIO,NJUD N/A,BOLETIM_RADIO_TJRN_21_05_2026_B6_TJRN_FALHA_PRESTACAO_SERVICOS_TELECOMUNICACOES_RESTORED.mp3,21_05_2026,TJRN_FALHA_PRESTACAO_SERVICOS_TELECOMUNICACOES_RESTORED,,TJRN,NAO,H:\Meu Drive\RADIO TJRN CONTEÚDO\00_PRODUCAO_2026\01_BOLETINS_DIARIOS\03_AUDIOS_RADIO\05 - MAI - 26\21 05 - QUI
MAIO,NJUD N/A,BOLETIM_RADIO_TJRN_21_05_2026_B7_TJRN_ESTAGIO_ESMARN_.mp3,21_05_2026,TJRN_ESTAGIO_ESMARN,,TJRN,NAO,H:\Meu Drive\RADIO TJRN CONTEÚDO\00_PRODUCAO_2026\01_BOLETINS_DIARIOS\03_AUDIOS_RADIO\05 - MAI - 26\21 05 - QUI
MAIO,NJUD N/A,BOLETIM_RADIO_TJRN_21_05_2026_B7_TJRN_ESTAGIO_ESMARN__1782542567.mp3,21_05_2026,TJRN_ESTAGIO_ESMARN__1782542567,,TJRN,NAO,H:\Meu Drive\RADIO TJRN CONTEÚDO\00_PRODUCAO_2026\01_BOLETINS_DIARIOS\03_AUDIOS_RADIO\05 - MAI - 26\21 05 - QUI
MAIO,NJUD N/A,BOLETIM_RADIO_TJRN_21_05_2026_B7_TJRN_ESTAGIO_ESMARN__RESTORED.mp3,21_05_2026,TJRN_ESTAGIO_ESMARN__RESTORED,,TJRN,NAO,H:\Meu Drive\RADIO TJRN CONTEÚDO\00_PRODUCAO_2026\01_BOLETINS_DIARIOS\03_AUDIOS_RADIO\05 - MAI - 26\21 05 - QUI
MAIO,NJUD N/A,BOLETIM_RADIO_TJRN_21_05_2026_B8_TJRN_LANCA_BIBLIOTECA_DIGITAL_.mp3,21_05_2026,TJRN_LANCA_BIBLIOTECA_DIGITAL,,TJRN,NAO,H:\Meu Drive\RADIO TJRN CONTEÚDO\00_PRODUCAO_2026\01_BOLETINS_DIARIOS\03_AUDIOS_RADIO\05 - MAI - 26\21 05 - QUI
MAIO,NJUD N/A,BOLETIM_RADIO_TJRN_21_05_2026_B8_TJRN_LANCA_BIBLIOTECA_DIGITAL__1782542567.mp3,21_05_2026,TJRN_LANCA_BIBLIOTECA_DIGITAL__1782542567,,TJRN,NAO,H:\Meu Drive\RADIO TJRN CONTEÚDO\00_PRODUCAO_2026\01_BOLETINS_DIARIOS\03_AUDIOS_RADIO\05 - MAI - 26\21 05 - QUI
MAIO,NJUD N/A,BOLETIM_RADIO_TJRN_21_05_2026_B8_TJRN_LANCA_BIBLIOTECA_DIGITAL__RESTORED.mp3,21_05_2026,TJRN_LANCA_BIBLIOTECA_DIGITAL__RESTORED,,TJRN,NAO,H:\Meu Drive\RADIO TJRN CONTEÚDO\00_PRODUCAO_2026\01_BOLETINS_DIARIOS\03_AUDIOS_RADIO\05 - MAI - 26\21 05 - QUI
MAIO,NJUD N/A,BOLETIM_RADIO_TJRN_21_05_2026_B9_OABRN_OBSERVATORIO_PUBLICIDADE.mp3,21_05_2026,OABRN_OBSERVATORIO_PUBLICIDADE,,TJRN,NAO,H:\Meu Drive\RADIO TJRN CONTEÚDO\00_PRODUCAO_2026\01_BOLETINS_DIARIOS\03_AUDIOS_RADIO\05 - MAI - 26\21 05 - QUI
MAIO,NJUD N/A,BOLETIM_RADIO_TJRN_21_05_2026_B9_OABRN_OBSERVATORIO_PUBLICIDADE_1782542567.mp3,21_05_2026,OABRN_OBSERVATORIO_PUBLICIDADE_1782542567,,TJRN,NAO,H:\Meu Drive\RADIO TJRN CONTEÚDO\00_PRODUCAO_2026\01_BOLETINS_DIARIOS\03_AUDIOS_RADIO\05 - MAI - 26\21 05 - QUI
MAIO,NJUD N/A,BOLETIM_RADIO_TJRN_21_05_2026_B9_OABRN_OBSERVATORIO_PUBLICIDADE_RESTORED.mp3,21_05_2026,OABRN_OBSERVATORIO_PUBLICIDADE_RESTORED,,TJRN,NAO,H:\Meu Drive\RADIO TJRN CONTEÚDO\00_PRODUCAO_2026\01_BOLETINS_DIARIOS\03_AUDIOS_RADIO\05 - MAI - 26\21 05 - QUI
MAIO,NJUD N/A,BOLETIM_RADIO_TJRN_22_05_2026_B10_TJRN_CAMARA_CRIMINAL_ANTECIPADA_.mp3,22_05_2026,TJRN_CAMARA_CRIMINAL_ANTECIPADA,,TJRN,NAO,H:\Meu Drive\RADIO TJRN CONTEÚDO\00_PRODUCAO_2026\01_BOLETINS_DIARIOS\03_AUDIOS_RADIO\05 - MAI - 26\22 05 - SEX
MAIO,NJUD N/A,BOLETIM_RADIO_TJRN_22_05_2026_B10_TJRN_CAMARA_CRIMINAL_ANTECIPADA__1782517286.mp3,22_05_2026,TJRN_CAMARA_CRIMINAL_ANTECIPADA__1782517286,,TJRN,NAO,H:\Meu Drive\RADIO TJRN CONTEÚDO\00_PRODUCAO_2026\01_BOLETINS_DIARIOS\03_AUDIOS_RADIO\05 - MAI - 26\22 05 - SEX
MAIO,NJUD N/A,BOLETIM_RADIO_TJRN_22_05_2026_B10_TJRN_CAMARA_CRIMINAL_ANTECIPADA__1782542568.mp3,22_05_2026,TJRN_CAMARA_CRIMINAL_ANTECIPADA__1782542568,,TJRN,NAO,H:\Meu Drive\RADIO TJRN CONTEÚDO\00_PRODUCAO_2026\01_BOLETINS_DIARIOS\03_AUDIOS_RADIO\05 - MAI - 26\22 05 - SEX
MAIO,NJUD N/A,BOLETIM_RADIO_TJRN_22_05_2026_B10_TJRN_CAMARA_CRIMINAL_ANTECIPADA__RESTORED.mp3,22_05_2026,TJRN_CAMARA_CRIMINAL_ANTECIPADA__RESTORED,,TJRN,NAO,H:\Meu Drive\RADIO TJRN CONTEÚDO\00_PRODUCAO_2026\01_BOLETINS_DIARIOS\03_AUDIOS_RADIO\05 - MAI - 26\22 05 - SEX
MAIO,NJUD N/A,BOLETIM_RADIO_TJRN_22_05_2026_B1_TJRN_INDISPONIBILIDADE_SABADO_.mp3,22_05_2026,TJRN_INDISPONIBILIDADE_SABADO,,TJRN,NAO,H:\Meu Drive\RADIO TJRN CONTEÚDO\00_PRODUCAO_2026\01_BOLETINS_DIARIOS\03_AUDIOS_RADIO\05 - MAI - 26\22 05 - SEX
MAIO,NJUD N/A,BOLETIM_RADIO_TJRN_22_05_2026_B1_TJRN_INDISPONIBILIDADE_SABADO__RESTORED.mp3,22_05_2026,TJRN_INDISPONIBILIDADE_SABADO__RESTORED,,TJRN,NAO,H:\Meu Drive\RADIO TJRN CONTEÚDO\00_PRODUCAO_2026\01_BOLETINS_DIARIOS\03_AUDIOS_RADIO\05 - MAI - 26\22 05 - SEX
MAIO,NJUD N/A,BOLETIM_RADIO_TJRN_22_05_2026_B2_TJRN_SUSPENDE_LICITACAO_SAMU.mp3,22_05_2026,TJRN_SUSPENDE_LICITACAO_SAMU,,TJRN,NAO,H:\Meu Drive\RADIO TJRN CONTEÚDO\00_PRODUCAO_2026\01_BOLETINS_DIARIOS\03_AUDIOS_RADIO\05 - MAI - 26\22 05 - SEX
MAIO,NJUD N/A,BOLETIM_RADIO_TJRN_22_05_2026_B2_TJRN_SUSPENDE_LICITACAO_SAMU_1782517286.mp3,22_05_2026,TJRN_SUSPENDE_LICITACAO_SAMU_1782517286,,TJRN,NAO,H:\Meu Drive\RADIO TJRN CONTEÚDO\00_PRODUCAO_2026\01_BOLETINS_DIARIOS\03_AUDIOS_RADIO\05 - MAI - 26\22 05 - SEX
MAIO,NJUD N/A,BOLETIM_RADIO_TJRN_22_05_2026_B2_TJRN_SUSPENDE_LICITACAO_SAMU_RESTORED.mp3,22_05_2026,TJRN_SUSPENDE_LICITACAO_SAMU_RESTORED,,TJRN,NAO,H:\Meu Drive\RADIO TJRN CONTEÚDO\00_PRODUCAO_2026\01_BOLETINS_DIARIOS\03_AUDIOS_RADIO\05 - MAI - 26\22 05 - SEX
MAIO,NJUD N/A,BOLETIM_RADIO_TJRN_22_05_2026_B3_TJRN_DESTACA_FORTALECIMENTO_REDE_PROTECAO.mp3,22_05_2026,TJRN_DESTACA_FORTALECIMENTO_REDE_PROTECAO,,TJRN,NAO,H:\Meu Drive\RADIO TJRN CONTEÚDO\00_PRODUCAO_2026\01_BOLETINS_DIARIOS\03_AUDIOS_RADIO\05 - MAI - 26\22 05 - SEX
MAIO,NJUD N/A,BOLETIM_RADIO_TJRN_22_05_2026_B3_TJRN_DESTACA_FORTALECIMENTO_REDE_PROTECAO_1782517286.mp3,22_05_2026,TJRN_DESTACA_FORTALECIMENTO_REDE_PROTECAO_1782517286,,TJRN,NAO,H:\Meu Drive\RADIO TJRN CONTEÚDO\00_PRODUCAO_2026\01_BOLETINS_DIARIOS\03_AUDIOS_RADIO\05 - MAI - 26\22 05 - SEX
MAIO,NJUD N/A,BOLETIM_RADIO_TJRN_22_05_2026_B3_TJRN_DESTACA_FORTALECIMENTO_REDE_PROTECAO_RESTORED.mp3,22_05_2026,TJRN_DESTACA_FORTALECIMENTO_REDE_PROTECAO_RESTORED,,TJRN,NAO,H:\Meu Drive\RADIO TJRN CONTEÚDO\00_PRODUCAO_2026\01_BOLETINS_DIARIOS\03_AUDIOS_RADIO\05 - MAI - 26\22 05 - SEX
MAIO,NJUD N/A,BOLETIM_RADIO_TJRN_22_05_2026_B4_TJRN_FIXA_PRAZO_60_DIAS_IDEMA.mp3,22_05_2026,TJRN_FIXA_PRAZO_60_DIAS_IDEMA,,TJRN,NAO,H:\Meu Drive\RADIO TJRN CONTEÚDO\00_PRODUCAO_2026\01_BOLETINS_DIARIOS\03_AUDIOS_RADIO\05 - MAI - 26\22 05 - SEX
MAIO,NJUD N/A,BOLETIM_RADIO_TJRN_22_05_2026_B4_TJRN_FIXA_PRAZO_60_DIAS_IDEMA_1782517286.mp3,22_05_2026,TJRN_FIXA_PRAZO_60_DIAS_IDEMA_1782517286,,TJRN,NAO,H:\Meu Drive\RADIO TJRN CONTEÚDO\00_PRODUCAO_2026\01_BOLETINS_DIARIOS\03_AUDIOS_RADIO\05 - MAI - 26\22 05 - SEX
MAIO,NJUD N/A,BOLETIM_RADIO_TJRN_22_05_2026_B4_TJRN_FIXA_PRAZO_60_DIAS_IDEMA_RESTORED.mp3,22_05_2026,TJRN_FIXA_PRAZO_60_DIAS_IDEMA_RESTORED,,TJRN,NAO,H:\Meu Drive\RADIO TJRN CONTEÚDO\00_PRODUCAO_2026\01_BOLETINS_DIARIOS\03_AUDIOS_RADIO\05 - MAI - 26\22 05 - SEX
MAIO,NJUD N/A,BOLETIM_RADIO_TJRN_22_05_2026_B5_TJRN_OBITO_CRIANCA_MOSSORO.mp3,22_05_2026,TJRN_OBITO_CRIANCA_MOSSORO,,TJRN,NAO,H:\Meu Drive\RADIO TJRN CONTEÚDO\00_PRODUCAO_2026\01_BOLETINS_DIARIOS\03_AUDIOS_RADIO\05 - MAI - 26\22 05 - SEX
MAIO,NJUD N/A,BOLETIM_RADIO_TJRN_22_05_2026_B5_TJRN_OBITO_CRIANCA_MOSSORO_1782517286.mp3,22_05_2026,TJRN_OBITO_CRIANCA_MOSSORO_1782517286,,TJRN,NAO,H:\Meu Drive\RADIO TJRN CONTEÚDO\00_PRODUCAO_2026\01_BOLETINS_DIARIOS\03_AUDIOS_RADIO\05 - MAI - 26\22 05 - SEX
MAIO,NJUD N/A,BOLETIM_RADIO_TJRN_22_05_2026_B5_TJRN_OBITO_CRIANCA_MOSSORO_RESTORED.mp3,22_05_2026,TJRN_OBITO_CRIANCA_MOSSORO_RESTORED,,TJRN,NAO,H:\Meu Drive\RADIO TJRN CONTEÚDO\00_PRODUCAO_2026\01_BOLETINS_DIARIOS\03_AUDIOS_RADIO\05 - MAI - 26\22 05 - SEX
MAIO,NJUD N/A,BOLETIM_RADIO_TJRN_22_05_2026_B6_TJRN_FEMINICIDIO_JURI_POPULAR_.mp3,22_05_2026,TJRN_FEMINICIDIO_JURI_POPULAR,,TJRN,NAO,H:\Meu Drive\RADIO TJRN CONTEÚDO\00_PRODUCAO_2026\01_BOLETINS_DIARIOS\03_AUDIOS_RADIO\05 - MAI - 26\22 05 - SEX
MAIO,NJUD N/A,BOLETIM_RADIO_TJRN_22_05_2026_B6_TJRN_FEMINICIDIO_JURI_POPULAR__1782517286.mp3,22_05_2026,TJRN_FEMINICIDIO_JURI_POPULAR__1782517286,,TJRN,NAO,H:\Meu Drive\RADIO TJRN CONTEÚDO\00_PRODUCAO_2026\01_BOLETINS_DIARIOS\03_AUDIOS_RADIO\05 - MAI - 26\22 05 - SEX
MAIO,NJUD N/A,BOLETIM_RADIO_TJRN_22_05_2026_B6_TJRN_FEMINICIDIO_JURI_POPULAR__RESTORED.mp3,22_05_2026,TJRN_FEMINICIDIO_JURI_POPULAR__RESTORED,,TJRN,NAO,H:\Meu Drive\RADIO TJRN CONTEÚDO\00_PRODUCAO_2026\01_BOLETINS_DIARIOS\03_AUDIOS_RADIO\05 - MAI - 26\22 05 - SEX
MAIO,NJUD N/A,BOLETIM_RADIO_TJRN_22_05_2026_B7_TJRN_MANTIDA_SEPARACAO_VALORES_INDENIZATORIOS_.mp3,22_05_2026,TJRN_MANTIDA_SEPARACAO_VALORES_INDENIZATORIOS,,TJRN,NAO,H:\Meu Drive\RADIO TJRN CONTEÚDO\00_PRODUCAO_2026\01_BOLETINS_DIARIOS\03_AUDIOS_RADIO\05 - MAI - 26\22 05 - SEX
MAIO,NJUD N/A,BOLETIM_RADIO_TJRN_22_05_2026_B7_TJRN_MANTIDA_SEPARACAO_VALORES_INDENIZATORIOS__1782517286.mp3,22_05_2026,TJRN_MANTIDA_SEPARACAO_VALORES_INDENIZATORIOS__1782517286,,TJRN,NAO,H:\Meu Drive\RADIO TJRN CONTEÚDO\00_PRODUCAO_2026\01_BOLETINS_DIARIOS\03_AUDIOS_RADIO\05 - MAI - 26\22 05 - SEX
MAIO,NJUD N/A,BOLETIM_RADIO_TJRN_22_05_2026_B7_TJRN_MANTIDA_SEPARACAO_VALORES_INDENIZATORIOS__RESTORED.mp3,22_05_2026,TJRN_MANTIDA_SEPARACAO_VALORES_INDENIZATORIOS__RESTORED,,TJRN,NAO,H:\Meu Drive\RADIO TJRN CONTEÚDO\00_PRODUCAO_2026\01_BOLETINS_DIARIOS\03_AUDIOS_RADIO\05 - MAI - 26\22 05 - SEX
MAIO,NJUD N/A,BOLETIM_RADIO_TJRN_22_05_2026_B8_TJRN_MORTE_FETO_DEFICIENCIA_.mp3,22_05_2026,TJRN_MORTE_FETO_DEFICIENCIA,,TJRN,NAO,H:\Meu Drive\RADIO TJRN CONTEÚDO\00_PRODUCAO_2026\01_BOLETINS_DIARIOS\03_AUDIOS_RADIO\05 - MAI - 26\22 05 - SEX
MAIO,NJUD N/A,BOLETIM_RADIO_TJRN_22_05_2026_B8_TJRN_MORTE_FETO_DEFICIENCIA__1782517286.mp3,22_05_2026,TJRN_MORTE_FETO_DEFICIENCIA__1782517286,,TJRN,NAO,H:\Meu Drive\RADIO TJRN CONTEÚDO\00_PRODUCAO_2026\01_BOLETINS_DIARIOS\03_AUDIOS_RADIO\05 - MAI - 26\22 05 - SEX
MAIO,NJUD N/A,BOLETIM_RADIO_TJRN_22_05_2026_B8_TJRN_MORTE_FETO_DEFICIENCIA__RESTORED.mp3,22_05_2026,TJRN_MORTE_FETO_DEFICIENCIA__RESTORED,,TJRN,NAO,H:\Meu Drive\RADIO TJRN CONTEÚDO\00_PRODUCAO_2026\01_BOLETINS_DIARIOS\03_AUDIOS_RADIO\05 - MAI - 26\22 05 - SEX
MAIO,NJUD N/A,BOLETIM_RADIO_TJRN_22_05_2026_B9_TJRN_COSERN_CONDENADA_OSCILACOES_.mp3,22_05_2026,TJRN_COSERN_CONDENADA_OSCILACOES,,TJRN,NAO,H:\Meu Drive\RADIO TJRN CONTEÚDO\00_PRODUCAO_2026\01_BOLETINS_DIARIOS\03_AUDIOS_RADIO\05 - MAI - 26\22 05 - SEX
MAIO,NJUD N/A,BOLETIM_RADIO_TJRN_22_05_2026_B9_TJRN_COSERN_CONDENADA_OSCILACOES__1782542568.mp3,22_05_2026,TJRN_COSERN_CONDENADA_OSCILACOES__1782542568,,TJRN,NAO,H:\Meu Drive\RADIO TJRN CONTEÚDO\00_PRODUCAO_2026\01_BOLETINS_DIARIOS\03_AUDIOS_RADIO\05 - MAI - 26\22 05 - SEX
MAIO,NJUD N/A,BOLETIM_RADIO_TJRN_22_05_2026_B9_TJRN_COSERN_CONDENADA_OSCILACOES__RESTORED.mp3,22_05_2026,TJRN_COSERN_CONDENADA_OSCILACOES__RESTORED,,TJRN,NAO,H:\Meu Drive\RADIO TJRN CONTEÚDO\00_PRODUCAO_2026\01_BOLETINS_DIARIOS\03_AUDIOS_RADIO\05 - MAI - 26\22 05 - SEX
MAIO,NJUD N/A,BOLETIM_RADIO_TJRN_25_05_2026_B10_DPERN_GARANTE_LIMITE_COPARTICIPACAO_.mp3,25_05_2026,DPERN_GARANTE_LIMITE_COPARTICIPACAO,,TJRN,NAO,H:\Meu Drive\RADIO TJRN CONTEÚDO\00_PRODUCAO_2026\01_BOLETINS_DIARIOS\03_AUDIOS_RADIO\05 - MAI - 26\25 05 - SEG
MAIO,NJUD N/A,BOLETIM_RADIO_TJRN_25_05_2026_B10_DPERN_GARANTE_LIMITE_COPARTICIPACAO__1782542977.mp3,25_05_2026,DPERN_GARANTE_LIMITE_COPARTICIPACAO__1782542977,,TJRN,NAO,H:\Meu Drive\RADIO TJRN CONTEÚDO\00_PRODUCAO_2026\01_BOLETINS_DIARIOS\03_AUDIOS_RADIO\05 - MAI - 26\25 05 - SEG
MAIO,NJUD N/A,BOLETIM_RADIO_TJRN_25_05_2026_B10_DPERN_GARANTE_LIMITE_COPARTICIPACAO__RESTORED.mp3,25_05_2026,DPERN_GARANTE_LIMITE_COPARTICIPACAO__RESTORED,,TJRN,NAO,H:\Meu Drive\RADIO TJRN CONTEÚDO\00_PRODUCAO_2026\01_BOLETINS_DIARIOS\03_AUDIOS_RADIO\05 - MAI - 26\25 05 - SEG
MAIO,NJUD N/A,BOLETIM_RADIO_TJRN_25_05_2026_B1_SEMANA_ADOCAO_ASSEMBLEIA.mp3,25_05_2026,SEMANA_ADOCAO_ASSEMBLEIA,,TJRN,NAO,H:\Meu Drive\RADIO TJRN CONTEÚDO\00_PRODUCAO_2026\01_BOLETINS_DIARIOS\03_AUDIOS_RADIO\05 - MAI - 26\25 05 - SEG
MAIO,NJUD N/A,BOLETIM_RADIO_TJRN_25_05_2026_B1_SEMANA_ADOCAO_ASSEMBLEIA_1782542977.mp3,25_05_2026,SEMANA_ADOCAO_ASSEMBLEIA_1782542977,,TJRN,NAO,H:\Meu Drive\RADIO TJRN CONTEÚDO\00_PRODUCAO_2026\01_BOLETINS_DIARIOS\03_AUDIOS_RADIO\05 - MAI - 26\25 05 - SEG
MAIO,NJUD N/A,BOLETIM_RADIO_TJRN_25_05_2026_B1_SEMANA_ADOCAO_ASSEMBLEIA_RESTORED.mp3,25_05_2026,SEMANA_ADOCAO_ASSEMBLEIA_RESTORED,,TJRN,NAO,H:\Meu Drive\RADIO TJRN CONTEÚDO\00_PRODUCAO_2026\01_BOLETINS_DIARIOS\03_AUDIOS_RADIO\05 - MAI - 26\25 05 - SEG
MAIO,NJUD N/A,BOLETIM_RADIO_TJRN_25_05_2026_B2_CONDENACAO_MARCENEIRO.mp3,25_05_2026,CONDENACAO_MARCENEIRO,,TJRN,NAO,H:\Meu Drive\RADIO TJRN CONTEÚDO\00_PRODUCAO_2026\01_BOLETINS_DIARIOS\03_AUDIOS_RADIO\05 - MAI - 26\25 05 - SEG
MAIO,NJUD N/A,BOLETIM_RADIO_TJRN_25_05_2026_B2_CONDENACAO_MARCENEIRO_1782542977.mp3,25_05_2026,CONDENACAO_MARCENEIRO_1782542977,,TJRN,NAO,H:\Meu Drive\RADIO TJRN CONTEÚDO\00_PRODUCAO_2026\01_BOLETINS_DIARIOS\03_AUDIOS_RADIO\05 - MAI - 26\25 05 - SEG
MAIO,NJUD N/A,BOLETIM_RADIO_TJRN_25_05_2026_B2_CONDENACAO_MARCENEIRO_RESTORED.mp3,25_05_2026,CONDENACAO_MARCENEIRO_RESTORED,,TJRN,NAO,H:\Meu Drive\RADIO TJRN CONTEÚDO\00_PRODUCAO_2026\01_BOLETINS_DIARIOS\03_AUDIOS_RADIO\05 - MAI - 26\25 05 - SEG
MAIO,NJUD N/A,BOLETIM_RADIO_TJRN_25_05_2026_B3_COPARTICIPACAO_LIMITADA_TEA.mp3,25_05_2026,COPARTICIPACAO_LIMITADA_TEA,,TJRN,NAO,H:\Meu Drive\RADIO TJRN CONTEÚDO\00_PRODUCAO_2026\01_BOLETINS_DIARIOS\03_AUDIOS_RADIO\05 - MAI - 26\25 05 - SEG
MAIO,NJUD N/A,BOLETIM_RADIO_TJRN_25_05_2026_B3_COPARTICIPACAO_LIMITADA_TEA_1782542977.mp3,25_05_2026,COPARTICIPACAO_LIMITADA_TEA_1782542977,,TJRN,NAO,H:\Meu Drive\RADIO TJRN CONTEÚDO\00_PRODUCAO_2026\01_BOLETINS_DIARIOS\03_AUDIOS_RADIO\05 - MAI - 26\25 05 - SEG
MAIO,NJUD N/A,BOLETIM_RADIO_TJRN_25_05_2026_B3_COPARTICIPACAO_LIMITADA_TEA_RESTORED.mp3,25_05_2026,COPARTICIPACAO_LIMITADA_TEA_RESTORED,,TJRN,NAO,H:\Meu Drive\RADIO TJRN CONTEÚDO\00_PRODUCAO_2026\01_BOLETINS_DIARIOS\03_AUDIOS_RADIO\05 - MAI - 26\25 05 - SEG
MAIO,NJUD N/A,BOLETIM_RADIO_TJRN_25_05_2026_B4_RESPONSABILIDADE_EMPRESA_TRANSPORTE_ACIDENTE.mp3,25_05_2026,RESPONSABILIDADE_EMPRESA_TRANSPORTE_ACIDENTE,,TJRN,NAO,H:\Meu Drive\RADIO TJRN CONTEÚDO\00_PRODUCAO_2026\01_BOLETINS_DIARIOS\03_AUDIOS_RADIO\05 - MAI - 26\25 05 - SEG
MAIO,NJUD N/A,BOLETIM_RADIO_TJRN_25_05_2026_B4_RESPONSABILIDADE_EMPRESA_TRANSPORTE_ACIDENTE_1782542977.mp3,25_05_2026,RESPONSABILIDADE_EMPRESA_TRANSPORTE_ACIDENTE_1782542977,,TJRN,NAO,H:\Meu Drive\RADIO TJRN CONTEÚDO\00_PRODUCAO_2026\01_BOLETINS_DIARIOS\03_AUDIOS_RADIO\05 - MAI - 26\25 05 - SEG
MAIO,NJUD N/A,BOLETIM_RADIO_TJRN_25_05_2026_B4_RESPONSABILIDADE_EMPRESA_TRANSPORTE_ACIDENTE_RESTORED.mp3,25_05_2026,RESPONSABILIDADE_EMPRESA_TRANSPORTE_ACIDENTE_RESTORED,,TJRN,NAO,H:\Meu Drive\RADIO TJRN CONTEÚDO\00_PRODUCAO_2026\01_BOLETINS_DIARIOS\03_AUDIOS_RADIO\05 - MAI - 26\25 05 - SEG
MAIO,NJUD N/A,BOLETIM_RADIO_TJRN_25_05_2026_B5_CONSUMIDORA_VENCE_CAUSA_COSERN.mp3,25_05_2026,CONSUMIDORA_VENCE_CAUSA_COSERN,,TJRN,NAO,H:\Meu Drive\RADIO TJRN CONTEÚDO\00_PRODUCAO_2026\01_BOLETINS_DIARIOS\03_AUDIOS_RADIO\05 - MAI - 26\25 05 - SEG
MAIO,NJUD N/A,BOLETIM_RADIO_TJRN_25_05_2026_B5_CONSUMIDORA_VENCE_CAUSA_COSERN_1782542977.mp3,25_05_2026,CONSUMIDORA_VENCE_CAUSA_COSERN_1782542977,,TJRN,NAO,H:\Meu Drive\RADIO TJRN CONTEÚDO\00_PRODUCAO_2026\01_BOLETINS_DIARIOS\03_AUDIOS_RADIO\05 - MAI - 26\25 05 - SEG
MAIO,NJUD N/A,BOLETIM_RADIO_TJRN_25_05_2026_B5_CONSUMIDORA_VENCE_CAUSA_COSERN_RESTORED.mp3,25_05_2026,CONSUMIDORA_VENCE_CAUSA_COSERN_RESTORED,,TJRN,NAO,H:\Meu Drive\RADIO TJRN CONTEÚDO\00_PRODUCAO_2026\01_BOLETINS_DIARIOS\03_AUDIOS_RADIO\05 - MAI - 26\25 05 - SEG
MAIO,NJUD N/A,BOLETIM_RADIO_TJRN_25_05_2026_B6_ESTAGIO_DIREITO_MOSSORO.mp3,25_05_2026,ESTAGIO_DIREITO_MOSSORO,,TJRN,NAO,H:\Meu Drive\RADIO TJRN CONTEÚDO\00_PRODUCAO_2026\01_BOLETINS_DIARIOS\03_AUDIOS_RADIO\05 - MAI - 26\25 05 - SEG
MAIO,NJUD N/A,BOLETIM_RADIO_TJRN_25_05_2026_B6_ESTAGIO_DIREITO_MOSSORO_1782542977.mp3,25_05_2026,ESTAGIO_DIREITO_MOSSORO_1782542977,,TJRN,NAO,H:\Meu Drive\RADIO TJRN CONTEÚDO\00_PRODUCAO_2026\01_BOLETINS_DIARIOS\03_AUDIOS_RADIO\05 - MAI - 26\25 05 - SEG
MAIO,NJUD N/A,BOLETIM_RADIO_TJRN_25_05_2026_B6_ESTAGIO_DIREITO_MOSSORO_RESTORED.mp3,25_05_2026,ESTAGIO_DIREITO_MOSSORO_RESTORED,,TJRN,NAO,H:\Meu Drive\RADIO TJRN CONTEÚDO\00_PRODUCAO_2026\01_BOLETINS_DIARIOS\03_AUDIOS_RADIO\05 - MAI - 26\25 05 - SEG
MAIO,NJUD N/A,BOLETIM_RADIO_TJRN_25_05_2026_B7_TJRN_NOVA_BIBLIOTECA_TJRN_.mp3,25_05_2026,TJRN_NOVA_BIBLIOTECA_TJRN,,TJRN,NAO,H:\Meu Drive\RADIO TJRN CONTEÚDO\00_PRODUCAO_2026\01_BOLETINS_DIARIOS\03_AUDIOS_RADIO\05 - MAI - 26\25 05 - SEG
MAIO,NJUD N/A,BOLETIM_RADIO_TJRN_25_05_2026_B7_TJRN_NOVA_BIBLIOTECA_TJRN__1782542977.mp3,25_05_2026,TJRN_NOVA_BIBLIOTECA_TJRN__1782542977,,TJRN,NAO,H:\Meu Drive\RADIO TJRN CONTEÚDO\00_PRODUCAO_2026\01_BOLETINS_DIARIOS\03_AUDIOS_RADIO\05 - MAI - 26\25 05 - SEG
MAIO,NJUD N/A,BOLETIM_RADIO_TJRN_25_05_2026_B7_TJRN_NOVA_BIBLIOTECA_TJRN__RESTORED.mp3,25_05_2026,TJRN_NOVA_BIBLIOTECA_TJRN__RESTORED,,TJRN,NAO,H:\Meu Drive\RADIO TJRN CONTEÚDO\00_PRODUCAO_2026\01_BOLETINS_DIARIOS\03_AUDIOS_RADIO\05 - MAI - 26\25 05 - SEG
MAIO,NJUD N/A,BOLETIM_RADIO_TJRN_25_05_2026_B8_TJRN_CURSO_ADOCAO_.mp3,25_05_2026,TJRN_CURSO_ADOCAO,,TJRN,NAO,H:\Meu Drive\RADIO TJRN CONTEÚDO\00_PRODUCAO_2026\01_BOLETINS_DIARIOS\03_AUDIOS_RADIO\05 - MAI - 26\25 05 - SEG
MAIO,NJUD N/A,BOLETIM_RADIO_TJRN_25_05_2026_B8_TJRN_CURSO_ADOCAO__1782542977.mp3,25_05_2026,TJRN_CURSO_ADOCAO__1782542977,,TJRN,NAO,H:\Meu Drive\RADIO TJRN CONTEÚDO\00_PRODUCAO_2026\01_BOLETINS_DIARIOS\03_AUDIOS_RADIO\05 - MAI - 26\25 05 - SEG
MAIO,NJUD N/A,BOLETIM_RADIO_TJRN_25_05_2026_B8_TJRN_CURSO_ADOCAO__RESTORED.mp3,25_05_2026,TJRN_CURSO_ADOCAO__RESTORED,,TJRN,NAO,H:\Meu Drive\RADIO TJRN CONTEÚDO\00_PRODUCAO_2026\01_BOLETINS_DIARIOS\03_AUDIOS_RADIO\05 - MAI - 26\25 05 - SEG
MAIO,NJUD N/A,BOLETIM_RADIO_TJRN_25_05_2026_B9_TRTRN_EMPRESA_PAGARA_INDENIZACAO_.mp3,25_05_2026,TRTRN_EMPRESA_PAGARA_INDENIZACAO,,TJRN,NAO,H:\Meu Drive\RADIO TJRN CONTEÚDO\00_PRODUCAO_2026\01_BOLETINS_DIARIOS\03_AUDIOS_RADIO\05 - MAI - 26\25 05 - SEG
MAIO,NJUD N/A,BOLETIM_RADIO_TJRN_25_05_2026_B9_TRTRN_EMPRESA_PAGARA_INDENIZACAO__1782542977.mp3,25_05_2026,TRTRN_EMPRESA_PAGARA_INDENIZACAO__1782542977,,TJRN,NAO,H:\Meu Drive\RADIO TJRN CONTEÚDO\00_PRODUCAO_2026\01_BOLETINS_DIARIOS\03_AUDIOS_RADIO\05 - MAI - 26\25 05 - SEG
MAIO,NJUD N/A,BOLETIM_RADIO_TJRN_25_05_2026_B9_TRTRN_EMPRESA_PAGARA_INDENIZACAO__RESTORED.mp3,25_05_2026,TRTRN_EMPRESA_PAGARA_INDENIZACAO__RESTORED,,TJRN,NAO,H:\Meu Drive\RADIO TJRN CONTEÚDO\00_PRODUCAO_2026\01_BOLETINS_DIARIOS\03_AUDIOS_RADIO\05 - MAI - 26\25 05 - SEG
MAIO,NJUD N/A,BOLETIM_RADIO_TJRN_26_05_2026_B10_DPERN_REGULAMENTACAO_CANNABIS_ (1).mp3,26_05_2026,DPERN_REGULAMENTACAO_CANNABIS_ (1),,TJRN,NAO,H:\Meu Drive\RADIO TJRN CONTEÚDO\00_PRODUCAO_2026\01_BOLETINS_DIARIOS\03_AUDIOS_RADIO\05 - MAI - 26\26 05 - TER
MAIO,NJUD N/A,BOLETIM_RADIO_TJRN_26_05_2026_B10_DPERN_REGULAMENTACAO_CANNABIS_.mp3,26_05_2026,DPERN_REGULAMENTACAO_CANNABIS,,TJRN,NAO,H:\Meu Drive\RADIO TJRN CONTEÚDO\00_PRODUCAO_2026\01_BOLETINS_DIARIOS\03_AUDIOS_RADIO\05 - MAI - 26\26 05 - TER
MAIO,NJUD N/A,BOLETIM_RADIO_TJRN_26_05_2026_B10_DPERN_REGULAMENTACAO_CANNABIS__1782517285.mp3,26_05_2026,DPERN_REGULAMENTACAO_CANNABIS__1782517285,,TJRN,NAO,H:\Meu Drive\RADIO TJRN CONTEÚDO\00_PRODUCAO_2026\01_BOLETINS_DIARIOS\03_AUDIOS_RADIO\05 - MAI - 26\26 05 - TER
MAIO,NJUD N/A,BOLETIM_RADIO_TJRN_26_05_2026_B10_DPERN_REGULAMENTACAO_CANNABIS__1782542977.mp3,26_05_2026,DPERN_REGULAMENTACAO_CANNABIS__1782542977,,TJRN,NAO,H:\Meu Drive\RADIO TJRN CONTEÚDO\00_PRODUCAO_2026\01_BOLETINS_DIARIOS\03_AUDIOS_RADIO\05 - MAI - 26\26 05 - TER
MAIO,NJUD N/A,BOLETIM_RADIO_TJRN_26_05_2026_B10_DPERN_REGULAMENTACAO_CANNABIS__RESTORED.mp3,26_05_2026,DPERN_REGULAMENTACAO_CANNABIS__RESTORED,,TJRN,NAO,H:\Meu Drive\RADIO TJRN CONTEÚDO\00_PRODUCAO_2026\01_BOLETINS_DIARIOS\03_AUDIOS_RADIO\05 - MAI - 26\26 05 - TER
MAIO,NJUD N/A,BOLETIM_RADIO_TJRN_26_05_2026_B1_TJRN_ENCERRAMENTO_SEMANA_ADOCAO_.mp3,26_05_2026,TJRN_ENCERRAMENTO_SEMANA_ADOCAO,,TJRN,NAO,H:\Meu Drive\RADIO TJRN CONTEÚDO\00_PRODUCAO_2026\01_BOLETINS_DIARIOS\03_AUDIOS_RADIO\05 - MAI - 26\26 05 - TER
MAIO,NJUD N/A,BOLETIM_RADIO_TJRN_26_05_2026_B1_TJRN_ENCERRAMENTO_SEMANA_ADOCAO__1782517285.mp3,26_05_2026,TJRN_ENCERRAMENTO_SEMANA_ADOCAO__1782517285,,TJRN,NAO,H:\Meu Drive\RADIO TJRN CONTEÚDO\00_PRODUCAO_2026\01_BOLETINS_DIARIOS\03_AUDIOS_RADIO\05 - MAI - 26\26 05 - TER
MAIO,NJUD N/A,BOLETIM_RADIO_TJRN_26_05_2026_B1_TJRN_ENCERRAMENTO_SEMANA_ADOCAO__1782542977.mp3,26_05_2026,TJRN_ENCERRAMENTO_SEMANA_ADOCAO__1782542977,,TJRN,NAO,H:\Meu Drive\RADIO TJRN CONTEÚDO\00_PRODUCAO_2026\01_BOLETINS_DIARIOS\03_AUDIOS_RADIO\05 - MAI - 26\26 05 - TER
MAIO,NJUD N/A,BOLETIM_RADIO_TJRN_26_05_2026_B1_TJRN_ENCERRAMENTO_SEMANA_ADOCAO__RESTORED.mp3,26_05_2026,TJRN_ENCERRAMENTO_SEMANA_ADOCAO__RESTORED,,TJRN,NAO,H:\Meu Drive\RADIO TJRN CONTEÚDO\00_PRODUCAO_2026\01_BOLETINS_DIARIOS\03_AUDIOS_RADIO\05 - MAI - 26\26 05 - TER
MAIO,NJUD N/A,BOLETIM_RADIO_TJRN_26_05_2026_B2_TJRN_EMPRESAS_RESPONSABILIZADAS_CARGA_.mp3,26_05_2026,TJRN_EMPRESAS_RESPONSABILIZADAS_CARGA,,TJRN,NAO,H:\Meu Drive\RADIO TJRN CONTEÚDO\00_PRODUCAO_2026\01_BOLETINS_DIARIOS\03_AUDIOS_RADIO\05 - MAI - 26\26 05 - TER
MAIO,NJUD N/A,BOLETIM_RADIO_TJRN_26_05_2026_B2_TJRN_EMPRESAS_RESPONSABILIZADAS_CARGA__1782517285.mp3,26_05_2026,TJRN_EMPRESAS_RESPONSABILIZADAS_CARGA__1782517285,,TJRN,NAO,H:\Meu Drive\RADIO TJRN CONTEÚDO\00_PRODUCAO_2026\01_BOLETINS_DIARIOS\03_AUDIOS_RADIO\05 - MAI - 26\26 05 - TER
MAIO,NJUD N/A,BOLETIM_RADIO_TJRN_26_05_2026_B2_TJRN_EMPRESAS_RESPONSABILIZADAS_CARGA__1782542977.mp3,26_05_2026,TJRN_EMPRESAS_RESPONSABILIZADAS_CARGA__1782542977,,TJRN,NAO,H:\Meu Drive\RADIO TJRN CONTEÚDO\00_PRODUCAO_2026\01_BOLETINS_DIARIOS\03_AUDIOS_RADIO\05 - MAI - 26\26 05 - TER
MAIO,NJUD N/A,BOLETIM_RADIO_TJRN_26_05_2026_B2_TJRN_EMPRESAS_RESPONSABILIZADAS_CARGA__RESTORED.mp3,26_05_2026,TJRN_EMPRESAS_RESPONSABILIZADAS_CARGA__RESTORED,,TJRN,NAO,H:\Meu Drive\RADIO TJRN CONTEÚDO\00_PRODUCAO_2026\01_BOLETINS_DIARIOS\03_AUDIOS_RADIO\05 - MAI - 26\26 05 - TER
MAIO,NJUD N/A,BOLETIM_RADIO_TJRN_26_05_2026_B3_TJRN_CONSUMIDORA_VENCE_ACAO_.mp3,26_05_2026,TJRN_CONSUMIDORA_VENCE_ACAO,,TJRN,NAO,H:\Meu Drive\RADIO TJRN CONTEÚDO\00_PRODUCAO_2026\01_BOLETINS_DIARIOS\03_AUDIOS_RADIO\05 - MAI - 26\26 05 - TER
MAIO,NJUD N/A,BOLETIM_RADIO_TJRN_26_05_2026_B3_TJRN_CONSUMIDORA_VENCE_ACAO__1782517285.mp3,26_05_2026,TJRN_CONSUMIDORA_VENCE_ACAO__1782517285,,TJRN,NAO,H:\Meu Drive\RADIO TJRN CONTEÚDO\00_PRODUCAO_2026\01_BOLETINS_DIARIOS\03_AUDIOS_RADIO\05 - MAI - 26\26 05 - TER
MAIO,NJUD N/A,BOLETIM_RADIO_TJRN_26_05_2026_B3_TJRN_CONSUMIDORA_VENCE_ACAO__1782542977.mp3,26_05_2026,TJRN_CONSUMIDORA_VENCE_ACAO__1782542977,,TJRN,NAO,H:\Meu Drive\RADIO TJRN CONTEÚDO\00_PRODUCAO_2026\01_BOLETINS_DIARIOS\03_AUDIOS_RADIO\05 - MAI - 26\26 05 - TER
MAIO,NJUD N/A,BOLETIM_RADIO_TJRN_26_05_2026_B3_TJRN_CONSUMIDORA_VENCE_ACAO__RESTORED.mp3,26_05_2026,TJRN_CONSUMIDORA_VENCE_ACAO__RESTORED,,TJRN,NAO,H:\Meu Drive\RADIO TJRN CONTEÚDO\00_PRODUCAO_2026\01_BOLETINS_DIARIOS\03_AUDIOS_RADIO\05 - MAI - 26\26 05 - TER
MAIO,NJUD N/A,BOLETIM_RADIO_TJRN_26_05_2026_B4_TJRN_VARA_FAMILIA_SELECAO_ (1).mp3,26_05_2026,TJRN_VARA_FAMILIA_SELECAO_ (1),,TJRN,NAO,H:\Meu Drive\RADIO TJRN CONTEÚDO\00_PRODUCAO_2026\01_BOLETINS_DIARIOS\03_AUDIOS_RADIO\05 - MAI - 26\26 05 - TER
MAIO,NJUD N/A,BOLETIM_RADIO_TJRN_26_05_2026_B4_TJRN_VARA_FAMILIA_SELECAO_.mp3,26_05_2026,TJRN_VARA_FAMILIA_SELECAO,,TJRN,NAO,H:\Meu Drive\RADIO TJRN CONTEÚDO\00_PRODUCAO_2026\01_BOLETINS_DIARIOS\03_AUDIOS_RADIO\05 - MAI - 26\26 05 - TER
MAIO,NJUD N/A,BOLETIM_RADIO_TJRN_26_05_2026_B4_TJRN_VARA_FAMILIA_SELECAO__1782517284.mp3,26_05_2026,TJRN_VARA_FAMILIA_SELECAO__1782517284,,TJRN,NAO,H:\Meu Drive\RADIO TJRN CONTEÚDO\00_PRODUCAO_2026\01_BOLETINS_DIARIOS\03_AUDIOS_RADIO\05 - MAI - 26\26 05 - TER
MAIO,NJUD N/A,BOLETIM_RADIO_TJRN_26_05_2026_B4_TJRN_VARA_FAMILIA_SELECAO__1782542977.mp3,26_05_2026,TJRN_VARA_FAMILIA_SELECAO__1782542977,,TJRN,NAO,H:\Meu Drive\RADIO TJRN CONTEÚDO\00_PRODUCAO_2026\01_BOLETINS_DIARIOS\03_AUDIOS_RADIO\05 - MAI - 26\26 05 - TER
MAIO,NJUD N/A,BOLETIM_RADIO_TJRN_26_05_2026_B4_TJRN_VARA_FAMILIA_SELECAO__RESTORED.mp3,26_05_2026,TJRN_VARA_FAMILIA_SELECAO__RESTORED,,TJRN,NAO,H:\Meu Drive\RADIO TJRN CONTEÚDO\00_PRODUCAO_2026\01_BOLETINS_DIARIOS\03_AUDIOS_RADIO\05 - MAI - 26\26 05 - TER
MAIO,NJUD N/A,BOLETIM_RADIO_TJRN_26_05_2026_B5_TJRN_CURSO_ADOCAO_ (1).mp3,26_05_2026,TJRN_CURSO_ADOCAO_ (1),,TJRN,NAO,H:\Meu Drive\RADIO TJRN CONTEÚDO\00_PRODUCAO_2026\01_BOLETINS_DIARIOS\03_AUDIOS_RADIO\05 - MAI - 26\26 05 - TER
MAIO,NJUD N/A,BOLETIM_RADIO_TJRN_26_05_2026_B5_TJRN_CURSO_ADOCAO_.mp3,26_05_2026,TJRN_CURSO_ADOCAO,,TJRN,NAO,H:\Meu Drive\RADIO TJRN CONTEÚDO\00_PRODUCAO_2026\01_BOLETINS_DIARIOS\03_AUDIOS_RADIO\05 - MAI - 26\26 05 - TER
MAIO,NJUD N/A,BOLETIM_RADIO_TJRN_26_05_2026_B5_TJRN_CURSO_ADOCAO__1782517285.mp3,26_05_2026,TJRN_CURSO_ADOCAO__1782517285,,TJRN,NAO,H:\Meu Drive\RADIO TJRN CONTEÚDO\00_PRODUCAO_2026\01_BOLETINS_DIARIOS\03_AUDIOS_RADIO\05 - MAI - 26\26 05 - TER
MAIO,NJUD N/A,BOLETIM_RADIO_TJRN_26_05_2026_B5_TJRN_CURSO_ADOCAO__1782542977.mp3,26_05_2026,TJRN_CURSO_ADOCAO__1782542977,,TJRN,NAO,H:\Meu Drive\RADIO TJRN CONTEÚDO\00_PRODUCAO_2026\01_BOLETINS_DIARIOS\03_AUDIOS_RADIO\05 - MAI - 26\26 05 - TER
MAIO,NJUD N/A,BOLETIM_RADIO_TJRN_26_05_2026_B5_TJRN_CURSO_ADOCAO__RESTORED.mp3,26_05_2026,TJRN_CURSO_ADOCAO__RESTORED,,TJRN,NAO,H:\Meu Drive\RADIO TJRN CONTEÚDO\00_PRODUCAO_2026\01_BOLETINS_DIARIOS\03_AUDIOS_RADIO\05 - MAI - 26\26 05 - TER
MAIO,NJUD N/A,BOLETIM_RADIO_TJRN_26_05_2026_B6_TJRN_PODCAST_IA_CIBERSEGURANCA_ (1).mp3,26_05_2026,TJRN_PODCAST_IA_CIBERSEGURANCA_ (1),,TJRN,NAO,H:\Meu Drive\RADIO TJRN CONTEÚDO\00_PRODUCAO_2026\01_BOLETINS_DIARIOS\03_AUDIOS_RADIO\05 - MAI - 26\26 05 - TER
MAIO,NJUD N/A,BOLETIM_RADIO_TJRN_26_05_2026_B6_TJRN_PODCAST_IA_CIBERSEGURANCA_.mp3,26_05_2026,TJRN_PODCAST_IA_CIBERSEGURANCA,,TJRN,NAO,H:\Meu Drive\RADIO TJRN CONTEÚDO\00_PRODUCAO_2026\01_BOLETINS_DIARIOS\03_AUDIOS_RADIO\05 - MAI - 26\26 05 - TER
MAIO,NJUD N/A,BOLETIM_RADIO_TJRN_26_05_2026_B6_TJRN_PODCAST_IA_CIBERSEGURANCA__1782517284.mp3,26_05_2026,TJRN_PODCAST_IA_CIBERSEGURANCA__1782517284,,TJRN,NAO,H:\Meu Drive\RADIO TJRN CONTEÚDO\00_PRODUCAO_2026\01_BOLETINS_DIARIOS\03_AUDIOS_RADIO\05 - MAI - 26\26 05 - TER
MAIO,NJUD N/A,BOLETIM_RADIO_TJRN_26_05_2026_B6_TJRN_PODCAST_IA_CIBERSEGURANCA__1782542977.mp3,26_05_2026,TJRN_PODCAST_IA_CIBERSEGURANCA__1782542977,,TJRN,NAO,H:\Meu Drive\RADIO TJRN CONTEÚDO\00_PRODUCAO_2026\01_BOLETINS_DIARIOS\03_AUDIOS_RADIO\05 - MAI - 26\26 05 - TER
MAIO,NJUD N/A,BOLETIM_RADIO_TJRN_26_05_2026_B6_TJRN_PODCAST_IA_CIBERSEGURANCA__RESTORED.mp3,26_05_2026,TJRN_PODCAST_IA_CIBERSEGURANCA__RESTORED,,TJRN,NAO,H:\Meu Drive\RADIO TJRN CONTEÚDO\00_PRODUCAO_2026\01_BOLETINS_DIARIOS\03_AUDIOS_RADIO\05 - MAI - 26\26 05 - TER
MAIO,NJUD N/A,BOLETIM_RADIO_TJRN_26_05_2026_B7_TJRN_PLANO_SAUDE_INDENIZA_GESTANTE_ (1).mp3,26_05_2026,TJRN_PLANO_SAUDE_INDENIZA_GESTANTE_ (1),,TJRN,NAO,H:\Meu Drive\RADIO TJRN CONTEÚDO\00_PRODUCAO_2026\01_BOLETINS_DIARIOS\03_AUDIOS_RADIO\05 - MAI - 26\26 05 - TER
MAIO,NJUD N/A,BOLETIM_RADIO_TJRN_26_05_2026_B7_TJRN_PLANO_SAUDE_INDENIZA_GESTANTE_.mp3,26_05_2026,TJRN_PLANO_SAUDE_INDENIZA_GESTANTE,,TJRN,NAO,H:\Meu Drive\RADIO TJRN CONTEÚDO\00_PRODUCAO_2026\01_BOLETINS_DIARIOS\03_AUDIOS_RADIO\05 - MAI - 26\26 05 - TER
MAIO,NJUD N/A,BOLETIM_RADIO_TJRN_26_05_2026_B7_TJRN_PLANO_SAUDE_INDENIZA_GESTANTE__1782517284.mp3,26_05_2026,TJRN_PLANO_SAUDE_INDENIZA_GESTANTE__1782517284,,TJRN,NAO,H:\Meu Drive\RADIO TJRN CONTEÚDO\00_PRODUCAO_2026\01_BOLETINS_DIARIOS\03_AUDIOS_RADIO\05 - MAI - 26\26 05 - TER
MAIO,NJUD N/A,BOLETIM_RADIO_TJRN_26_05_2026_B7_TJRN_PLANO_SAUDE_INDENIZA_GESTANTE__1782542977.mp3,26_05_2026,TJRN_PLANO_SAUDE_INDENIZA_GESTANTE__1782542977,,TJRN,NAO,H:\Meu Drive\RADIO TJRN CONTEÚDO\00_PRODUCAO_2026\01_BOLETINS_DIARIOS\03_AUDIOS_RADIO\05 - MAI - 26\26 05 - TER
MAIO,NJUD N/A,BOLETIM_RADIO_TJRN_26_05_2026_B7_TJRN_PLANO_SAUDE_INDENIZA_GESTANTE__RESTORED.mp3,26_05_2026,TJRN_PLANO_SAUDE_INDENIZA_GESTANTE__RESTORED,,TJRN,NAO,H:\Meu Drive\RADIO TJRN CONTEÚDO\00_PRODUCAO_2026\01_BOLETINS_DIARIOS\03_AUDIOS_RADIO\05 - MAI - 26\26 05 - TER
MAIO,NJUD N/A,BOLETIM_RADIO_TJRN_26_05_2026_B8_ESMARN_INSCRICOES_CURSO_COMPLIANCE_ (1).mp3,26_05_2026,ESMARN_INSCRICOES_CURSO_COMPLIANCE_ (1),,TJRN,NAO,H:\Meu Drive\RADIO TJRN CONTEÚDO\00_PRODUCAO_2026\01_BOLETINS_DIARIOS\03_AUDIOS_RADIO\05 - MAI - 26\26 05 - TER
MAIO,NJUD N/A,BOLETIM_RADIO_TJRN_26_05_2026_B8_ESMARN_INSCRICOES_CURSO_COMPLIANCE_ (2).mp3,26_05_2026,ESMARN_INSCRICOES_CURSO_COMPLIANCE_ (2),,TJRN,NAO,H:\Meu Drive\RADIO TJRN CONTEÚDO\00_PRODUCAO_2026\01_BOLETINS_DIARIOS\03_AUDIOS_RADIO\05 - MAI - 26\26 05 - TER
MAIO,NJUD N/A,BOLETIM_RADIO_TJRN_26_05_2026_B8_ESMARN_INSCRICOES_CURSO_COMPLIANCE_.mp3,26_05_2026,ESMARN_INSCRICOES_CURSO_COMPLIANCE,,TJRN,NAO,H:\Meu Drive\RADIO TJRN CONTEÚDO\00_PRODUCAO_2026\01_BOLETINS_DIARIOS\03_AUDIOS_RADIO\05 - MAI - 26\26 05 - TER
MAIO,NJUD N/A,BOLETIM_RADIO_TJRN_26_05_2026_B8_ESMARN_INSCRICOES_CURSO_COMPLIANCE__1782517285.mp3,26_05_2026,ESMARN_INSCRICOES_CURSO_COMPLIANCE__1782517285,,TJRN,NAO,H:\Meu Drive\RADIO TJRN CONTEÚDO\00_PRODUCAO_2026\01_BOLETINS_DIARIOS\03_AUDIOS_RADIO\05 - MAI - 26\26 05 - TER
MAIO,NJUD N/A,BOLETIM_RADIO_TJRN_26_05_2026_B8_ESMARN_INSCRICOES_CURSO_COMPLIANCE__1782542977.mp3,26_05_2026,ESMARN_INSCRICOES_CURSO_COMPLIANCE__1782542977,,TJRN,NAO,H:\Meu Drive\RADIO TJRN CONTEÚDO\00_PRODUCAO_2026\01_BOLETINS_DIARIOS\03_AUDIOS_RADIO\05 - MAI - 26\26 05 - TER
MAIO,NJUD N/A,BOLETIM_RADIO_TJRN_26_05_2026_B8_ESMARN_INSCRICOES_CURSO_COMPLIANCE__RESTORED.mp3,26_05_2026,ESMARN_INSCRICOES_CURSO_COMPLIANCE__RESTORED,,TJRN,NAO,H:\Meu Drive\RADIO TJRN CONTEÚDO\00_PRODUCAO_2026\01_BOLETINS_DIARIOS\03_AUDIOS_RADIO\05 - MAI - 26\26 05 - TER
MAIO,NJUD N/A,BOLETIM_RADIO_TJRN_26_05_2026_B9_OABRN_PANFLETAGEM_FALSO_ADVOGADO_ (1).mp3,26_05_2026,OABRN_PANFLETAGEM_FALSO_ADVOGADO_ (1),,TJRN,NAO,H:\Meu Drive\RADIO TJRN CONTEÚDO\00_PRODUCAO_2026\01_BOLETINS_DIARIOS\03_AUDIOS_RADIO\05 - MAI - 26\26 05 - TER
MAIO,NJUD N/A,BOLETIM_RADIO_TJRN_26_05_2026_B9_OABRN_PANFLETAGEM_FALSO_ADVOGADO_.mp3,26_05_2026,OABRN_PANFLETAGEM_FALSO_ADVOGADO,,TJRN,NAO,H:\Meu Drive\RADIO TJRN CONTEÚDO\00_PRODUCAO_2026\01_BOLETINS_DIARIOS\03_AUDIOS_RADIO\05 - MAI - 26\26 05 - TER
MAIO,NJUD N/A,BOLETIM_RADIO_TJRN_26_05_2026_B9_OABRN_PANFLETAGEM_FALSO_ADVOGADO__1782517284.mp3,26_05_2026,OABRN_PANFLETAGEM_FALSO_ADVOGADO__1782517284,,TJRN,NAO,H:\Meu Drive\RADIO TJRN CONTEÚDO\00_PRODUCAO_2026\01_BOLETINS_DIARIOS\03_AUDIOS_RADIO\05 - MAI - 26\26 05 - TER
MAIO,NJUD N/A,BOLETIM_RADIO_TJRN_26_05_2026_B9_OABRN_PANFLETAGEM_FALSO_ADVOGADO__1782542977.mp3,26_05_2026,OABRN_PANFLETAGEM_FALSO_ADVOGADO__1782542977,,TJRN,NAO,H:\Meu Drive\RADIO TJRN CONTEÚDO\00_PRODUCAO_2026\01_BOLETINS_DIARIOS\03_AUDIOS_RADIO\05 - MAI - 26\26 05 - TER
MAIO,NJUD N/A,BOLETIM_RADIO_TJRN_26_05_2026_B9_OABRN_PANFLETAGEM_FALSO_ADVOGADO__RESTORED.mp3,26_05_2026,OABRN_PANFLETAGEM_FALSO_ADVOGADO__RESTORED,,TJRN,NAO,H:\Meu Drive\RADIO TJRN CONTEÚDO\00_PRODUCAO_2026\01_BOLETINS_DIARIOS\03_AUDIOS_RADIO\05 - MAI - 26\26 05 - TER
MAIO,NJUD N/A,BOLETIM_RADIO_TJRN_27_05_2026_B10_MPRN_CONDENACAO_BANCO_COBRANCA (1).mp3,27_05_2026,MPRN_CONDENACAO_BANCO_COBRANCA (1),,TJRN,NAO,H:\Meu Drive\RADIO TJRN CONTEÚDO\00_PRODUCAO_2026\01_BOLETINS_DIARIOS\03_AUDIOS_RADIO\05 - MAI - 26\27 05 - QUA
MAIO,NJUD N/A,BOLETIM_RADIO_TJRN_27_05_2026_B10_MPRN_CONDENACAO_BANCO_COBRANCA.mp3,27_05_2026,MPRN_CONDENACAO_BANCO_COBRANCA,,TJRN,NAO,H:\Meu Drive\RADIO TJRN CONTEÚDO\00_PRODUCAO_2026\01_BOLETINS_DIARIOS\03_AUDIOS_RADIO\05 - MAI - 26\27 05 - QUA
MAIO,NJUD N/A,BOLETIM_RADIO_TJRN_27_05_2026_B10_MPRN_CONDENACAO_BANCO_COBRANCA_1782517285.mp3,27_05_2026,MPRN_CONDENACAO_BANCO_COBRANCA_1782517285,,TJRN,NAO,H:\Meu Drive\RADIO TJRN CONTEÚDO\00_PRODUCAO_2026\01_BOLETINS_DIARIOS\03_AUDIOS_RADIO\05 - MAI - 26\27 05 - QUA
MAIO,NJUD N/A,BOLETIM_RADIO_TJRN_27_05_2026_B10_MPRN_CONDENACAO_BANCO_COBRANCA_1782542977.mp3,27_05_2026,MPRN_CONDENACAO_BANCO_COBRANCA_1782542977,,TJRN,NAO,H:\Meu Drive\RADIO TJRN CONTEÚDO\00_PRODUCAO_2026\01_BOLETINS_DIARIOS\03_AUDIOS_RADIO\05 - MAI - 26\27 05 - QUA
MAIO,NJUD N/A,BOLETIM_RADIO_TJRN_27_05_2026_B10_MPRN_CONDENACAO_BANCO_COBRANCA_RESTORED.mp3,27_05_2026,MPRN_CONDENACAO_BANCO_COBRANCA_RESTORED,,TJRN,NAO,H:\Meu Drive\RADIO TJRN CONTEÚDO\00_PRODUCAO_2026\01_BOLETINS_DIARIOS\03_AUDIOS_RADIO\05 - MAI - 26\27 05 - QUA
MAIO,NJUD N/A,BOLETIM_RADIO_TJRN_27_05_2026_B1_TJRN_ESTADO_FORNECER_APARELHO_IDOSA (1).mp3,27_05_2026,TJRN_ESTADO_FORNECER_APARELHO_IDOSA (1),,TJRN,NAO,H:\Meu Drive\RADIO TJRN CONTEÚDO\00_PRODUCAO_2026\01_BOLETINS_DIARIOS\03_AUDIOS_RADIO\05 - MAI - 26\27 05 - QUA
MAIO,NJUD N/A,BOLETIM_RADIO_TJRN_27_05_2026_B1_TJRN_ESTADO_FORNECER_APARELHO_IDOSA.mp3,27_05_2026,TJRN_ESTADO_FORNECER_APARELHO_IDOSA,,TJRN,NAO,H:\Meu Drive\RADIO TJRN CONTEÚDO\00_PRODUCAO_2026\01_BOLETINS_DIARIOS\03_AUDIOS_RADIO\05 - MAI - 26\27 05 - QUA
MAIO,NJUD N/A,BOLETIM_RADIO_TJRN_27_05_2026_B1_TJRN_ESTADO_FORNECER_APARELHO_IDOSA_1782517285.mp3,27_05_2026,TJRN_ESTADO_FORNECER_APARELHO_IDOSA_1782517285,,TJRN,NAO,H:\Meu Drive\RADIO TJRN CONTEÚDO\00_PRODUCAO_2026\01_BOLETINS_DIARIOS\03_AUDIOS_RADIO\05 - MAI - 26\27 05 - QUA
MAIO,NJUD N/A,BOLETIM_RADIO_TJRN_27_05_2026_B1_TJRN_ESTADO_FORNECER_APARELHO_IDOSA_1782542977.mp3,27_05_2026,TJRN_ESTADO_FORNECER_APARELHO_IDOSA_1782542977,,TJRN,NAO,H:\Meu Drive\RADIO TJRN CONTEÚDO\00_PRODUCAO_2026\01_BOLETINS_DIARIOS\03_AUDIOS_RADIO\05 - MAI - 26\27 05 - QUA
MAIO,NJUD N/A,BOLETIM_RADIO_TJRN_27_05_2026_B1_TJRN_ESTADO_FORNECER_APARELHO_IDOSA_RESTORED.mp3,27_05_2026,TJRN_ESTADO_FORNECER_APARELHO_IDOSA_RESTORED,,TJRN,NAO,H:\Meu Drive\RADIO TJRN CONTEÚDO\00_PRODUCAO_2026\01_BOLETINS_DIARIOS\03_AUDIOS_RADIO\05 - MAI - 26\27 05 - QUA
MAIO,NJUD N/A,BOLETIM_RADIO_TJRN_27_05_2026_B2_TJRN_ESTADO_CONDENADO_OPERACAO_POLICIAL (1).mp3,27_05_2026,TJRN_ESTADO_CONDENADO_OPERACAO_POLICIAL (1),,TJRN,NAO,H:\Meu Drive\RADIO TJRN CONTEÚDO\00_PRODUCAO_2026\01_BOLETINS_DIARIOS\03_AUDIOS_RADIO\05 - MAI - 26\27 05 - QUA
MAIO,NJUD N/A,BOLETIM_RADIO_TJRN_27_05_2026_B2_TJRN_ESTADO_CONDENADO_OPERACAO_POLICIAL.mp3,27_05_2026,TJRN_ESTADO_CONDENADO_OPERACAO_POLICIAL,,TJRN,NAO,H:\Meu Drive\RADIO TJRN CONTEÚDO\00_PRODUCAO_2026\01_BOLETINS_DIARIOS\03_AUDIOS_RADIO\05 - MAI - 26\27 05 - QUA
MAIO,NJUD N/A,BOLETIM_RADIO_TJRN_27_05_2026_B2_TJRN_ESTADO_CONDENADO_OPERACAO_POLICIAL_1782517285.mp3,27_05_2026,TJRN_ESTADO_CONDENADO_OPERACAO_POLICIAL_1782517285,,TJRN,NAO,H:\Meu Drive\RADIO TJRN CONTEÚDO\00_PRODUCAO_2026\01_BOLETINS_DIARIOS\03_AUDIOS_RADIO\05 - MAI - 26\27 05 - QUA
MAIO,NJUD N/A,BOLETIM_RADIO_TJRN_27_05_2026_B2_TJRN_ESTADO_CONDENADO_OPERACAO_POLICIAL_1782542977.mp3,27_05_2026,TJRN_ESTADO_CONDENADO_OPERACAO_POLICIAL_1782542977,,TJRN,NAO,H:\Meu Drive\RADIO TJRN CONTEÚDO\00_PRODUCAO_2026\01_BOLETINS_DIARIOS\03_AUDIOS_RADIO\05 - MAI - 26\27 05 - QUA
MAIO,NJUD N/A,BOLETIM_RADIO_TJRN_27_05_2026_B2_TJRN_ESTADO_CONDENADO_OPERACAO_POLICIAL_RESTORED.mp3,27_05_2026,TJRN_ESTADO_CONDENADO_OPERACAO_POLICIAL_RESTORED,,TJRN,NAO,H:\Meu Drive\RADIO TJRN CONTEÚDO\00_PRODUCAO_2026\01_BOLETINS_DIARIOS\03_AUDIOS_RADIO\05 - MAI - 26\27 05 - QUA
MAIO,NJUD N/A,BOLETIM_RADIO_TJRN_27_05_2026_B3_TJRN_TRIBUNAIS_PLANOS_ACAO_JUNHO (1).mp3,27_05_2026,TJRN_TRIBUNAIS_PLANOS_ACAO_JUNHO (1),,TJRN,NAO,H:\Meu Drive\RADIO TJRN CONTEÚDO\00_PRODUCAO_2026\01_BOLETINS_DIARIOS\03_AUDIOS_RADIO\05 - MAI - 26\27 05 - QUA
MAIO,NJUD N/A,BOLETIM_RADIO_TJRN_27_05_2026_B3_TJRN_TRIBUNAIS_PLANOS_ACAO_JUNHO.mp3,27_05_2026,TJRN_TRIBUNAIS_PLANOS_ACAO_JUNHO,,TJRN,NAO,H:\Meu Drive\RADIO TJRN CONTEÚDO\00_PRODUCAO_2026\01_BOLETINS_DIARIOS\03_AUDIOS_RADIO\05 - MAI - 26\27 05 - QUA
MAIO,NJUD N/A,BOLETIM_RADIO_TJRN_27_05_2026_B3_TJRN_TRIBUNAIS_PLANOS_ACAO_JUNHO_1782517285.mp3,27_05_2026,TJRN_TRIBUNAIS_PLANOS_ACAO_JUNHO_1782517285,,TJRN,NAO,H:\Meu Drive\RADIO TJRN CONTEÚDO\00_PRODUCAO_2026\01_BOLETINS_DIARIOS\03_AUDIOS_RADIO\05 - MAI - 26\27 05 - QUA
MAIO,NJUD N/A,BOLETIM_RADIO_TJRN_27_05_2026_B3_TJRN_TRIBUNAIS_PLANOS_ACAO_JUNHO_1782542977.mp3,27_05_2026,TJRN_TRIBUNAIS_PLANOS_ACAO_JUNHO_1782542977,,TJRN,NAO,H:\Meu Drive\RADIO TJRN CONTEÚDO\00_PRODUCAO_2026\01_BOLETINS_DIARIOS\03_AUDIOS_RADIO\05 - MAI - 26\27 05 - QUA
MAIO,NJUD N/A,BOLETIM_RADIO_TJRN_27_05_2026_B3_TJRN_TRIBUNAIS_PLANOS_ACAO_JUNHO_RESTORED.mp3,27_05_2026,TJRN_TRIBUNAIS_PLANOS_ACAO_JUNHO_RESTORED,,TJRN,NAO,H:\Meu Drive\RADIO TJRN CONTEÚDO\00_PRODUCAO_2026\01_BOLETINS_DIARIOS\03_AUDIOS_RADIO\05 - MAI - 26\27 05 - QUA
MAIO,NJUD N/A,BOLETIM_RADIO_TJRN_27_05_2026_B4_TJRN_ACESSIBILIDADE_DIGITAL_ (1).mp3,27_05_2026,TJRN_ACESSIBILIDADE_DIGITAL_ (1),,TJRN,NAO,H:\Meu Drive\RADIO TJRN CONTEÚDO\00_PRODUCAO_2026\01_BOLETINS_DIARIOS\03_AUDIOS_RADIO\05 - MAI - 26\27 05 - QUA
MAIO,NJUD N/A,BOLETIM_RADIO_TJRN_27_05_2026_B4_TJRN_ACESSIBILIDADE_DIGITAL_.mp3,27_05_2026,TJRN_ACESSIBILIDADE_DIGITAL,,TJRN,NAO,H:\Meu Drive\RADIO TJRN CONTEÚDO\00_PRODUCAO_2026\01_BOLETINS_DIARIOS\03_AUDIOS_RADIO\05 - MAI - 26\27 05 - QUA
MAIO,NJUD N/A,BOLETIM_RADIO_TJRN_27_05_2026_B4_TJRN_ACESSIBILIDADE_DIGITAL__1782517285.mp3,27_05_2026,TJRN_ACESSIBILIDADE_DIGITAL__1782517285,,TJRN,NAO,H:\Meu Drive\RADIO TJRN CONTEÚDO\00_PRODUCAO_2026\01_BOLETINS_DIARIOS\03_AUDIOS_RADIO\05 - MAI - 26\27 05 - QUA
MAIO,NJUD N/A,BOLETIM_RADIO_TJRN_27_05_2026_B4_TJRN_ACESSIBILIDADE_DIGITAL__1782542977.mp3,27_05_2026,TJRN_ACESSIBILIDADE_DIGITAL__1782542977,,TJRN,NAO,H:\Meu Drive\RADIO TJRN CONTEÚDO\00_PRODUCAO_2026\01_BOLETINS_DIARIOS\03_AUDIOS_RADIO\05 - MAI - 26\27 05 - QUA
MAIO,NJUD N/A,BOLETIM_RADIO_TJRN_27_05_2026_B4_TJRN_ACESSIBILIDADE_DIGITAL__RESTORED.mp3,27_05_2026,TJRN_ACESSIBILIDADE_DIGITAL__RESTORED,,TJRN,NAO,H:\Meu Drive\RADIO TJRN CONTEÚDO\00_PRODUCAO_2026\01_BOLETINS_DIARIOS\03_AUDIOS_RADIO\05 - MAI - 26\27 05 - QUA
MAIO,NJUD N/A,BOLETIM_RADIO_TJRN_27_05_2026_B5_TJRN_LEILAO_85_IMOVEIS_ (1).mp3,27_05_2026,TJRN_LEILAO_85_IMOVEIS_ (1),,TJRN,NAO,H:\Meu Drive\RADIO TJRN CONTEÚDO\00_PRODUCAO_2026\01_BOLETINS_DIARIOS\03_AUDIOS_RADIO\05 - MAI - 26\27 05 - QUA
MAIO,NJUD N/A,BOLETIM_RADIO_TJRN_27_05_2026_B5_TJRN_LEILAO_85_IMOVEIS_.mp3,27_05_2026,TJRN_LEILAO_85_IMOVEIS,,TJRN,NAO,H:\Meu Drive\RADIO TJRN CONTEÚDO\00_PRODUCAO_2026\01_BOLETINS_DIARIOS\03_AUDIOS_RADIO\05 - MAI - 26\27 05 - QUA
MAIO,NJUD N/A,BOLETIM_RADIO_TJRN_27_05_2026_B5_TJRN_LEILAO_85_IMOVEIS__1782517285.mp3,27_05_2026,TJRN_LEILAO_85_IMOVEIS__1782517285,,TJRN,NAO,H:\Meu Drive\RADIO TJRN CONTEÚDO\00_PRODUCAO_2026\01_BOLETINS_DIARIOS\03_AUDIOS_RADIO\05 - MAI - 26\27 05 - QUA
MAIO,NJUD N/A,BOLETIM_RADIO_TJRN_27_05_2026_B5_TJRN_LEILAO_85_IMOVEIS__1782542977.mp3,27_05_2026,TJRN_LEILAO_85_IMOVEIS__1782542977,,TJRN,NAO,H:\Meu Drive\RADIO TJRN CONTEÚDO\00_PRODUCAO_2026\01_BOLETINS_DIARIOS\03_AUDIOS_RADIO\05 - MAI - 26\27 05 - QUA
MAIO,NJUD N/A,BOLETIM_RADIO_TJRN_27_05_2026_B5_TJRN_LEILAO_85_IMOVEIS__RESTORED.mp3,27_05_2026,TJRN_LEILAO_85_IMOVEIS__RESTORED,,TJRN,NAO,H:\Meu Drive\RADIO TJRN CONTEÚDO\00_PRODUCAO_2026\01_BOLETINS_DIARIOS\03_AUDIOS_RADIO\05 - MAI - 26\27 05 - QUA
MAIO,NJUD N/A,BOLETIM_RADIO_TJRN_27_05_2026_B6_TJRN_CORREGEDORIA_APRIMORAMENTO_FUNDIARIA_ (1).mp3,27_05_2026,TJRN_CORREGEDORIA_APRIMORAMENTO_FUNDIARIA_ (1),,TJRN,NAO,H:\Meu Drive\RADIO TJRN CONTEÚDO\00_PRODUCAO_2026\01_BOLETINS_DIARIOS\03_AUDIOS_RADIO\05 - MAI - 26\27 05 - QUA
MAIO,NJUD N/A,BOLETIM_RADIO_TJRN_27_05_2026_B6_TJRN_CORREGEDORIA_APRIMORAMENTO_FUNDIARIA_.mp3,27_05_2026,TJRN_CORREGEDORIA_APRIMORAMENTO_FUNDIARIA,,TJRN,NAO,H:\Meu Drive\RADIO TJRN CONTEÚDO\00_PRODUCAO_2026\01_BOLETINS_DIARIOS\03_AUDIOS_RADIO\05 - MAI - 26\27 05 - QUA
MAIO,NJUD N/A,BOLETIM_RADIO_TJRN_27_05_2026_B6_TJRN_CORREGEDORIA_APRIMORAMENTO_FUNDIARIA__1782517285.mp3,27_05_2026,TJRN_CORREGEDORIA_APRIMORAMENTO_FUNDIARIA__1782517285,,TJRN,NAO,H:\Meu Drive\RADIO TJRN CONTEÚDO\00_PRODUCAO_2026\01_BOLETINS_DIARIOS\03_AUDIOS_RADIO\05 - MAI - 26\27 05 - QUA
MAIO,NJUD N/A,BOLETIM_RADIO_TJRN_27_05_2026_B6_TJRN_CORREGEDORIA_APRIMORAMENTO_FUNDIARIA__1782542977.mp3,27_05_2026,TJRN_CORREGEDORIA_APRIMORAMENTO_FUNDIARIA__1782542977,,TJRN,NAO,H:\Meu Drive\RADIO TJRN CONTEÚDO\00_PRODUCAO_2026\01_BOLETINS_DIARIOS\03_AUDIOS_RADIO\05 - MAI - 26\27 05 - QUA
MAIO,NJUD N/A,BOLETIM_RADIO_TJRN_27_05_2026_B6_TJRN_CORREGEDORIA_APRIMORAMENTO_FUNDIARIA__RESTORED.mp3,27_05_2026,TJRN_CORREGEDORIA_APRIMORAMENTO_FUNDIARIA__RESTORED,,TJRN,NAO,H:\Meu Drive\RADIO TJRN CONTEÚDO\00_PRODUCAO_2026\01_BOLETINS_DIARIOS\03_AUDIOS_RADIO\05 - MAI - 26\27 05 - QUA
MAIO,NJUD N/A,BOLETIM_RADIO_TJRN_27_05_2026_B7_TJRN_CONSUMIDORA_INDENIZADA_CANCELAMENTO_VOO (1).mp3,27_05_2026,TJRN_CONSUMIDORA_INDENIZADA_CANCELAMENTO_VOO (1),,TJRN,NAO,H:\Meu Drive\RADIO TJRN CONTEÚDO\00_PRODUCAO_2026\01_BOLETINS_DIARIOS\03_AUDIOS_RADIO\05 - MAI - 26\27 05 - QUA
MAIO,NJUD N/A,BOLETIM_RADIO_TJRN_27_05_2026_B7_TJRN_CONSUMIDORA_INDENIZADA_CANCELAMENTO_VOO.mp3,27_05_2026,TJRN_CONSUMIDORA_INDENIZADA_CANCELAMENTO_VOO,,TJRN,NAO,H:\Meu Drive\RADIO TJRN CONTEÚDO\00_PRODUCAO_2026\01_BOLETINS_DIARIOS\03_AUDIOS_RADIO\05 - MAI - 26\27 05 - QUA
MAIO,NJUD N/A,BOLETIM_RADIO_TJRN_27_05_2026_B7_TJRN_CONSUMIDORA_INDENIZADA_CANCELAMENTO_VOO_1782517285.mp3,27_05_2026,TJRN_CONSUMIDORA_INDENIZADA_CANCELAMENTO_VOO_1782517285,,TJRN,NAO,H:\Meu Drive\RADIO TJRN CONTEÚDO\00_PRODUCAO_2026\01_BOLETINS_DIARIOS\03_AUDIOS_RADIO\05 - MAI - 26\27 05 - QUA
MAIO,NJUD N/A,BOLETIM_RADIO_TJRN_27_05_2026_B7_TJRN_CONSUMIDORA_INDENIZADA_CANCELAMENTO_VOO_1782542977.mp3,27_05_2026,TJRN_CONSUMIDORA_INDENIZADA_CANCELAMENTO_VOO_1782542977,,TJRN,NAO,H:\Meu Drive\RADIO TJRN CONTEÚDO\00_PRODUCAO_2026\01_BOLETINS_DIARIOS\03_AUDIOS_RADIO\05 - MAI - 26\27 05 - QUA
MAIO,NJUD N/A,BOLETIM_RADIO_TJRN_27_05_2026_B7_TJRN_CONSUMIDORA_INDENIZADA_CANCELAMENTO_VOO_RESTORED.mp3,27_05_2026,TJRN_CONSUMIDORA_INDENIZADA_CANCELAMENTO_VOO_RESTORED,,TJRN,NAO,H:\Meu Drive\RADIO TJRN CONTEÚDO\00_PRODUCAO_2026\01_BOLETINS_DIARIOS\03_AUDIOS_RADIO\05 - MAI - 26\27 05 - QUA
MAIO,NJUD N/A,BOLETIM_RADIO_TJRN_27_05_2026_B8_TJRN_BANCO_COMPROVA_USO_CARTAO (1).mp3,27_05_2026,TJRN_BANCO_COMPROVA_USO_CARTAO (1),,TJRN,NAO,H:\Meu Drive\RADIO TJRN CONTEÚDO\00_PRODUCAO_2026\01_BOLETINS_DIARIOS\03_AUDIOS_RADIO\05 - MAI - 26\27 05 - QUA
MAIO,NJUD N/A,BOLETIM_RADIO_TJRN_27_05_2026_B8_TJRN_BANCO_COMPROVA_USO_CARTAO.mp3,27_05_2026,TJRN_BANCO_COMPROVA_USO_CARTAO,,TJRN,NAO,H:\Meu Drive\RADIO TJRN CONTEÚDO\00_PRODUCAO_2026\01_BOLETINS_DIARIOS\03_AUDIOS_RADIO\05 - MAI - 26\27 05 - QUA
MAIO,NJUD N/A,BOLETIM_RADIO_TJRN_27_05_2026_B8_TJRN_BANCO_COMPROVA_USO_CARTAO_1782517285.mp3,27_05_2026,TJRN_BANCO_COMPROVA_USO_CARTAO_1782517285,,TJRN,NAO,H:\Meu Drive\RADIO TJRN CONTEÚDO\00_PRODUCAO_2026\01_BOLETINS_DIARIOS\03_AUDIOS_RADIO\05 - MAI - 26\27 05 - QUA
MAIO,NJUD N/A,BOLETIM_RADIO_TJRN_27_05_2026_B8_TJRN_BANCO_COMPROVA_USO_CARTAO_1782542977.mp3,27_05_2026,TJRN_BANCO_COMPROVA_USO_CARTAO_1782542977,,TJRN,NAO,H:\Meu Drive\RADIO TJRN CONTEÚDO\00_PRODUCAO_2026\01_BOLETINS_DIARIOS\03_AUDIOS_RADIO\05 - MAI - 26\27 05 - QUA
MAIO,NJUD N/A,BOLETIM_RADIO_TJRN_27_05_2026_B8_TJRN_BANCO_COMPROVA_USO_CARTAO_RESTORED.mp3,27_05_2026,TJRN_BANCO_COMPROVA_USO_CARTAO_RESTORED,,TJRN,NAO,H:\Meu Drive\RADIO TJRN CONTEÚDO\00_PRODUCAO_2026\01_BOLETINS_DIARIOS\03_AUDIOS_RADIO\05 - MAI - 26\27 05 - QUA
MAIO,NJUD N/A,BOLETIM_RADIO_TJRN_27_05_2026_B9_TJRN_HOMEM_CONDENADO_PORTE_ILEGAL_ARMA_ (1).mp3,27_05_2026,TJRN_HOMEM_CONDENADO_PORTE_ILEGAL_ARMA_ (1),,TJRN,NAO,H:\Meu Drive\RADIO TJRN CONTEÚDO\00_PRODUCAO_2026\01_BOLETINS_DIARIOS\03_AUDIOS_RADIO\05 - MAI - 26\27 05 - QUA
MAIO,NJUD N/A,BOLETIM_RADIO_TJRN_27_05_2026_B9_TJRN_HOMEM_CONDENADO_PORTE_ILEGAL_ARMA_.mp3,27_05_2026,TJRN_HOMEM_CONDENADO_PORTE_ILEGAL_ARMA,,TJRN,NAO,H:\Meu Drive\RADIO TJRN CONTEÚDO\00_PRODUCAO_2026\01_BOLETINS_DIARIOS\03_AUDIOS_RADIO\05 - MAI - 26\27 05 - QUA
MAIO,NJUD N/A,BOLETIM_RADIO_TJRN_27_05_2026_B9_TJRN_HOMEM_CONDENADO_PORTE_ILEGAL_ARMA__1782517285.mp3,27_05_2026,TJRN_HOMEM_CONDENADO_PORTE_ILEGAL_ARMA__1782517285,,TJRN,NAO,H:\Meu Drive\RADIO TJRN CONTEÚDO\00_PRODUCAO_2026\01_BOLETINS_DIARIOS\03_AUDIOS_RADIO\05 - MAI - 26\27 05 - QUA
MAIO,NJUD N/A,BOLETIM_RADIO_TJRN_27_05_2026_B9_TJRN_HOMEM_CONDENADO_PORTE_ILEGAL_ARMA__1782542977.mp3,27_05_2026,TJRN_HOMEM_CONDENADO_PORTE_ILEGAL_ARMA__1782542977,,TJRN,NAO,H:\Meu Drive\RADIO TJRN CONTEÚDO\00_PRODUCAO_2026\01_BOLETINS_DIARIOS\03_AUDIOS_RADIO\05 - MAI - 26\27 05 - QUA
MAIO,NJUD N/A,BOLETIM_RADIO_TJRN_27_05_2026_B9_TJRN_HOMEM_CONDENADO_PORTE_ILEGAL_ARMA__RESTORED.mp3,27_05_2026,TJRN_HOMEM_CONDENADO_PORTE_ILEGAL_ARMA__RESTORED,,TJRN,NAO,H:\Meu Drive\RADIO TJRN CONTEÚDO\00_PRODUCAO_2026\01_BOLETINS_DIARIOS\03_AUDIOS_RADIO\05 - MAI - 26\27 05 - QUA
MAIO,NJUD N/A,BOLETIM_RADIO_TJRN_28_05_2026_B10_TRTRN_SEMANA_MEIO_AMBIENTE_ (1).mp3,28_05_2026,TRTRN_SEMANA_MEIO_AMBIENTE_ (1),,TJRN,NAO,H:\Meu Drive\RADIO TJRN CONTEÚDO\00_PRODUCAO_2026\01_BOLETINS_DIARIOS\03_AUDIOS_RADIO\05 - MAI - 26\28 05 - QUI
MAIO,NJUD N/A,BOLETIM_RADIO_TJRN_28_05_2026_B10_TRTRN_SEMANA_MEIO_AMBIENTE_.mp3,28_05_2026,TRTRN_SEMANA_MEIO_AMBIENTE,,TJRN,NAO,H:\Meu Drive\RADIO TJRN CONTEÚDO\00_PRODUCAO_2026\01_BOLETINS_DIARIOS\03_AUDIOS_RADIO\05 - MAI - 26\28 05 - QUI
MAIO,NJUD N/A,BOLETIM_RADIO_TJRN_28_05_2026_B10_TRTRN_SEMANA_MEIO_AMBIENTE__1782517285.mp3,28_05_2026,TRTRN_SEMANA_MEIO_AMBIENTE__1782517285,,TJRN,NAO,H:\Meu Drive\RADIO TJRN CONTEÚDO\00_PRODUCAO_2026\01_BOLETINS_DIARIOS\03_AUDIOS_RADIO\05 - MAI - 26\28 05 - QUI
MAIO,NJUD N/A,BOLETIM_RADIO_TJRN_28_05_2026_B10_TRTRN_SEMANA_MEIO_AMBIENTE__1782542567.mp3,28_05_2026,TRTRN_SEMANA_MEIO_AMBIENTE__1782542567,,TJRN,NAO,H:\Meu Drive\RADIO TJRN CONTEÚDO\00_PRODUCAO_2026\01_BOLETINS_DIARIOS\03_AUDIOS_RADIO\05 - MAI - 26\28 05 - QUI
MAIO,NJUD N/A,BOLETIM_RADIO_TJRN_28_05_2026_B10_TRTRN_SEMANA_MEIO_AMBIENTE__1782542977.mp3,28_05_2026,TRTRN_SEMANA_MEIO_AMBIENTE__1782542977,,TJRN,NAO,H:\Meu Drive\RADIO TJRN CONTEÚDO\00_PRODUCAO_2026\01_BOLETINS_DIARIOS\03_AUDIOS_RADIO\05 - MAI - 26\28 05 - QUI
MAIO,NJUD N/A,BOLETIM_RADIO_TJRN_28_05_2026_B10_TRTRN_SEMANA_MEIO_AMBIENTE__RESTORED.mp3,28_05_2026,TRTRN_SEMANA_MEIO_AMBIENTE__RESTORED,,TJRN,NAO,H:\Meu Drive\RADIO TJRN CONTEÚDO\00_PRODUCAO_2026\01_BOLETINS_DIARIOS\03_AUDIOS_RADIO\05 - MAI - 26\28 05 - QUI
MAIO,NJUD N/A,BOLETIM_RADIO_TJRN_28_05_2026_B1_TJRN_MANTEM_NEGATIVA_CADASTRO (1).mp3,28_05_2026,TJRN_MANTEM_NEGATIVA_CADASTRO (1),,TJRN,NAO,H:\Meu Drive\RADIO TJRN CONTEÚDO\00_PRODUCAO_2026\01_BOLETINS_DIARIOS\03_AUDIOS_RADIO\05 - MAI - 26\28 05 - QUI
MAIO,NJUD N/A,BOLETIM_RADIO_TJRN_28_05_2026_B1_TJRN_MANTEM_NEGATIVA_CADASTRO (1)_1782542919.mp3,28_05_2026,TJRN_MANTEM_NEGATIVA_CADASTRO (1)_1782542919,,TJRN,NAO,H:\Meu Drive\RADIO TJRN CONTEÚDO\00_PRODUCAO_2026\01_BOLETINS_DIARIOS\03_AUDIOS_RADIO\05 - MAI - 26\28 05 - QUI
MAIO,NJUD N/A,BOLETIM_RADIO_TJRN_28_05_2026_B1_TJRN_MANTEM_NEGATIVA_CADASTRO.mp3,28_05_2026,TJRN_MANTEM_NEGATIVA_CADASTRO,,TJRN,NAO,H:\Meu Drive\RADIO TJRN CONTEÚDO\00_PRODUCAO_2026\01_BOLETINS_DIARIOS\03_AUDIOS_RADIO\05 - MAI - 26\28 05 - QUI
MAIO,NJUD N/A,BOLETIM_RADIO_TJRN_28_05_2026_B1_TJRN_MANTEM_NEGATIVA_CADASTRO_1782517285.mp3,28_05_2026,TJRN_MANTEM_NEGATIVA_CADASTRO_1782517285,,TJRN,NAO,H:\Meu Drive\RADIO TJRN CONTEÚDO\00_PRODUCAO_2026\01_BOLETINS_DIARIOS\03_AUDIOS_RADIO\05 - MAI - 26\28 05 - QUI
MAIO,NJUD N/A,BOLETIM_RADIO_TJRN_28_05_2026_B1_TJRN_MANTEM_NEGATIVA_CADASTRO_1782542978.mp3,28_05_2026,TJRN_MANTEM_NEGATIVA_CADASTRO_1782542978,,TJRN,NAO,H:\Meu Drive\RADIO TJRN CONTEÚDO\00_PRODUCAO_2026\01_BOLETINS_DIARIOS\03_AUDIOS_RADIO\05 - MAI - 26\28 05 - QUI
MAIO,NJUD N/A,BOLETIM_RADIO_TJRN_28_05_2026_B1_TJRN_MANTEM_NEGATIVA_CADASTRO_RESTORED.mp3,28_05_2026,TJRN_MANTEM_NEGATIVA_CADASTRO_RESTORED,,TJRN,NAO,H:\Meu Drive\RADIO TJRN CONTEÚDO\00_PRODUCAO_2026\01_BOLETINS_DIARIOS\03_AUDIOS_RADIO\05 - MAI - 26\28 05 - QUI
MAIO,NJUD N/A,BOLETIM_RADIO_TJRN_28_05_2026_B2_TJRN_VARA_ASSU_INTERINO (1).mp3,28_05_2026,TJRN_VARA_ASSU_INTERINO (1),,TJRN,NAO,H:\Meu Drive\RADIO TJRN CONTEÚDO\00_PRODUCAO_2026\01_BOLETINS_DIARIOS\03_AUDIOS_RADIO\05 - MAI - 26\28 05 - QUI
MAIO,NJUD N/A,BOLETIM_RADIO_TJRN_28_05_2026_B2_TJRN_VARA_ASSU_INTERINO.mp3,28_05_2026,TJRN_VARA_ASSU_INTERINO,,TJRN,NAO,H:\Meu Drive\RADIO TJRN CONTEÚDO\00_PRODUCAO_2026\01_BOLETINS_DIARIOS\03_AUDIOS_RADIO\05 - MAI - 26\28 05 - QUI
MAIO,NJUD N/A,BOLETIM_RADIO_TJRN_28_05_2026_B2_TJRN_VARA_ASSU_INTERINO_1782517285.mp3,28_05_2026,TJRN_VARA_ASSU_INTERINO_1782517285,,TJRN,NAO,H:\Meu Drive\RADIO TJRN CONTEÚDO\00_PRODUCAO_2026\01_BOLETINS_DIARIOS\03_AUDIOS_RADIO\05 - MAI - 26\28 05 - QUI
MAIO,NJUD N/A,BOLETIM_RADIO_TJRN_28_05_2026_B2_TJRN_VARA_ASSU_INTERINO_1782542978.mp3,28_05_2026,TJRN_VARA_ASSU_INTERINO_1782542978,,TJRN,NAO,H:\Meu Drive\RADIO TJRN CONTEÚDO\00_PRODUCAO_2026\01_BOLETINS_DIARIOS\03_AUDIOS_RADIO\05 - MAI - 26\28 05 - QUI
MAIO,NJUD N/A,BOLETIM_RADIO_TJRN_28_05_2026_B2_TJRN_VARA_ASSU_INTERINO_RESTORED.mp3,28_05_2026,TJRN_VARA_ASSU_INTERINO_RESTORED,,TJRN,NAO,H:\Meu Drive\RADIO TJRN CONTEÚDO\00_PRODUCAO_2026\01_BOLETINS_DIARIOS\03_AUDIOS_RADIO\05 - MAI - 26\28 05 - QUI
MAIO,NJUD N/A,BOLETIM_RADIO_TJRN_28_05_2026_B3_TJRN_NOVA_VERSAO_PJE (1).mp3,28_05_2026,TJRN_NOVA_VERSAO_PJE (1),,TJRN,NAO,H:\Meu Drive\RADIO TJRN CONTEÚDO\00_PRODUCAO_2026\01_BOLETINS_DIARIOS\03_AUDIOS_RADIO\05 - MAI - 26\28 05 - QUI
MAIO,NJUD N/A,BOLETIM_RADIO_TJRN_28_05_2026_B3_TJRN_NOVA_VERSAO_PJE (1)_1782542919.mp3,28_05_2026,TJRN_NOVA_VERSAO_PJE (1)_1782542919,,TJRN,NAO,H:\Meu Drive\RADIO TJRN CONTEÚDO\00_PRODUCAO_2026\01_BOLETINS_DIARIOS\03_AUDIOS_RADIO\05 - MAI - 26\28 05 - QUI
MAIO,NJUD N/A,BOLETIM_RADIO_TJRN_28_05_2026_B3_TJRN_NOVA_VERSAO_PJE.mp3,28_05_2026,TJRN_NOVA_VERSAO_PJE,,TJRN,NAO,H:\Meu Drive\RADIO TJRN CONTEÚDO\00_PRODUCAO_2026\01_BOLETINS_DIARIOS\03_AUDIOS_RADIO\05 - MAI - 26\28 05 - QUI
MAIO,NJUD N/A,BOLETIM_RADIO_TJRN_28_05_2026_B3_TJRN_NOVA_VERSAO_PJE_1782517285.mp3,28_05_2026,TJRN_NOVA_VERSAO_PJE_1782517285,,TJRN,NAO,H:\Meu Drive\RADIO TJRN CONTEÚDO\00_PRODUCAO_2026\01_BOLETINS_DIARIOS\03_AUDIOS_RADIO\05 - MAI - 26\28 05 - QUI
MAIO,NJUD N/A,BOLETIM_RADIO_TJRN_28_05_2026_B3_TJRN_NOVA_VERSAO_PJE_1782542977.mp3,28_05_2026,TJRN_NOVA_VERSAO_PJE_1782542977,,TJRN,NAO,H:\Meu Drive\RADIO TJRN CONTEÚDO\00_PRODUCAO_2026\01_BOLETINS_DIARIOS\03_AUDIOS_RADIO\05 - MAI - 26\28 05 - QUI
MAIO,NJUD N/A,BOLETIM_RADIO_TJRN_28_05_2026_B3_TJRN_NOVA_VERSAO_PJE_RESTORED.mp3,28_05_2026,TJRN_NOVA_VERSAO_PJE_RESTORED,,TJRN,NAO,H:\Meu Drive\RADIO TJRN CONTEÚDO\00_PRODUCAO_2026\01_BOLETINS_DIARIOS\03_AUDIOS_RADIO\05 - MAI - 26\28 05 - QUI
MAIO,NJUD N/A,BOLETIM_RADIO_TJRN_28_05_2026_B4_TJRN_DEFINE_SULAMITA_MEMBRO_TRE_RN (1).mp3,28_05_2026,TJRN_DEFINE_SULAMITA_MEMBRO_TRE_RN (1),,TJRN,NAO,H:\Meu Drive\RADIO TJRN CONTEÚDO\00_PRODUCAO_2026\01_BOLETINS_DIARIOS\03_AUDIOS_RADIO\05 - MAI - 26\28 05 - QUI
MAIO,NJUD N/A,BOLETIM_RADIO_TJRN_28_05_2026_B4_TJRN_DEFINE_SULAMITA_MEMBRO_TRE_RN.mp3,28_05_2026,TJRN_DEFINE_SULAMITA_MEMBRO_TRE_RN,,TJRN,NAO,H:\Meu Drive\RADIO TJRN CONTEÚDO\00_PRODUCAO_2026\01_BOLETINS_DIARIOS\03_AUDIOS_RADIO\05 - MAI - 26\28 05 - QUI
MAIO,NJUD N/A,BOLETIM_RADIO_TJRN_28_05_2026_B4_TJRN_DEFINE_SULAMITA_MEMBRO_TRE_RN_1782517285.mp3,28_05_2026,TJRN_DEFINE_SULAMITA_MEMBRO_TRE_RN_1782517285,,TJRN,NAO,H:\Meu Drive\RADIO TJRN CONTEÚDO\00_PRODUCAO_2026\01_BOLETINS_DIARIOS\03_AUDIOS_RADIO\05 - MAI - 26\28 05 - QUI
MAIO,NJUD N/A,BOLETIM_RADIO_TJRN_28_05_2026_B4_TJRN_DEFINE_SULAMITA_MEMBRO_TRE_RN_1782542568.mp3,28_05_2026,TJRN_DEFINE_SULAMITA_MEMBRO_TRE_RN_1782542568,,TJRN,NAO,H:\Meu Drive\RADIO TJRN CONTEÚDO\00_PRODUCAO_2026\01_BOLETINS_DIARIOS\03_AUDIOS_RADIO\05 - MAI - 26\28 05 - QUI
MAIO,NJUD N/A,BOLETIM_RADIO_TJRN_28_05_2026_B4_TJRN_DEFINE_SULAMITA_MEMBRO_TRE_RN_1782542977.mp3,28_05_2026,TJRN_DEFINE_SULAMITA_MEMBRO_TRE_RN_1782542977,,TJRN,NAO,H:\Meu Drive\RADIO TJRN CONTEÚDO\00_PRODUCAO_2026\01_BOLETINS_DIARIOS\03_AUDIOS_RADIO\05 - MAI - 26\28 05 - QUI
MAIO,NJUD N/A,BOLETIM_RADIO_TJRN_28_05_2026_B4_TJRN_DEFINE_SULAMITA_MEMBRO_TRE_RN_RESTORED.mp3,28_05_2026,TJRN_DEFINE_SULAMITA_MEMBRO_TRE_RN_RESTORED,,TJRN,NAO,H:\Meu Drive\RADIO TJRN CONTEÚDO\00_PRODUCAO_2026\01_BOLETINS_DIARIOS\03_AUDIOS_RADIO\05 - MAI - 26\28 05 - QUI
MAIO,NJUD N/A,BOLETIM_RADIO_TJRN_28_05_2026_B5_TJRN_PROJETO_PREMIO_INNOVARE (1).mp3,28_05_2026,TJRN_PROJETO_PREMIO_INNOVARE (1),,TJRN,NAO,H:\Meu Drive\RADIO TJRN CONTEÚDO\00_PRODUCAO_2026\01_BOLETINS_DIARIOS\03_AUDIOS_RADIO\05 - MAI - 26\28 05 - QUI
MAIO,NJUD N/A,BOLETIM_RADIO_TJRN_28_05_2026_B5_TJRN_PROJETO_PREMIO_INNOVARE (1)_1782542919.mp3,28_05_2026,TJRN_PROJETO_PREMIO_INNOVARE (1)_1782542919,,TJRN,NAO,H:\Meu Drive\RADIO TJRN CONTEÚDO\00_PRODUCAO_2026\01_BOLETINS_DIARIOS\03_AUDIOS_RADIO\05 - MAI - 26\28 05 - QUI
MAIO,NJUD N/A,BOLETIM_RADIO_TJRN_28_05_2026_B5_TJRN_PROJETO_PREMIO_INNOVARE.mp3,28_05_2026,TJRN_PROJETO_PREMIO_INNOVARE,,TJRN,NAO,H:\Meu Drive\RADIO TJRN CONTEÚDO\00_PRODUCAO_2026\01_BOLETINS_DIARIOS\03_AUDIOS_RADIO\05 - MAI - 26\28 05 - QUI
MAIO,NJUD N/A,BOLETIM_RADIO_TJRN_28_05_2026_B5_TJRN_PROJETO_PREMIO_INNOVARE_1782517285.mp3,28_05_2026,TJRN_PROJETO_PREMIO_INNOVARE_1782517285,,TJRN,NAO,H:\Meu Drive\RADIO TJRN CONTEÚDO\00_PRODUCAO_2026\01_BOLETINS_DIARIOS\03_AUDIOS_RADIO\05 - MAI - 26\28 05 - QUI
MAIO,NJUD N/A,BOLETIM_RADIO_TJRN_28_05_2026_B5_TJRN_PROJETO_PREMIO_INNOVARE_1782542977.mp3,28_05_2026,TJRN_PROJETO_PREMIO_INNOVARE_1782542977,,TJRN,NAO,H:\Meu Drive\RADIO TJRN CONTEÚDO\00_PRODUCAO_2026\01_BOLETINS_DIARIOS\03_AUDIOS_RADIO\05 - MAI - 26\28 05 - QUI
MAIO,NJUD N/A,BOLETIM_RADIO_TJRN_28_05_2026_B5_TJRN_PROJETO_PREMIO_INNOVARE_RESTORED.mp3,28_05_2026,TJRN_PROJETO_PREMIO_INNOVARE_RESTORED,,TJRN,NAO,H:\Meu Drive\RADIO TJRN CONTEÚDO\00_PRODUCAO_2026\01_BOLETINS_DIARIOS\03_AUDIOS_RADIO\05 - MAI - 26\28 05 - QUI
MAIO,NJUD N/A,BOLETIM_RADIO_TJRN_28_05_2026_B6_ESMARN_INSCRICOES_PLANILHAS_ELETRONICAS_ (1).mp3,28_05_2026,ESMARN_INSCRICOES_PLANILHAS_ELETRONICAS_ (1),,TJRN,NAO,H:\Meu Drive\RADIO TJRN CONTEÚDO\00_PRODUCAO_2026\01_BOLETINS_DIARIOS\03_AUDIOS_RADIO\05 - MAI - 26\28 05 - QUI
MAIO,NJUD N/A,BOLETIM_RADIO_TJRN_28_05_2026_B6_ESMARN_INSCRICOES_PLANILHAS_ELETRONICAS_.mp3,28_05_2026,ESMARN_INSCRICOES_PLANILHAS_ELETRONICAS,,TJRN,NAO,H:\Meu Drive\RADIO TJRN CONTEÚDO\00_PRODUCAO_2026\01_BOLETINS_DIARIOS\03_AUDIOS_RADIO\05 - MAI - 26\28 05 - QUI
MAIO,NJUD N/A,BOLETIM_RADIO_TJRN_28_05_2026_B6_ESMARN_INSCRICOES_PLANILHAS_ELETRONICAS__1782517285.mp3,28_05_2026,ESMARN_INSCRICOES_PLANILHAS_ELETRONICAS__1782517285,,TJRN,NAO,H:\Meu Drive\RADIO TJRN CONTEÚDO\00_PRODUCAO_2026\01_BOLETINS_DIARIOS\03_AUDIOS_RADIO\05 - MAI - 26\28 05 - QUI
MAIO,NJUD N/A,BOLETIM_RADIO_TJRN_28_05_2026_B6_ESMARN_INSCRICOES_PLANILHAS_ELETRONICAS__1782542567.mp3,28_05_2026,ESMARN_INSCRICOES_PLANILHAS_ELETRONICAS__1782542567,,TJRN,NAO,H:\Meu Drive\RADIO TJRN CONTEÚDO\00_PRODUCAO_2026\01_BOLETINS_DIARIOS\03_AUDIOS_RADIO\05 - MAI - 26\28 05 - QUI
MAIO,NJUD N/A,BOLETIM_RADIO_TJRN_28_05_2026_B6_ESMARN_INSCRICOES_PLANILHAS_ELETRONICAS__1782542977.mp3,28_05_2026,ESMARN_INSCRICOES_PLANILHAS_ELETRONICAS__1782542977,,TJRN,NAO,H:\Meu Drive\RADIO TJRN CONTEÚDO\00_PRODUCAO_2026\01_BOLETINS_DIARIOS\03_AUDIOS_RADIO\05 - MAI - 26\28 05 - QUI
MAIO,NJUD N/A,BOLETIM_RADIO_TJRN_28_05_2026_B6_ESMARN_INSCRICOES_PLANILHAS_ELETRONICAS__RESTORED.mp3,28_05_2026,ESMARN_INSCRICOES_PLANILHAS_ELETRONICAS__RESTORED,,TJRN,NAO,H:\Meu Drive\RADIO TJRN CONTEÚDO\00_PRODUCAO_2026\01_BOLETINS_DIARIOS\03_AUDIOS_RADIO\05 - MAI - 26\28 05 - QUI
MAIO,NJUD N/A,BOLETIM_RADIO_TJRN_28_05_2026_B6_TJRN_COOPERACAO_TECNICA (1).mp3,28_05_2026,TJRN_COOPERACAO_TECNICA (1),,TJRN,NAO,H:\Meu Drive\RADIO TJRN CONTEÚDO\00_PRODUCAO_2026\01_BOLETINS_DIARIOS\03_AUDIOS_RADIO\05 - MAI - 26\28 05 - QUI
MAIO,NJUD N/A,BOLETIM_RADIO_TJRN_28_05_2026_B6_TJRN_COOPERACAO_TECNICA.mp3,28_05_2026,TJRN_COOPERACAO_TECNICA,,TJRN,NAO,H:\Meu Drive\RADIO TJRN CONTEÚDO\00_PRODUCAO_2026\01_BOLETINS_DIARIOS\03_AUDIOS_RADIO\05 - MAI - 26\28 05 - QUI
MAIO,NJUD N/A,BOLETIM_RADIO_TJRN_28_05_2026_B6_TJRN_COOPERACAO_TECNICA_1782517285.mp3,28_05_2026,TJRN_COOPERACAO_TECNICA_1782517285,,TJRN,NAO,H:\Meu Drive\RADIO TJRN CONTEÚDO\00_PRODUCAO_2026\01_BOLETINS_DIARIOS\03_AUDIOS_RADIO\05 - MAI - 26\28 05 - QUI
MAIO,NJUD N/A,BOLETIM_RADIO_TJRN_28_05_2026_B7_TJRN_PLATAFORMA_PAGAMENTOS_BLOQUEIA_VALORES (1).mp3,28_05_2026,TJRN_PLATAFORMA_PAGAMENTOS_BLOQUEIA_VALORES (1),,TJRN,NAO,H:\Meu Drive\RADIO TJRN CONTEÚDO\00_PRODUCAO_2026\01_BOLETINS_DIARIOS\03_AUDIOS_RADIO\05 - MAI - 26\28 05 - QUI
MAIO,NJUD N/A,BOLETIM_RADIO_TJRN_28_05_2026_B7_TJRN_PLATAFORMA_PAGAMENTOS_BLOQUEIA_VALORES.mp3,28_05_2026,TJRN_PLATAFORMA_PAGAMENTOS_BLOQUEIA_VALORES,,TJRN,NAO,H:\Meu Drive\RADIO TJRN CONTEÚDO\00_PRODUCAO_2026\01_BOLETINS_DIARIOS\03_AUDIOS_RADIO\05 - MAI - 26\28 05 - QUI
MAIO,NJUD N/A,BOLETIM_RADIO_TJRN_28_05_2026_B7_TJRN_PLATAFORMA_PAGAMENTOS_BLOQUEIA_VALORES_1782517285.mp3,28_05_2026,TJRN_PLATAFORMA_PAGAMENTOS_BLOQUEIA_VALORES_1782517285,,TJRN,NAO,H:\Meu Drive\RADIO TJRN CONTEÚDO\00_PRODUCAO_2026\01_BOLETINS_DIARIOS\03_AUDIOS_RADIO\05 - MAI - 26\28 05 - QUI
MAIO,NJUD N/A,BOLETIM_RADIO_TJRN_28_05_2026_B7_TJRN_PLATAFORMA_PAGAMENTOS_BLOQUEIA_VALORES_1782542567.mp3,28_05_2026,TJRN_PLATAFORMA_PAGAMENTOS_BLOQUEIA_VALORES_1782542567,,TJRN,NAO,H:\Meu Drive\RADIO TJRN CONTEÚDO\00_PRODUCAO_2026\01_BOLETINS_DIARIOS\03_AUDIOS_RADIO\05 - MAI - 26\28 05 - QUI
MAIO,NJUD N/A,BOLETIM_RADIO_TJRN_28_05_2026_B7_TJRN_PLATAFORMA_PAGAMENTOS_BLOQUEIA_VALORES_1782542977.mp3,28_05_2026,TJRN_PLATAFORMA_PAGAMENTOS_BLOQUEIA_VALORES_1782542977,,TJRN,NAO,H:\Meu Drive\RADIO TJRN CONTEÚDO\00_PRODUCAO_2026\01_BOLETINS_DIARIOS\03_AUDIOS_RADIO\05 - MAI - 26\28 05 - QUI
MAIO,NJUD N/A,BOLETIM_RADIO_TJRN_28_05_2026_B7_TJRN_PLATAFORMA_PAGAMENTOS_BLOQUEIA_VALORES_RESTORED.mp3,28_05_2026,TJRN_PLATAFORMA_PAGAMENTOS_BLOQUEIA_VALORES_RESTORED,,TJRN,NAO,H:\Meu Drive\RADIO TJRN CONTEÚDO\00_PRODUCAO_2026\01_BOLETINS_DIARIOS\03_AUDIOS_RADIO\05 - MAI - 26\28 05 - QUI
MAIO,NJUD N/A,BOLETIM_RADIO_TJRN_28_05_2026_B8_TJRN_MUNICIPIO_GARANTIR_CONSULTAS_ (1).mp3,28_05_2026,TJRN_MUNICIPIO_GARANTIR_CONSULTAS_ (1),,TJRN,NAO,H:\Meu Drive\RADIO TJRN CONTEÚDO\00_PRODUCAO_2026\01_BOLETINS_DIARIOS\03_AUDIOS_RADIO\05 - MAI - 26\28 05 - QUI
MAIO,NJUD N/A,BOLETIM_RADIO_TJRN_28_05_2026_B8_TJRN_MUNICIPIO_GARANTIR_CONSULTAS_.mp3,28_05_2026,TJRN_MUNICIPIO_GARANTIR_CONSULTAS,,TJRN,NAO,H:\Meu Drive\RADIO TJRN CONTEÚDO\00_PRODUCAO_2026\01_BOLETINS_DIARIOS\03_AUDIOS_RADIO\05 - MAI - 26\28 05 - QUI
MAIO,NJUD N/A,BOLETIM_RADIO_TJRN_28_05_2026_B8_TJRN_MUNICIPIO_GARANTIR_CONSULTAS__1782517285.mp3,28_05_2026,TJRN_MUNICIPIO_GARANTIR_CONSULTAS__1782517285,,TJRN,NAO,H:\Meu Drive\RADIO TJRN CONTEÚDO\00_PRODUCAO_2026\01_BOLETINS_DIARIOS\03_AUDIOS_RADIO\05 - MAI - 26\28 05 - QUI
MAIO,NJUD N/A,BOLETIM_RADIO_TJRN_28_05_2026_B8_TJRN_MUNICIPIO_GARANTIR_CONSULTAS__1782542567.mp3,28_05_2026,TJRN_MUNICIPIO_GARANTIR_CONSULTAS__1782542567,,TJRN,NAO,H:\Meu Drive\RADIO TJRN CONTEÚDO\00_PRODUCAO_2026\01_BOLETINS_DIARIOS\03_AUDIOS_RADIO\05 - MAI - 26\28 05 - QUI
MAIO,NJUD N/A,BOLETIM_RADIO_TJRN_28_05_2026_B8_TJRN_MUNICIPIO_GARANTIR_CONSULTAS__1782542977.mp3,28_05_2026,TJRN_MUNICIPIO_GARANTIR_CONSULTAS__1782542977,,TJRN,NAO,H:\Meu Drive\RADIO TJRN CONTEÚDO\00_PRODUCAO_2026\01_BOLETINS_DIARIOS\03_AUDIOS_RADIO\05 - MAI - 26\28 05 - QUI
MAIO,NJUD N/A,BOLETIM_RADIO_TJRN_28_05_2026_B8_TJRN_MUNICIPIO_GARANTIR_CONSULTAS__RESTORED.mp3,28_05_2026,TJRN_MUNICIPIO_GARANTIR_CONSULTAS__RESTORED,,TJRN,NAO,H:\Meu Drive\RADIO TJRN CONTEÚDO\00_PRODUCAO_2026\01_BOLETINS_DIARIOS\03_AUDIOS_RADIO\05 - MAI - 26\28 05 - QUI
MAIO,NJUD N/A,BOLETIM_RADIO_TJRN_28_05_2026_B9_TJRN_PLATAFORMA_APOSTA_CONDENADA_.mp3,28_05_2026,TJRN_PLATAFORMA_APOSTA_CONDENADA,,TJRN,NAO,H:\Meu Drive\RADIO TJRN CONTEÚDO\00_PRODUCAO_2026\01_BOLETINS_DIARIOS\03_AUDIOS_RADIO\05 - MAI - 26\28 05 - QUI
MAIO,NJUD N/A,BOLETIM_RADIO_TJRN_28_05_2026_B9_TJRN_PLATAFORMA_APOSTA_CONDENADA__1782517285.mp3,28_05_2026,TJRN_PLATAFORMA_APOSTA_CONDENADA__1782517285,,TJRN,NAO,H:\Meu Drive\RADIO TJRN CONTEÚDO\00_PRODUCAO_2026\01_BOLETINS_DIARIOS\03_AUDIOS_RADIO\05 - MAI - 26\28 05 - QUI
MAIO,NJUD N/A,BOLETIM_RADIO_TJRN_28_05_2026_B9_TJRN_PLATAFORMA_APOSTA_CONDENADA__1782542567.mp3,28_05_2026,TJRN_PLATAFORMA_APOSTA_CONDENADA__1782542567,,TJRN,NAO,H:\Meu Drive\RADIO TJRN CONTEÚDO\00_PRODUCAO_2026\01_BOLETINS_DIARIOS\03_AUDIOS_RADIO\05 - MAI - 26\28 05 - QUI
MAIO,NJUD N/A,BOLETIM_RADIO_TJRN_28_05_2026_B9_TJRN_PLATAFORMA_APOSTA_CONDENADA__1782542977.mp3,28_05_2026,TJRN_PLATAFORMA_APOSTA_CONDENADA__1782542977,,TJRN,NAO,H:\Meu Drive\RADIO TJRN CONTEÚDO\00_PRODUCAO_2026\01_BOLETINS_DIARIOS\03_AUDIOS_RADIO\05 - MAI - 26\28 05 - QUI
MAIO,NJUD N/A,BOLETIM_RADIO_TJRN_28_05_2026_B9_TJRN_PLATAFORMA_APOSTA_CONDENADA__RESTORED.mp3,28_05_2026,TJRN_PLATAFORMA_APOSTA_CONDENADA__RESTORED,,TJRN,NAO,H:\Meu Drive\RADIO TJRN CONTEÚDO\00_PRODUCAO_2026\01_BOLETINS_DIARIOS\03_AUDIOS_RADIO\05 - MAI - 26\28 05 - QUI
MAIO,NJUD N/A,BOLETIM_RADIO_TJRN_29_05_2026_B10_MPRN_FISCALIZACAO_CAPS (1).mp3,29_05_2026,MPRN_FISCALIZACAO_CAPS (1),,TJRN,NAO,H:\Meu Drive\RADIO TJRN CONTEÚDO\00_PRODUCAO_2026\01_BOLETINS_DIARIOS\03_AUDIOS_RADIO\05 - MAI - 26\29 05 - SEX
MAIO,NJUD N/A,BOLETIM_RADIO_TJRN_29_05_2026_B10_MPRN_FISCALIZACAO_CAPS.mp3,29_05_2026,MPRN_FISCALIZACAO_CAPS,,TJRN,NAO,H:\Meu Drive\RADIO TJRN CONTEÚDO\00_PRODUCAO_2026\01_BOLETINS_DIARIOS\03_AUDIOS_RADIO\05 - MAI - 26\29 05 - SEX
MAIO,NJUD N/A,BOLETIM_RADIO_TJRN_29_05_2026_B10_MPRN_FISCALIZACAO_CAPS_1782517286.mp3,29_05_2026,MPRN_FISCALIZACAO_CAPS_1782517286,,TJRN,NAO,H:\Meu Drive\RADIO TJRN CONTEÚDO\00_PRODUCAO_2026\01_BOLETINS_DIARIOS\03_AUDIOS_RADIO\05 - MAI - 26\29 05 - SEX
MAIO,NJUD N/A,BOLETIM_RADIO_TJRN_29_05_2026_B10_MPRN_FISCALIZACAO_CAPS_1782542567.mp3,29_05_2026,MPRN_FISCALIZACAO_CAPS_1782542567,,TJRN,NAO,H:\Meu Drive\RADIO TJRN CONTEÚDO\00_PRODUCAO_2026\01_BOLETINS_DIARIOS\03_AUDIOS_RADIO\05 - MAI - 26\29 05 - SEX
MAIO,NJUD N/A,BOLETIM_RADIO_TJRN_29_05_2026_B1_TJRN_ALMINO_AFONSO_SELECAO_TABELIAO_.mp3,29_05_2026,TJRN_ALMINO_AFONSO_SELECAO_TABELIAO,,TJRN,NAO,H:\Meu Drive\RADIO TJRN CONTEÚDO\00_PRODUCAO_2026\01_BOLETINS_DIARIOS\03_AUDIOS_RADIO\05 - MAI - 26\29 05 - SEX
MAIO,NJUD N/A,BOLETIM_RADIO_TJRN_29_05_2026_B1_TJRN_ALMINO_AFONSO_SELECAO_TABELIAO__1782517286.mp3,29_05_2026,TJRN_ALMINO_AFONSO_SELECAO_TABELIAO__1782517286,,TJRN,NAO,H:\Meu Drive\RADIO TJRN CONTEÚDO\00_PRODUCAO_2026\01_BOLETINS_DIARIOS\03_AUDIOS_RADIO\05 - MAI - 26\29 05 - SEX
MAIO,NJUD N/A,BOLETIM_RADIO_TJRN_29_05_2026_B1_TJRN_ALMINO_AFONSO_SELECAO_TABELIAO__1782542567.mp3,29_05_2026,TJRN_ALMINO_AFONSO_SELECAO_TABELIAO__1782542567,,TJRN,NAO,H:\Meu Drive\RADIO TJRN CONTEÚDO\00_PRODUCAO_2026\01_BOLETINS_DIARIOS\03_AUDIOS_RADIO\05 - MAI - 26\29 05 - SEX
MAIO,NJUD N/A,BOLETIM_RADIO_TJRN_29_05_2026_B1_TJRN_ALMINO_AFONSO_SELECAO_TABELIAO__1782542978.mp3,29_05_2026,TJRN_ALMINO_AFONSO_SELECAO_TABELIAO__1782542978,,TJRN,NAO,H:\Meu Drive\RADIO TJRN CONTEÚDO\00_PRODUCAO_2026\01_BOLETINS_DIARIOS\03_AUDIOS_RADIO\05 - MAI - 26\29 05 - SEX
MAIO,NJUD N/A,BOLETIM_RADIO_TJRN_29_05_2026_B1_TJRN_ALMINO_AFONSO_SELECAO_TABELIAO__RESTORED.mp3,29_05_2026,TJRN_ALMINO_AFONSO_SELECAO_TABELIAO__RESTORED,,TJRN,NAO,H:\Meu Drive\RADIO TJRN CONTEÚDO\00_PRODUCAO_2026\01_BOLETINS_DIARIOS\03_AUDIOS_RADIO\05 - MAI - 26\29 05 - SEX
MAIO,NJUD N/A,BOLETIM_RADIO_TJRN_29_05_2026_B2_TJRN_SESSAO_HIBRIDA_CAMARA_CRIMINAL_.mp3,29_05_2026,TJRN_SESSAO_HIBRIDA_CAMARA_CRIMINAL,,TJRN,NAO,H:\Meu Drive\RADIO TJRN CONTEÚDO\00_PRODUCAO_2026\01_BOLETINS_DIARIOS\03_AUDIOS_RADIO\05 - MAI - 26\29 05 - SEX
MAIO,NJUD N/A,BOLETIM_RADIO_TJRN_29_05_2026_B2_TJRN_SESSAO_HIBRIDA_CAMARA_CRIMINAL__1782517286.mp3,29_05_2026,TJRN_SESSAO_HIBRIDA_CAMARA_CRIMINAL__1782517286,,TJRN,NAO,H:\Meu Drive\RADIO TJRN CONTEÚDO\00_PRODUCAO_2026\01_BOLETINS_DIARIOS\03_AUDIOS_RADIO\05 - MAI - 26\29 05 - SEX
MAIO,NJUD N/A,BOLETIM_RADIO_TJRN_29_05_2026_B2_TJRN_SESSAO_HIBRIDA_CAMARA_CRIMINAL__1782542567.mp3,29_05_2026,TJRN_SESSAO_HIBRIDA_CAMARA_CRIMINAL__1782542567,,TJRN,NAO,H:\Meu Drive\RADIO TJRN CONTEÚDO\00_PRODUCAO_2026\01_BOLETINS_DIARIOS\03_AUDIOS_RADIO\05 - MAI - 26\29 05 - SEX
MAIO,NJUD N/A,BOLETIM_RADIO_TJRN_29_05_2026_B2_TJRN_SESSAO_HIBRIDA_CAMARA_CRIMINAL__1782542978.mp3,29_05_2026,TJRN_SESSAO_HIBRIDA_CAMARA_CRIMINAL__1782542978,,TJRN,NAO,H:\Meu Drive\RADIO TJRN CONTEÚDO\00_PRODUCAO_2026\01_BOLETINS_DIARIOS\03_AUDIOS_RADIO\05 - MAI - 26\29 05 - SEX
MAIO,NJUD N/A,BOLETIM_RADIO_TJRN_29_05_2026_B2_TJRN_SESSAO_HIBRIDA_CAMARA_CRIMINAL__RESTORED.mp3,29_05_2026,TJRN_SESSAO_HIBRIDA_CAMARA_CRIMINAL__RESTORED,,TJRN,NAO,H:\Meu Drive\RADIO TJRN CONTEÚDO\00_PRODUCAO_2026\01_BOLETINS_DIARIOS\03_AUDIOS_RADIO\05 - MAI - 26\29 05 - SEX
MAIO,NJUD N/A,BOLETIM_RADIO_TJRN_29_05_2026_B3_TJRN_PRORROGA_VALIDADE_CONCURSO_.mp3,29_05_2026,TJRN_PRORROGA_VALIDADE_CONCURSO,,TJRN,NAO,H:\Meu Drive\RADIO TJRN CONTEÚDO\00_PRODUCAO_2026\01_BOLETINS_DIARIOS\03_AUDIOS_RADIO\05 - MAI - 26\29 05 - SEX
MAIO,NJUD N/A,BOLETIM_RADIO_TJRN_29_05_2026_B3_TJRN_PRORROGA_VALIDADE_CONCURSO__1782517286.mp3,29_05_2026,TJRN_PRORROGA_VALIDADE_CONCURSO__1782517286,,TJRN,NAO,H:\Meu Drive\RADIO TJRN CONTEÚDO\00_PRODUCAO_2026\01_BOLETINS_DIARIOS\03_AUDIOS_RADIO\05 - MAI - 26\29 05 - SEX
MAIO,NJUD N/A,BOLETIM_RADIO_TJRN_29_05_2026_B3_TJRN_PRORROGA_VALIDADE_CONCURSO__1782542567.mp3,29_05_2026,TJRN_PRORROGA_VALIDADE_CONCURSO__1782542567,,TJRN,NAO,H:\Meu Drive\RADIO TJRN CONTEÚDO\00_PRODUCAO_2026\01_BOLETINS_DIARIOS\03_AUDIOS_RADIO\05 - MAI - 26\29 05 - SEX
MAIO,NJUD N/A,BOLETIM_RADIO_TJRN_29_05_2026_B3_TJRN_PRORROGA_VALIDADE_CONCURSO__1782542978.mp3,29_05_2026,TJRN_PRORROGA_VALIDADE_CONCURSO__1782542978,,TJRN,NAO,H:\Meu Drive\RADIO TJRN CONTEÚDO\00_PRODUCAO_2026\01_BOLETINS_DIARIOS\03_AUDIOS_RADIO\05 - MAI - 26\29 05 - SEX
MAIO,NJUD N/A,BOLETIM_RADIO_TJRN_29_05_2026_B3_TJRN_PRORROGA_VALIDADE_CONCURSO__RESTORED.mp3,29_05_2026,TJRN_PRORROGA_VALIDADE_CONCURSO__RESTORED,,TJRN,NAO,H:\Meu Drive\RADIO TJRN CONTEÚDO\00_PRODUCAO_2026\01_BOLETINS_DIARIOS\03_AUDIOS_RADIO\05 - MAI - 26\29 05 - SEX
MAIO,NJUD N/A,BOLETIM_RADIO_TJRN_29_05_2026_B4_TJRN_COMISSAO_SOLUCOES_FUNDIARIAS_ (1).mp3,29_05_2026,TJRN_COMISSAO_SOLUCOES_FUNDIARIAS_ (1),,TJRN,NAO,H:\Meu Drive\RADIO TJRN CONTEÚDO\00_PRODUCAO_2026\01_BOLETINS_DIARIOS\03_AUDIOS_RADIO\05 - MAI - 26\29 05 - SEX
MAIO,NJUD N/A,BOLETIM_RADIO_TJRN_29_05_2026_B4_TJRN_COMISSAO_SOLUCOES_FUNDIARIAS_.mp3,29_05_2026,TJRN_COMISSAO_SOLUCOES_FUNDIARIAS,,TJRN,NAO,H:\Meu Drive\RADIO TJRN CONTEÚDO\00_PRODUCAO_2026\01_BOLETINS_DIARIOS\03_AUDIOS_RADIO\05 - MAI - 26\29 05 - SEX
MAIO,NJUD N/A,BOLETIM_RADIO_TJRN_29_05_2026_B4_TJRN_COMISSAO_SOLUCOES_FUNDIARIAS__1782542567.mp3,29_05_2026,TJRN_COMISSAO_SOLUCOES_FUNDIARIAS__1782542567,,TJRN,NAO,H:\Meu Drive\RADIO TJRN CONTEÚDO\00_PRODUCAO_2026\01_BOLETINS_DIARIOS\03_AUDIOS_RADIO\05 - MAI - 26\29 05 - SEX
MAIO,NJUD N/A,BOLETIM_RADIO_TJRN_29_05_2026_B4_TJRN_COMISSAO_SOLUCOES_FUNDIARIAS__1782542978.mp3,29_05_2026,TJRN_COMISSAO_SOLUCOES_FUNDIARIAS__1782542978,,TJRN,NAO,H:\Meu Drive\RADIO TJRN CONTEÚDO\00_PRODUCAO_2026\01_BOLETINS_DIARIOS\03_AUDIOS_RADIO\05 - MAI - 26\29 05 - SEX
MAIO,NJUD N/A,BOLETIM_RADIO_TJRN_29_05_2026_B4_TJRN_COMISSAO_SOLUCOES_FUNDIARIAS__RESTORED.mp3,29_05_2026,TJRN_COMISSAO_SOLUCOES_FUNDIARIAS__RESTORED,,TJRN,NAO,H:\Meu Drive\RADIO TJRN CONTEÚDO\00_PRODUCAO_2026\01_BOLETINS_DIARIOS\03_AUDIOS_RADIO\05 - MAI - 26\29 05 - SEX
MAIO,NJUD N/A,BOLETIM_RADIO_TJRN_29_05_2026_B5_TJRN_RESULTADO_RECURSOS_HETEROIDENTIFICACAO_.mp3,29_05_2026,TJRN_RESULTADO_RECURSOS_HETEROIDENTIFICACAO,,TJRN,NAO,H:\Meu Drive\RADIO TJRN CONTEÚDO\00_PRODUCAO_2026\01_BOLETINS_DIARIOS\03_AUDIOS_RADIO\05 - MAI - 26\29 05 - SEX
MAIO,NJUD N/A,BOLETIM_RADIO_TJRN_29_05_2026_B5_TJRN_RESULTADO_RECURSOS_HETEROIDENTIFICACAO__1782517286.mp3,29_05_2026,TJRN_RESULTADO_RECURSOS_HETEROIDENTIFICACAO__1782517286,,TJRN,NAO,H:\Meu Drive\RADIO TJRN CONTEÚDO\00_PRODUCAO_2026\01_BOLETINS_DIARIOS\03_AUDIOS_RADIO\05 - MAI - 26\29 05 - SEX
MAIO,NJUD N/A,BOLETIM_RADIO_TJRN_29_05_2026_B5_TJRN_RESULTADO_RECURSOS_HETEROIDENTIFICACAO__1782542567.mp3,29_05_2026,TJRN_RESULTADO_RECURSOS_HETEROIDENTIFICACAO__1782542567,,TJRN,NAO,H:\Meu Drive\RADIO TJRN CONTEÚDO\00_PRODUCAO_2026\01_BOLETINS_DIARIOS\03_AUDIOS_RADIO\05 - MAI - 26\29 05 - SEX
MAIO,NJUD N/A,BOLETIM_RADIO_TJRN_29_05_2026_B5_TJRN_RESULTADO_RECURSOS_HETEROIDENTIFICACAO__1782542978.mp3,29_05_2026,TJRN_RESULTADO_RECURSOS_HETEROIDENTIFICACAO__1782542978,,TJRN,NAO,H:\Meu Drive\RADIO TJRN CONTEÚDO\00_PRODUCAO_2026\01_BOLETINS_DIARIOS\03_AUDIOS_RADIO\05 - MAI - 26\29 05 - SEX
MAIO,NJUD N/A,BOLETIM_RADIO_TJRN_29_05_2026_B5_TJRN_RESULTADO_RECURSOS_HETEROIDENTIFICACAO__RESTORED.mp3,29_05_2026,TJRN_RESULTADO_RECURSOS_HETEROIDENTIFICACAO__RESTORED,,TJRN,NAO,H:\Meu Drive\RADIO TJRN CONTEÚDO\00_PRODUCAO_2026\01_BOLETINS_DIARIOS\03_AUDIOS_RADIO\05 - MAI - 26\29 05 - SEX
MAIO,NJUD N/A,BOLETIM_RADIO_TJRN_29_05_2026_B6_TJRN_MAGISTRADOS_FONAJE_TRANSNACIONAL_.mp3,29_05_2026,TJRN_MAGISTRADOS_FONAJE_TRANSNACIONAL,,TJRN,NAO,H:\Meu Drive\RADIO TJRN CONTEÚDO\00_PRODUCAO_2026\01_BOLETINS_DIARIOS\03_AUDIOS_RADIO\05 - MAI - 26\29 05 - SEX
MAIO,NJUD N/A,BOLETIM_RADIO_TJRN_29_05_2026_B6_TJRN_MAGISTRADOS_FONAJE_TRANSNACIONAL__1782517286.mp3,29_05_2026,TJRN_MAGISTRADOS_FONAJE_TRANSNACIONAL__1782517286,,TJRN,NAO,H:\Meu Drive\RADIO TJRN CONTEÚDO\00_PRODUCAO_2026\01_BOLETINS_DIARIOS\03_AUDIOS_RADIO\05 - MAI - 26\29 05 - SEX
MAIO,NJUD N/A,BOLETIM_RADIO_TJRN_29_05_2026_B6_TJRN_MAGISTRADOS_FONAJE_TRANSNACIONAL__1782542567.mp3,29_05_2026,TJRN_MAGISTRADOS_FONAJE_TRANSNACIONAL__1782542567,,TJRN,NAO,H:\Meu Drive\RADIO TJRN CONTEÚDO\00_PRODUCAO_2026\01_BOLETINS_DIARIOS\03_AUDIOS_RADIO\05 - MAI - 26\29 05 - SEX
MAIO,NJUD N/A,BOLETIM_RADIO_TJRN_29_05_2026_B6_TJRN_MAGISTRADOS_FONAJE_TRANSNACIONAL__1782542978.mp3,29_05_2026,TJRN_MAGISTRADOS_FONAJE_TRANSNACIONAL__1782542978,,TJRN,NAO,H:\Meu Drive\RADIO TJRN CONTEÚDO\00_PRODUCAO_2026\01_BOLETINS_DIARIOS\03_AUDIOS_RADIO\05 - MAI - 26\29 05 - SEX
MAIO,NJUD N/A,BOLETIM_RADIO_TJRN_29_05_2026_B6_TJRN_MAGISTRADOS_FONAJE_TRANSNACIONAL__RESTORED.mp3,29_05_2026,TJRN_MAGISTRADOS_FONAJE_TRANSNACIONAL__RESTORED,,TJRN,NAO,H:\Meu Drive\RADIO TJRN CONTEÚDO\00_PRODUCAO_2026\01_BOLETINS_DIARIOS\03_AUDIOS_RADIO\05 - MAI - 26\29 05 - SEX
MAIO,NJUD N/A,BOLETIM_RADIO_TJRN_29_05_2026_B7_OABRN_ALERTA_USO_INDEVIDO_ENTIDADE.mp3,29_05_2026,OABRN_ALERTA_USO_INDEVIDO_ENTIDADE,,TJRN,NAO,H:\Meu Drive\RADIO TJRN CONTEÚDO\00_PRODUCAO_2026\01_BOLETINS_DIARIOS\03_AUDIOS_RADIO\05 - MAI - 26\29 05 - SEX
MAIO,NJUD N/A,BOLETIM_RADIO_TJRN_29_05_2026_B7_OABRN_ALERTA_USO_INDEVIDO_ENTIDADE_1782517286.mp3,29_05_2026,OABRN_ALERTA_USO_INDEVIDO_ENTIDADE_1782517286,,TJRN,NAO,H:\Meu Drive\RADIO TJRN CONTEÚDO\00_PRODUCAO_2026\01_BOLETINS_DIARIOS\03_AUDIOS_RADIO\05 - MAI - 26\29 05 - SEX
MAIO,NJUD N/A,BOLETIM_RADIO_TJRN_29_05_2026_B7_OABRN_ALERTA_USO_INDEVIDO_ENTIDADE_1782542567.mp3,29_05_2026,OABRN_ALERTA_USO_INDEVIDO_ENTIDADE_1782542567,,TJRN,NAO,H:\Meu Drive\RADIO TJRN CONTEÚDO\00_PRODUCAO_2026\01_BOLETINS_DIARIOS\03_AUDIOS_RADIO\05 - MAI - 26\29 05 - SEX
MAIO,NJUD N/A,BOLETIM_RADIO_TJRN_29_05_2026_B7_OABRN_ALERTA_USO_INDEVIDO_ENTIDADE_1782542978.mp3,29_05_2026,OABRN_ALERTA_USO_INDEVIDO_ENTIDADE_1782542978,,TJRN,NAO,H:\Meu Drive\RADIO TJRN CONTEÚDO\00_PRODUCAO_2026\01_BOLETINS_DIARIOS\03_AUDIOS_RADIO\05 - MAI - 26\29 05 - SEX
MAIO,NJUD N/A,BOLETIM_RADIO_TJRN_29_05_2026_B7_OABRN_ALERTA_USO_INDEVIDO_ENTIDADE_RESTORED.mp3,29_05_2026,OABRN_ALERTA_USO_INDEVIDO_ENTIDADE_RESTORED,,TJRN,NAO,H:\Meu Drive\RADIO TJRN CONTEÚDO\00_PRODUCAO_2026\01_BOLETINS_DIARIOS\03_AUDIOS_RADIO\05 - MAI - 26\29 05 - SEX
MAIO,NJUD N/A,BOLETIM_RADIO_TJRN_29_05_2026_B8_TJRN_EVENTO_CHATJURIS.mp3,29_05_2026,TJRN_EVENTO_CHATJURIS,,TJRN,NAO,H:\Meu Drive\RADIO TJRN CONTEÚDO\00_PRODUCAO_2026\01_BOLETINS_DIARIOS\03_AUDIOS_RADIO\05 - MAI - 26\29 05 - SEX
MAIO,NJUD N/A,BOLETIM_RADIO_TJRN_29_05_2026_B8_TJRN_EVENTO_CHATJURIS_1782517286.mp3,29_05_2026,TJRN_EVENTO_CHATJURIS_1782517286,,TJRN,NAO,H:\Meu Drive\RADIO TJRN CONTEÚDO\00_PRODUCAO_2026\01_BOLETINS_DIARIOS\03_AUDIOS_RADIO\05 - MAI - 26\29 05 - SEX
MAIO,NJUD N/A,BOLETIM_RADIO_TJRN_29_05_2026_B8_TJRN_EVENTO_CHATJURIS_1782542567.mp3,29_05_2026,TJRN_EVENTO_CHATJURIS_1782542567,,TJRN,NAO,H:\Meu Drive\RADIO TJRN CONTEÚDO\00_PRODUCAO_2026\01_BOLETINS_DIARIOS\03_AUDIOS_RADIO\05 - MAI - 26\29 05 - SEX
MAIO,NJUD N/A,BOLETIM_RADIO_TJRN_29_05_2026_B8_TJRN_EVENTO_CHATJURIS_1782542978.mp3,29_05_2026,TJRN_EVENTO_CHATJURIS_1782542978,,TJRN,NAO,H:\Meu Drive\RADIO TJRN CONTEÚDO\00_PRODUCAO_2026\01_BOLETINS_DIARIOS\03_AUDIOS_RADIO\05 - MAI - 26\29 05 - SEX
MAIO,NJUD N/A,BOLETIM_RADIO_TJRN_29_05_2026_B8_TJRN_EVENTO_CHATJURIS_RESTORED.mp3,29_05_2026,TJRN_EVENTO_CHATJURIS_RESTORED,,TJRN,NAO,H:\Meu Drive\RADIO TJRN CONTEÚDO\00_PRODUCAO_2026\01_BOLETINS_DIARIOS\03_AUDIOS_RADIO\05 - MAI - 26\29 05 - SEX
MAIO,NJUD N/A,BOLETIM_RADIO_TJRN_29_05_2026_B9_TJRN_AREAS_DE_GESTAO_ (1).mp3,29_05_2026,TJRN_AREAS_DE_GESTAO_ (1),,TJRN,NAO,H:\Meu Drive\RADIO TJRN CONTEÚDO\00_PRODUCAO_2026\01_BOLETINS_DIARIOS\03_AUDIOS_RADIO\05 - MAI - 26\29 05 - SEX
MAIO,NJUD N/A,BOLETIM_RADIO_TJRN_29_05_2026_B9_TJRN_AREAS_DE_GESTAO_.mp3,29_05_2026,TJRN_AREAS_DE_GESTAO,,TJRN,NAO,H:\Meu Drive\RADIO TJRN CONTEÚDO\00_PRODUCAO_2026\01_BOLETINS_DIARIOS\03_AUDIOS_RADIO\05 - MAI - 26\29 05 - SEX
MAIO,NJUD N/A,BOLETIM_RADIO_TJRN_29_05_2026_B9_TJRN_AREAS_DE_GESTAO__1782542567.mp3,29_05_2026,TJRN_AREAS_DE_GESTAO__1782542567,,TJRN,NAO,H:\Meu Drive\RADIO TJRN CONTEÚDO\00_PRODUCAO_2026\01_BOLETINS_DIARIOS\03_AUDIOS_RADIO\05 - MAI - 26\29 05 - SEX
MAIO,NJUD N/A,BOLETIM_RADIO_TJRN_21_05_2026_B10_TRTRN_CARTILHA_RESPEITO_ASSEDIO_MORAL_.mp3,21_05_2026,TRTRN_CARTILHA_RESPEITO_ASSEDIO_MORAL,,TJRN,NAO,H:\Meu Drive\RADIO TJRN CONTEÚDO\00_PRODUCAO_2026\01_BOLETINS_DIARIOS\03_AUDIOS_RADIO\05 - MAI - 26
MAIO,NJUD N/A,BOLETIM_RADIO_TJRN_21_05_2026_B6_TJRN_FALHA_PRESTACAO_SERVICOS_TELECOMUNICACOES.mp3,21_05_2026,TJRN_FALHA_PRESTACAO_SERVICOS_TELECOMUNICACOES,,TJRN,NAO,H:\Meu Drive\RADIO TJRN CONTEÚDO\00_PRODUCAO_2026\01_BOLETINS_DIARIOS\03_AUDIOS_RADIO\05 - MAI - 26
MAIO,NJUD N/A,BOLETIM_RADIO_TJRN_21_05_2026_B7_TJRN_ESTAGIO_ESMARN_.mp3,21_05_2026,TJRN_ESTAGIO_ESMARN,,TJRN,NAO,H:\Meu Drive\RADIO TJRN CONTEÚDO\00_PRODUCAO_2026\01_BOLETINS_DIARIOS\03_AUDIOS_RADIO\05 - MAI - 26
MAIO,NJUD N/A,BOLETIM_RADIO_TJRN_21_05_2026_B8_TJRN_LANCA_BIBLIOTECA_DIGITAL_.mp3,21_05_2026,TJRN_LANCA_BIBLIOTECA_DIGITAL,,TJRN,NAO,H:\Meu Drive\RADIO TJRN CONTEÚDO\00_PRODUCAO_2026\01_BOLETINS_DIARIOS\03_AUDIOS_RADIO\05 - MAI - 26
MAIO,NJUD N/A,BOLETIM_RADIO_TJRN_21_05_2026_B9_OABRN_OBSERVATORIO_PUBLICIDADE.mp3,21_05_2026,OABRN_OBSERVATORIO_PUBLICIDADE,,TJRN,NAO,H:\Meu Drive\RADIO TJRN CONTEÚDO\00_PRODUCAO_2026\01_BOLETINS_DIARIOS\03_AUDIOS_RADIO\05 - MAI - 26
MAIO,NJUD N/A,BOLETIM_RADIO_TJRN_22_05_2026_B10_TJRN_CAMARA_CRIMINAL_ANTECIPADA_.mp3,22_05_2026,TJRN_CAMARA_CRIMINAL_ANTECIPADA,,TJRN,NAO,H:\Meu Drive\RADIO TJRN CONTEÚDO\00_PRODUCAO_2026\01_BOLETINS_DIARIOS\03_AUDIOS_RADIO\05 - MAI - 26
MAIO,NJUD N/A,BOLETIM_RADIO_TJRN_22_05_2026_B1_TJRN_INDISPONIBILIDADE_SABADO_.mp3,22_05_2026,TJRN_INDISPONIBILIDADE_SABADO,,TJRN,NAO,H:\Meu Drive\RADIO TJRN CONTEÚDO\00_PRODUCAO_2026\01_BOLETINS_DIARIOS\03_AUDIOS_RADIO\05 - MAI - 26
MAIO,NJUD N/A,BOLETIM_RADIO_TJRN_22_05_2026_B2_TJRN_SUSPENDE_LICITACAO_SAMU.mp3,22_05_2026,TJRN_SUSPENDE_LICITACAO_SAMU,,TJRN,NAO,H:\Meu Drive\RADIO TJRN CONTEÚDO\00_PRODUCAO_2026\01_BOLETINS_DIARIOS\03_AUDIOS_RADIO\05 - MAI - 26
MAIO,NJUD N/A,BOLETIM_RADIO_TJRN_22_05_2026_B3_TJRN_DESTACA_FORTALECIMENTO_REDE_PROTECAO.mp3,22_05_2026,TJRN_DESTACA_FORTALECIMENTO_REDE_PROTECAO,,TJRN,NAO,H:\Meu Drive\RADIO TJRN CONTEÚDO\00_PRODUCAO_2026\01_BOLETINS_DIARIOS\03_AUDIOS_RADIO\05 - MAI - 26
MAIO,NJUD N/A,BOLETIM_RADIO_TJRN_22_05_2026_B4_TJRN_FIXA_PRAZO_60_DIAS_IDEMA.mp3,22_05_2026,TJRN_FIXA_PRAZO_60_DIAS_IDEMA,,TJRN,NAO,H:\Meu Drive\RADIO TJRN CONTEÚDO\00_PRODUCAO_2026\01_BOLETINS_DIARIOS\03_AUDIOS_RADIO\05 - MAI - 26
MAIO,NJUD N/A,BOLETIM_RADIO_TJRN_22_05_2026_B5_TJRN_OBITO_CRIANCA_MOSSORO.mp3,22_05_2026,TJRN_OBITO_CRIANCA_MOSSORO,,TJRN,NAO,H:\Meu Drive\RADIO TJRN CONTEÚDO\00_PRODUCAO_2026\01_BOLETINS_DIARIOS\03_AUDIOS_RADIO\05 - MAI - 26
MAIO,NJUD N/A,BOLETIM_RADIO_TJRN_22_05_2026_B6_TJRN_FEMINICIDIO_JURI_POPULAR_.mp3,22_05_2026,TJRN_FEMINICIDIO_JURI_POPULAR,,TJRN,NAO,H:\Meu Drive\RADIO TJRN CONTEÚDO\00_PRODUCAO_2026\01_BOLETINS_DIARIOS\03_AUDIOS_RADIO\05 - MAI - 26
MAIO,NJUD N/A,BOLETIM_RADIO_TJRN_22_05_2026_B7_TJRN_MANTIDA_SEPARACAO_VALORES_INDENIZATORIOS_.mp3,22_05_2026,TJRN_MANTIDA_SEPARACAO_VALORES_INDENIZATORIOS,,TJRN,NAO,H:\Meu Drive\RADIO TJRN CONTEÚDO\00_PRODUCAO_2026\01_BOLETINS_DIARIOS\03_AUDIOS_RADIO\05 - MAI - 26
MAIO,NJUD N/A,BOLETIM_RADIO_TJRN_22_05_2026_B8_TJRN_MORTE_FETO_DEFICIENCIA_.mp3,22_05_2026,TJRN_MORTE_FETO_DEFICIENCIA,,TJRN,NAO,H:\Meu Drive\RADIO TJRN CONTEÚDO\00_PRODUCAO_2026\01_BOLETINS_DIARIOS\03_AUDIOS_RADIO\05 - MAI - 26
MAIO,NJUD N/A,BOLETIM_RADIO_TJRN_22_05_2026_B9_TJRN_COSERN_CONDENADA_OSCILACOES_.mp3,22_05_2026,TJRN_COSERN_CONDENADA_OSCILACOES,,TJRN,NAO,H:\Meu Drive\RADIO TJRN CONTEÚDO\00_PRODUCAO_2026\01_BOLETINS_DIARIOS\03_AUDIOS_RADIO\05 - MAI - 26
MAIO,NJUD N/A,BOLETIM_RADIO_TJRN_25_05_2026_B10_DPERN_GARANTE_LIMITE_COPARTICIPACAO_.mp3,25_05_2026,DPERN_GARANTE_LIMITE_COPARTICIPACAO,,TJRN,NAO,H:\Meu Drive\RADIO TJRN CONTEÚDO\00_PRODUCAO_2026\01_BOLETINS_DIARIOS\03_AUDIOS_RADIO\05 - MAI - 26
MAIO,NJUD N/A,BOLETIM_RADIO_TJRN_25_05_2026_B1_SEMANA_ADOCAO_ASSEMBLEIA.mp3,25_05_2026,SEMANA_ADOCAO_ASSEMBLEIA,,TJRN,NAO,H:\Meu Drive\RADIO TJRN CONTEÚDO\00_PRODUCAO_2026\01_BOLETINS_DIARIOS\03_AUDIOS_RADIO\05 - MAI - 26
MAIO,NJUD N/A,BOLETIM_RADIO_TJRN_25_05_2026_B2_CONDENACAO_MARCENEIRO.mp3,25_05_2026,CONDENACAO_MARCENEIRO,,TJRN,NAO,H:\Meu Drive\RADIO TJRN CONTEÚDO\00_PRODUCAO_2026\01_BOLETINS_DIARIOS\03_AUDIOS_RADIO\05 - MAI - 26
MAIO,NJUD N/A,BOLETIM_RADIO_TJRN_25_05_2026_B3_COPARTICIPACAO_LIMITADA_TEA.mp3,25_05_2026,COPARTICIPACAO_LIMITADA_TEA,,TJRN,NAO,H:\Meu Drive\RADIO TJRN CONTEÚDO\00_PRODUCAO_2026\01_BOLETINS_DIARIOS\03_AUDIOS_RADIO\05 - MAI - 26
MAIO,NJUD N/A,BOLETIM_RADIO_TJRN_25_05_2026_B4_RESPONSABILIDADE_EMPRESA_TRANSPORTE_ACIDENTE.mp3,25_05_2026,RESPONSABILIDADE_EMPRESA_TRANSPORTE_ACIDENTE,,TJRN,NAO,H:\Meu Drive\RADIO TJRN CONTEÚDO\00_PRODUCAO_2026\01_BOLETINS_DIARIOS\03_AUDIOS_RADIO\05 - MAI - 26
MAIO,NJUD N/A,BOLETIM_RADIO_TJRN_25_05_2026_B5_CONSUMIDORA_VENCE_CAUSA_COSERN.mp3,25_05_2026,CONSUMIDORA_VENCE_CAUSA_COSERN,,TJRN,NAO,H:\Meu Drive\RADIO TJRN CONTEÚDO\00_PRODUCAO_2026\01_BOLETINS_DIARIOS\03_AUDIOS_RADIO\05 - MAI - 26
MAIO,NJUD N/A,BOLETIM_RADIO_TJRN_25_05_2026_B6_ESTAGIO_DIREITO_MOSSORO.mp3,25_05_2026,ESTAGIO_DIREITO_MOSSORO,,TJRN,NAO,H:\Meu Drive\RADIO TJRN CONTEÚDO\00_PRODUCAO_2026\01_BOLETINS_DIARIOS\03_AUDIOS_RADIO\05 - MAI - 26
MAIO,NJUD N/A,BOLETIM_RADIO_TJRN_25_05_2026_B7_TJRN_NOVA_BIBLIOTECA_TJRN_.mp3,25_05_2026,TJRN_NOVA_BIBLIOTECA_TJRN,,TJRN,NAO,H:\Meu Drive\RADIO TJRN CONTEÚDO\00_PRODUCAO_2026\01_BOLETINS_DIARIOS\03_AUDIOS_RADIO\05 - MAI - 26
MAIO,NJUD N/A,BOLETIM_RADIO_TJRN_25_05_2026_B8_TJRN_CURSO_ADOCAO_.mp3,25_05_2026,TJRN_CURSO_ADOCAO,,TJRN,NAO,H:\Meu Drive\RADIO TJRN CONTEÚDO\00_PRODUCAO_2026\01_BOLETINS_DIARIOS\03_AUDIOS_RADIO\05 - MAI - 26
MAIO,NJUD N/A,BOLETIM_RADIO_TJRN_25_05_2026_B9_TRTRN_EMPRESA_PAGARA_INDENIZACAO_.mp3,25_05_2026,TRTRN_EMPRESA_PAGARA_INDENIZACAO,,TJRN,NAO,H:\Meu Drive\RADIO TJRN CONTEÚDO\00_PRODUCAO_2026\01_BOLETINS_DIARIOS\03_AUDIOS_RADIO\05 - MAI - 26
MAIO,NJUD N/A,BOLETIM_RADIO_TJRN_26_05_2026_B10_DPERN_REGULAMENTACAO_CANNABIS_.mp3,26_05_2026,DPERN_REGULAMENTACAO_CANNABIS,,TJRN,NAO,H:\Meu Drive\RADIO TJRN CONTEÚDO\00_PRODUCAO_2026\01_BOLETINS_DIARIOS\03_AUDIOS_RADIO\05 - MAI - 26
MAIO,NJUD N/A,BOLETIM_RADIO_TJRN_26_05_2026_B1_TJRN_ENCERRAMENTO_SEMANA_ADOCAO_.mp3,26_05_2026,TJRN_ENCERRAMENTO_SEMANA_ADOCAO,,TJRN,NAO,H:\Meu Drive\RADIO TJRN CONTEÚDO\00_PRODUCAO_2026\01_BOLETINS_DIARIOS\03_AUDIOS_RADIO\05 - MAI - 26
MAIO,NJUD N/A,BOLETIM_RADIO_TJRN_26_05_2026_B2_TJRN_EMPRESAS_RESPONSABILIZADAS_CARGA_.mp3,26_05_2026,TJRN_EMPRESAS_RESPONSABILIZADAS_CARGA,,TJRN,NAO,H:\Meu Drive\RADIO TJRN CONTEÚDO\00_PRODUCAO_2026\01_BOLETINS_DIARIOS\03_AUDIOS_RADIO\05 - MAI - 26
MAIO,NJUD N/A,BOLETIM_RADIO_TJRN_26_05_2026_B3_TJRN_CONSUMIDORA_VENCE_ACAO_.mp3,26_05_2026,TJRN_CONSUMIDORA_VENCE_ACAO,,TJRN,NAO,H:\Meu Drive\RADIO TJRN CONTEÚDO\00_PRODUCAO_2026\01_BOLETINS_DIARIOS\03_AUDIOS_RADIO\05 - MAI - 26
MAIO,NJUD N/A,BOLETIM_RADIO_TJRN_26_05_2026_B4_TJRN_VARA_FAMILIA_SELECAO_.mp3,26_05_2026,TJRN_VARA_FAMILIA_SELECAO,,TJRN,NAO,H:\Meu Drive\RADIO TJRN CONTEÚDO\00_PRODUCAO_2026\01_BOLETINS_DIARIOS\03_AUDIOS_RADIO\05 - MAI - 26
MAIO,NJUD N/A,BOLETIM_RADIO_TJRN_26_05_2026_B5_TJRN_CURSO_ADOCAO_.mp3,26_05_2026,TJRN_CURSO_ADOCAO,,TJRN,NAO,H:\Meu Drive\RADIO TJRN CONTEÚDO\00_PRODUCAO_2026\01_BOLETINS_DIARIOS\03_AUDIOS_RADIO\05 - MAI - 26
MAIO,NJUD N/A,BOLETIM_RADIO_TJRN_26_05_2026_B6_TJRN_PODCAST_IA_CIBERSEGURANCA_.mp3,26_05_2026,TJRN_PODCAST_IA_CIBERSEGURANCA,,TJRN,NAO,H:\Meu Drive\RADIO TJRN CONTEÚDO\00_PRODUCAO_2026\01_BOLETINS_DIARIOS\03_AUDIOS_RADIO\05 - MAI - 26
MAIO,NJUD N/A,BOLETIM_RADIO_TJRN_26_05_2026_B7_TJRN_PLANO_SAUDE_INDENIZA_GESTANTE_.mp3,26_05_2026,TJRN_PLANO_SAUDE_INDENIZA_GESTANTE,,TJRN,NAO,H:\Meu Drive\RADIO TJRN CONTEÚDO\00_PRODUCAO_2026\01_BOLETINS_DIARIOS\03_AUDIOS_RADIO\05 - MAI - 26
MAIO,NJUD N/A,BOLETIM_RADIO_TJRN_26_05_2026_B9_OABRN_PANFLETAGEM_FALSO_ADVOGADO_.mp3,26_05_2026,OABRN_PANFLETAGEM_FALSO_ADVOGADO,,TJRN,NAO,H:\Meu Drive\RADIO TJRN CONTEÚDO\00_PRODUCAO_2026\01_BOLETINS_DIARIOS\03_AUDIOS_RADIO\05 - MAI - 26
MAIO,NJUD N/A,BOLETIM_RADIO_TJRN_27_05_2026_B10_MPRN_CONDENACAO_BANCO_COBRANCA.mp3,27_05_2026,MPRN_CONDENACAO_BANCO_COBRANCA,,TJRN,NAO,H:\Meu Drive\RADIO TJRN CONTEÚDO\00_PRODUCAO_2026\01_BOLETINS_DIARIOS\03_AUDIOS_RADIO\05 - MAI - 26
MAIO,NJUD N/A,BOLETIM_RADIO_TJRN_27_05_2026_B1_TJRN_ESTADO_FORNECER_APARELHO_IDOSA.mp3,27_05_2026,TJRN_ESTADO_FORNECER_APARELHO_IDOSA,,TJRN,NAO,H:\Meu Drive\RADIO TJRN CONTEÚDO\00_PRODUCAO_2026\01_BOLETINS_DIARIOS\03_AUDIOS_RADIO\05 - MAI - 26
MAIO,NJUD N/A,BOLETIM_RADIO_TJRN_27_05_2026_B2_TJRN_ESTADO_CONDENADO_OPERACAO_POLICIAL.mp3,27_05_2026,TJRN_ESTADO_CONDENADO_OPERACAO_POLICIAL,,TJRN,NAO,H:\Meu Drive\RADIO TJRN CONTEÚDO\00_PRODUCAO_2026\01_BOLETINS_DIARIOS\03_AUDIOS_RADIO\05 - MAI - 26
MAIO,NJUD N/A,BOLETIM_RADIO_TJRN_27_05_2026_B3_TJRN_TRIBUNAIS_PLANOS_ACAO_JUNHO.mp3,27_05_2026,TJRN_TRIBUNAIS_PLANOS_ACAO_JUNHO,,TJRN,NAO,H:\Meu Drive\RADIO TJRN CONTEÚDO\00_PRODUCAO_2026\01_BOLETINS_DIARIOS\03_AUDIOS_RADIO\05 - MAI - 26
MAIO,NJUD N/A,BOLETIM_RADIO_TJRN_27_05_2026_B4_TJRN_ACESSIBILIDADE_DIGITAL_.mp3,27_05_2026,TJRN_ACESSIBILIDADE_DIGITAL,,TJRN,NAO,H:\Meu Drive\RADIO TJRN CONTEÚDO\00_PRODUCAO_2026\01_BOLETINS_DIARIOS\03_AUDIOS_RADIO\05 - MAI - 26
MAIO,NJUD N/A,BOLETIM_RADIO_TJRN_27_05_2026_B5_TJRN_LEILAO_85_IMOVEIS_.mp3,27_05_2026,TJRN_LEILAO_85_IMOVEIS,,TJRN,NAO,H:\Meu Drive\RADIO TJRN CONTEÚDO\00_PRODUCAO_2026\01_BOLETINS_DIARIOS\03_AUDIOS_RADIO\05 - MAI - 26
MAIO,NJUD N/A,BOLETIM_RADIO_TJRN_27_05_2026_B6_TJRN_CORREGEDORIA_APRIMORAMENTO_FUNDIARIA_.mp3,27_05_2026,TJRN_CORREGEDORIA_APRIMORAMENTO_FUNDIARIA,,TJRN,NAO,H:\Meu Drive\RADIO TJRN CONTEÚDO\00_PRODUCAO_2026\01_BOLETINS_DIARIOS\03_AUDIOS_RADIO\05 - MAI - 26
MAIO,NJUD N/A,BOLETIM_RADIO_TJRN_27_05_2026_B7_TJRN_CONSUMIDORA_INDENIZADA_CANCELAMENTO_VOO.mp3,27_05_2026,TJRN_CONSUMIDORA_INDENIZADA_CANCELAMENTO_VOO,,TJRN,NAO,H:\Meu Drive\RADIO TJRN CONTEÚDO\00_PRODUCAO_2026\01_BOLETINS_DIARIOS\03_AUDIOS_RADIO\05 - MAI - 26
MAIO,NJUD N/A,BOLETIM_RADIO_TJRN_27_05_2026_B8_TJRN_BANCO_COMPROVA_USO_CARTAO.mp3,27_05_2026,TJRN_BANCO_COMPROVA_USO_CARTAO,,TJRN,NAO,H:\Meu Drive\RADIO TJRN CONTEÚDO\00_PRODUCAO_2026\01_BOLETINS_DIARIOS\03_AUDIOS_RADIO\05 - MAI - 26
MAIO,NJUD N/A,BOLETIM_RADIO_TJRN_27_05_2026_B9_TJRN_HOMEM_CONDENADO_PORTE_ILEGAL_ARMA_.mp3,27_05_2026,TJRN_HOMEM_CONDENADO_PORTE_ILEGAL_ARMA,,TJRN,NAO,H:\Meu Drive\RADIO TJRN CONTEÚDO\00_PRODUCAO_2026\01_BOLETINS_DIARIOS\03_AUDIOS_RADIO\05 - MAI - 26
MAIO,NJUD N/A,BOLETIM_RADIO_TJRN_28_05_2026_B10_TRTRN_SEMANA_MEIO_AMBIENTE_.mp3,28_05_2026,TRTRN_SEMANA_MEIO_AMBIENTE,,TJRN,NAO,H:\Meu Drive\RADIO TJRN CONTEÚDO\00_PRODUCAO_2026\01_BOLETINS_DIARIOS\03_AUDIOS_RADIO\05 - MAI - 26
MAIO,NJUD N/A,BOLETIM_RADIO_TJRN_28_05_2026_B1_TJRN_MANTEM_NEGATIVA_CADASTRO.mp3,28_05_2026,TJRN_MANTEM_NEGATIVA_CADASTRO,,TJRN,NAO,H:\Meu Drive\RADIO TJRN CONTEÚDO\00_PRODUCAO_2026\01_BOLETINS_DIARIOS\03_AUDIOS_RADIO\05 - MAI - 26
MAIO,NJUD N/A,BOLETIM_RADIO_TJRN_28_05_2026_B2_TJRN_VARA_ASSU_INTERINO (1).mp3,28_05_2026,TJRN_VARA_ASSU_INTERINO (1),,TJRN,NAO,H:\Meu Drive\RADIO TJRN CONTEÚDO\00_PRODUCAO_2026\01_BOLETINS_DIARIOS\03_AUDIOS_RADIO\05 - MAI - 26
MAIO,NJUD N/A,BOLETIM_RADIO_TJRN_28_05_2026_B2_TJRN_VARA_ASSU_INTERINO.mp3,28_05_2026,TJRN_VARA_ASSU_INTERINO,,TJRN,NAO,H:\Meu Drive\RADIO TJRN CONTEÚDO\00_PRODUCAO_2026\01_BOLETINS_DIARIOS\03_AUDIOS_RADIO\05 - MAI - 26
MAIO,NJUD N/A,BOLETIM_RADIO_TJRN_28_05_2026_B3_TJRN_NOVA_VERSAO_PJE.mp3,28_05_2026,TJRN_NOVA_VERSAO_PJE,,TJRN,NAO,H:\Meu Drive\RADIO TJRN CONTEÚDO\00_PRODUCAO_2026\01_BOLETINS_DIARIOS\03_AUDIOS_RADIO\05 - MAI - 26
MAIO,NJUD N/A,BOLETIM_RADIO_TJRN_28_05_2026_B4_TJRN_DEFINE_SULAMITA_MEMBRO_TRE_RN.mp3,28_05_2026,TJRN_DEFINE_SULAMITA_MEMBRO_TRE_RN,,TJRN,NAO,H:\Meu Drive\RADIO TJRN CONTEÚDO\00_PRODUCAO_2026\01_BOLETINS_DIARIOS\03_AUDIOS_RADIO\05 - MAI - 26
MAIO,NJUD N/A,BOLETIM_RADIO_TJRN_28_05_2026_B5_TJRN_PROJETO_PREMIO_INNOVARE.mp3,28_05_2026,TJRN_PROJETO_PREMIO_INNOVARE,,TJRN,NAO,H:\Meu Drive\RADIO TJRN CONTEÚDO\00_PRODUCAO_2026\01_BOLETINS_DIARIOS\03_AUDIOS_RADIO\05 - MAI - 26
MAIO,NJUD N/A,BOLETIM_RADIO_TJRN_28_05_2026_B6_ESMARN_INSCRICOES_PLANILHAS_ELETRONICAS_.mp3,28_05_2026,ESMARN_INSCRICOES_PLANILHAS_ELETRONICAS,,TJRN,NAO,H:\Meu Drive\RADIO TJRN CONTEÚDO\00_PRODUCAO_2026\01_BOLETINS_DIARIOS\03_AUDIOS_RADIO\05 - MAI - 26
MAIO,NJUD N/A,BOLETIM_RADIO_TJRN_28_05_2026_B6_TJRN_COOPERACAO_TECNICA.mp3,28_05_2026,TJRN_COOPERACAO_TECNICA,,TJRN,NAO,H:\Meu Drive\RADIO TJRN CONTEÚDO\00_PRODUCAO_2026\01_BOLETINS_DIARIOS\03_AUDIOS_RADIO\05 - MAI - 26
MAIO,NJUD N/A,BOLETIM_RADIO_TJRN_28_05_2026_B7_TJRN_PLATAFORMA_PAGAMENTOS_BLOQUEIA_VALORES.mp3,28_05_2026,TJRN_PLATAFORMA_PAGAMENTOS_BLOQUEIA_VALORES,,TJRN,NAO,H:\Meu Drive\RADIO TJRN CONTEÚDO\00_PRODUCAO_2026\01_BOLETINS_DIARIOS\03_AUDIOS_RADIO\05 - MAI - 26
MAIO,NJUD N/A,BOLETIM_RADIO_TJRN_28_05_2026_B8_TJRN_MUNICIPIO_GARANTIR_CONSULTAS_.mp3,28_05_2026,TJRN_MUNICIPIO_GARANTIR_CONSULTAS,,TJRN,NAO,H:\Meu Drive\RADIO TJRN CONTEÚDO\00_PRODUCAO_2026\01_BOLETINS_DIARIOS\03_AUDIOS_RADIO\05 - MAI - 26
MAIO,NJUD N/A,BOLETIM_RADIO_TJRN_28_05_2026_B9_TJRN_PLATAFORMA_APOSTA_CONDENADA_.mp3,28_05_2026,TJRN_PLATAFORMA_APOSTA_CONDENADA,,TJRN,NAO,H:\Meu Drive\RADIO TJRN CONTEÚDO\00_PRODUCAO_2026\01_BOLETINS_DIARIOS\03_AUDIOS_RADIO\05 - MAI - 26
MAIO,NJUD N/A,BOLETIM_RADIO_TJRN_29_05_2026_B10_MPRN_FISCALIZACAO_CAPS.mp3,29_05_2026,MPRN_FISCALIZACAO_CAPS,,TJRN,NAO,H:\Meu Drive\RADIO TJRN CONTEÚDO\00_PRODUCAO_2026\01_BOLETINS_DIARIOS\03_AUDIOS_RADIO\05 - MAI - 26
MAIO,NJUD N/A,BOLETIM_RADIO_TJRN_29_05_2026_B1_TJRN_ALMINO_AFONSO_SELECAO_TABELIAO_.mp3,29_05_2026,TJRN_ALMINO_AFONSO_SELECAO_TABELIAO,,TJRN,NAO,H:\Meu Drive\RADIO TJRN CONTEÚDO\00_PRODUCAO_2026\01_BOLETINS_DIARIOS\03_AUDIOS_RADIO\05 - MAI - 26
MAIO,NJUD N/A,BOLETIM_RADIO_TJRN_29_05_2026_B2_TJRN_SESSAO_HIBRIDA_CAMARA_CRIMINAL_.mp3,29_05_2026,TJRN_SESSAO_HIBRIDA_CAMARA_CRIMINAL,,TJRN,NAO,H:\Meu Drive\RADIO TJRN CONTEÚDO\00_PRODUCAO_2026\01_BOLETINS_DIARIOS\03_AUDIOS_RADIO\05 - MAI - 26
MAIO,NJUD N/A,BOLETIM_RADIO_TJRN_29_05_2026_B3_TJRN_PRORROGA_VALIDADE_CONCURSO_.mp3,29_05_2026,TJRN_PRORROGA_VALIDADE_CONCURSO,,TJRN,NAO,H:\Meu Drive\RADIO TJRN CONTEÚDO\00_PRODUCAO_2026\01_BOLETINS_DIARIOS\03_AUDIOS_RADIO\05 - MAI - 26
MAIO,NJUD N/A,BOLETIM_RADIO_TJRN_29_05_2026_B4_TJRN_COMISSAO_SOLUCOES_FUNDIARIAS_.mp3,29_05_2026,TJRN_COMISSAO_SOLUCOES_FUNDIARIAS,,TJRN,NAO,H:\Meu Drive\RADIO TJRN CONTEÚDO\00_PRODUCAO_2026\01_BOLETINS_DIARIOS\03_AUDIOS_RADIO\05 - MAI - 26
MAIO,NJUD N/A,BOLETIM_RADIO_TJRN_29_05_2026_B5_TJRN_RESULTADO_RECURSOS_HETEROIDENTIFICACAO_.mp3,29_05_2026,TJRN_RESULTADO_RECURSOS_HETEROIDENTIFICACAO,,TJRN,NAO,H:\Meu Drive\RADIO TJRN CONTEÚDO\00_PRODUCAO_2026\01_BOLETINS_DIARIOS\03_AUDIOS_RADIO\05 - MAI - 26
MAIO,NJUD N/A,BOLETIM_RADIO_TJRN_29_05_2026_B6_TJRN_MAGISTRADOS_FONAJE_TRANSNACIONAL_.mp3,29_05_2026,TJRN_MAGISTRADOS_FONAJE_TRANSNACIONAL,,TJRN,NAO,H:\Meu Drive\RADIO TJRN CONTEÚDO\00_PRODUCAO_2026\01_BOLETINS_DIARIOS\03_AUDIOS_RADIO\05 - MAI - 26
MAIO,NJUD N/A,BOLETIM_RADIO_TJRN_29_05_2026_B7_OABRN_ALERTA_USO_INDEVIDO_ENTIDADE.mp3,29_05_2026,OABRN_ALERTA_USO_INDEVIDO_ENTIDADE,,TJRN,NAO,H:\Meu Drive\RADIO TJRN CONTEÚDO\00_PRODUCAO_2026\01_BOLETINS_DIARIOS\03_AUDIOS_RADIO\05 - MAI - 26
MAIO,NJUD N/A,BOLETIM_RADIO_TJRN_29_05_2026_B8_TJRN_EVENTO_CHATJURIS.mp3,29_05_2026,TJRN_EVENTO_CHATJURIS,,TJRN,NAO,H:\Meu Drive\RADIO TJRN CONTEÚDO\00_PRODUCAO_2026\01_BOLETINS_DIARIOS\03_AUDIOS_RADIO\05 - MAI - 26
MAIO,NJUD N/A,BOLETIM_RADIO_TJRN_29_05_2026_B9_TJRN_AREAS_DE_GESTAO_.mp3,29_05_2026,TJRN_AREAS_DE_GESTAO,,TJRN,NAO,H:\Meu Drive\RADIO TJRN CONTEÚDO\00_PRODUCAO_2026\01_BOLETINS_DIARIOS\03_AUDIOS_RADIO\05 - MAI - 26
JUNHO,NJUD N/A,BOLETIM_RADIO_TJRN_01_06_2026_B10_TJRN_CAMPANHA_MES_PROTEGIDA.mp3,01_06_2026,TJRN_CAMPANHA_MES_PROTEGIDA,,TJRN,NAO,H:\Meu Drive\RADIO TJRN CONTEÚDO\00_PRODUCAO_2026\01_BOLETINS_DIARIOS\03_AUDIOS_RADIO\06 - JUN - 26\01 06 - SEG
JUNHO,NJUD N/A,BOLETIM_RADIO_TJRN_01_06_2026_B1_TJRN_CONSUMIDORA_INDENIZADA_PARTO_.mp3,01_06_2026,TJRN_CONSUMIDORA_INDENIZADA_PARTO,,TJRN,NAO,H:\Meu Drive\RADIO TJRN CONTEÚDO\00_PRODUCAO_2026\01_BOLETINS_DIARIOS\03_AUDIOS_RADIO\06 - JUN - 26\01 06 - SEG
JUNHO,NJUD N/A,BOLETIM_RADIO_TJRN_01_06_2026_B2_TJRN_PERMISSAO_USO_IMOVEL.mp3,01_06_2026,TJRN_PERMISSAO_USO_IMOVEL,,TJRN,NAO,H:\Meu Drive\RADIO TJRN CONTEÚDO\00_PRODUCAO_2026\01_BOLETINS_DIARIOS\03_AUDIOS_RADIO\06 - JUN - 26\01 06 - SEG
JUNHO,NJUD N/A,BOLETIM_RADIO_TJRN_01_06_2026_B3_TJRN_PLANO_SAUDE_FORNECER_CIRURGIA.mp3,01_06_2026,TJRN_PLANO_SAUDE_FORNECER_CIRURGIA,,TJRN,NAO,H:\Meu Drive\RADIO TJRN CONTEÚDO\00_PRODUCAO_2026\01_BOLETINS_DIARIOS\03_AUDIOS_RADIO\06 - JUN - 26\01 06 - SEG
JUNHO,NJUD N/A,BOLETIM_RADIO_TJRN_01_06_2026_B4_TJRN_FALHA_SERVICO_AROMATIZACAO_.mp3,01_06_2026,TJRN_FALHA_SERVICO_AROMATIZACAO,,TJRN,NAO,H:\Meu Drive\RADIO TJRN CONTEÚDO\00_PRODUCAO_2026\01_BOLETINS_DIARIOS\03_AUDIOS_RADIO\06 - JUN - 26\01 06 - SEG
JUNHO,NJUD N/A,BOLETIM_RADIO_TJRN_01_06_2026_B5_TJRN_HOMEM_ACUSADO_AGRESSAO_.mp3,01_06_2026,TJRN_HOMEM_ACUSADO_AGRESSAO,,TJRN,NAO,H:\Meu Drive\RADIO TJRN CONTEÚDO\00_PRODUCAO_2026\01_BOLETINS_DIARIOS\03_AUDIOS_RADIO\06 - JUN - 26\01 06 - SEG
JUNHO,NJUD N/A,BOLETIM_RADIO_TJRN_01_06_2026_B6_TJRN_MANTEM_CONDENACAO_HOMEM_.mp3,01_06_2026,TJRN_MANTEM_CONDENACAO_HOMEM,,TJRN,NAO,H:\Meu Drive\RADIO TJRN CONTEÚDO\00_PRODUCAO_2026\01_BOLETINS_DIARIOS\03_AUDIOS_RADIO\06 - JUN - 26\01 06 - SEG
JUNHO,NJUD N/A,BOLETIM_RADIO_TJRN_01_06_2026_B7_TJRN_COBRANCA_INDEVIDA_LOCACAO_.mp3,01_06_2026,TJRN_COBRANCA_INDEVIDA_LOCACAO,,TJRN,NAO,H:\Meu Drive\RADIO TJRN CONTEÚDO\00_PRODUCAO_2026\01_BOLETINS_DIARIOS\03_AUDIOS_RADIO\06 - JUN - 26\01 06 - SEG
JUNHO,NJUD N/A,BOLETIM_RADIO_TJRN_01_06_2026_B8_TJRN_INSCRICOES_ACOLHIMENTO_SERVIDORES.mp3,01_06_2026,TJRN_INSCRICOES_ACOLHIMENTO_SERVIDORES,,TJRN,NAO,H:\Meu Drive\RADIO TJRN CONTEÚDO\00_PRODUCAO_2026\01_BOLETINS_DIARIOS\03_AUDIOS_RADIO\06 - JUN - 26\01 06 - SEG
JUNHO,NJUD N/A,BOLETIM_RADIO_TJRN_01_06_2026_B9_TJRN_OFICIALIZA_UNIAO_CIVIL.mp3,01_06_2026,TJRN_OFICIALIZA_UNIAO_CIVIL,,TJRN,NAO,H:\Meu Drive\RADIO TJRN CONTEÚDO\00_PRODUCAO_2026\01_BOLETINS_DIARIOS\03_AUDIOS_RADIO\06 - JUN - 26\01 06 - SEG
JUNHO,NJUD N/A,BOLETIM_RADIO_TJRN_02_06_2026_B10_TJRN_JUIZADO_NATAL_ESTAGIO_.mp3,02_06_2026,TJRN_JUIZADO_NATAL_ESTAGIO,,TJRN,NAO,H:\Meu Drive\RADIO TJRN CONTEÚDO\00_PRODUCAO_2026\01_BOLETINS_DIARIOS\03_AUDIOS_RADIO\06 - JUN - 26\02 06 - TER
JUNHO,NJUD N/A,BOLETIM_RADIO_TJRN_02_06_2026_B1_TJRN_ARTIGO_REPOJURN.mp3,02_06_2026,TJRN_ARTIGO_REPOJURN,,TJRN,NAO,H:\Meu Drive\RADIO TJRN CONTEÚDO\00_PRODUCAO_2026\01_BOLETINS_DIARIOS\03_AUDIOS_RADIO\06 - JUN - 26\02 06 - TER
JUNHO,NJUD N/A,BOLETIM_RADIO_TJRN_02_06_2026_B2_TJRN_SUSPENDE_EDITAIS_.mp3,02_06_2026,TJRN_SUSPENDE_EDITAIS,,TJRN,NAO,H:\Meu Drive\RADIO TJRN CONTEÚDO\00_PRODUCAO_2026\01_BOLETINS_DIARIOS\03_AUDIOS_RADIO\06 - JUN - 26\02 06 - TER
JUNHO,NJUD N/A,BOLETIM_RADIO_TJRN_02_06_2026_B3_TJRN_SAAE_EXTREMOZ_INDENIZAR.mp3,02_06_2026,TJRN_SAAE_EXTREMOZ_INDENIZAR,,TJRN,NAO,H:\Meu Drive\RADIO TJRN CONTEÚDO\00_PRODUCAO_2026\01_BOLETINS_DIARIOS\03_AUDIOS_RADIO\06 - JUN - 26\02 06 - TER
JUNHO,NJUD N/A,BOLETIM_RADIO_TJRN_02_06_2026_B4_TJRN_JULGADO_IMPROCEDENTE_PEDIDO_PAGAMENTO.mp3,02_06_2026,TJRN_JULGADO_IMPROCEDENTE_PEDIDO_PAGAMENTO,,TJRN,NAO,H:\Meu Drive\RADIO TJRN CONTEÚDO\00_PRODUCAO_2026\01_BOLETINS_DIARIOS\03_AUDIOS_RADIO\06 - JUN - 26\02 06 - TER
JUNHO,NJUD N/A,BOLETIM_RADIO_TJRN_02_06_2026_B5_TJRN_MANTIDA_PRISAO_ACUSADO_FACCAO_.mp3,02_06_2026,TJRN_MANTIDA_PRISAO_ACUSADO_FACCAO,,TJRN,NAO,H:\Meu Drive\RADIO TJRN CONTEÚDO\00_PRODUCAO_2026\01_BOLETINS_DIARIOS\03_AUDIOS_RADIO\06 - JUN - 26\02 06 - TER
JUNHO,NJUD N/A,BOLETIM_RADIO_TJRN_02_06_2026_B6_TJRN_PENAS_PECUNIARIAS_JUCURUTU_.mp3,02_06_2026,TJRN_PENAS_PECUNIARIAS_JUCURUTU,,TJRN,NAO,H:\Meu Drive\RADIO TJRN CONTEÚDO\00_PRODUCAO_2026\01_BOLETINS_DIARIOS\03_AUDIOS_RADIO\06 - JUN - 26\02 06 - TER
JUNHO,NJUD N/A,BOLETIM_RADIO_TJRN_02_06_2026_B7_TJRN_JUIZADO_VIOLENCIA_DOMESTICA_.mp3,02_06_2026,TJRN_JUIZADO_VIOLENCIA_DOMESTICA,,TJRN,NAO,H:\Meu Drive\RADIO TJRN CONTEÚDO\00_PRODUCAO_2026\01_BOLETINS_DIARIOS\03_AUDIOS_RADIO\06 - JUN - 26\02 06 - TER
JUNHO,NJUD N/A,BOLETIM_RADIO_TJRN_02_06_2026_B8_TJRN_DECISAO_DESCARTA_SUPOSTO_FISHING.mp3,02_06_2026,TJRN_DECISAO_DESCARTA_SUPOSTO_FISHING,,TJRN,NAO,H:\Meu Drive\RADIO TJRN CONTEÚDO\00_PRODUCAO_2026\01_BOLETINS_DIARIOS\03_AUDIOS_RADIO\06 - JUN - 26\02 06 - TER
JUNHO,NJUD N/A,BOLETIM_RADIO_TJRN_02_06_2026_B9_TJRN_DECISAO_REVOGADA_EX_PREFEITO.mp3,02_06_2026,TJRN_DECISAO_REVOGADA_EX_PREFEITO,,TJRN,NAO,H:\Meu Drive\RADIO TJRN CONTEÚDO\00_PRODUCAO_2026\01_BOLETINS_DIARIOS\03_AUDIOS_RADIO\06 - JUN - 26\02 06 - TER
JUNHO,NJUD N/A,BOLETIM_RADIO_TJRN_03_06_2026_B10_TRTRN_PUBLICACAO_INCIDENTES_DADOS_PESSOAIS_.mp3,03_06_2026,TRTRN_PUBLICACAO_INCIDENTES_DADOS_PESSOAIS,,TJRN,NAO,H:\Meu Drive\RADIO TJRN CONTEÚDO\00_PRODUCAO_2026\01_BOLETINS_DIARIOS\03_AUDIOS_RADIO\06 - JUN - 26\03 06 - QUA
JUNHO,NJUD N/A,BOLETIM_RADIO_TJRN_03_06_2026_B1_TJRN_HOMEM_CONDENADO_COLISAO_CARRO.mp3,03_06_2026,TJRN_HOMEM_CONDENADO_COLISAO_CARRO,,TJRN,NAO,H:\Meu Drive\RADIO TJRN CONTEÚDO\00_PRODUCAO_2026\01_BOLETINS_DIARIOS\03_AUDIOS_RADIO\06 - JUN - 26\03 06 - QUA
JUNHO,NJUD N/A,BOLETIM_RADIO_TJRN_03_06_2026_B2_TJRN_CASAMENTO_COMUNITARIO_TOUROS.mp3,03_06_2026,TJRN_CASAMENTO_COMUNITARIO_TOUROS,,TJRN,NAO,H:\Meu Drive\RADIO TJRN CONTEÚDO\00_PRODUCAO_2026\01_BOLETINS_DIARIOS\03_AUDIOS_RADIO\06 - JUN - 26\03 06 - QUA
JUNHO,NJUD N/A,BOLETIM_RADIO_TJRN_03_06_2026_B3_TJRN_RESULTADO_DEFINITIVO_HETEROIDENTIFICACAO_.mp3,03_06_2026,TJRN_RESULTADO_DEFINITIVO_HETEROIDENTIFICACAO,,TJRN,NAO,H:\Meu Drive\RADIO TJRN CONTEÚDO\00_PRODUCAO_2026\01_BOLETINS_DIARIOS\03_AUDIOS_RADIO\06 - JUN - 26\03 06 - QUA
JUNHO,NJUD N/A,BOLETIM_RADIO_TJRN_03_06_2026_B4_TJRN_PROJETO_COLHENDO_PALAVRAS_.mp3,03_06_2026,TJRN_PROJETO_COLHENDO_PALAVRAS,,TJRN,NAO,H:\Meu Drive\RADIO TJRN CONTEÚDO\00_PRODUCAO_2026\01_BOLETINS_DIARIOS\03_AUDIOS_RADIO\06 - JUN - 26\03 06 - QUA
JUNHO,NJUD N/A,BOLETIM_RADIO_TJRN_03_06_2026_B5_TJRN_CONSIDERA_LEGAL_REVERSAO_NOGUEIRAO_.mp3,03_06_2026,TJRN_CONSIDERA_LEGAL_REVERSAO_NOGUEIRAO,,TJRN,NAO,H:\Meu Drive\RADIO TJRN CONTEÚDO\00_PRODUCAO_2026\01_BOLETINS_DIARIOS\03_AUDIOS_RADIO\06 - JUN - 26\03 06 - QUA
JUNHO,NJUD N/A,BOLETIM_RADIO_TJRN_03_06_2026_B6_TJRN_ANALISE_FORO.mp3,03_06_2026,TJRN_ANALISE_FORO,,TJRN,NAO,H:\Meu Drive\RADIO TJRN CONTEÚDO\00_PRODUCAO_2026\01_BOLETINS_DIARIOS\03_AUDIOS_RADIO\06 - JUN - 26\03 06 - QUA
JUNHO,NJUD N/A,BOLETIM_RADIO_TJRN_03_06_2026_B7_TJRN_PEDIDO_SUSPENDER_LICITACAO_NISIA_.mp3,03_06_2026,TJRN_PEDIDO_SUSPENDER_LICITACAO_NISIA,,TJRN,NAO,H:\Meu Drive\RADIO TJRN CONTEÚDO\00_PRODUCAO_2026\01_BOLETINS_DIARIOS\03_AUDIOS_RADIO\06 - JUN - 26\03 06 - QUA
JUNHO,NJUD N/A,BOLETIM_RADIO_TJRN_03_06_2026_B8_TJRN_APLICATIVO_ENTREGA_CONDENADO_.mp3,03_06_2026,TJRN_APLICATIVO_ENTREGA_CONDENADO,,TJRN,NAO,H:\Meu Drive\RADIO TJRN CONTEÚDO\00_PRODUCAO_2026\01_BOLETINS_DIARIOS\03_AUDIOS_RADIO\06 - JUN - 26\03 06 - QUA
JUNHO,NJUD N/A,BOLETIM_RADIO_TJRN_03_06_2026_B9_TJRN_ACUSADO_HOMICIDIO_CASA_JOGOS_.mp3,03_06_2026,TJRN_ACUSADO_HOMICIDIO_CASA_JOGOS,,TJRN,NAO,H:\Meu Drive\RADIO TJRN CONTEÚDO\00_PRODUCAO_2026\01_BOLETINS_DIARIOS\03_AUDIOS_RADIO\06 - JUN - 26\03 06 - QUA
JUNHO,NJUD N/A,BOLETIM_RADIO_TJRN_08_06_2026_B10_MPRN_MULTIRAO_EXAMES_CNH (1).mp3,08_06_2026,MPRN_MULTIRAO_EXAMES_CNH (1),,TJRN,NAO,H:\Meu Drive\RADIO TJRN CONTEÚDO\00_PRODUCAO_2026\01_BOLETINS_DIARIOS\03_AUDIOS_RADIO\06 - JUN - 26\08 06 - SEG
JUNHO,NJUD N/A,BOLETIM_RADIO_TJRN_08_06_2026_B10_MPRN_MULTIRAO_EXAMES_CNH (2).mp3,08_06_2026,MPRN_MULTIRAO_EXAMES_CNH (2),,TJRN,NAO,H:\Meu Drive\RADIO TJRN CONTEÚDO\00_PRODUCAO_2026\01_BOLETINS_DIARIOS\03_AUDIOS_RADIO\06 - JUN - 26\08 06 - SEG
JUNHO,NJUD N/A,BOLETIM_RADIO_TJRN_08_06_2026_B10_MPRN_MULTIRAO_EXAMES_CNH.mp3,08_06_2026,MPRN_MULTIRAO_EXAMES_CNH,,TJRN,NAO,H:\Meu Drive\RADIO TJRN CONTEÚDO\00_PRODUCAO_2026\01_BOLETINS_DIARIOS\03_AUDIOS_RADIO\06 - JUN - 26\08 06 - SEG
JUNHO,NJUD N/A,BOLETIM_RADIO_TJRN_08_06_2026_B11_MPRN_PROJETO_ADOCAO_E_LEGAL (1).mp3,08_06_2026,MPRN_PROJETO_ADOCAO_E_LEGAL (1),,TJRN,NAO,H:\Meu Drive\RADIO TJRN CONTEÚDO\00_PRODUCAO_2026\01_BOLETINS_DIARIOS\03_AUDIOS_RADIO\06 - JUN - 26\08 06 - SEG
JUNHO,NJUD N/A,BOLETIM_RADIO_TJRN_08_06_2026_B11_MPRN_PROJETO_ADOCAO_E_LEGAL (2).mp3,08_06_2026,MPRN_PROJETO_ADOCAO_E_LEGAL (2),,TJRN,NAO,H:\Meu Drive\RADIO TJRN CONTEÚDO\00_PRODUCAO_2026\01_BOLETINS_DIARIOS\03_AUDIOS_RADIO\06 - JUN - 26\08 06 - SEG
JUNHO,NJUD N/A,BOLETIM_RADIO_TJRN_08_06_2026_B11_MPRN_PROJETO_ADOCAO_E_LEGAL.mp3,08_06_2026,MPRN_PROJETO_ADOCAO_E_LEGAL,,TJRN,NAO,H:\Meu Drive\RADIO TJRN CONTEÚDO\00_PRODUCAO_2026\01_BOLETINS_DIARIOS\03_AUDIOS_RADIO\06 - JUN - 26\08 06 - SEG
JUNHO,NJUD N/A,BOLETIM_RADIO_TJRN_08_06_2026_B1_TJRN_CONDENA_PORTAL_DE_NOTICIAS_ (1).mp3,08_06_2026,TJRN_CONDENA_PORTAL_DE_NOTICIAS_ (1),,TJRN,NAO,H:\Meu Drive\RADIO TJRN CONTEÚDO\00_PRODUCAO_2026\01_BOLETINS_DIARIOS\03_AUDIOS_RADIO\06 - JUN - 26\08 06 - SEG
JUNHO,NJUD N/A,BOLETIM_RADIO_TJRN_08_06_2026_B1_TJRN_CONDENA_PORTAL_DE_NOTICIAS_.mp3,08_06_2026,TJRN_CONDENA_PORTAL_DE_NOTICIAS,,TJRN,NAO,H:\Meu Drive\RADIO TJRN CONTEÚDO\00_PRODUCAO_2026\01_BOLETINS_DIARIOS\03_AUDIOS_RADIO\06 - JUN - 26\08 06 - SEG
JUNHO,NJUD N/A,BOLETIM_RADIO_TJRN_08_06_2026_B2_TJRN_AUDIENCIA_METAS_NACIONAIS_PODER_JUDICIARIO_ (1).mp3,08_06_2026,TJRN_AUDIENCIA_METAS_NACIONAIS_PODER_JUDICIARIO_ (1),,TJRN,NAO,H:\Meu Drive\RADIO TJRN CONTEÚDO\00_PRODUCAO_2026\01_BOLETINS_DIARIOS\03_AUDIOS_RADIO\06 - JUN - 26\08 06 - SEG
JUNHO,NJUD N/A,BOLETIM_RADIO_TJRN_08_06_2026_B2_TJRN_AUDIENCIA_METAS_NACIONAIS_PODER_JUDICIARIO_ (2).mp3,08_06_2026,TJRN_AUDIENCIA_METAS_NACIONAIS_PODER_JUDICIARIO_ (2),,TJRN,NAO,H:\Meu Drive\RADIO TJRN CONTEÚDO\00_PRODUCAO_2026\01_BOLETINS_DIARIOS\03_AUDIOS_RADIO\06 - JUN - 26\08 06 - SEG
JUNHO,NJUD N/A,BOLETIM_RADIO_TJRN_08_06_2026_B2_TJRN_AUDIENCIA_METAS_NACIONAIS_PODER_JUDICIARIO_.mp3,08_06_2026,TJRN_AUDIENCIA_METAS_NACIONAIS_PODER_JUDICIARIO,,TJRN,NAO,H:\Meu Drive\RADIO TJRN CONTEÚDO\00_PRODUCAO_2026\01_BOLETINS_DIARIOS\03_AUDIOS_RADIO\06 - JUN - 26\08 06 - SEG
JUNHO,NJUD N/A,BOLETIM_RADIO_TJRN_08_06_2026_B3_TJRN_CIA_AEREA_CONDENADA (1).mp3,08_06_2026,TJRN_CIA_AEREA_CONDENADA (1),,TJRN,NAO,H:\Meu Drive\RADIO TJRN CONTEÚDO\00_PRODUCAO_2026\01_BOLETINS_DIARIOS\03_AUDIOS_RADIO\06 - JUN - 26\08 06 - SEG
JUNHO,NJUD N/A,BOLETIM_RADIO_TJRN_08_06_2026_B3_TJRN_CIA_AEREA_CONDENADA (2).mp3,08_06_2026,TJRN_CIA_AEREA_CONDENADA (2),,TJRN,NAO,H:\Meu Drive\RADIO TJRN CONTEÚDO\00_PRODUCAO_2026\01_BOLETINS_DIARIOS\03_AUDIOS_RADIO\06 - JUN - 26\08 06 - SEG
JUNHO,NJUD N/A,BOLETIM_RADIO_TJRN_08_06_2026_B3_TJRN_CIA_AEREA_CONDENADA.mp3,08_06_2026,TJRN_CIA_AEREA_CONDENADA,,TJRN,NAO,H:\Meu Drive\RADIO TJRN CONTEÚDO\00_PRODUCAO_2026\01_BOLETINS_DIARIOS\03_AUDIOS_RADIO\06 - JUN - 26\08 06 - SEG
JUNHO,NJUD N/A,BOLETIM_RADIO_TJRN_08_06_2026_B4_TJRN_TURMA_RECURSAL_ESTAGIO (1).mp3,08_06_2026,TJRN_TURMA_RECURSAL_ESTAGIO (1),,TJRN,NAO,H:\Meu Drive\RADIO TJRN CONTEÚDO\00_PRODUCAO_2026\01_BOLETINS_DIARIOS\03_AUDIOS_RADIO\06 - JUN - 26\08 06 - SEG
JUNHO,NJUD N/A,BOLETIM_RADIO_TJRN_08_06_2026_B4_TJRN_TURMA_RECURSAL_ESTAGIO (2).mp3,08_06_2026,TJRN_TURMA_RECURSAL_ESTAGIO (2),,TJRN,NAO,H:\Meu Drive\RADIO TJRN CONTEÚDO\00_PRODUCAO_2026\01_BOLETINS_DIARIOS\03_AUDIOS_RADIO\06 - JUN - 26\08 06 - SEG
JUNHO,NJUD N/A,BOLETIM_RADIO_TJRN_08_06_2026_B4_TJRN_TURMA_RECURSAL_ESTAGIO.mp3,08_06_2026,TJRN_TURMA_RECURSAL_ESTAGIO,,TJRN,NAO,H:\Meu Drive\RADIO TJRN CONTEÚDO\00_PRODUCAO_2026\01_BOLETINS_DIARIOS\03_AUDIOS_RADIO\06 - JUN - 26\08 06 - SEG
JUNHO,NJUD N/A,BOLETIM_RADIO_TJRN_08_06_2026_B5_TJRN_ERRO_MEDICO_ATENDIMENTO_ (1).mp3,08_06_2026,TJRN_ERRO_MEDICO_ATENDIMENTO_ (1),,TJRN,NAO,H:\Meu Drive\RADIO TJRN CONTEÚDO\00_PRODUCAO_2026\01_BOLETINS_DIARIOS\03_AUDIOS_RADIO\06 - JUN - 26\08 06 - SEG
JUNHO,NJUD N/A,BOLETIM_RADIO_TJRN_08_06_2026_B5_TJRN_ERRO_MEDICO_ATENDIMENTO_.mp3,08_06_2026,TJRN_ERRO_MEDICO_ATENDIMENTO,,TJRN,NAO,H:\Meu Drive\RADIO TJRN CONTEÚDO\00_PRODUCAO_2026\01_BOLETINS_DIARIOS\03_AUDIOS_RADIO\06 - JUN - 26\08 06 - SEG
JUNHO,NJUD N/A,BOLETIM_RADIO_TJRN_08_06_2026_B6_TJRN_FRAUDE_EMPRESTIMOS_PIX_ (1).mp3,08_06_2026,TJRN_FRAUDE_EMPRESTIMOS_PIX_ (1),,TJRN,NAO,H:\Meu Drive\RADIO TJRN CONTEÚDO\00_PRODUCAO_2026\01_BOLETINS_DIARIOS\03_AUDIOS_RADIO\06 - JUN - 26\08 06 - SEG
JUNHO,NJUD N/A,BOLETIM_RADIO_TJRN_08_06_2026_B6_TJRN_FRAUDE_EMPRESTIMOS_PIX_ (2).mp3,08_06_2026,TJRN_FRAUDE_EMPRESTIMOS_PIX_ (2),,TJRN,NAO,H:\Meu Drive\RADIO TJRN CONTEÚDO\00_PRODUCAO_2026\01_BOLETINS_DIARIOS\03_AUDIOS_RADIO\06 - JUN - 26\08 06 - SEG
JUNHO,NJUD N/A,BOLETIM_RADIO_TJRN_08_06_2026_B6_TJRN_FRAUDE_EMPRESTIMOS_PIX_.mp3,08_06_2026,TJRN_FRAUDE_EMPRESTIMOS_PIX,,TJRN,NAO,H:\Meu Drive\RADIO TJRN CONTEÚDO\00_PRODUCAO_2026\01_BOLETINS_DIARIOS\03_AUDIOS_RADIO\06 - JUN - 26\08 06 - SEG
JUNHO,NJUD N/A,BOLETIM_RADIO_TJRN_08_06_2026_B7_TJRN_EMPRESA_INDENIZAR_MORADOR (1).mp3,08_06_2026,TJRN_EMPRESA_INDENIZAR_MORADOR (1),,TJRN,NAO,H:\Meu Drive\RADIO TJRN CONTEÚDO\00_PRODUCAO_2026\01_BOLETINS_DIARIOS\03_AUDIOS_RADIO\06 - JUN - 26\08 06 - SEG
JUNHO,NJUD N/A,BOLETIM_RADIO_TJRN_08_06_2026_B7_TJRN_EMPRESA_INDENIZAR_MORADOR (2).mp3,08_06_2026,TJRN_EMPRESA_INDENIZAR_MORADOR (2),,TJRN,NAO,H:\Meu Drive\RADIO TJRN CONTEÚDO\00_PRODUCAO_2026\01_BOLETINS_DIARIOS\03_AUDIOS_RADIO\06 - JUN - 26\08 06 - SEG
JUNHO,NJUD N/A,BOLETIM_RADIO_TJRN_08_06_2026_B7_TJRN_EMPRESA_INDENIZAR_MORADOR.mp3,08_06_2026,TJRN_EMPRESA_INDENIZAR_MORADOR,,TJRN,NAO,H:\Meu Drive\RADIO TJRN CONTEÚDO\00_PRODUCAO_2026\01_BOLETINS_DIARIOS\03_AUDIOS_RADIO\06 - JUN - 26\08 06 - SEG
JUNHO,NJUD N/A,BOLETIM_RADIO_TJRN_08_06_2026_B8_TJRN_DECLARA_LEGAIS_MULTAS_CAERN (1).mp3,08_06_2026,TJRN_DECLARA_LEGAIS_MULTAS_CAERN (1),,TJRN,NAO,H:\Meu Drive\RADIO TJRN CONTEÚDO\00_PRODUCAO_2026\01_BOLETINS_DIARIOS\03_AUDIOS_RADIO\06 - JUN - 26\08 06 - SEG
JUNHO,NJUD N/A,BOLETIM_RADIO_TJRN_08_06_2026_B8_TJRN_DECLARA_LEGAIS_MULTAS_CAERN (2).mp3,08_06_2026,TJRN_DECLARA_LEGAIS_MULTAS_CAERN (2),,TJRN,NAO,H:\Meu Drive\RADIO TJRN CONTEÚDO\00_PRODUCAO_2026\01_BOLETINS_DIARIOS\03_AUDIOS_RADIO\06 - JUN - 26\08 06 - SEG
JUNHO,NJUD N/A,BOLETIM_RADIO_TJRN_08_06_2026_B8_TJRN_DECLARA_LEGAIS_MULTAS_CAERN.mp3,08_06_2026,TJRN_DECLARA_LEGAIS_MULTAS_CAERN,,TJRN,NAO,H:\Meu Drive\RADIO TJRN CONTEÚDO\00_PRODUCAO_2026\01_BOLETINS_DIARIOS\03_AUDIOS_RADIO\06 - JUN - 26\08 06 - SEG
JUNHO,NJUD N/A,BOLETIM_RADIO_TJRN_08_06_2026_B9_TJRN_COMISSAO_SOLUCOES_FUNDIARIAS_ (1).mp3,08_06_2026,TJRN_COMISSAO_SOLUCOES_FUNDIARIAS_ (1),,TJRN,NAO,H:\Meu Drive\RADIO TJRN CONTEÚDO\00_PRODUCAO_2026\01_BOLETINS_DIARIOS\03_AUDIOS_RADIO\06 - JUN - 26\08 06 - SEG
JUNHO,NJUD N/A,BOLETIM_RADIO_TJRN_08_06_2026_B9_TJRN_COMISSAO_SOLUCOES_FUNDIARIAS_.mp3,08_06_2026,TJRN_COMISSAO_SOLUCOES_FUNDIARIAS,,TJRN,NAO,H:\Meu Drive\RADIO TJRN CONTEÚDO\00_PRODUCAO_2026\01_BOLETINS_DIARIOS\03_AUDIOS_RADIO\06 - JUN - 26\08 06 - SEG
JUNHO,NJUD N/A,BOLETIM_RADIO_TJRN_09_06_2026_B10_DPERN_DEFENSORES_MIRINS_ (1).mp3,09_06_2026,DPERN_DEFENSORES_MIRINS_ (1),,TJRN,NAO,H:\Meu Drive\RADIO TJRN CONTEÚDO\00_PRODUCAO_2026\01_BOLETINS_DIARIOS\03_AUDIOS_RADIO\06 - JUN - 26\09 06 - TER
JUNHO,NJUD N/A,BOLETIM_RADIO_TJRN_09_06_2026_B10_DPERN_DEFENSORES_MIRINS_ (2).mp3,09_06_2026,DPERN_DEFENSORES_MIRINS_ (2),,TJRN,NAO,H:\Meu Drive\RADIO TJRN CONTEÚDO\00_PRODUCAO_2026\01_BOLETINS_DIARIOS\03_AUDIOS_RADIO\06 - JUN - 26\09 06 - TER
JUNHO,NJUD N/A,BOLETIM_RADIO_TJRN_09_06_2026_B10_DPERN_DEFENSORES_MIRINS_.mp3,09_06_2026,DPERN_DEFENSORES_MIRINS,,TJRN,NAO,H:\Meu Drive\RADIO TJRN CONTEÚDO\00_PRODUCAO_2026\01_BOLETINS_DIARIOS\03_AUDIOS_RADIO\06 - JUN - 26\09 06 - TER
JUNHO,NJUD N/A,BOLETIM_RADIO_TJRN_09_06_2026_B11_MPRN_EVENTO_AGENTES_SEGURANCA_ (1).mp3,09_06_2026,MPRN_EVENTO_AGENTES_SEGURANCA_ (1),,TJRN,NAO,H:\Meu Drive\RADIO TJRN CONTEÚDO\00_PRODUCAO_2026\01_BOLETINS_DIARIOS\03_AUDIOS_RADIO\06 - JUN - 26\09 06 - TER
JUNHO,NJUD N/A,BOLETIM_RADIO_TJRN_09_06_2026_B11_MPRN_EVENTO_AGENTES_SEGURANCA_ (2).mp3,09_06_2026,MPRN_EVENTO_AGENTES_SEGURANCA_ (2),,TJRN,NAO,H:\Meu Drive\RADIO TJRN CONTEÚDO\00_PRODUCAO_2026\01_BOLETINS_DIARIOS\03_AUDIOS_RADIO\06 - JUN - 26\09 06 - TER
JUNHO,NJUD N/A,BOLETIM_RADIO_TJRN_09_06_2026_B11_MPRN_EVENTO_AGENTES_SEGURANCA_.mp3,09_06_2026,MPRN_EVENTO_AGENTES_SEGURANCA,,TJRN,NAO,H:\Meu Drive\RADIO TJRN CONTEÚDO\00_PRODUCAO_2026\01_BOLETINS_DIARIOS\03_AUDIOS_RADIO\06 - JUN - 26\09 06 - TER
JUNHO,NJUD N/A,BOLETIM_RADIO_TJRN_09_06_2026_B1_TJRN_DESEMBARGADORES_INDICADOS_ (1).mp3,09_06_2026,TJRN_DESEMBARGADORES_INDICADOS_ (1),,TJRN,NAO,H:\Meu Drive\RADIO TJRN CONTEÚDO\00_PRODUCAO_2026\01_BOLETINS_DIARIOS\03_AUDIOS_RADIO\06 - JUN - 26\09 06 - TER
JUNHO,NJUD N/A,BOLETIM_RADIO_TJRN_09_06_2026_B1_TJRN_DESEMBARGADORES_INDICADOS_ (2).mp3,09_06_2026,TJRN_DESEMBARGADORES_INDICADOS_ (2),,TJRN,NAO,H:\Meu Drive\RADIO TJRN CONTEÚDO\00_PRODUCAO_2026\01_BOLETINS_DIARIOS\03_AUDIOS_RADIO\06 - JUN - 26\09 06 - TER
JUNHO,NJUD N/A,BOLETIM_RADIO_TJRN_09_06_2026_B1_TJRN_DESEMBARGADORES_INDICADOS_.mp3,09_06_2026,TJRN_DESEMBARGADORES_INDICADOS,,TJRN,NAO,H:\Meu Drive\RADIO TJRN CONTEÚDO\00_PRODUCAO_2026\01_BOLETINS_DIARIOS\03_AUDIOS_RADIO\06 - JUN - 26\09 06 - TER
JUNHO,NJUD N/A,BOLETIM_RADIO_TJRN_09_06_2026_B2_TJRN_ALEXANDRIA_EVENTO_ESTUPRO_VUNERAVEL_ (1).mp3,09_06_2026,TJRN_ALEXANDRIA_EVENTO_ESTUPRO_VUNERAVEL_ (1),,TJRN,NAO,H:\Meu Drive\RADIO TJRN CONTEÚDO\00_PRODUCAO_2026\01_BOLETINS_DIARIOS\03_AUDIOS_RADIO\06 - JUN - 26\09 06 - TER
JUNHO,NJUD N/A,BOLETIM_RADIO_TJRN_09_06_2026_B2_TJRN_ALEXANDRIA_EVENTO_ESTUPRO_VUNERAVEL_.mp3,09_06_2026,TJRN_ALEXANDRIA_EVENTO_ESTUPRO_VUNERAVEL,,TJRN,NAO,H:\Meu Drive\RADIO TJRN CONTEÚDO\00_PRODUCAO_2026\01_BOLETINS_DIARIOS\03_AUDIOS_RADIO\06 - JUN - 26\09 06 - TER
JUNHO,NJUD N/A,BOLETIM_RADIO_TJRN_09_06_2026_B3_TJRN_REPOJURN_ARTIGOS_INTELIGENCIA_ARTIFICIAL_ (1).mp3,09_06_2026,TJRN_REPOJURN_ARTIGOS_INTELIGENCIA_ARTIFICIAL_ (1),,TJRN,NAO,H:\Meu Drive\RADIO TJRN CONTEÚDO\00_PRODUCAO_2026\01_BOLETINS_DIARIOS\03_AUDIOS_RADIO\06 - JUN - 26\09 06 - TER
JUNHO,NJUD N/A,BOLETIM_RADIO_TJRN_09_06_2026_B3_TJRN_REPOJURN_ARTIGOS_INTELIGENCIA_ARTIFICIAL_ (2).mp3,09_06_2026,TJRN_REPOJURN_ARTIGOS_INTELIGENCIA_ARTIFICIAL_ (2),,TJRN,NAO,H:\Meu Drive\RADIO TJRN CONTEÚDO\00_PRODUCAO_2026\01_BOLETINS_DIARIOS\03_AUDIOS_RADIO\06 - JUN - 26\09 06 - TER
JUNHO,NJUD N/A,BOLETIM_RADIO_TJRN_09_06_2026_B3_TJRN_REPOJURN_ARTIGOS_INTELIGENCIA_ARTIFICIAL_.mp3,09_06_2026,TJRN_REPOJURN_ARTIGOS_INTELIGENCIA_ARTIFICIAL,,TJRN,NAO,H:\Meu Drive\RADIO TJRN CONTEÚDO\00_PRODUCAO_2026\01_BOLETINS_DIARIOS\03_AUDIOS_RADIO\06 - JUN - 26\09 06 - TER
JUNHO,NJUD N/A,BOLETIM_RADIO_TJRN_09_06_2026_B4_TJRN_VAGA_ESTAGIO_JORNALISMO_ (1).mp3,09_06_2026,TJRN_VAGA_ESTAGIO_JORNALISMO_ (1),,TJRN,NAO,H:\Meu Drive\RADIO TJRN CONTEÚDO\00_PRODUCAO_2026\01_BOLETINS_DIARIOS\03_AUDIOS_RADIO\06 - JUN - 26\09 06 - TER
JUNHO,NJUD N/A,BOLETIM_RADIO_TJRN_09_06_2026_B4_TJRN_VAGA_ESTAGIO_JORNALISMO_ (2).mp3,09_06_2026,TJRN_VAGA_ESTAGIO_JORNALISMO_ (2),,TJRN,NAO,H:\Meu Drive\RADIO TJRN CONTEÚDO\00_PRODUCAO_2026\01_BOLETINS_DIARIOS\03_AUDIOS_RADIO\06 - JUN - 26\09 06 - TER
JUNHO,NJUD N/A,BOLETIM_RADIO_TJRN_09_06_2026_B4_TJRN_VAGA_ESTAGIO_JORNALISMO_.mp3,09_06_2026,TJRN_VAGA_ESTAGIO_JORNALISMO,,TJRN,NAO,H:\Meu Drive\RADIO TJRN CONTEÚDO\00_PRODUCAO_2026\01_BOLETINS_DIARIOS\03_AUDIOS_RADIO\06 - JUN - 26\09 06 - TER
JUNHO,NJUD N/A,BOLETIM_RADIO_TJRN_09_06_2026_B5_TJRN_SUSPENSAO_MONITORACAO_ELETRONICA_ (1).mp3,09_06_2026,TJRN_SUSPENSAO_MONITORACAO_ELETRONICA_ (1),,TJRN,NAO,H:\Meu Drive\RADIO TJRN CONTEÚDO\00_PRODUCAO_2026\01_BOLETINS_DIARIOS\03_AUDIOS_RADIO\06 - JUN - 26\09 06 - TER
JUNHO,NJUD N/A,BOLETIM_RADIO_TJRN_09_06_2026_B5_TJRN_SUSPENSAO_MONITORACAO_ELETRONICA_ (2).mp3,09_06_2026,TJRN_SUSPENSAO_MONITORACAO_ELETRONICA_ (2),,TJRN,NAO,H:\Meu Drive\RADIO TJRN CONTEÚDO\00_PRODUCAO_2026\01_BOLETINS_DIARIOS\03_AUDIOS_RADIO\06 - JUN - 26\09 06 - TER
JUNHO,NJUD N/A,BOLETIM_RADIO_TJRN_09_06_2026_B5_TJRN_SUSPENSAO_MONITORACAO_ELETRONICA_.mp3,09_06_2026,TJRN_SUSPENSAO_MONITORACAO_ELETRONICA,,TJRN,NAO,H:\Meu Drive\RADIO TJRN CONTEÚDO\00_PRODUCAO_2026\01_BOLETINS_DIARIOS\03_AUDIOS_RADIO\06 - JUN - 26\09 06 - TER
JUNHO,NJUD N/A,BOLETIM_RADIO_TJRN_09_06_2026_B6_TJRN_VARA_FAMILIA_ESTAGIO_ (1).mp3,09_06_2026,TJRN_VARA_FAMILIA_ESTAGIO_ (1),,TJRN,NAO,H:\Meu Drive\RADIO TJRN CONTEÚDO\00_PRODUCAO_2026\01_BOLETINS_DIARIOS\03_AUDIOS_RADIO\06 - JUN - 26\09 06 - TER
JUNHO,NJUD N/A,BOLETIM_RADIO_TJRN_09_06_2026_B6_TJRN_VARA_FAMILIA_ESTAGIO_.mp3,09_06_2026,TJRN_VARA_FAMILIA_ESTAGIO,,TJRN,NAO,H:\Meu Drive\RADIO TJRN CONTEÚDO\00_PRODUCAO_2026\01_BOLETINS_DIARIOS\03_AUDIOS_RADIO\06 - JUN - 26\09 06 - TER
JUNHO,NJUD N/A,BOLETIM_RADIO_TJRN_09_06_2026_B7_TJRN_EMPRESA_VIAGEM_APLICATIVO_INDENIZACAO_ (1).mp3,09_06_2026,TJRN_EMPRESA_VIAGEM_APLICATIVO_INDENIZACAO_ (1),,TJRN,NAO,H:\Meu Drive\RADIO TJRN CONTEÚDO\00_PRODUCAO_2026\01_BOLETINS_DIARIOS\03_AUDIOS_RADIO\06 - JUN - 26\09 06 - TER
JUNHO,NJUD N/A,BOLETIM_RADIO_TJRN_09_06_2026_B7_TJRN_EMPRESA_VIAGEM_APLICATIVO_INDENIZACAO_ (2).mp3,09_06_2026,TJRN_EMPRESA_VIAGEM_APLICATIVO_INDENIZACAO_ (2),,TJRN,NAO,H:\Meu Drive\RADIO TJRN CONTEÚDO\00_PRODUCAO_2026\01_BOLETINS_DIARIOS\03_AUDIOS_RADIO\06 - JUN - 26\09 06 - TER
JUNHO,NJUD N/A,BOLETIM_RADIO_TJRN_09_06_2026_B7_TJRN_EMPRESA_VIAGEM_APLICATIVO_INDENIZACAO_.mp3,09_06_2026,TJRN_EMPRESA_VIAGEM_APLICATIVO_INDENIZACAO,,TJRN,NAO,H:\Meu Drive\RADIO TJRN CONTEÚDO\00_PRODUCAO_2026\01_BOLETINS_DIARIOS\03_AUDIOS_RADIO\06 - JUN - 26\09 06 - TER
JUNHO,NJUD N/A,BOLETIM_RADIO_TJRN_09_06_2026_B8_ESMARN_COMPROMISSO_AMBIENTAL (1).mp3,09_06_2026,ESMARN_COMPROMISSO_AMBIENTAL (1),,TJRN,NAO,H:\Meu Drive\RADIO TJRN CONTEÚDO\00_PRODUCAO_2026\01_BOLETINS_DIARIOS\03_AUDIOS_RADIO\06 - JUN - 26\09 06 - TER
JUNHO,NJUD N/A,BOLETIM_RADIO_TJRN_09_06_2026_B8_ESMARN_COMPROMISSO_AMBIENTAL (2).mp3,09_06_2026,ESMARN_COMPROMISSO_AMBIENTAL (2),,TJRN,NAO,H:\Meu Drive\RADIO TJRN CONTEÚDO\00_PRODUCAO_2026\01_BOLETINS_DIARIOS\03_AUDIOS_RADIO\06 - JUN - 26\09 06 - TER
JUNHO,NJUD N/A,BOLETIM_RADIO_TJRN_09_06_2026_B8_ESMARN_COMPROMISSO_AMBIENTAL.mp3,09_06_2026,ESMARN_COMPROMISSO_AMBIENTAL,,TJRN,NAO,H:\Meu Drive\RADIO TJRN CONTEÚDO\00_PRODUCAO_2026\01_BOLETINS_DIARIOS\03_AUDIOS_RADIO\06 - JUN - 26\09 06 - TER
JUNHO,NJUD N/A,BOLETIM_RADIO_TJRN_09_06_2026_B9_OABRN_ESA_ESPECIALISTAS_IA_ADVOCACIA_ (1).mp3,09_06_2026,OABRN_ESA_ESPECIALISTAS_IA_ADVOCACIA_ (1),,TJRN,NAO,H:\Meu Drive\RADIO TJRN CONTEÚDO\00_PRODUCAO_2026\01_BOLETINS_DIARIOS\03_AUDIOS_RADIO\06 - JUN - 26\09 06 - TER
JUNHO,NJUD N/A,BOLETIM_RADIO_TJRN_09_06_2026_B9_OABRN_ESA_ESPECIALISTAS_IA_ADVOCACIA_ (2).mp3,09_06_2026,OABRN_ESA_ESPECIALISTAS_IA_ADVOCACIA_ (2),,TJRN,NAO,H:\Meu Drive\RADIO TJRN CONTEÚDO\00_PRODUCAO_2026\01_BOLETINS_DIARIOS\03_AUDIOS_RADIO\06 - JUN - 26\09 06 - TER
JUNHO,NJUD N/A,BOLETIM_RADIO_TJRN_09_06_2026_B9_OABRN_ESA_ESPECIALISTAS_IA_ADVOCACIA_.mp3,09_06_2026,OABRN_ESA_ESPECIALISTAS_IA_ADVOCACIA,,TJRN,NAO,H:\Meu Drive\RADIO TJRN CONTEÚDO\00_PRODUCAO_2026\01_BOLETINS_DIARIOS\03_AUDIOS_RADIO\06 - JUN - 26\09 06 - TER
JUNHO,NJUD N/A,BOLETIM_RADIO_TJRN_10_06_2026_B10_TRTRN_REUNIAO_NEGOCIACAO_URBANA_ (1).mp3,10_06_2026,TRTRN_REUNIAO_NEGOCIACAO_URBANA_ (1),,TJRN,NAO,H:\Meu Drive\RADIO TJRN CONTEÚDO\00_PRODUCAO_2026\01_BOLETINS_DIARIOS\03_AUDIOS_RADIO\06 - JUN - 26\10 06 - QUA
JUNHO,NJUD N/A,BOLETIM_RADIO_TJRN_10_06_2026_B10_TRTRN_REUNIAO_NEGOCIACAO_URBANA_.mp3,10_06_2026,TRTRN_REUNIAO_NEGOCIACAO_URBANA,,TJRN,NAO,H:\Meu Drive\RADIO TJRN CONTEÚDO\00_PRODUCAO_2026\01_BOLETINS_DIARIOS\03_AUDIOS_RADIO\06 - JUN - 26\10 06 - QUA
JUNHO,NJUD N/A,BOLETIM_RADIO_TJRN_10_06_2026_B11_DPERN_ACAO_COLETIVA_CONCURSO_PM (1).mp3,10_06_2026,DPERN_ACAO_COLETIVA_CONCURSO_PM (1),,TJRN,NAO,H:\Meu Drive\RADIO TJRN CONTEÚDO\00_PRODUCAO_2026\01_BOLETINS_DIARIOS\03_AUDIOS_RADIO\06 - JUN - 26\10 06 - QUA
JUNHO,NJUD N/A,BOLETIM_RADIO_TJRN_10_06_2026_B11_DPERN_ACAO_COLETIVA_CONCURSO_PM (2).mp3,10_06_2026,DPERN_ACAO_COLETIVA_CONCURSO_PM (2),,TJRN,NAO,H:\Meu Drive\RADIO TJRN CONTEÚDO\00_PRODUCAO_2026\01_BOLETINS_DIARIOS\03_AUDIOS_RADIO\06 - JUN - 26\10 06 - QUA
JUNHO,NJUD N/A,BOLETIM_RADIO_TJRN_10_06_2026_B11_DPERN_ACAO_COLETIVA_CONCURSO_PM.mp3,10_06_2026,DPERN_ACAO_COLETIVA_CONCURSO_PM,,TJRN,NAO,H:\Meu Drive\RADIO TJRN CONTEÚDO\00_PRODUCAO_2026\01_BOLETINS_DIARIOS\03_AUDIOS_RADIO\06 - JUN - 26\10 06 - QUA
JUNHO,NJUD N/A,BOLETIM_RADIO_TJRN_10_06_2026_B1_TJRN_MUNICIPIO_REGULARIZAR_PAGAMENTO_ESTADIO_ (1).mp3,10_06_2026,TJRN_MUNICIPIO_REGULARIZAR_PAGAMENTO_ESTADIO_ (1),,TJRN,NAO,H:\Meu Drive\RADIO TJRN CONTEÚDO\00_PRODUCAO_2026\01_BOLETINS_DIARIOS\03_AUDIOS_RADIO\06 - JUN - 26\10 06 - QUA
JUNHO,NJUD N/A,BOLETIM_RADIO_TJRN_10_06_2026_B1_TJRN_MUNICIPIO_REGULARIZAR_PAGAMENTO_ESTADIO_ (2).mp3,10_06_2026,TJRN_MUNICIPIO_REGULARIZAR_PAGAMENTO_ESTADIO_ (2),,TJRN,NAO,H:\Meu Drive\RADIO TJRN CONTEÚDO\00_PRODUCAO_2026\01_BOLETINS_DIARIOS\03_AUDIOS_RADIO\06 - JUN - 26\10 06 - QUA
JUNHO,NJUD N/A,BOLETIM_RADIO_TJRN_10_06_2026_B1_TJRN_MUNICIPIO_REGULARIZAR_PAGAMENTO_ESTADIO_.mp3,10_06_2026,TJRN_MUNICIPIO_REGULARIZAR_PAGAMENTO_ESTADIO,,TJRN,NAO,H:\Meu Drive\RADIO TJRN CONTEÚDO\00_PRODUCAO_2026\01_BOLETINS_DIARIOS\03_AUDIOS_RADIO\06 - JUN - 26\10 06 - QUA
JUNHO,NJUD N/A,BOLETIM_RADIO_TJRN_10_06_2026_B2_TJRN_VARA_FAMILIA_RETIFICA_EDITAL (1).mp3,10_06_2026,TJRN_VARA_FAMILIA_RETIFICA_EDITAL (1),,TJRN,NAO,H:\Meu Drive\RADIO TJRN CONTEÚDO\00_PRODUCAO_2026\01_BOLETINS_DIARIOS\03_AUDIOS_RADIO\06 - JUN - 26\10 06 - QUA
JUNHO,NJUD N/A,BOLETIM_RADIO_TJRN_10_06_2026_B2_TJRN_VARA_FAMILIA_RETIFICA_EDITAL (2).mp3,10_06_2026,TJRN_VARA_FAMILIA_RETIFICA_EDITAL (2),,TJRN,NAO,H:\Meu Drive\RADIO TJRN CONTEÚDO\00_PRODUCAO_2026\01_BOLETINS_DIARIOS\03_AUDIOS_RADIO\06 - JUN - 26\10 06 - QUA
JUNHO,NJUD N/A,BOLETIM_RADIO_TJRN_10_06_2026_B2_TJRN_VARA_FAMILIA_RETIFICA_EDITAL.mp3,10_06_2026,TJRN_VARA_FAMILIA_RETIFICA_EDITAL,,TJRN,NAO,H:\Meu Drive\RADIO TJRN CONTEÚDO\00_PRODUCAO_2026\01_BOLETINS_DIARIOS\03_AUDIOS_RADIO\06 - JUN - 26\10 06 - QUA
JUNHO,NJUD N/A,BOLETIM_RADIO_TJRN_10_06_2026_B3_TJRN_FERRAMENTA_DESENVOLVIDA_ (1).mp3,10_06_2026,TJRN_FERRAMENTA_DESENVOLVIDA_ (1),,TJRN,NAO,H:\Meu Drive\RADIO TJRN CONTEÚDO\00_PRODUCAO_2026\01_BOLETINS_DIARIOS\03_AUDIOS_RADIO\06 - JUN - 26\10 06 - QUA
JUNHO,NJUD N/A,BOLETIM_RADIO_TJRN_10_06_2026_B3_TJRN_FERRAMENTA_DESENVOLVIDA_.mp3,10_06_2026,TJRN_FERRAMENTA_DESENVOLVIDA,,TJRN,NAO,H:\Meu Drive\RADIO TJRN CONTEÚDO\00_PRODUCAO_2026\01_BOLETINS_DIARIOS\03_AUDIOS_RADIO\06 - JUN - 26\10 06 - QUA
JUNHO,NJUD N/A,BOLETIM_RADIO_TJRN_10_06_2026_B4_TJRN_MAIS_22_MIL_PESSOAS_ENAM (1).mp3,10_06_2026,TJRN_MAIS_22_MIL_PESSOAS_ENAM (1),,TJRN,NAO,H:\Meu Drive\RADIO TJRN CONTEÚDO\00_PRODUCAO_2026\01_BOLETINS_DIARIOS\03_AUDIOS_RADIO\06 - JUN - 26\10 06 - QUA
JUNHO,NJUD N/A,BOLETIM_RADIO_TJRN_10_06_2026_B4_TJRN_MAIS_22_MIL_PESSOAS_ENAM (2).mp3,10_06_2026,TJRN_MAIS_22_MIL_PESSOAS_ENAM (2),,TJRN,NAO,H:\Meu Drive\RADIO TJRN CONTEÚDO\00_PRODUCAO_2026\01_BOLETINS_DIARIOS\03_AUDIOS_RADIO\06 - JUN - 26\10 06 - QUA
JUNHO,NJUD N/A,BOLETIM_RADIO_TJRN_10_06_2026_B4_TJRN_MAIS_22_MIL_PESSOAS_ENAM.mp3,10_06_2026,TJRN_MAIS_22_MIL_PESSOAS_ENAM,,TJRN,NAO,H:\Meu Drive\RADIO TJRN CONTEÚDO\00_PRODUCAO_2026\01_BOLETINS_DIARIOS\03_AUDIOS_RADIO\06 - JUN - 26\10 06 - QUA
JUNHO,NJUD N/A,BOLETIM_RADIO_TJRN_10_06_2026_B5_TJRN_NATAL_CONDENADO_SHOW_ (1).mp3,10_06_2026,TJRN_NATAL_CONDENADO_SHOW_ (1),,TJRN,NAO,H:\Meu Drive\RADIO TJRN CONTEÚDO\00_PRODUCAO_2026\01_BOLETINS_DIARIOS\03_AUDIOS_RADIO\06 - JUN - 26\10 06 - QUA
JUNHO,NJUD N/A,BOLETIM_RADIO_TJRN_10_06_2026_B5_TJRN_NATAL_CONDENADO_SHOW_ (2).mp3,10_06_2026,TJRN_NATAL_CONDENADO_SHOW_ (2),,TJRN,NAO,H:\Meu Drive\RADIO TJRN CONTEÚDO\00_PRODUCAO_2026\01_BOLETINS_DIARIOS\03_AUDIOS_RADIO\06 - JUN - 26\10 06 - QUA
JUNHO,NJUD N/A,BOLETIM_RADIO_TJRN_10_06_2026_B5_TJRN_NATAL_CONDENADO_SHOW_.mp3,10_06_2026,TJRN_NATAL_CONDENADO_SHOW,,TJRN,NAO,H:\Meu Drive\RADIO TJRN CONTEÚDO\00_PRODUCAO_2026\01_BOLETINS_DIARIOS\03_AUDIOS_RADIO\06 - JUN - 26\10 06 - QUA
JUNHO,NJUD N/A,BOLETIM_RADIO_TJRN_10_06_2026_B6_TJRN_PASTOR_CONHECIDO_PEDIDO_NEGADO (1).mp3,10_06_2026,TJRN_PASTOR_CONHECIDO_PEDIDO_NEGADO (1),,TJRN,NAO,H:\Meu Drive\RADIO TJRN CONTEÚDO\00_PRODUCAO_2026\01_BOLETINS_DIARIOS\03_AUDIOS_RADIO\06 - JUN - 26\10 06 - QUA
JUNHO,NJUD N/A,BOLETIM_RADIO_TJRN_10_06_2026_B6_TJRN_PASTOR_CONHECIDO_PEDIDO_NEGADO (2).mp3,10_06_2026,TJRN_PASTOR_CONHECIDO_PEDIDO_NEGADO (2),,TJRN,NAO,H:\Meu Drive\RADIO TJRN CONTEÚDO\00_PRODUCAO_2026\01_BOLETINS_DIARIOS\03_AUDIOS_RADIO\06 - JUN - 26\10 06 - QUA
JUNHO,NJUD N/A,BOLETIM_RADIO_TJRN_10_06_2026_B6_TJRN_PASTOR_CONHECIDO_PEDIDO_NEGADO.mp3,10_06_2026,TJRN_PASTOR_CONHECIDO_PEDIDO_NEGADO,,TJRN,NAO,H:\Meu Drive\RADIO TJRN CONTEÚDO\00_PRODUCAO_2026\01_BOLETINS_DIARIOS\03_AUDIOS_RADIO\06 - JUN - 26\10 06 - QUA
JUNHO,NJUD N/A,BOLETIM_RADIO_TJRN_10_06_2026_B7_TJRN_PLANO_SAUDE_CUSTEAR (1).mp3,10_06_2026,TJRN_PLANO_SAUDE_CUSTEAR (1),,TJRN,NAO,H:\Meu Drive\RADIO TJRN CONTEÚDO\00_PRODUCAO_2026\01_BOLETINS_DIARIOS\03_AUDIOS_RADIO\06 - JUN - 26\10 06 - QUA
JUNHO,NJUD N/A,BOLETIM_RADIO_TJRN_10_06_2026_B7_TJRN_PLANO_SAUDE_CUSTEAR.mp3,10_06_2026,TJRN_PLANO_SAUDE_CUSTEAR,,TJRN,NAO,H:\Meu Drive\RADIO TJRN CONTEÚDO\00_PRODUCAO_2026\01_BOLETINS_DIARIOS\03_AUDIOS_RADIO\06 - JUN - 26\10 06 - QUA
JUNHO,NJUD N/A,BOLETIM_RADIO_TJRN_10_06_2026_B8_TJRN_EMPRESA_CONDENADA_NOME_HOMEM_SOCIO_ (1).mp3,10_06_2026,TJRN_EMPRESA_CONDENADA_NOME_HOMEM_SOCIO_ (1),,TJRN,NAO,H:\Meu Drive\RADIO TJRN CONTEÚDO\00_PRODUCAO_2026\01_BOLETINS_DIARIOS\03_AUDIOS_RADIO\06 - JUN - 26\10 06 - QUA
JUNHO,NJUD N/A,BOLETIM_RADIO_TJRN_10_06_2026_B8_TJRN_EMPRESA_CONDENADA_NOME_HOMEM_SOCIO_ (2).mp3,10_06_2026,TJRN_EMPRESA_CONDENADA_NOME_HOMEM_SOCIO_ (2),,TJRN,NAO,H:\Meu Drive\RADIO TJRN CONTEÚDO\00_PRODUCAO_2026\01_BOLETINS_DIARIOS\03_AUDIOS_RADIO\06 - JUN - 26\10 06 - QUA
JUNHO,NJUD N/A,BOLETIM_RADIO_TJRN_10_06_2026_B8_TJRN_EMPRESA_CONDENADA_NOME_HOMEM_SOCIO_.mp3,10_06_2026,TJRN_EMPRESA_CONDENADA_NOME_HOMEM_SOCIO,,TJRN,NAO,H:\Meu Drive\RADIO TJRN CONTEÚDO\00_PRODUCAO_2026\01_BOLETINS_DIARIOS\03_AUDIOS_RADIO\06 - JUN - 26\10 06 - QUA
JUNHO,NJUD N/A,BOLETIM_RADIO_TJRN_10_06_2026_B9_TJRN_NOVA_FERRAMENTA_IA_DEMANDAS_ (1).mp3,10_06_2026,TJRN_NOVA_FERRAMENTA_IA_DEMANDAS_ (1),,TJRN,NAO,H:\Meu Drive\RADIO TJRN CONTEÚDO\00_PRODUCAO_2026\01_BOLETINS_DIARIOS\03_AUDIOS_RADIO\06 - JUN - 26\10 06 - QUA
JUNHO,NJUD N/A,BOLETIM_RADIO_TJRN_10_06_2026_B9_TJRN_NOVA_FERRAMENTA_IA_DEMANDAS_ (2).mp3,10_06_2026,TJRN_NOVA_FERRAMENTA_IA_DEMANDAS_ (2),,TJRN,NAO,H:\Meu Drive\RADIO TJRN CONTEÚDO\00_PRODUCAO_2026\01_BOLETINS_DIARIOS\03_AUDIOS_RADIO\06 - JUN - 26\10 06 - QUA
JUNHO,NJUD N/A,BOLETIM_RADIO_TJRN_10_06_2026_B9_TJRN_NOVA_FERRAMENTA_IA_DEMANDAS_.mp3,10_06_2026,TJRN_NOVA_FERRAMENTA_IA_DEMANDAS,,TJRN,NAO,H:\Meu Drive\RADIO TJRN CONTEÚDO\00_PRODUCAO_2026\01_BOLETINS_DIARIOS\03_AUDIOS_RADIO\06 - JUN - 26\10 06 - QUA
JUNHO,NJUD N/A,BOLETIM_RADIO_TJRN_11_06_2026_B10_DPERN_GARANTE_DIREITOS_CRIANCA_ (1).mp3,11_06_2026,DPERN_GARANTE_DIREITOS_CRIANCA_ (1),,TJRN,NAO,H:\Meu Drive\RADIO TJRN CONTEÚDO\00_PRODUCAO_2026\01_BOLETINS_DIARIOS\03_AUDIOS_RADIO\06 - JUN - 26\11 06 - QUI
JUNHO,NJUD N/A,BOLETIM_RADIO_TJRN_11_06_2026_B10_DPERN_GARANTE_DIREITOS_CRIANCA_ (2).mp3,11_06_2026,DPERN_GARANTE_DIREITOS_CRIANCA_ (2),,TJRN,NAO,H:\Meu Drive\RADIO TJRN CONTEÚDO\00_PRODUCAO_2026\01_BOLETINS_DIARIOS\03_AUDIOS_RADIO\06 - JUN - 26\11 06 - QUI
JUNHO,NJUD N/A,BOLETIM_RADIO_TJRN_11_06_2026_B10_DPERN_GARANTE_DIREITOS_CRIANCA_.mp3,11_06_2026,DPERN_GARANTE_DIREITOS_CRIANCA,,TJRN,NAO,H:\Meu Drive\RADIO TJRN CONTEÚDO\00_PRODUCAO_2026\01_BOLETINS_DIARIOS\03_AUDIOS_RADIO\06 - JUN - 26\11 06 - QUI
JUNHO,NJUD N/A,BOLETIM_RADIO_TJRN_11_06_2026_B11_OABRN_INAUGURACAO_SALA_CURRAIS_NOVOS_ (1).mp3,11_06_2026,OABRN_INAUGURACAO_SALA_CURRAIS_NOVOS_ (1),,TJRN,NAO,H:\Meu Drive\RADIO TJRN CONTEÚDO\00_PRODUCAO_2026\01_BOLETINS_DIARIOS\03_AUDIOS_RADIO\06 - JUN - 26\11 06 - QUI
JUNHO,NJUD N/A,BOLETIM_RADIO_TJRN_11_06_2026_B11_OABRN_INAUGURACAO_SALA_CURRAIS_NOVOS_.mp3,11_06_2026,OABRN_INAUGURACAO_SALA_CURRAIS_NOVOS,,TJRN,NAO,H:\Meu Drive\RADIO TJRN CONTEÚDO\00_PRODUCAO_2026\01_BOLETINS_DIARIOS\03_AUDIOS_RADIO\06 - JUN - 26\11 06 - QUI
JUNHO,NJUD N/A,BOLETIM_RADIO_TJRN_11_06_2026_B1_TJRN_SEMANA_JUIZADOS_ESPECIAIS_ (1).mp3,11_06_2026,TJRN_SEMANA_JUIZADOS_ESPECIAIS_ (1),,TJRN,NAO,H:\Meu Drive\RADIO TJRN CONTEÚDO\00_PRODUCAO_2026\01_BOLETINS_DIARIOS\03_AUDIOS_RADIO\06 - JUN - 26\11 06 - QUI
JUNHO,NJUD N/A,BOLETIM_RADIO_TJRN_11_06_2026_B1_TJRN_SEMANA_JUIZADOS_ESPECIAIS_ (2).mp3,11_06_2026,TJRN_SEMANA_JUIZADOS_ESPECIAIS_ (2),,TJRN,NAO,H:\Meu Drive\RADIO TJRN CONTEÚDO\00_PRODUCAO_2026\01_BOLETINS_DIARIOS\03_AUDIOS_RADIO\06 - JUN - 26\11 06 - QUI
JUNHO,NJUD N/A,BOLETIM_RADIO_TJRN_11_06_2026_B1_TJRN_SEMANA_JUIZADOS_ESPECIAIS_.mp3,11_06_2026,TJRN_SEMANA_JUIZADOS_ESPECIAIS,,TJRN,NAO,H:\Meu Drive\RADIO TJRN CONTEÚDO\00_PRODUCAO_2026\01_BOLETINS_DIARIOS\03_AUDIOS_RADIO\06 - JUN - 26\11 06 - QUI
JUNHO,NJUD N/A,BOLETIM_RADIO_TJRN_11_06_2026_B2_TJRN_PANDEMIA_REDUCAO_MENSALIDADE (1).mp3,11_06_2026,TJRN_PANDEMIA_REDUCAO_MENSALIDADE (1),,TJRN,NAO,H:\Meu Drive\RADIO TJRN CONTEÚDO\00_PRODUCAO_2026\01_BOLETINS_DIARIOS\03_AUDIOS_RADIO\06 - JUN - 26\11 06 - QUI
JUNHO,NJUD N/A,BOLETIM_RADIO_TJRN_11_06_2026_B2_TJRN_PANDEMIA_REDUCAO_MENSALIDADE (2).mp3,11_06_2026,TJRN_PANDEMIA_REDUCAO_MENSALIDADE (2),,TJRN,NAO,H:\Meu Drive\RADIO TJRN CONTEÚDO\00_PRODUCAO_2026\01_BOLETINS_DIARIOS\03_AUDIOS_RADIO\06 - JUN - 26\11 06 - QUI
JUNHO,NJUD N/A,BOLETIM_RADIO_TJRN_11_06_2026_B2_TJRN_PANDEMIA_REDUCAO_MENSALIDADE.mp3,11_06_2026,TJRN_PANDEMIA_REDUCAO_MENSALIDADE,,TJRN,NAO,H:\Meu Drive\RADIO TJRN CONTEÚDO\00_PRODUCAO_2026\01_BOLETINS_DIARIOS\03_AUDIOS_RADIO\06 - JUN - 26\11 06 - QUI
JUNHO,NJUD N/A,BOLETIM_RADIO_TJRN_11_06_2026_B3_TJRN_NEGADO_PEDIDO_REVISAO_CONDENADO (1).mp3,11_06_2026,TJRN_NEGADO_PEDIDO_REVISAO_CONDENADO (1),,TJRN,NAO,H:\Meu Drive\RADIO TJRN CONTEÚDO\00_PRODUCAO_2026\01_BOLETINS_DIARIOS\03_AUDIOS_RADIO\06 - JUN - 26\11 06 - QUI
JUNHO,NJUD N/A,BOLETIM_RADIO_TJRN_11_06_2026_B3_TJRN_NEGADO_PEDIDO_REVISAO_CONDENADO (2).mp3,11_06_2026,TJRN_NEGADO_PEDIDO_REVISAO_CONDENADO (2),,TJRN,NAO,H:\Meu Drive\RADIO TJRN CONTEÚDO\00_PRODUCAO_2026\01_BOLETINS_DIARIOS\03_AUDIOS_RADIO\06 - JUN - 26\11 06 - QUI
JUNHO,NJUD N/A,BOLETIM_RADIO_TJRN_11_06_2026_B3_TJRN_NEGADO_PEDIDO_REVISAO_CONDENADO.mp3,11_06_2026,TJRN_NEGADO_PEDIDO_REVISAO_CONDENADO,,TJRN,NAO,H:\Meu Drive\RADIO TJRN CONTEÚDO\00_PRODUCAO_2026\01_BOLETINS_DIARIOS\03_AUDIOS_RADIO\06 - JUN - 26\11 06 - QUI
JUNHO,NJUD N/A,BOLETIM_RADIO_TJRN_11_06_2026_B4_TJRN_TRATAMENTO_REDE_CREDENCIADA_RESSARCIMENTO (1).mp3,11_06_2026,TJRN_TRATAMENTO_REDE_CREDENCIADA_RESSARCIMENTO (1),,TJRN,NAO,H:\Meu Drive\RADIO TJRN CONTEÚDO\00_PRODUCAO_2026\01_BOLETINS_DIARIOS\03_AUDIOS_RADIO\06 - JUN - 26\11 06 - QUI
JUNHO,NJUD N/A,BOLETIM_RADIO_TJRN_11_06_2026_B4_TJRN_TRATAMENTO_REDE_CREDENCIADA_RESSARCIMENTO.mp3,11_06_2026,TJRN_TRATAMENTO_REDE_CREDENCIADA_RESSARCIMENTO,,TJRN,NAO,H:\Meu Drive\RADIO TJRN CONTEÚDO\00_PRODUCAO_2026\01_BOLETINS_DIARIOS\03_AUDIOS_RADIO\06 - JUN - 26\11 06 - QUI
JUNHO,NJUD N/A,BOLETIM_RADIO_TJRN_11_06_2026_B5_TJRN_CORREGEDORIA_CORREICOES (1).mp3,11_06_2026,TJRN_CORREGEDORIA_CORREICOES (1),,TJRN,NAO,H:\Meu Drive\RADIO TJRN CONTEÚDO\00_PRODUCAO_2026\01_BOLETINS_DIARIOS\03_AUDIOS_RADIO\06 - JUN - 26\11 06 - QUI
JUNHO,NJUD N/A,BOLETIM_RADIO_TJRN_11_06_2026_B5_TJRN_CORREGEDORIA_CORREICOES (2).mp3,11_06_2026,TJRN_CORREGEDORIA_CORREICOES (2),,TJRN,NAO,H:\Meu Drive\RADIO TJRN CONTEÚDO\00_PRODUCAO_2026\01_BOLETINS_DIARIOS\03_AUDIOS_RADIO\06 - JUN - 26\11 06 - QUI
JUNHO,NJUD N/A,BOLETIM_RADIO_TJRN_11_06_2026_B5_TJRN_CORREGEDORIA_CORREICOES.mp3,11_06_2026,TJRN_CORREGEDORIA_CORREICOES,,TJRN,NAO,H:\Meu Drive\RADIO TJRN CONTEÚDO\00_PRODUCAO_2026\01_BOLETINS_DIARIOS\03_AUDIOS_RADIO\06 - JUN - 26\11 06 - QUI
JUNHO,NJUD N/A,BOLETIM_RADIO_TJRN_11_06_2026_B6_TJRN_DETERMINA_EMPRESA_RESTITUICAO_ (1).mp3,11_06_2026,TJRN_DETERMINA_EMPRESA_RESTITUICAO_ (1),,TJRN,NAO,H:\Meu Drive\RADIO TJRN CONTEÚDO\00_PRODUCAO_2026\01_BOLETINS_DIARIOS\03_AUDIOS_RADIO\06 - JUN - 26\11 06 - QUI
JUNHO,NJUD N/A,BOLETIM_RADIO_TJRN_11_06_2026_B6_TJRN_DETERMINA_EMPRESA_RESTITUICAO_ (2).mp3,11_06_2026,TJRN_DETERMINA_EMPRESA_RESTITUICAO_ (2),,TJRN,NAO,H:\Meu Drive\RADIO TJRN CONTEÚDO\00_PRODUCAO_2026\01_BOLETINS_DIARIOS\03_AUDIOS_RADIO\06 - JUN - 26\11 06 - QUI
JUNHO,NJUD N/A,BOLETIM_RADIO_TJRN_11_06_2026_B6_TJRN_DETERMINA_EMPRESA_RESTITUICAO_.mp3,11_06_2026,TJRN_DETERMINA_EMPRESA_RESTITUICAO,,TJRN,NAO,H:\Meu Drive\RADIO TJRN CONTEÚDO\00_PRODUCAO_2026\01_BOLETINS_DIARIOS\03_AUDIOS_RADIO\06 - JUN - 26\11 06 - QUI
JUNHO,NJUD N/A,BOLETIM_RADIO_TJRN_11_06_2026_B7_TJRN_AUDIENCIA_PUBLICA_NACIONAL (1).mp3,11_06_2026,TJRN_AUDIENCIA_PUBLICA_NACIONAL (1),,TJRN,NAO,H:\Meu Drive\RADIO TJRN CONTEÚDO\00_PRODUCAO_2026\01_BOLETINS_DIARIOS\03_AUDIOS_RADIO\06 - JUN - 26\11 06 - QUI
JUNHO,NJUD N/A,BOLETIM_RADIO_TJRN_11_06_2026_B7_TJRN_AUDIENCIA_PUBLICA_NACIONAL (2).mp3,11_06_2026,TJRN_AUDIENCIA_PUBLICA_NACIONAL (2),,TJRN,NAO,H:\Meu Drive\RADIO TJRN CONTEÚDO\00_PRODUCAO_2026\01_BOLETINS_DIARIOS\03_AUDIOS_RADIO\06 - JUN - 26\11 06 - QUI
JUNHO,NJUD N/A,BOLETIM_RADIO_TJRN_11_06_2026_B7_TJRN_AUDIENCIA_PUBLICA_NACIONAL.mp3,11_06_2026,TJRN_AUDIENCIA_PUBLICA_NACIONAL,,TJRN,NAO,H:\Meu Drive\RADIO TJRN CONTEÚDO\00_PRODUCAO_2026\01_BOLETINS_DIARIOS\03_AUDIOS_RADIO\06 - JUN - 26\11 06 - QUI
JUNHO,NJUD N/A,BOLETIM_RADIO_TJRN_11_06_2026_B8_ESMARN_RETIFICACAO_EDITAL (1).mp3,11_06_2026,ESMARN_RETIFICACAO_EDITAL (1),,TJRN,NAO,H:\Meu Drive\RADIO TJRN CONTEÚDO\00_PRODUCAO_2026\01_BOLETINS_DIARIOS\03_AUDIOS_RADIO\06 - JUN - 26\11 06 - QUI
JUNHO,NJUD N/A,BOLETIM_RADIO_TJRN_11_06_2026_B8_ESMARN_RETIFICACAO_EDITAL.mp3,11_06_2026,ESMARN_RETIFICACAO_EDITAL,,TJRN,NAO,H:\Meu Drive\RADIO TJRN CONTEÚDO\00_PRODUCAO_2026\01_BOLETINS_DIARIOS\03_AUDIOS_RADIO\06 - JUN - 26\11 06 - QUI
JUNHO,NJUD N/A,BOLETIM_RADIO_TJRN_11_06_2026_B9_TJRN_CONDENA_DUPLA_POR_ROUBO (1).mp3,11_06_2026,TJRN_CONDENA_DUPLA_POR_ROUBO (1),,TJRN,NAO,H:\Meu Drive\RADIO TJRN CONTEÚDO\00_PRODUCAO_2026\01_BOLETINS_DIARIOS\03_AUDIOS_RADIO\06 - JUN - 26\11 06 - QUI
JUNHO,NJUD N/A,BOLETIM_RADIO_TJRN_11_06_2026_B9_TJRN_CONDENA_DUPLA_POR_ROUBO (2).mp3,11_06_2026,TJRN_CONDENA_DUPLA_POR_ROUBO (2),,TJRN,NAO,H:\Meu Drive\RADIO TJRN CONTEÚDO\00_PRODUCAO_2026\01_BOLETINS_DIARIOS\03_AUDIOS_RADIO\06 - JUN - 26\11 06 - QUI
JUNHO,NJUD N/A,BOLETIM_RADIO_TJRN_11_06_2026_B9_TJRN_CONDENA_DUPLA_POR_ROUBO.mp3,11_06_2026,TJRN_CONDENA_DUPLA_POR_ROUBO,,TJRN,NAO,H:\Meu Drive\RADIO TJRN CONTEÚDO\00_PRODUCAO_2026\01_BOLETINS_DIARIOS\03_AUDIOS_RADIO\06 - JUN - 26\11 06 - QUI
JUNHO,NJUD N/A,BOLETIM_RADIO_TJRN_12_06_2026_B10_TRT_RN_VISITA_CAIXA_ECONOMICA_ (1).mp3,12_06_2026,TRT_RN_VISITA_CAIXA_ECONOMICA_ (1),,TJRN,NAO,H:\Meu Drive\RADIO TJRN CONTEÚDO\00_PRODUCAO_2026\01_BOLETINS_DIARIOS\03_AUDIOS_RADIO\06 - JUN - 26\12 06 - SEX
JUNHO,NJUD N/A,BOLETIM_RADIO_TJRN_12_06_2026_B10_TRT_RN_VISITA_CAIXA_ECONOMICA_ (2).mp3,12_06_2026,TRT_RN_VISITA_CAIXA_ECONOMICA_ (2),,TJRN,NAO,H:\Meu Drive\RADIO TJRN CONTEÚDO\00_PRODUCAO_2026\01_BOLETINS_DIARIOS\03_AUDIOS_RADIO\06 - JUN - 26\12 06 - SEX
JUNHO,NJUD N/A,BOLETIM_RADIO_TJRN_12_06_2026_B10_TRT_RN_VISITA_CAIXA_ECONOMICA_.mp3,12_06_2026,TRT_RN_VISITA_CAIXA_ECONOMICA,,TJRN,NAO,H:\Meu Drive\RADIO TJRN CONTEÚDO\00_PRODUCAO_2026\01_BOLETINS_DIARIOS\03_AUDIOS_RADIO\06 - JUN - 26\12 06 - SEX
JUNHO,NJUD N/A,BOLETIM_RADIO_TJRN_12_06_2026_B11_TRTRN_ELETRICISTA_ACIDENTADO_ (1).mp3,12_06_2026,TRTRN_ELETRICISTA_ACIDENTADO_ (1),,TJRN,NAO,H:\Meu Drive\RADIO TJRN CONTEÚDO\00_PRODUCAO_2026\01_BOLETINS_DIARIOS\03_AUDIOS_RADIO\06 - JUN - 26\12 06 - SEX
JUNHO,NJUD N/A,BOLETIM_RADIO_TJRN_12_06_2026_B11_TRTRN_ELETRICISTA_ACIDENTADO_ (2).mp3,12_06_2026,TRTRN_ELETRICISTA_ACIDENTADO_ (2),,TJRN,NAO,H:\Meu Drive\RADIO TJRN CONTEÚDO\00_PRODUCAO_2026\01_BOLETINS_DIARIOS\03_AUDIOS_RADIO\06 - JUN - 26\12 06 - SEX
JUNHO,NJUD N/A,BOLETIM_RADIO_TJRN_12_06_2026_B11_TRTRN_ELETRICISTA_ACIDENTADO_.mp3,12_06_2026,TRTRN_ELETRICISTA_ACIDENTADO,,TJRN,NAO,H:\Meu Drive\RADIO TJRN CONTEÚDO\00_PRODUCAO_2026\01_BOLETINS_DIARIOS\03_AUDIOS_RADIO\06 - JUN - 26\12 06 - SEX
JUNHO,NJUD N/A,BOLETIM_RADIO_TJRN_12_06_2026_B1_TJRN_COMISSAO_VISITA_TECNICA_PEDRA_GRANDE (1).mp3,12_06_2026,TJRN_COMISSAO_VISITA_TECNICA_PEDRA_GRANDE (1),,TJRN,NAO,H:\Meu Drive\RADIO TJRN CONTEÚDO\00_PRODUCAO_2026\01_BOLETINS_DIARIOS\03_AUDIOS_RADIO\06 - JUN - 26\12 06 - SEX
JUNHO,NJUD N/A,BOLETIM_RADIO_TJRN_12_06_2026_B1_TJRN_COMISSAO_VISITA_TECNICA_PEDRA_GRANDE.mp3,12_06_2026,TJRN_COMISSAO_VISITA_TECNICA_PEDRA_GRANDE,,TJRN,NAO,H:\Meu Drive\RADIO TJRN CONTEÚDO\00_PRODUCAO_2026\01_BOLETINS_DIARIOS\03_AUDIOS_RADIO\06 - JUN - 26\12 06 - SEX
JUNHO,NJUD N/A,BOLETIM_RADIO_TJRN_12_06_2026_B2_TJRN_COMARCA_ASSU_INTERINO (1).mp3,12_06_2026,TJRN_COMARCA_ASSU_INTERINO (1),,TJRN,NAO,H:\Meu Drive\RADIO TJRN CONTEÚDO\00_PRODUCAO_2026\01_BOLETINS_DIARIOS\03_AUDIOS_RADIO\06 - JUN - 26\12 06 - SEX
JUNHO,NJUD N/A,BOLETIM_RADIO_TJRN_12_06_2026_B2_TJRN_COMARCA_ASSU_INTERINO (2).mp3,12_06_2026,TJRN_COMARCA_ASSU_INTERINO (2),,TJRN,NAO,H:\Meu Drive\RADIO TJRN CONTEÚDO\00_PRODUCAO_2026\01_BOLETINS_DIARIOS\03_AUDIOS_RADIO\06 - JUN - 26\12 06 - SEX
JUNHO,NJUD N/A,BOLETIM_RADIO_TJRN_12_06_2026_B2_TJRN_COMARCA_ASSU_INTERINO.mp3,12_06_2026,TJRN_COMARCA_ASSU_INTERINO,,TJRN,NAO,H:\Meu Drive\RADIO TJRN CONTEÚDO\00_PRODUCAO_2026\01_BOLETINS_DIARIOS\03_AUDIOS_RADIO\06 - JUN - 26\12 06 - SEX
JUNHO,NJUD N/A,BOLETIM_RADIO_TJRN_12_06_2026_B3_TJRN_COMARCA_ASSU_INTERINO (1).mp3,12_06_2026,TJRN_COMARCA_ASSU_INTERINO (1),,TJRN,NAO,H:\Meu Drive\RADIO TJRN CONTEÚDO\00_PRODUCAO_2026\01_BOLETINS_DIARIOS\03_AUDIOS_RADIO\06 - JUN - 26\12 06 - SEX
JUNHO,NJUD N/A,BOLETIM_RADIO_TJRN_12_06_2026_B3_TJRN_COMARCA_ASSU_INTERINO (2).mp3,12_06_2026,TJRN_COMARCA_ASSU_INTERINO (2),,TJRN,NAO,H:\Meu Drive\RADIO TJRN CONTEÚDO\00_PRODUCAO_2026\01_BOLETINS_DIARIOS\03_AUDIOS_RADIO\06 - JUN - 26\12 06 - SEX
JUNHO,NJUD N/A,BOLETIM_RADIO_TJRN_12_06_2026_B3_TJRN_COMARCA_ASSU_INTERINO.mp3,12_06_2026,TJRN_COMARCA_ASSU_INTERINO,,TJRN,NAO,H:\Meu Drive\RADIO TJRN CONTEÚDO\00_PRODUCAO_2026\01_BOLETINS_DIARIOS\03_AUDIOS_RADIO\06 - JUN - 26\12 06 - SEX
JUNHO,NJUD N/A,BOLETIM_RADIO_TJRN_12_06_2026_B3_TJRN_VARA_EXECUCAO_FISCAL_RESULTADO_ (1).mp3,12_06_2026,TJRN_VARA_EXECUCAO_FISCAL_RESULTADO_ (1),,TJRN,NAO,H:\Meu Drive\RADIO TJRN CONTEÚDO\00_PRODUCAO_2026\01_BOLETINS_DIARIOS\03_AUDIOS_RADIO\06 - JUN - 26\12 06 - SEX
JUNHO,NJUD N/A,BOLETIM_RADIO_TJRN_12_06_2026_B3_TJRN_VARA_EXECUCAO_FISCAL_RESULTADO_ (2).mp3,12_06_2026,TJRN_VARA_EXECUCAO_FISCAL_RESULTADO_ (2),,TJRN,NAO,H:\Meu Drive\RADIO TJRN CONTEÚDO\00_PRODUCAO_2026\01_BOLETINS_DIARIOS\03_AUDIOS_RADIO\06 - JUN - 26\12 06 - SEX
JUNHO,NJUD N/A,BOLETIM_RADIO_TJRN_12_06_2026_B3_TJRN_VARA_EXECUCAO_FISCAL_RESULTADO_.mp3,12_06_2026,TJRN_VARA_EXECUCAO_FISCAL_RESULTADO,,TJRN,NAO,H:\Meu Drive\RADIO TJRN CONTEÚDO\00_PRODUCAO_2026\01_BOLETINS_DIARIOS\03_AUDIOS_RADIO\06 - JUN - 26\12 06 - SEX
JUNHO,NJUD N/A,BOLETIM_RADIO_TJRN_12_06_2026_B4_TJRN_VISITA_AEREA_CONFLITO_15_ANOS (1).mp3,12_06_2026,TJRN_VISITA_AEREA_CONFLITO_15_ANOS (1),,TJRN,NAO,H:\Meu Drive\RADIO TJRN CONTEÚDO\00_PRODUCAO_2026\01_BOLETINS_DIARIOS\03_AUDIOS_RADIO\06 - JUN - 26\12 06 - SEX
JUNHO,NJUD N/A,BOLETIM_RADIO_TJRN_12_06_2026_B4_TJRN_VISITA_AEREA_CONFLITO_15_ANOS.mp3,12_06_2026,TJRN_VISITA_AEREA_CONFLITO_15_ANOS,,TJRN,NAO,H:\Meu Drive\RADIO TJRN CONTEÚDO\00_PRODUCAO_2026\01_BOLETINS_DIARIOS\03_AUDIOS_RADIO\06 - JUN - 26\12 06 - SEX
JUNHO,NJUD N/A,BOLETIM_RADIO_TJRN_12_06_2026_B5_TJRN_PLANO_SAUDE_OBRIGADO_CUSTER_TERAPIAS (1).mp3,12_06_2026,TJRN_PLANO_SAUDE_OBRIGADO_CUSTER_TERAPIAS (1),,TJRN,NAO,H:\Meu Drive\RADIO TJRN CONTEÚDO\00_PRODUCAO_2026\01_BOLETINS_DIARIOS\03_AUDIOS_RADIO\06 - JUN - 26\12 06 - SEX
JUNHO,NJUD N/A,BOLETIM_RADIO_TJRN_12_06_2026_B5_TJRN_PLANO_SAUDE_OBRIGADO_CUSTER_TERAPIAS (2).mp3,12_06_2026,TJRN_PLANO_SAUDE_OBRIGADO_CUSTER_TERAPIAS (2),,TJRN,NAO,H:\Meu Drive\RADIO TJRN CONTEÚDO\00_PRODUCAO_2026\01_BOLETINS_DIARIOS\03_AUDIOS_RADIO\06 - JUN - 26\12 06 - SEX
JUNHO,NJUD N/A,BOLETIM_RADIO_TJRN_12_06_2026_B5_TJRN_PLANO_SAUDE_OBRIGADO_CUSTER_TERAPIAS.mp3,12_06_2026,TJRN_PLANO_SAUDE_OBRIGADO_CUSTER_TERAPIAS,,TJRN,NAO,H:\Meu Drive\RADIO TJRN CONTEÚDO\00_PRODUCAO_2026\01_BOLETINS_DIARIOS\03_AUDIOS_RADIO\06 - JUN - 26\12 06 - SEX
JUNHO,NJUD N/A,BOLETIM_RADIO_TJRN_12_06_2026_B6_TJRN_REVOGADA_PROGRESSAO_DE_REGIME_ (1).mp3,12_06_2026,TJRN_REVOGADA_PROGRESSAO_DE_REGIME_ (1),,TJRN,NAO,H:\Meu Drive\RADIO TJRN CONTEÚDO\00_PRODUCAO_2026\01_BOLETINS_DIARIOS\03_AUDIOS_RADIO\06 - JUN - 26\12 06 - SEX
JUNHO,NJUD N/A,BOLETIM_RADIO_TJRN_12_06_2026_B6_TJRN_REVOGADA_PROGRESSAO_DE_REGIME_ (2).mp3,12_06_2026,TJRN_REVOGADA_PROGRESSAO_DE_REGIME_ (2),,TJRN,NAO,H:\Meu Drive\RADIO TJRN CONTEÚDO\00_PRODUCAO_2026\01_BOLETINS_DIARIOS\03_AUDIOS_RADIO\06 - JUN - 26\12 06 - SEX
JUNHO,NJUD N/A,BOLETIM_RADIO_TJRN_12_06_2026_B6_TJRN_REVOGADA_PROGRESSAO_DE_REGIME_.mp3,12_06_2026,TJRN_REVOGADA_PROGRESSAO_DE_REGIME,,TJRN,NAO,H:\Meu Drive\RADIO TJRN CONTEÚDO\00_PRODUCAO_2026\01_BOLETINS_DIARIOS\03_AUDIOS_RADIO\06 - JUN - 26\12 06 - SEX
JUNHO,NJUD N/A,BOLETIM_RADIO_TJRN_12_06_2026_B7_TJRN_ATENDIMENTO_DOMICILIAR_IDOSO_ALZHEIMER (1).mp3,12_06_2026,TJRN_ATENDIMENTO_DOMICILIAR_IDOSO_ALZHEIMER (1),,TJRN,NAO,H:\Meu Drive\RADIO TJRN CONTEÚDO\00_PRODUCAO_2026\01_BOLETINS_DIARIOS\03_AUDIOS_RADIO\06 - JUN - 26\12 06 - SEX
JUNHO,NJUD N/A,BOLETIM_RADIO_TJRN_12_06_2026_B7_TJRN_ATENDIMENTO_DOMICILIAR_IDOSO_ALZHEIMER (2).mp3,12_06_2026,TJRN_ATENDIMENTO_DOMICILIAR_IDOSO_ALZHEIMER (2),,TJRN,NAO,H:\Meu Drive\RADIO TJRN CONTEÚDO\00_PRODUCAO_2026\01_BOLETINS_DIARIOS\03_AUDIOS_RADIO\06 - JUN - 26\12 06 - SEX
JUNHO,NJUD N/A,BOLETIM_RADIO_TJRN_12_06_2026_B7_TJRN_ATENDIMENTO_DOMICILIAR_IDOSO_ALZHEIMER.mp3,12_06_2026,TJRN_ATENDIMENTO_DOMICILIAR_IDOSO_ALZHEIMER,,TJRN,NAO,H:\Meu Drive\RADIO TJRN CONTEÚDO\00_PRODUCAO_2026\01_BOLETINS_DIARIOS\03_AUDIOS_RADIO\06 - JUN - 26\12 06 - SEX
JUNHO,NJUD N/A,BOLETIM_RADIO_TJRN_12_06_2026_B8_TJRN_CONSUMIDORA_INDENIZADA_PROMESSAS_FALSAS (1).mp3,12_06_2026,TJRN_CONSUMIDORA_INDENIZADA_PROMESSAS_FALSAS (1),,TJRN,NAO,H:\Meu Drive\RADIO TJRN CONTEÚDO\00_PRODUCAO_2026\01_BOLETINS_DIARIOS\03_AUDIOS_RADIO\06 - JUN - 26\12 06 - SEX
JUNHO,NJUD N/A,BOLETIM_RADIO_TJRN_12_06_2026_B8_TJRN_CONSUMIDORA_INDENIZADA_PROMESSAS_FALSAS.mp3,12_06_2026,TJRN_CONSUMIDORA_INDENIZADA_PROMESSAS_FALSAS,,TJRN,NAO,H:\Meu Drive\RADIO TJRN CONTEÚDO\00_PRODUCAO_2026\01_BOLETINS_DIARIOS\03_AUDIOS_RADIO\06 - JUN - 26\12 06 - SEX
JUNHO,NJUD N/A,BOLETIM_RADIO_TJRN_12_06_2026_B9_MPRN_OBTEM_CONDENACAO_HOMEM_21_ANOS_ (1).mp3,12_06_2026,MPRN_OBTEM_CONDENACAO_HOMEM_21_ANOS_ (1),,TJRN,NAO,H:\Meu Drive\RADIO TJRN CONTEÚDO\00_PRODUCAO_2026\01_BOLETINS_DIARIOS\03_AUDIOS_RADIO\06 - JUN - 26\12 06 - SEX
JUNHO,NJUD N/A,BOLETIM_RADIO_TJRN_12_06_2026_B9_MPRN_OBTEM_CONDENACAO_HOMEM_21_ANOS_ (2).mp3,12_06_2026,MPRN_OBTEM_CONDENACAO_HOMEM_21_ANOS_ (2),,TJRN,NAO,H:\Meu Drive\RADIO TJRN CONTEÚDO\00_PRODUCAO_2026\01_BOLETINS_DIARIOS\03_AUDIOS_RADIO\06 - JUN - 26\12 06 - SEX
JUNHO,NJUD N/A,BOLETIM_RADIO_TJRN_12_06_2026_B9_MPRN_OBTEM_CONDENACAO_HOMEM_21_ANOS_.mp3,12_06_2026,MPRN_OBTEM_CONDENACAO_HOMEM_21_ANOS,,TJRN,NAO,H:\Meu Drive\RADIO TJRN CONTEÚDO\00_PRODUCAO_2026\01_BOLETINS_DIARIOS\03_AUDIOS_RADIO\06 - JUN - 26\12 06 - SEX
JUNHO,NJUD N/A,BOLETIM_RADIO_TJRN_15_06_2026_B10_OFICIO_UNICO_FERNANDO_PEDROZA (1).mp3,15_06_2026,OFICIO_UNICO_FERNANDO_PEDROZA (1),,TJRN,NAO,H:\Meu Drive\RADIO TJRN CONTEÚDO\00_PRODUCAO_2026\01_BOLETINS_DIARIOS\03_AUDIOS_RADIO\06 - JUN - 26\15 06 - SEG
JUNHO,NJUD N/A,BOLETIM_RADIO_TJRN_15_06_2026_B10_OFICIO_UNICO_FERNANDO_PEDROZA (2).mp3,15_06_2026,OFICIO_UNICO_FERNANDO_PEDROZA (2),,TJRN,NAO,H:\Meu Drive\RADIO TJRN CONTEÚDO\00_PRODUCAO_2026\01_BOLETINS_DIARIOS\03_AUDIOS_RADIO\06 - JUN - 26\15 06 - SEG
JUNHO,NJUD N/A,BOLETIM_RADIO_TJRN_15_06_2026_B10_OFICIO_UNICO_FERNANDO_PEDROZA.mp3,15_06_2026,OFICIO_UNICO_FERNANDO_PEDROZA,,TJRN,NAO,H:\Meu Drive\RADIO TJRN CONTEÚDO\00_PRODUCAO_2026\01_BOLETINS_DIARIOS\03_AUDIOS_RADIO\06 - JUN - 26\15 06 - SEG
JUNHO,NJUD N/A,BOLETIM_RADIO_TJRN_15_06_2026_B11_HOMEM_CONDENADO_POR_DIFAMAR_TIA (1).mp3,15_06_2026,HOMEM_CONDENADO_POR_DIFAMAR_TIA (1),,TJRN,NAO,H:\Meu Drive\RADIO TJRN CONTEÚDO\00_PRODUCAO_2026\01_BOLETINS_DIARIOS\03_AUDIOS_RADIO\06 - JUN - 26\15 06 - SEG
JUNHO,NJUD N/A,BOLETIM_RADIO_TJRN_15_06_2026_B11_HOMEM_CONDENADO_POR_DIFAMAR_TIA (2).mp3,15_06_2026,HOMEM_CONDENADO_POR_DIFAMAR_TIA (2),,TJRN,NAO,H:\Meu Drive\RADIO TJRN CONTEÚDO\00_PRODUCAO_2026\01_BOLETINS_DIARIOS\03_AUDIOS_RADIO\06 - JUN - 26\15 06 - SEG
JUNHO,NJUD N/A,BOLETIM_RADIO_TJRN_15_06_2026_B11_HOMEM_CONDENADO_POR_DIFAMAR_TIA.mp3,15_06_2026,HOMEM_CONDENADO_POR_DIFAMAR_TIA,,TJRN,NAO,H:\Meu Drive\RADIO TJRN CONTEÚDO\00_PRODUCAO_2026\01_BOLETINS_DIARIOS\03_AUDIOS_RADIO\06 - JUN - 26\15 06 - SEG
JUNHO,NJUD N/A,BOLETIM_RADIO_TJRN_15_06_2026_B1_MOTORISTA_CONDENADA_POR_QUEDA (1).mp3,15_06_2026,MOTORISTA_CONDENADA_POR_QUEDA (1),,TJRN,NAO,H:\Meu Drive\RADIO TJRN CONTEÚDO\00_PRODUCAO_2026\01_BOLETINS_DIARIOS\03_AUDIOS_RADIO\06 - JUN - 26\15 06 - SEG
JUNHO,NJUD N/A,BOLETIM_RADIO_TJRN_15_06_2026_B1_MOTORISTA_CONDENADA_POR_QUEDA.mp3,15_06_2026,MOTORISTA_CONDENADA_POR_QUEDA,,TJRN,NAO,H:\Meu Drive\RADIO TJRN CONTEÚDO\00_PRODUCAO_2026\01_BOLETINS_DIARIOS\03_AUDIOS_RADIO\06 - JUN - 26\15 06 - SEG
JUNHO,NJUD N/A,BOLETIM_RADIO_TJRN_15_06_2026_B2_MUNICIPIO_CONDENADO_POR_BLOQUEIO (1).mp3,15_06_2026,MUNICIPIO_CONDENADO_POR_BLOQUEIO (1),,TJRN,NAO,H:\Meu Drive\RADIO TJRN CONTEÚDO\00_PRODUCAO_2026\01_BOLETINS_DIARIOS\03_AUDIOS_RADIO\06 - JUN - 26\15 06 - SEG
JUNHO,NJUD N/A,BOLETIM_RADIO_TJRN_15_06_2026_B2_MUNICIPIO_CONDENADO_POR_BLOQUEIO (2).mp3,15_06_2026,MUNICIPIO_CONDENADO_POR_BLOQUEIO (2),,TJRN,NAO,H:\Meu Drive\RADIO TJRN CONTEÚDO\00_PRODUCAO_2026\01_BOLETINS_DIARIOS\03_AUDIOS_RADIO\06 - JUN - 26\15 06 - SEG
JUNHO,NJUD N/A,BOLETIM_RADIO_TJRN_15_06_2026_B2_MUNICIPIO_CONDENADO_POR_BLOQUEIO.mp3,15_06_2026,MUNICIPIO_CONDENADO_POR_BLOQUEIO,,TJRN,NAO,H:\Meu Drive\RADIO TJRN CONTEÚDO\00_PRODUCAO_2026\01_BOLETINS_DIARIOS\03_AUDIOS_RADIO\06 - JUN - 26\15 06 - SEG
JUNHO,NJUD N/A,BOLETIM_RADIO_TJRN_15_06_2026_B3_PENAS_PECUNIARIAS_DE_ACARI (1).mp3,15_06_2026,PENAS_PECUNIARIAS_DE_ACARI (1),,TJRN,NAO,H:\Meu Drive\RADIO TJRN CONTEÚDO\00_PRODUCAO_2026\01_BOLETINS_DIARIOS\03_AUDIOS_RADIO\06 - JUN - 26\15 06 - SEG
JUNHO,NJUD N/A,BOLETIM_RADIO_TJRN_15_06_2026_B3_PENAS_PECUNIARIAS_DE_ACARI (2).mp3,15_06_2026,PENAS_PECUNIARIAS_DE_ACARI (2),,TJRN,NAO,H:\Meu Drive\RADIO TJRN CONTEÚDO\00_PRODUCAO_2026\01_BOLETINS_DIARIOS\03_AUDIOS_RADIO\06 - JUN - 26\15 06 - SEG
JUNHO,NJUD N/A,BOLETIM_RADIO_TJRN_15_06_2026_B3_PENAS_PECUNIARIAS_DE_ACARI.mp3,15_06_2026,PENAS_PECUNIARIAS_DE_ACARI,,TJRN,NAO,H:\Meu Drive\RADIO TJRN CONTEÚDO\00_PRODUCAO_2026\01_BOLETINS_DIARIOS\03_AUDIOS_RADIO\06 - JUN - 26\15 06 - SEG
JUNHO,NJUD N/A,BOLETIM_RADIO_TJRN_15_06_2026_B4_DESCONTOS_INDEVIDOS_APOSENTADA (1).mp3,15_06_2026,DESCONTOS_INDEVIDOS_APOSENTADA (1),,TJRN,NAO,H:\Meu Drive\RADIO TJRN CONTEÚDO\00_PRODUCAO_2026\01_BOLETINS_DIARIOS\03_AUDIOS_RADIO\06 - JUN - 26\15 06 - SEG
JUNHO,NJUD N/A,BOLETIM_RADIO_TJRN_15_06_2026_B4_DESCONTOS_INDEVIDOS_APOSENTADA (2).mp3,15_06_2026,DESCONTOS_INDEVIDOS_APOSENTADA (2),,TJRN,NAO,H:\Meu Drive\RADIO TJRN CONTEÚDO\00_PRODUCAO_2026\01_BOLETINS_DIARIOS\03_AUDIOS_RADIO\06 - JUN - 26\15 06 - SEG
JUNHO,NJUD N/A,BOLETIM_RADIO_TJRN_15_06_2026_B4_DESCONTOS_INDEVIDOS_APOSENTADA.mp3,15_06_2026,DESCONTOS_INDEVIDOS_APOSENTADA,,TJRN,NAO,H:\Meu Drive\RADIO TJRN CONTEÚDO\00_PRODUCAO_2026\01_BOLETINS_DIARIOS\03_AUDIOS_RADIO\06 - JUN - 26\15 06 - SEG
JUNHO,NJUD N/A,BOLETIM_RADIO_TJRN_15_06_2026_B5_CASAL_CONDENADO_POR_AGRESSAO (1).mp3,15_06_2026,CASAL_CONDENADO_POR_AGRESSAO (1),,TJRN,NAO,H:\Meu Drive\RADIO TJRN CONTEÚDO\00_PRODUCAO_2026\01_BOLETINS_DIARIOS\03_AUDIOS_RADIO\06 - JUN - 26\15 06 - SEG
JUNHO,NJUD N/A,BOLETIM_RADIO_TJRN_15_06_2026_B5_CASAL_CONDENADO_POR_AGRESSAO.mp3,15_06_2026,CASAL_CONDENADO_POR_AGRESSAO,,TJRN,NAO,H:\Meu Drive\RADIO TJRN CONTEÚDO\00_PRODUCAO_2026\01_BOLETINS_DIARIOS\03_AUDIOS_RADIO\06 - JUN - 26\15 06 - SEG
JUNHO,NJUD N/A,BOLETIM_RADIO_TJRN_15_06_2026_B6_COSERN_CONDENADA_POR_DANOS_MORAIS (1).mp3,15_06_2026,COSERN_CONDENADA_POR_DANOS_MORAIS (1),,TJRN,NAO,H:\Meu Drive\RADIO TJRN CONTEÚDO\00_PRODUCAO_2026\01_BOLETINS_DIARIOS\03_AUDIOS_RADIO\06 - JUN - 26\15 06 - SEG
JUNHO,NJUD N/A,BOLETIM_RADIO_TJRN_15_06_2026_B6_COSERN_CONDENADA_POR_DANOS_MORAIS (2).mp3,15_06_2026,COSERN_CONDENADA_POR_DANOS_MORAIS (2),,TJRN,NAO,H:\Meu Drive\RADIO TJRN CONTEÚDO\00_PRODUCAO_2026\01_BOLETINS_DIARIOS\03_AUDIOS_RADIO\06 - JUN - 26\15 06 - SEG
JUNHO,NJUD N/A,BOLETIM_RADIO_TJRN_15_06_2026_B6_COSERN_CONDENADA_POR_DANOS_MORAIS.mp3,15_06_2026,COSERN_CONDENADA_POR_DANOS_MORAIS,,TJRN,NAO,H:\Meu Drive\RADIO TJRN CONTEÚDO\00_PRODUCAO_2026\01_BOLETINS_DIARIOS\03_AUDIOS_RADIO\06 - JUN - 26\15 06 - SEG
JUNHO,NJUD N/A,BOLETIM_RADIO_TJRN_15_06_2026_B7_ESTAGIO_VARA_CIVEL_MOSSORO (1).mp3,15_06_2026,ESTAGIO_VARA_CIVEL_MOSSORO (1),,TJRN,NAO,H:\Meu Drive\RADIO TJRN CONTEÚDO\00_PRODUCAO_2026\01_BOLETINS_DIARIOS\03_AUDIOS_RADIO\06 - JUN - 26\15 06 - SEG
JUNHO,NJUD N/A,BOLETIM_RADIO_TJRN_15_06_2026_B7_ESTAGIO_VARA_CIVEL_MOSSORO (2).mp3,15_06_2026,ESTAGIO_VARA_CIVEL_MOSSORO (2),,TJRN,NAO,H:\Meu Drive\RADIO TJRN CONTEÚDO\00_PRODUCAO_2026\01_BOLETINS_DIARIOS\03_AUDIOS_RADIO\06 - JUN - 26\15 06 - SEG
JUNHO,NJUD N/A,BOLETIM_RADIO_TJRN_15_06_2026_B7_ESTAGIO_VARA_CIVEL_MOSSORO.mp3,15_06_2026,ESTAGIO_VARA_CIVEL_MOSSORO,,TJRN,NAO,H:\Meu Drive\RADIO TJRN CONTEÚDO\00_PRODUCAO_2026\01_BOLETINS_DIARIOS\03_AUDIOS_RADIO\06 - JUN - 26\15 06 - SEG
JUNHO,NJUD N/A,BOLETIM_RADIO_TJRN_15_06_2026_B8_CONSTRUTORAS_CONDENADAS_EM_MOSSORO (1).mp3,15_06_2026,CONSTRUTORAS_CONDENADAS_EM_MOSSORO (1),,TJRN,NAO,H:\Meu Drive\RADIO TJRN CONTEÚDO\00_PRODUCAO_2026\01_BOLETINS_DIARIOS\03_AUDIOS_RADIO\06 - JUN - 26\15 06 - SEG
JUNHO,NJUD N/A,BOLETIM_RADIO_TJRN_15_06_2026_B8_CONSTRUTORAS_CONDENADAS_EM_MOSSORO (2).mp3,15_06_2026,CONSTRUTORAS_CONDENADAS_EM_MOSSORO (2),,TJRN,NAO,H:\Meu Drive\RADIO TJRN CONTEÚDO\00_PRODUCAO_2026\01_BOLETINS_DIARIOS\03_AUDIOS_RADIO\06 - JUN - 26\15 06 - SEG
JUNHO,NJUD N/A,BOLETIM_RADIO_TJRN_15_06_2026_B8_CONSTRUTORAS_CONDENADAS_EM_MOSSORO.mp3,15_06_2026,CONSTRUTORAS_CONDENADAS_EM_MOSSORO,,TJRN,NAO,H:\Meu Drive\RADIO TJRN CONTEÚDO\00_PRODUCAO_2026\01_BOLETINS_DIARIOS\03_AUDIOS_RADIO\06 - JUN - 26\15 06 - SEG
JUNHO,NJUD N/A,BOLETIM_RADIO_TJRN_15_06_2026_B9_EMPRESA_DEVE_REEMBOLSAR_PASSAGENS (1).mp3,15_06_2026,EMPRESA_DEVE_REEMBOLSAR_PASSAGENS (1),,TJRN,NAO,H:\Meu Drive\RADIO TJRN CONTEÚDO\00_PRODUCAO_2026\01_BOLETINS_DIARIOS\03_AUDIOS_RADIO\06 - JUN - 26\15 06 - SEG
JUNHO,NJUD N/A,BOLETIM_RADIO_TJRN_15_06_2026_B9_EMPRESA_DEVE_REEMBOLSAR_PASSAGENS.mp3,15_06_2026,EMPRESA_DEVE_REEMBOLSAR_PASSAGENS,,TJRN,NAO,H:\Meu Drive\RADIO TJRN CONTEÚDO\00_PRODUCAO_2026\01_BOLETINS_DIARIOS\03_AUDIOS_RADIO\06 - JUN - 26\15 06 - SEG
JUNHO,NJUD N/A,BOLETIM_RADIO_TJRN_16_06_2026_B10_MPRN_ACORDO_GARANTIR_ACESSIBILIDADE_ESCOLAS_.mp3,16_06_2026,MPRN_ACORDO_GARANTIR_ACESSIBILIDADE_ESCOLAS,,TJRN,NAO,H:\Meu Drive\RADIO TJRN CONTEÚDO\00_PRODUCAO_2026\01_BOLETINS_DIARIOS\03_AUDIOS_RADIO\06 - JUN - 26\16 06 - TER
JUNHO,NJUD N/A,BOLETIM_RADIO_TJRN_16_06_2026_B11_TJRN_CONSULTA_PUBLICA_2027.mp3,16_06_2026,TJRN_CONSULTA_PUBLICA_2027,,TJRN,NAO,H:\Meu Drive\RADIO TJRN CONTEÚDO\00_PRODUCAO_2026\01_BOLETINS_DIARIOS\03_AUDIOS_RADIO\06 - JUN - 26\16 06 - TER
JUNHO,NJUD N/A,BOLETIM_RADIO_TJRN_16_06_2026_B1_VISITA_SOCIAL_APENADO (1).mp3,16_06_2026,VISITA_SOCIAL_APENADO (1),,TJRN,NAO,H:\Meu Drive\RADIO TJRN CONTEÚDO\00_PRODUCAO_2026\01_BOLETINS_DIARIOS\03_AUDIOS_RADIO\06 - JUN - 26\16 06 - TER
JUNHO,NJUD N/A,BOLETIM_RADIO_TJRN_16_06_2026_B1_VISITA_SOCIAL_APENADO (2).mp3,16_06_2026,VISITA_SOCIAL_APENADO (2),,TJRN,NAO,H:\Meu Drive\RADIO TJRN CONTEÚDO\00_PRODUCAO_2026\01_BOLETINS_DIARIOS\03_AUDIOS_RADIO\06 - JUN - 26\16 06 - TER
JUNHO,NJUD N/A,BOLETIM_RADIO_TJRN_16_06_2026_B1_VISITA_SOCIAL_APENADO.mp3,16_06_2026,VISITA_SOCIAL_APENADO,,TJRN,NAO,H:\Meu Drive\RADIO TJRN CONTEÚDO\00_PRODUCAO_2026\01_BOLETINS_DIARIOS\03_AUDIOS_RADIO\06 - JUN - 26\16 06 - TER
JUNHO,NJUD N/A,BOLETIM_RADIO_TJRN_16_06_2026_B2_PEDIDO_DE_PRIORIDADE_PRECATORIOS (1).mp3,16_06_2026,PEDIDO_DE_PRIORIDADE_PRECATORIOS (1),,TJRN,NAO,H:\Meu Drive\RADIO TJRN CONTEÚDO\00_PRODUCAO_2026\01_BOLETINS_DIARIOS\03_AUDIOS_RADIO\06 - JUN - 26\16 06 - TER
JUNHO,NJUD N/A,BOLETIM_RADIO_TJRN_16_06_2026_B2_PEDIDO_DE_PRIORIDADE_PRECATORIOS (2).mp3,16_06_2026,PEDIDO_DE_PRIORIDADE_PRECATORIOS (2),,TJRN,NAO,H:\Meu Drive\RADIO TJRN CONTEÚDO\00_PRODUCAO_2026\01_BOLETINS_DIARIOS\03_AUDIOS_RADIO\06 - JUN - 26\16 06 - TER
JUNHO,NJUD N/A,BOLETIM_RADIO_TJRN_16_06_2026_B2_PEDIDO_DE_PRIORIDADE_PRECATORIOS.mp3,16_06_2026,PEDIDO_DE_PRIORIDADE_PRECATORIOS,,TJRN,NAO,H:\Meu Drive\RADIO TJRN CONTEÚDO\00_PRODUCAO_2026\01_BOLETINS_DIARIOS\03_AUDIOS_RADIO\06 - JUN - 26\16 06 - TER
JUNHO,NJUD N/A,BOLETIM_RADIO_TJRN_16_06_2026_B3_SUSPENSAO_REDE_SOCIAL_INDENIZACAO (1).mp3,16_06_2026,SUSPENSAO_REDE_SOCIAL_INDENIZACAO (1),,TJRN,NAO,H:\Meu Drive\RADIO TJRN CONTEÚDO\00_PRODUCAO_2026\01_BOLETINS_DIARIOS\03_AUDIOS_RADIO\06 - JUN - 26\16 06 - TER
JUNHO,NJUD N/A,BOLETIM_RADIO_TJRN_16_06_2026_B3_SUSPENSAO_REDE_SOCIAL_INDENIZACAO (2).mp3,16_06_2026,SUSPENSAO_REDE_SOCIAL_INDENIZACAO (2),,TJRN,NAO,H:\Meu Drive\RADIO TJRN CONTEÚDO\00_PRODUCAO_2026\01_BOLETINS_DIARIOS\03_AUDIOS_RADIO\06 - JUN - 26\16 06 - TER
JUNHO,NJUD N/A,BOLETIM_RADIO_TJRN_16_06_2026_B3_SUSPENSAO_REDE_SOCIAL_INDENIZACAO.mp3,16_06_2026,SUSPENSAO_REDE_SOCIAL_INDENIZACAO,,TJRN,NAO,H:\Meu Drive\RADIO TJRN CONTEÚDO\00_PRODUCAO_2026\01_BOLETINS_DIARIOS\03_AUDIOS_RADIO\06 - JUN - 26\16 06 - TER
JUNHO,NJUD N/A,BOLETIM_RADIO_TJRN_16_06_2026_B4_TOTEM_ATENDIMENTO_CLARO.mp3,16_06_2026,TOTEM_ATENDIMENTO_CLARO,,TJRN,NAO,H:\Meu Drive\RADIO TJRN CONTEÚDO\00_PRODUCAO_2026\01_BOLETINS_DIARIOS\03_AUDIOS_RADIO\06 - JUN - 26\16 06 - TER
JUNHO,NJUD N/A,BOLETIM_RADIO_TJRN_16_06_2026_B5_TJRN_CURSO_COMPLIANCE.mp3,16_06_2026,TJRN_CURSO_COMPLIANCE,,TJRN,NAO,H:\Meu Drive\RADIO TJRN CONTEÚDO\00_PRODUCAO_2026\01_BOLETINS_DIARIOS\03_AUDIOS_RADIO\06 - JUN - 26\16 06 - TER
JUNHO,NJUD N/A,BOLETIM_RADIO_TJRN_16_06_2026_B6_DECISAO_COTAS_CONCURSO.mp3,16_06_2026,DECISAO_COTAS_CONCURSO,,TJRN,NAO,H:\Meu Drive\RADIO TJRN CONTEÚDO\00_PRODUCAO_2026\01_BOLETINS_DIARIOS\03_AUDIOS_RADIO\06 - JUN - 26\16 06 - TER
JUNHO,NJUD N/A,BOLETIM_RADIO_TJRN_16_06_2026_B7_DECISAO_PLANO_DE_SAUDE_DERMATITE.mp3,16_06_2026,DECISAO_PLANO_DE_SAUDE_DERMATITE,,TJRN,NAO,H:\Meu Drive\RADIO TJRN CONTEÚDO\00_PRODUCAO_2026\01_BOLETINS_DIARIOS\03_AUDIOS_RADIO\06 - JUN - 26\16 06 - TER
JUNHO,NJUD N/A,BOLETIM_RADIO_TJRN_16_06_2026_B8_SELECAO_TABELIAES_MARCELINO_VIEIRA.mp3,16_06_2026,SELECAO_TABELIAES_MARCELINO_VIEIRA,,TJRN,NAO,H:\Meu Drive\RADIO TJRN CONTEÚDO\00_PRODUCAO_2026\01_BOLETINS_DIARIOS\03_AUDIOS_RADIO\06 - JUN - 26\16 06 - TER
JUNHO,NJUD N/A,BOLETIM_RADIO_TJRN_16_06_2026_B9_TJRN_IDOSO_63_ANOS_CONSEGUE_REGISTRO_.mp3,16_06_2026,TJRN_IDOSO_63_ANOS_CONSEGUE_REGISTRO,,TJRN,NAO,H:\Meu Drive\RADIO TJRN CONTEÚDO\00_PRODUCAO_2026\01_BOLETINS_DIARIOS\03_AUDIOS_RADIO\06 - JUN - 26\16 06 - TER
JUNHO,NJUD N/A,BOLETIM_RADIO_TJRN_17_06_2026_B10_SELECAO_TABELIAO_FRUTOSO_GOMES.mp3,17_06_2026,SELECAO_TABELIAO_FRUTOSO_GOMES,,TJRN,NAO,H:\Meu Drive\RADIO TJRN CONTEÚDO\00_PRODUCAO_2026\01_BOLETINS_DIARIOS\03_AUDIOS_RADIO\06 - JUN - 26\17 06 - QUA
JUNHO,NJUD N/A,BOLETIM_RADIO_TJRN_17_06_2026_B11_SELECAO_ESTAGIO_JUIZADOS_ADM.mp3,17_06_2026,SELECAO_ESTAGIO_JUIZADOS_ADM,,TJRN,NAO,H:\Meu Drive\RADIO TJRN CONTEÚDO\00_PRODUCAO_2026\01_BOLETINS_DIARIOS\03_AUDIOS_RADIO\06 - JUN - 26\17 06 - QUA
JUNHO,NJUD N/A,BOLETIM_RADIO_TJRN_17_06_2026_B1_RESTITUICAO_POR_FALHA_EM_CANCELAMENTO (1).mp3,17_06_2026,RESTITUICAO_POR_FALHA_EM_CANCELAMENTO (1),,TJRN,NAO,H:\Meu Drive\RADIO TJRN CONTEÚDO\00_PRODUCAO_2026\01_BOLETINS_DIARIOS\03_AUDIOS_RADIO\06 - JUN - 26\17 06 - QUA
JUNHO,NJUD N/A,BOLETIM_RADIO_TJRN_17_06_2026_B1_RESTITUICAO_POR_FALHA_EM_CANCELAMENTO.mp3,17_06_2026,RESTITUICAO_POR_FALHA_EM_CANCELAMENTO,,TJRN,NAO,H:\Meu Drive\RADIO TJRN CONTEÚDO\00_PRODUCAO_2026\01_BOLETINS_DIARIOS\03_AUDIOS_RADIO\06 - JUN - 26\17 06 - QUA
JUNHO,NJUD N/A,BOLETIM_RADIO_TJRN_17_06_2026_B2_PRISAO_POR_QUANTIDADE_DE_ENTORPECENTES (1).mp3,17_06_2026,PRISAO_POR_QUANTIDADE_DE_ENTORPECENTES (1),,TJRN,NAO,H:\Meu Drive\RADIO TJRN CONTEÚDO\00_PRODUCAO_2026\01_BOLETINS_DIARIOS\03_AUDIOS_RADIO\06 - JUN - 26\17 06 - QUA
JUNHO,NJUD N/A,BOLETIM_RADIO_TJRN_17_06_2026_B2_PRISAO_POR_QUANTIDADE_DE_ENTORPECENTES (2).mp3,17_06_2026,PRISAO_POR_QUANTIDADE_DE_ENTORPECENTES (2),,TJRN,NAO,H:\Meu Drive\RADIO TJRN CONTEÚDO\00_PRODUCAO_2026\01_BOLETINS_DIARIOS\03_AUDIOS_RADIO\06 - JUN - 26\17 06 - QUA
JUNHO,NJUD N/A,BOLETIM_RADIO_TJRN_17_06_2026_B2_PRISAO_POR_QUANTIDADE_DE_ENTORPECENTES.mp3,17_06_2026,PRISAO_POR_QUANTIDADE_DE_ENTORPECENTES,,TJRN,NAO,H:\Meu Drive\RADIO TJRN CONTEÚDO\00_PRODUCAO_2026\01_BOLETINS_DIARIOS\03_AUDIOS_RADIO\06 - JUN - 26\17 06 - QUA
JUNHO,NJUD N/A,BOLETIM_RADIO_TJRN_17_06_2026_B3_NEGADA_COBRANCA_RETROATIVA_DE_ABONO_SALARIAL (1).mp3,17_06_2026,NEGADA_COBRANCA_RETROATIVA_DE_ABONO_SALARIAL (1),,TJRN,NAO,H:\Meu Drive\RADIO TJRN CONTEÚDO\00_PRODUCAO_2026\01_BOLETINS_DIARIOS\03_AUDIOS_RADIO\06 - JUN - 26\17 06 - QUA
JUNHO,NJUD N/A,BOLETIM_RADIO_TJRN_17_06_2026_B3_NEGADA_COBRANCA_RETROATIVA_DE_ABONO_SALARIAL (2).mp3,17_06_2026,NEGADA_COBRANCA_RETROATIVA_DE_ABONO_SALARIAL (2),,TJRN,NAO,H:\Meu Drive\RADIO TJRN CONTEÚDO\00_PRODUCAO_2026\01_BOLETINS_DIARIOS\03_AUDIOS_RADIO\06 - JUN - 26\17 06 - QUA
JUNHO,NJUD N/A,BOLETIM_RADIO_TJRN_17_06_2026_B3_NEGADA_COBRANCA_RETROATIVA_DE_ABONO_SALARIAL.mp3,17_06_2026,NEGADA_COBRANCA_RETROATIVA_DE_ABONO_SALARIAL,,TJRN,NAO,H:\Meu Drive\RADIO TJRN CONTEÚDO\00_PRODUCAO_2026\01_BOLETINS_DIARIOS\03_AUDIOS_RADIO\06 - JUN - 26\17 06 - QUA
JUNHO,NJUD N/A,BOLETIM_RADIO_TJRN_17_06_2026_B4_DECISAO_CRITICAS_REDES_SOCIAIS.mp3,17_06_2026,DECISAO_CRITICAS_REDES_SOCIAIS,,TJRN,NAO,H:\Meu Drive\RADIO TJRN CONTEÚDO\00_PRODUCAO_2026\01_BOLETINS_DIARIOS\03_AUDIOS_RADIO\06 - JUN - 26\17 06 - QUA
JUNHO,NJUD N/A,BOLETIM_RADIO_TJRN_17_06_2026_B5_DECISAO_QUEDA_SUPERMERCADO.mp3,17_06_2026,DECISAO_QUEDA_SUPERMERCADO,,TJRN,NAO,H:\Meu Drive\RADIO TJRN CONTEÚDO\00_PRODUCAO_2026\01_BOLETINS_DIARIOS\03_AUDIOS_RADIO\06 - JUN - 26\17 06 - QUA
JUNHO,NJUD N/A,BOLETIM_RADIO_TJRN_17_06_2026_B6_SEMANA_JUIZADOS_ESPECIAIS.mp3,17_06_2026,SEMANA_JUIZADOS_ESPECIAIS,,TJRN,NAO,H:\Meu Drive\RADIO TJRN CONTEÚDO\00_PRODUCAO_2026\01_BOLETINS_DIARIOS\03_AUDIOS_RADIO\06 - JUN - 26\17 06 - QUA
JUNHO,NJUD N/A,BOLETIM_RADIO_TJRN_17_06_2026_B7_TJRN_CONVOCA_QUATRO_APROVADOS.mp3,17_06_2026,TJRN_CONVOCA_QUATRO_APROVADOS,,TJRN,NAO,H:\Meu Drive\RADIO TJRN CONTEÚDO\00_PRODUCAO_2026\01_BOLETINS_DIARIOS\03_AUDIOS_RADIO\06 - JUN - 26\17 06 - QUA
JUNHO,NJUD N/A,BOLETIM_RADIO_TJRN_17_06_2026_B8_CEARA_MIRIM_DEVE_GARANTIR_RESSONANCIA.mp3,17_06_2026,CEARA_MIRIM_DEVE_GARANTIR_RESSONANCIA,,TJRN,NAO,H:\Meu Drive\RADIO TJRN CONTEÚDO\00_PRODUCAO_2026\01_BOLETINS_DIARIOS\03_AUDIOS_RADIO\06 - JUN - 26\17 06 - QUA
JUNHO,NJUD N/A,BOLETIM_RADIO_TJRN_17_06_2026_B9_ESTAGIO_15_VARA_CIVEL.mp3,17_06_2026,ESTAGIO_15_VARA_CIVEL,,TJRN,NAO,H:\Meu Drive\RADIO TJRN CONTEÚDO\00_PRODUCAO_2026\01_BOLETINS_DIARIOS\03_AUDIOS_RADIO\06 - JUN - 26\17 06 - QUA
JUNHO,NJUD N/A,BOLETIM_RADIO_TJRN_18_06_2026_B11_TRTRN_EMPRESA_CONDENADA_ASSEDIO_SEXUAL_ (1).mp3,18_06_2026,TRTRN_EMPRESA_CONDENADA_ASSEDIO_SEXUAL_ (1),,TJRN,NAO,H:\Meu Drive\RADIO TJRN CONTEÚDO\00_PRODUCAO_2026\01_BOLETINS_DIARIOS\03_AUDIOS_RADIO\06 - JUN - 26\18 06 - QUI
JUNHO,NJUD N/A,BOLETIM_RADIO_TJRN_18_06_2026_B11_TRTRN_EMPRESA_CONDENADA_ASSEDIO_SEXUAL_.mp3,18_06_2026,TRTRN_EMPRESA_CONDENADA_ASSEDIO_SEXUAL,,TJRN,NAO,H:\Meu Drive\RADIO TJRN CONTEÚDO\00_PRODUCAO_2026\01_BOLETINS_DIARIOS\03_AUDIOS_RADIO\06 - JUN - 26\18 06 - QUI
JUNHO,NJUD N/A,BOLETIM_RADIO_TJRN_18_06_2026_B1_SEMANA_JUIZADOS_PALESTRA.mp3,18_06_2026,SEMANA_JUIZADOS_PALESTRA,,TJRN,NAO,H:\Meu Drive\RADIO TJRN CONTEÚDO\00_PRODUCAO_2026\01_BOLETINS_DIARIOS\03_AUDIOS_RADIO\06 - JUN - 26\18 06 - QUI
JUNHO,NJUD N/A,BOLETIM_RADIO_TJRN_18_06_2026_B2_ESTAGIO_CE_MULHER.mp3,18_06_2026,ESTAGIO_CE_MULHER,,TJRN,NAO,H:\Meu Drive\RADIO TJRN CONTEÚDO\00_PRODUCAO_2026\01_BOLETINS_DIARIOS\03_AUDIOS_RADIO\06 - JUN - 26\18 06 - QUI
JUNHO,NJUD N/A,BOLETIM_RADIO_TJRN_18_06_2026_B3_MUNICIPIO_CONDENADO_A_PAGAMENTO.mp3,18_06_2026,MUNICIPIO_CONDENADO_A_PAGAMENTO,,TJRN,NAO,H:\Meu Drive\RADIO TJRN CONTEÚDO\00_PRODUCAO_2026\01_BOLETINS_DIARIOS\03_AUDIOS_RADIO\06 - JUN - 26\18 06 - QUI
JUNHO,NJUD N/A,BOLETIM_RADIO_TJRN_18_06_2026_B4_DIPLOMA_APROVACAO_NIVEL_TECNICO.mp3,18_06_2026,DIPLOMA_APROVACAO_NIVEL_TECNICO,,TJRN,NAO,H:\Meu Drive\RADIO TJRN CONTEÚDO\00_PRODUCAO_2026\01_BOLETINS_DIARIOS\03_AUDIOS_RADIO\06 - JUN - 26\18 06 - QUI
JANEIRO,NJUD N/A,BOLETIM_RADIO_TJRN_26_01_2026_B10_MPRN_REFORCO_SEGURANCA_TERMINAL_ASSU.mp3,26_01_2026,MPRN_REFORCO_SEGURANCA_TERMINAL_ASSU,,TJRN,NAO,H:\Meu Drive\RADIO TJRN CONTEÚDO\00_PRODUCAO_2026\01_BOLETINS_DIARIOS\03_AUDIOS_RADIO\07 - JUL - 26\01 07 - QUA
JANEIRO,NJUD N/A,BOLETIM_RADIO_TJRN_26_01_2026_B1_TJRN_HOMEM_CONDENADO_HOSPEDAGEM.mp3,26_01_2026,TJRN_HOMEM_CONDENADO_HOSPEDAGEM,,TJRN,NAO,H:\Meu Drive\RADIO TJRN CONTEÚDO\00_PRODUCAO_2026\01_BOLETINS_DIARIOS\03_AUDIOS_RADIO\07 - JUL - 26\01 07 - QUA
JANEIRO,NJUD N/A,BOLETIM_RADIO_TJRN_26_01_2026_B2_TJRN_CNJ_INSTITUI_ESTATUTO_.mp3,26_01_2026,TJRN_CNJ_INSTITUI_ESTATUTO,,TJRN,NAO,H:\Meu Drive\RADIO TJRN CONTEÚDO\00_PRODUCAO_2026\01_BOLETINS_DIARIOS\03_AUDIOS_RADIO\07 - JUL - 26\01 07 - QUA
JANEIRO,NJUD N/A,BOLETIM_RADIO_TJRN_26_01_2026_B3_TJRN_CAERN_CONDENADA_FALHA_ABASTECIMENTO_.mp3,26_01_2026,TJRN_CAERN_CONDENADA_FALHA_ABASTECIMENTO,,TJRN,NAO,H:\Meu Drive\RADIO TJRN CONTEÚDO\00_PRODUCAO_2026\01_BOLETINS_DIARIOS\03_AUDIOS_RADIO\07 - JUL - 26\01 07 - QUA
JANEIRO,NJUD N/A,BOLETIM_RADIO_TJRN_26_01_2026_B4_TJRN_ESTADO_DEVE_PAGAR_PACIENTE.mp3,26_01_2026,TJRN_ESTADO_DEVE_PAGAR_PACIENTE,,TJRN,NAO,H:\Meu Drive\RADIO TJRN CONTEÚDO\00_PRODUCAO_2026\01_BOLETINS_DIARIOS\03_AUDIOS_RADIO\07 - JUL - 26\01 07 - QUA
JANEIRO,NJUD N/A,BOLETIM_RADIO_TJRN_26_01_2026_B5_TJRN_RECONHECE_FRAUDE.mp3,26_01_2026,TJRN_RECONHECE_FRAUDE,,TJRN,NAO,H:\Meu Drive\RADIO TJRN CONTEÚDO\00_PRODUCAO_2026\01_BOLETINS_DIARIOS\03_AUDIOS_RADIO\07 - JUL - 26\01 07 - QUA
JANEIRO,NJUD N/A,BOLETIM_RADIO_TJRN_26_01_2026_B6_TJRN_SECOMS_RESULTADO_ESTAGIO.mp3,26_01_2026,TJRN_SECOMS_RESULTADO_ESTAGIO,,TJRN,NAO,H:\Meu Drive\RADIO TJRN CONTEÚDO\00_PRODUCAO_2026\01_BOLETINS_DIARIOS\03_AUDIOS_RADIO\07 - JUL - 26\01 07 - QUA
JANEIRO,NJUD N/A,BOLETIM_RADIO_TJRN_26_01_2026_B7_TJRN_PUBLICACAO_REPOJURN_.mp3,26_01_2026,TJRN_PUBLICACAO_REPOJURN,,TJRN,NAO,H:\Meu Drive\RADIO TJRN CONTEÚDO\00_PRODUCAO_2026\01_BOLETINS_DIARIOS\03_AUDIOS_RADIO\07 - JUL - 26\01 07 - QUA
JANEIRO,NJUD N/A,BOLETIM_RADIO_TJRN_26_01_2026_B8_OABRN_ESPECIALIZACAO_EM_PRATICA.mp3,26_01_2026,OABRN_ESPECIALIZACAO_EM_PRATICA,,TJRN,NAO,H:\Meu Drive\RADIO TJRN CONTEÚDO\00_PRODUCAO_2026\01_BOLETINS_DIARIOS\03_AUDIOS_RADIO\07 - JUL - 26\01 07 - QUA
JANEIRO,NJUD N/A,BOLETIM_RADIO_TJRN_26_01_2026_B9_TRTRN_CEJUSC_ACORDO_SINDLIMP.mp3,26_01_2026,TRTRN_CEJUSC_ACORDO_SINDLIMP,,TJRN,NAO,H:\Meu Drive\RADIO TJRN CONTEÚDO\00_PRODUCAO_2026\01_BOLETINS_DIARIOS\03_AUDIOS_RADIO\07 - JUL - 26\01 07 - QUA
FEVEREIRO,NJUD N/A,BOLETIM_RADIO_TJRN_26_02_2026_B10_INDENIZACAO_ATRASO_GARRAFA_VINHO.mp3,26_02_2026,INDENIZACAO_ATRASO_GARRAFA_VINHO,,TJRN,NAO,H:\Meu Drive\RADIO TJRN CONTEÚDO\00_PRODUCAO_2026\01_BOLETINS_DIARIOS\03_AUDIOS_RADIO\07 - JUL - 26\02 07 - QUI
FEVEREIRO,NJUD N/A,BOLETIM_RADIO_TJRN_26_02_2026_B1_TJRN_JUIZ_ALCEU_NOVO_DESEMBARGADOR_.mp3,26_02_2026,TJRN_JUIZ_ALCEU_NOVO_DESEMBARGADOR,,TJRN,NAO,H:\Meu Drive\RADIO TJRN CONTEÚDO\00_PRODUCAO_2026\01_BOLETINS_DIARIOS\03_AUDIOS_RADIO\07 - JUL - 26\02 07 - QUI
FEVEREIRO,NJUD N/A,BOLETIM_RADIO_TJRN_26_02_2026_B2_TJRN_PLANO_SAUDE_NEGAR_EXAME_.mp3,26_02_2026,TJRN_PLANO_SAUDE_NEGAR_EXAME,,TJRN,NAO,H:\Meu Drive\RADIO TJRN CONTEÚDO\00_PRODUCAO_2026\01_BOLETINS_DIARIOS\03_AUDIOS_RADIO\07 - JUL - 26\02 07 - QUI
FEVEREIRO,NJUD N/A,BOLETIM_RADIO_TJRN_26_02_2026_B3_TJRN_CONSUMIDORA_INDENIZADA_GELADEIRA_DEFEITO_.mp3,26_02_2026,TJRN_CONSUMIDORA_INDENIZADA_GELADEIRA_DEFEITO,,TJRN,NAO,H:\Meu Drive\RADIO TJRN CONTEÚDO\00_PRODUCAO_2026\01_BOLETINS_DIARIOS\03_AUDIOS_RADIO\07 - JUL - 26\02 07 - QUI
FEVEREIRO,NJUD N/A,BOLETIM_RADIO_TJRN_26_02_2026_B4_TJRN_OPERADORA_CONDENADA_LINHA_TELEFONICA_.mp3,26_02_2026,TJRN_OPERADORA_CONDENADA_LINHA_TELEFONICA,,TJRN,NAO,H:\Meu Drive\RADIO TJRN CONTEÚDO\00_PRODUCAO_2026\01_BOLETINS_DIARIOS\03_AUDIOS_RADIO\07 - JUL - 26\02 07 - QUI
FEVEREIRO,NJUD N/A,BOLETIM_RADIO_TJRN_26_02_2026_B5_TJRN_PROIBE_GRUPO_INVADIR_TERRENO_.mp3,26_02_2026,TJRN_PROIBE_GRUPO_INVADIR_TERRENO,,TJRN,NAO,H:\Meu Drive\RADIO TJRN CONTEÚDO\00_PRODUCAO_2026\01_BOLETINS_DIARIOS\03_AUDIOS_RADIO\07 - JUL - 26\02 07 - QUI
FEVEREIRO,NJUD N/A,BOLETIM_RADIO_TJRN_26_02_2026_B6_TJRN_COMARCA_ANGICOS_SELECAO_INTERINO_.mp3,26_02_2026,TJRN_COMARCA_ANGICOS_SELECAO_INTERINO,,TJRN,NAO,H:\Meu Drive\RADIO TJRN CONTEÚDO\00_PRODUCAO_2026\01_BOLETINS_DIARIOS\03_AUDIOS_RADIO\07 - JUL - 26\02 07 - QUI
FEVEREIRO,NJUD N/A,BOLETIM_RADIO_TJRN_26_02_2026_B7_ESMARN_PUBLICADA_LISTA_JUIZES_LEIGOS_.mp3,26_02_2026,ESMARN_PUBLICADA_LISTA_JUIZES_LEIGOS,,TJRN,NAO,H:\Meu Drive\RADIO TJRN CONTEÚDO\00_PRODUCAO_2026\01_BOLETINS_DIARIOS\03_AUDIOS_RADIO\07 - JUL - 26\02 07 - QUI
FEVEREIRO,NJUD N/A,BOLETIM_RADIO_TJRN_26_02_2026_B8_DPERN_COBRANCAS_EMPRESTIMOS_IDOSA.mp3,26_02_2026,DPERN_COBRANCAS_EMPRESTIMOS_IDOSA,,TJRN,NAO,H:\Meu Drive\RADIO TJRN CONTEÚDO\00_PRODUCAO_2026\01_BOLETINS_DIARIOS\03_AUDIOS_RADIO\07 - JUL - 26\02 07 - QUI
FEVEREIRO,NJUD N/A,BOLETIM_RADIO_TJRN_26_02_2026_B9_TRERN_CONTAJE.mp3,26_02_2026,TRERN_CONTAJE,,TJRN,NAO,H:\Meu Drive\RADIO TJRN CONTEÚDO\00_PRODUCAO_2026\01_BOLETINS_DIARIOS\03_AUDIOS_RADIO\07 - JUL - 26\02 07 - QUI
MARÇO,NJUD N/A,BOLETIM_RADIO_TJRN_26_03_2026_B10_MPRN_FOTOTERAPIA_PAU_DOS_FERROS.mp3,26_03_2026,MPRN_FOTOTERAPIA_PAU_DOS_FERROS,,TJRN,NAO,H:\Meu Drive\RADIO TJRN CONTEÚDO\00_PRODUCAO_2026\01_BOLETINS_DIARIOS\03_AUDIOS_RADIO\07 - JUL - 26\03 07 - SEX
MARÇO,NJUD N/A,BOLETIM_RADIO_TJRN_26_03_2026_B1_INDENIZACAO_FALTA_ENERGIA_MAE_NJUD.mp3,26_03_2026,INDENIZACAO_FALTA_ENERGIA_MAE_NJUD,,TJRN,NAO,H:\Meu Drive\RADIO TJRN CONTEÚDO\00_PRODUCAO_2026\01_BOLETINS_DIARIOS\03_AUDIOS_RADIO\07 - JUL - 26\03 07 - SEX
MARÇO,NJUD N/A,BOLETIM_RADIO_TJRN_26_03_2026_B2_DEVOLUCAO_SINAL_PAGO_EMPRESA_NJUD.mp3,26_03_2026,DEVOLUCAO_SINAL_PAGO_EMPRESA_NJUD,,TJRN,NAO,H:\Meu Drive\RADIO TJRN CONTEÚDO\00_PRODUCAO_2026\01_BOLETINS_DIARIOS\03_AUDIOS_RADIO\07 - JUL - 26\03 07 - SEX
MARÇO,NJUD N/A,BOLETIM_RADIO_TJRN_26_03_2026_B3_CONDENACAO_HOMEM_AMEACA_VIZINHA_NJUD.mp3,26_03_2026,CONDENACAO_HOMEM_AMEACA_VIZINHA_NJUD,,TJRN,NAO,H:\Meu Drive\RADIO TJRN CONTEÚDO\00_PRODUCAO_2026\01_BOLETINS_DIARIOS\03_AUDIOS_RADIO\07 - JUL - 26\03 07 - SEX
MARÇO,NJUD N/A,BOLETIM_RADIO_TJRN_26_03_2026_B4_TJRN_ESTAGIO_CIENCIAS_CONTABEIS.mp3,26_03_2026,TJRN_ESTAGIO_CIENCIAS_CONTABEIS,,TJRN,NAO,H:\Meu Drive\RADIO TJRN CONTEÚDO\00_PRODUCAO_2026\01_BOLETINS_DIARIOS\03_AUDIOS_RADIO\07 - JUL - 26\03 07 - SEX
MARÇO,NJUD N/A,BOLETIM_RADIO_TJRN_26_03_2026_B5_SOLUCAO_PREJUIZO_ENERGIA_NJUD.mp3,26_03_2026,SOLUCAO_PREJUIZO_ENERGIA_NJUD,,TJRN,NAO,H:\Meu Drive\RADIO TJRN CONTEÚDO\00_PRODUCAO_2026\01_BOLETINS_DIARIOS\03_AUDIOS_RADIO\07 - JUL - 26\03 07 - SEX
MARÇO,NJUD N/A,BOLETIM_RADIO_TJRN_26_03_2026_B6_TJRN_CORREGEDORIA_MINHA_CASA_MINHA_VIDA.mp3,26_03_2026,TJRN_CORREGEDORIA_MINHA_CASA_MINHA_VIDA,,TJRN,NAO,H:\Meu Drive\RADIO TJRN CONTEÚDO\00_PRODUCAO_2026\01_BOLETINS_DIARIOS\03_AUDIOS_RADIO\07 - JUL - 26\03 07 - SEX
MARÇO,NJUD N/A,BOLETIM_RADIO_TJRN_26_03_2026_B7_CAMINHOS_LITERARIOS.mp3,26_03_2026,CAMINHOS_LITERARIOS,,TJRN,NAO,H:\Meu Drive\RADIO TJRN CONTEÚDO\00_PRODUCAO_2026\01_BOLETINS_DIARIOS\03_AUDIOS_RADIO\07 - JUL - 26\03 07 - SEX
MARÇO,NJUD N/A,BOLETIM_RADIO_TJRN_26_03_2026_B8_MPRN_INTERNACOES_PSQUIATRICAS_INVOLUNTARIAS.mp3,26_03_2026,MPRN_INTERNACOES_PSQUIATRICAS_INVOLUNTARIAS,,TJRN,NAO,H:\Meu Drive\RADIO TJRN CONTEÚDO\00_PRODUCAO_2026\01_BOLETINS_DIARIOS\03_AUDIOS_RADIO\07 - JUL - 26\03 07 - SEX
MARÇO,NJUD N/A,BOLETIM_RADIO_TJRN_26_03_2026_B9_MPRN_PROMOTORIAS_JURIDICAS.mp3,26_03_2026,MPRN_PROMOTORIAS_JURIDICAS,,TJRN,NAO,H:\Meu Drive\RADIO TJRN CONTEÚDO\00_PRODUCAO_2026\01_BOLETINS_DIARIOS\03_AUDIOS_RADIO\07 - JUL - 26\03 07 - SEX
JUNHO,NJUD N/A,BOLETIM_RADIO_TJRN_26_06_2026_B10_DPERN_ACAO_CONCESSIONARIA_COBRANCAS.mp3,26_06_2026,DPERN_ACAO_CONCESSIONARIA_COBRANCAS,,TJRN,NAO,H:\Meu Drive\RADIO TJRN CONTEÚDO\00_PRODUCAO_2026\01_BOLETINS_DIARIOS\03_AUDIOS_RADIO\07 - JUL - 26\06 07 - SEG
JUNHO,NJUD N/A,BOLETIM_RADIO_TJRN_26_06_2026_B1_TJRN_5_VARA_ESTAGIO_DIREITO.mp3,26_06_2026,TJRN_5_VARA_ESTAGIO_DIREITO,,TJRN,NAO,H:\Meu Drive\RADIO TJRN CONTEÚDO\00_PRODUCAO_2026\01_BOLETINS_DIARIOS\03_AUDIOS_RADIO\07 - JUL - 26\06 07 - SEG
JUNHO,NJUD N/A,BOLETIM_RADIO_TJRN_26_06_2026_B2_CONDENACAO_LEILAO_MOTOCICLETA_NJUD.mp3,26_06_2026,CONDENACAO_LEILAO_MOTOCICLETA_NJUD,,TJRN,NAO,H:\Meu Drive\RADIO TJRN CONTEÚDO\00_PRODUCAO_2026\01_BOLETINS_DIARIOS\03_AUDIOS_RADIO\07 - JUL - 26\06 07 - SEG
JUNHO,NJUD N/A,BOLETIM_RADIO_TJRN_26_06_2026_B3_INDENIZACAO_PATINETE_NJUD.mp3,26_06_2026,INDENIZACAO_PATINETE_NJUD,,TJRN,NAO,H:\Meu Drive\RADIO TJRN CONTEÚDO\00_PRODUCAO_2026\01_BOLETINS_DIARIOS\03_AUDIOS_RADIO\07 - JUL - 26\06 07 - SEG
JUNHO,NJUD N/A,BOLETIM_RADIO_TJRN_26_06_2026_B4_TJRN_AUTOESCOLA_CONDENACAO_HABILITACAO_NJUD.mp3,26_06_2026,TJRN_AUTOESCOLA_CONDENACAO_HABILITACAO_NJUD,,TJRN,NAO,H:\Meu Drive\RADIO TJRN CONTEÚDO\00_PRODUCAO_2026\01_BOLETINS_DIARIOS\03_AUDIOS_RADIO\07 - JUL - 26\06 07 - SEG
JUNHO,NJUD N/A,BOLETIM_RADIO_TJRN_26_06_2026_B5_PLANOS_SAUDE_CONDENACAO_SUSPENSAO_NJUD.mp3,26_06_2026,PLANOS_SAUDE_CONDENACAO_SUSPENSAO_NJUD,,TJRN,NAO,H:\Meu Drive\RADIO TJRN CONTEÚDO\00_PRODUCAO_2026\01_BOLETINS_DIARIOS\03_AUDIOS_RADIO\07 - JUL - 26\06 07 - SEG
JUNHO,NJUD N/A,BOLETIM_RADIO_TJRN_26_06_2026_B6_CEJUSC_NISIA_FLORESTA.mp3,26_06_2026,CEJUSC_NISIA_FLORESTA,,TJRN,NAO,H:\Meu Drive\RADIO TJRN CONTEÚDO\00_PRODUCAO_2026\01_BOLETINS_DIARIOS\03_AUDIOS_RADIO\07 - JUL - 26\06 07 - SEG
JUNHO,NJUD N/A,BOLETIM_RADIO_TJRN_26_06_2026_B7_2_JUIZADO_ESPECIAL_ESTAGIO.mp3,26_06_2026,2_JUIZADO_ESPECIAL_ESTAGIO,,TJRN,NAO,H:\Meu Drive\RADIO TJRN CONTEÚDO\00_PRODUCAO_2026\01_BOLETINS_DIARIOS\03_AUDIOS_RADIO\07 - JUL - 26\06 07 - SEG
JULHO,NJUD N/A,BOLETIM_RADIO_TJRN_26_07_2026_B10_TRTRN_CEJUS_NATAL_ACORDO_EMPRESA_CONCECAO_.mp3,26_07_2026,TRTRN_CEJUS_NATAL_ACORDO_EMPRESA_CONCECAO,,TJRN,NAO,H:\Meu Drive\RADIO TJRN CONTEÚDO\00_PRODUCAO_2026\01_BOLETINS_DIARIOS\03_AUDIOS_RADIO\07 - JUL - 26\07 07 - TER
JULHO,NJUD N/A,BOLETIM_RADIO_TJRN_26_07_2026_B1_TJRN_SUSPENSAO_AGENTES_SAO_GONCALO.mp3,26_07_2026,TJRN_SUSPENSAO_AGENTES_SAO_GONCALO,,TJRN,NAO,H:\Meu Drive\RADIO TJRN CONTEÚDO\00_PRODUCAO_2026\01_BOLETINS_DIARIOS\03_AUDIOS_RADIO\07 - JUL - 26\07 07 - TER
JULHO,NJUD N/A,BOLETIM_RADIO_TJRN_26_07_2026_B2_TJRN_APLICATIVO_JUSTIC_NJUD.mp3,26_07_2026,TJRN_APLICATIVO_JUSTIC_NJUD,,TJRN,NAO,H:\Meu Drive\RADIO TJRN CONTEÚDO\00_PRODUCAO_2026\01_BOLETINS_DIARIOS\03_AUDIOS_RADIO\07 - JUL - 26\07 07 - TER
JULHO,NJUD N/A,BOLETIM_RADIO_TJRN_26_07_2026_B3_TJRN_COMARCA_ALMINO_AFONSO_TABELIAO_.mp3,26_07_2026,TJRN_COMARCA_ALMINO_AFONSO_TABELIAO,,TJRN,NAO,H:\Meu Drive\RADIO TJRN CONTEÚDO\00_PRODUCAO_2026\01_BOLETINS_DIARIOS\03_AUDIOS_RADIO\07 - JUL - 26\07 07 - TER
JULHO,NJUD N/A,BOLETIM_RADIO_TJRN_26_07_2026_B4_TJRN_ESTADO_INCORPORAR_GRATIFICACAO_NJUD.mp3,26_07_2026,TJRN_ESTADO_INCORPORAR_GRATIFICACAO_NJUD,,TJRN,NAO,H:\Meu Drive\RADIO TJRN CONTEÚDO\00_PRODUCAO_2026\01_BOLETINS_DIARIOS\03_AUDIOS_RADIO\07 - JUL - 26\07 07 - TER
JULHO,NJUD N/A,BOLETIM_RADIO_TJRN_26_07_2026_B5_TJRN_HOMEM_CONDENADO_VIOLENCIA_DOMESTICA_NJUD.mp3,26_07_2026,TJRN_HOMEM_CONDENADO_VIOLENCIA_DOMESTICA_NJUD,,TJRN,NAO,H:\Meu Drive\RADIO TJRN CONTEÚDO\00_PRODUCAO_2026\01_BOLETINS_DIARIOS\03_AUDIOS_RADIO\07 - JUL - 26\07 07 - TER
JULHO,NJUD N/A,BOLETIM_RADIO_TJRN_26_07_2026_B6_TJRN_PACIENTE_INDENIZADA_BIOPSIA_NJUD.mp3,26_07_2026,TJRN_PACIENTE_INDENIZADA_BIOPSIA_NJUD,,TJRN,NAO,H:\Meu Drive\RADIO TJRN CONTEÚDO\00_PRODUCAO_2026\01_BOLETINS_DIARIOS\03_AUDIOS_RADIO\07 - JUL - 26\07 07 - TER
JULHO,NJUD N/A,BOLETIM_RADIO_TJRN_26_07_2026_B7_TJRN_INSCRICOES_ACOLHIMENTO_SERVIDORES.mp3,26_07_2026,TJRN_INSCRICOES_ACOLHIMENTO_SERVIDORES,,TJRN,NAO,H:\Meu Drive\RADIO TJRN CONTEÚDO\00_PRODUCAO_2026\01_BOLETINS_DIARIOS\03_AUDIOS_RADIO\07 - JUL - 26\07 07 - TER
JULHO,NJUD N/A,BOLETIM_RADIO_TJRN_26_07_2026_B8_TJRN_FALTA_DOCUMENTACAO_CARRO_VENDIDO_.mp3,26_07_2026,TJRN_FALTA_DOCUMENTACAO_CARRO_VENDIDO,,TJRN,NAO,H:\Meu Drive\RADIO TJRN CONTEÚDO\00_PRODUCAO_2026\01_BOLETINS_DIARIOS\03_AUDIOS_RADIO\07 - JUL - 26\07 07 - TER
JULHO,NJUD N/A,BOLETIM_RADIO_TJRN_26_07_2026_B9_ESMARN_CURSO_PREVENCAO_.mp3,26_07_2026,ESMARN_CURSO_PREVENCAO,,TJRN,NAO,H:\Meu Drive\RADIO TJRN CONTEÚDO\00_PRODUCAO_2026\01_BOLETINS_DIARIOS\03_AUDIOS_RADIO\07 - JUL - 26\07 07 - TER
AGOSTO,NJUD N/A,BOLETIM_RADIO_TJRN_26_08_2026_B10_TRTRN_SUPERA_META.mp3,26_08_2026,TRTRN_SUPERA_META,,TJRN,NAO,H:\Meu Drive\RADIO TJRN CONTEÚDO\00_PRODUCAO_2026\01_BOLETINS_DIARIOS\03_AUDIOS_RADIO\07 - JUL - 26\08 07 - QUA
AGOSTO,NJUD N/A,BOLETIM_RADIO_TJRN_26_08_2026_B1_RESPONSAVEL_INTERINO_MARCELINO_VIEIRA.mp3,26_08_2026,RESPONSAVEL_INTERINO_MARCELINO_VIEIRA,,TJRN,NAO,H:\Meu Drive\RADIO TJRN CONTEÚDO\00_PRODUCAO_2026\01_BOLETINS_DIARIOS\03_AUDIOS_RADIO\07 - JUL - 26\08 07 - QUA
AGOSTO,NJUD N/A,BOLETIM_RADIO_TJRN_26_08_2026_B2_PESQUISA_JURISPRUDENCIA_INTERAMERICANA_NJUD.mp3,26_08_2026,PESQUISA_JURISPRUDENCIA_INTERAMERICANA_NJUD,,TJRN,NAO,H:\Meu Drive\RADIO TJRN CONTEÚDO\00_PRODUCAO_2026\01_BOLETINS_DIARIOS\03_AUDIOS_RADIO\07 - JUL - 26\08 07 - QUA
AGOSTO,NJUD N/A,BOLETIM_RADIO_TJRN_26_08_2026_B3_INDENIZACAO_FRAUDE_TELEFONIA_NJUD_.mp3,26_08_2026,INDENIZACAO_FRAUDE_TELEFONIA_NJUD,,TJRN,NAO,H:\Meu Drive\RADIO TJRN CONTEÚDO\00_PRODUCAO_2026\01_BOLETINS_DIARIOS\03_AUDIOS_RADIO\07 - JUL - 26\08 07 - QUA
AGOSTO,NJUD N/A,BOLETIM_RADIO_TJRN_26_08_2026_B4_CIRURGIA_TORNOZELO_NJUD.mp3,26_08_2026,CIRURGIA_TORNOZELO_NJUD,,TJRN,NAO,H:\Meu Drive\RADIO TJRN CONTEÚDO\00_PRODUCAO_2026\01_BOLETINS_DIARIOS\03_AUDIOS_RADIO\07 - JUL - 26\08 07 - QUA
AGOSTO,NJUD N/A,BOLETIM_RADIO_TJRN_26_08_2026_B5_PROPAGANDA_ENGANOSA_IMOVEL_NJUD_.mp3,26_08_2026,PROPAGANDA_ENGANOSA_IMOVEL_NJUD,,TJRN,NAO,H:\Meu Drive\RADIO TJRN CONTEÚDO\00_PRODUCAO_2026\01_BOLETINS_DIARIOS\03_AUDIOS_RADIO\07 - JUL - 26\08 07 - QUA
AGOSTO,NJUD N/A,BOLETIM_RADIO_TJRN_26_08_2026_B6_INDENIZACAO_GRIFE_FALSIFICADA.mp3,26_08_2026,INDENIZACAO_GRIFE_FALSIFICADA,,TJRN,NAO,H:\Meu Drive\RADIO TJRN CONTEÚDO\00_PRODUCAO_2026\01_BOLETINS_DIARIOS\03_AUDIOS_RADIO\07 - JUL - 26\08 07 - QUA
AGOSTO,NJUD N/A,BOLETIM_RADIO_TJRN_26_08_2026_B7_FACULDADE_CONDENADA_COBRANCA_INDEVIDA.mp3,26_08_2026,FACULDADE_CONDENADA_COBRANCA_INDEVIDA,,TJRN,NAO,H:\Meu Drive\RADIO TJRN CONTEÚDO\00_PRODUCAO_2026\01_BOLETINS_DIARIOS\03_AUDIOS_RADIO\07 - JUL - 26\08 07 - QUA
AGOSTO,NJUD N/A,BOLETIM_RADIO_TJRN_26_08_2026_B8_CNJ_VIDEOS_CUIDADOS.mp3,26_08_2026,CNJ_VIDEOS_CUIDADOS,,TJRN,NAO,H:\Meu Drive\RADIO TJRN CONTEÚDO\00_PRODUCAO_2026\01_BOLETINS_DIARIOS\03_AUDIOS_RADIO\07 - JUL - 26\08 07 - QUA
AGOSTO,NJUD N/A,BOLETIM_RADIO_TJRN_26_08_2026_B9_PLATAFORMA_AUXILIO_PENAS_PECUNIARIAS.mp3,26_08_2026,PLATAFORMA_AUXILIO_PENAS_PECUNIARIAS,,TJRN,NAO,H:\Meu Drive\RADIO TJRN CONTEÚDO\00_PRODUCAO_2026\01_BOLETINS_DIARIOS\03_AUDIOS_RADIO\07 - JUL - 26\08 07 - QUA
SETEMBRO,NJUD N/A,BOLETIM_RADIO_TJRN_26_09_2026_B10_TRTRN_ASSEDIO_ELEITORAL_.mp3,26_09_2026,TRTRN_ASSEDIO_ELEITORAL,,TJRN,NAO,H:\Meu Drive\RADIO TJRN CONTEÚDO\00_PRODUCAO_2026\01_BOLETINS_DIARIOS\03_AUDIOS_RADIO\07 - JUL - 26\09 07 - QUI
SETEMBRO,NJUD N/A,BOLETIM_RADIO_TJRN_26_09_2026_B1_TJ_ACADEMICO_PLENO_NJUD_.mp3,26_09_2026,TJ_ACADEMICO_PLENO_NJUD,,TJRN,NAO,H:\Meu Drive\RADIO TJRN CONTEÚDO\00_PRODUCAO_2026\01_BOLETINS_DIARIOS\03_AUDIOS_RADIO\07 - JUL - 26\09 07 - QUI
SETEMBRO,NJUD N/A,BOLETIM_RADIO_TJRN_26_09_2026_B2_INDENIZACAO_CONSUMO_AGUA_NJUD_.mp3,26_09_2026,INDENIZACAO_CONSUMO_AGUA_NJUD,,TJRN,NAO,H:\Meu Drive\RADIO TJRN CONTEÚDO\00_PRODUCAO_2026\01_BOLETINS_DIARIOS\03_AUDIOS_RADIO\07 - JUL - 26\09 07 - QUI
SETEMBRO,NJUD N/A,BOLETIM_RADIO_TJRN_26_09_2026_B3_ACIDENTE_MOTORISTA_EMBRIAGADO_NJUD_.mp3,26_09_2026,ACIDENTE_MOTORISTA_EMBRIAGADO_NJUD,,TJRN,NAO,H:\Meu Drive\RADIO TJRN CONTEÚDO\00_PRODUCAO_2026\01_BOLETINS_DIARIOS\03_AUDIOS_RADIO\07 - JUL - 26\09 07 - QUI
SETEMBRO,NJUD N/A,BOLETIM_RADIO_TJRN_26_09_2026_B4_LOCADORA_MOTOS_VALORES_ABUSIVOS_NJUD_.mp3,26_09_2026,LOCADORA_MOTOS_VALORES_ABUSIVOS_NJUD,,TJRN,NAO,H:\Meu Drive\RADIO TJRN CONTEÚDO\00_PRODUCAO_2026\01_BOLETINS_DIARIOS\03_AUDIOS_RADIO\07 - JUL - 26\09 07 - QUI
SETEMBRO,NJUD N/A,BOLETIM_RADIO_TJRN_26_09_2026_B5_ESCRITORES_CARCERE_FLIP.mp3,26_09_2026,ESCRITORES_CARCERE_FLIP,,TJRN,NAO,H:\Meu Drive\RADIO TJRN CONTEÚDO\00_PRODUCAO_2026\01_BOLETINS_DIARIOS\03_AUDIOS_RADIO\07 - JUL - 26\09 07 - QUI
SETEMBRO,NJUD N/A,BOLETIM_RADIO_TJRN_26_09_2026_B6_CONSTRUCAO_ACADEMIA_CONDOMINIO.mp3,26_09_2026,CONSTRUCAO_ACADEMIA_CONDOMINIO,,TJRN,NAO,H:\Meu Drive\RADIO TJRN CONTEÚDO\00_PRODUCAO_2026\01_BOLETINS_DIARIOS\03_AUDIOS_RADIO\07 - JUL - 26\09 07 - QUI
SETEMBRO,NJUD N/A,BOLETIM_RADIO_TJRN_26_09_2026_B7_ESMARN_CURSO_IDIOMAS.mp3,26_09_2026,ESMARN_CURSO_IDIOMAS,,TJRN,NAO,H:\Meu Drive\RADIO TJRN CONTEÚDO\00_PRODUCAO_2026\01_BOLETINS_DIARIOS\03_AUDIOS_RADIO\07 - JUL - 26\09 07 - QUI
SETEMBRO,NJUD N/A,BOLETIM_RADIO_TJRN_26_09_2026_B8_OABRN_REGRAS_MEMBROS_ELEICOES.mp3,26_09_2026,OABRN_REGRAS_MEMBROS_ELEICOES,,TJRN,NAO,H:\Meu Drive\RADIO TJRN CONTEÚDO\00_PRODUCAO_2026\01_BOLETINS_DIARIOS\03_AUDIOS_RADIO\07 - JUL - 26\09 07 - QUI
SETEMBRO,NJUD N/A,BOLETIM_RADIO_TJRN_26_09_2026_B9_DPERN_FORNECIMENTO_ENERGIO_MIPIBU.mp3,26_09_2026,DPERN_FORNECIMENTO_ENERGIO_MIPIBU,,TJRN,NAO,H:\Meu Drive\RADIO TJRN CONTEÚDO\00_PRODUCAO_2026\01_BOLETINS_DIARIOS\03_AUDIOS_RADIO\07 - JUL - 26\09 07 - QUI
OUTUBRO,NJUD N/A,BOLETIM_RADIO_TJRN_26_10_2026_B10_TRTRN_SEMANA_EXECUCAO_TRABALHISTA_.mp3,26_10_2026,TRTRN_SEMANA_EXECUCAO_TRABALHISTA,,TJRN,NAO,H:\Meu Drive\RADIO TJRN CONTEÚDO\00_PRODUCAO_2026\01_BOLETINS_DIARIOS\03_AUDIOS_RADIO\07 - JUL - 26\10 07 - SEX
OUTUBRO,NJUD N/A,BOLETIM_RADIO_TJRN_26_10_2026_B1_HONESTIDADE_DEPOIMENTO_POLICIAL_NJUD_.mp3,26_10_2026,HONESTIDADE_DEPOIMENTO_POLICIAL_NJUD,,TJRN,NAO,H:\Meu Drive\RADIO TJRN CONTEÚDO\00_PRODUCAO_2026\01_BOLETINS_DIARIOS\03_AUDIOS_RADIO\07 - JUL - 26\10 07 - SEX
OUTUBRO,NJUD N/A,BOLETIM_RADIO_TJRN_26_10_2026_B2_IRREGULARIDADE_HETEROIDENTIFICACAO.mp3,26_10_2026,IRREGULARIDADE_HETEROIDENTIFICACAO,,TJRN,NAO,H:\Meu Drive\RADIO TJRN CONTEÚDO\00_PRODUCAO_2026\01_BOLETINS_DIARIOS\03_AUDIOS_RADIO\07 - JUL - 26\10 07 - SEX
OUTUBRO,NJUD N/A,BOLETIM_RADIO_TJRN_26_10_2026_B3_CONDENACAO_BANCO_DIGITAL_NJUD.mp3,26_10_2026,CONDENACAO_BANCO_DIGITAL_NJUD,,TJRN,NAO,H:\Meu Drive\RADIO TJRN CONTEÚDO\00_PRODUCAO_2026\01_BOLETINS_DIARIOS\03_AUDIOS_RADIO\07 - JUL - 26\10 07 - SEX
OUTUBRO,NJUD N/A,BOLETIM_RADIO_TJRN_26_10_2026_B4_PM_AGREGACAO_OUTRO_ESTADO.mp3,26_10_2026,PM_AGREGACAO_OUTRO_ESTADO,,TJRN,NAO,H:\Meu Drive\RADIO TJRN CONTEÚDO\00_PRODUCAO_2026\01_BOLETINS_DIARIOS\03_AUDIOS_RADIO\07 - JUL - 26\10 07 - SEX
OUTUBRO,NJUD N/A,BOLETIM_RADIO_TJRN_26_10_2026_B5_LEILAO_SECRETARIA_PAU_DOS_FERROS_NJUD_.mp3,26_10_2026,LEILAO_SECRETARIA_PAU_DOS_FERROS_NJUD,,TJRN,NAO,H:\Meu Drive\RADIO TJRN CONTEÚDO\00_PRODUCAO_2026\01_BOLETINS_DIARIOS\03_AUDIOS_RADIO\07 - JUL - 26\10 07 - SEX
OUTUBRO,NJUD N/A,BOLETIM_RADIO_TJRN_26_10_2026_B6_TJRN_CAMINHOS_LITERARIOS.mp3,26_10_2026,TJRN_CAMINHOS_LITERARIOS,,TJRN,NAO,H:\Meu Drive\RADIO TJRN CONTEÚDO\00_PRODUCAO_2026\01_BOLETINS_DIARIOS\03_AUDIOS_RADIO\07 - JUL - 26\10 07 - SEX
OUTUBRO,NJUD N/A,BOLETIM_RADIO_TJRN_26_10_2026_B7_TJRN_COMITE_ESTADUAL_PENAIS_NJUD_.mp3,26_10_2026,TJRN_COMITE_ESTADUAL_PENAIS_NJUD,,TJRN,NAO,H:\Meu Drive\RADIO TJRN CONTEÚDO\00_PRODUCAO_2026\01_BOLETINS_DIARIOS\03_AUDIOS_RADIO\07 - JUL - 26\10 07 - SEX
OUTUBRO,NJUD N/A,BOLETIM_RADIO_TJRN_26_10_2026_B8_TJRN_POLICIA_MILITAR_PRAZO_PROCESSO_.mp3,26_10_2026,TJRN_POLICIA_MILITAR_PRAZO_PROCESSO,,TJRN,NAO,H:\Meu Drive\RADIO TJRN CONTEÚDO\00_PRODUCAO_2026\01_BOLETINS_DIARIOS\03_AUDIOS_RADIO\07 - JUL - 26\10 07 - SEX
OUTUBRO,NJUD N/A,BOLETIM_RADIO_TJRN_26_10_2026_B9_TJRN_SAO_JOSE_EDITAL_PROJETOS.mp3,26_10_2026,TJRN_SAO_JOSE_EDITAL_PROJETOS,,TJRN,NAO,H:\Meu Drive\RADIO TJRN CONTEÚDO\00_PRODUCAO_2026\01_BOLETINS_DIARIOS\03_AUDIOS_RADIO\07 - JUL - 26\10 07 - SEX
JANEIRO,NJUD N/A,BOLETIM_RADIO_TJRN_26_01_2026_B2_TJRN_ABSOLVE_EX_PREFEITO_.mp3,26_01_2026,TJRN_ABSOLVE_EX_PREFEITO,,TJRN,NAO,H:\Meu Drive\RADIO TJRN CONTEÚDO\00_PRODUCAO_2026\01_BOLETINS_DIARIOS\03_AUDIOS_RADIO\07 - JUL - 26\13 07 - SEG
JANEIRO,NJUD N/A,BOLETIM_RADIO_TJRN_26_01_2026_B3_TJRN_UNIDADE_DELITOS_ESTAGIO_.mp3,26_01_2026,TJRN_UNIDADE_DELITOS_ESTAGIO,,TJRN,NAO,H:\Meu Drive\RADIO TJRN CONTEÚDO\00_PRODUCAO_2026\01_BOLETINS_DIARIOS\03_AUDIOS_RADIO\07 - JUL - 26\13 07 - SEG
JANEIRO,NJUD N/A,BOLETIM_RADIO_TJRN_26_01_2026_B5_TJRN_EXPRESSO_JUDICIARIO_.mp3,26_01_2026,TJRN_EXPRESSO_JUDICIARIO,,TJRN,NAO,H:\Meu Drive\RADIO TJRN CONTEÚDO\00_PRODUCAO_2026\01_BOLETINS_DIARIOS\03_AUDIOS_RADIO\07 - JUL - 26\13 07 - SEG
FEVEREIRO,NJUD N/A,BOLETIM_RADIO_TJRN_26_02_2026_B3_ECOPONTO_MIGUEL_SEABRA.mp3,26_02_2026,ECOPONTO_MIGUEL_SEABRA,,TJRN,NAO,H:\Meu Drive\RADIO TJRN CONTEÚDO\00_PRODUCAO_2026\01_BOLETINS_DIARIOS\03_AUDIOS_RADIO\07 - JUL - 26\14 07 - TER
FEVEREIRO,NJUD N/A,BOLETIM_RADIO_TJRN_26_02_2026_B6_AFASTAMENTO_IRREGULARIDADE_SOCIO_TORCEDOR.mp3,26_02_2026,AFASTAMENTO_IRREGULARIDADE_SOCIO_TORCEDOR,,TJRN,NAO,H:\Meu Drive\RADIO TJRN CONTEÚDO\00_PRODUCAO_2026\01_BOLETINS_DIARIOS\03_AUDIOS_RADIO\07 - JUL - 26\14 07 - TER
FEVEREIRO,NJUD N/A,BOLETIM_RADIO_TJRN_26_02_2026_B7_ESTAGIO_GRUPO_APOIO_CNJ.mp3,26_02_2026,ESTAGIO_GRUPO_APOIO_CNJ,,TJRN,NAO,H:\Meu Drive\RADIO TJRN CONTEÚDO\00_PRODUCAO_2026\01_BOLETINS_DIARIOS\03_AUDIOS_RADIO\07 - JUL - 26\14 07 - TER
FEVEREIRO,NJUD N/A,BOLETIM_RADIO_TJRN_26_02_2026_B9_TRERN_AUDIENCIA_PUBLICA_ASSEDIO_ELEITORAL_.mp3,26_02_2026,TRERN_AUDIENCIA_PUBLICA_ASSEDIO_ELEITORAL,,TJRN,NAO,H:\Meu Drive\RADIO TJRN CONTEÚDO\00_PRODUCAO_2026\01_BOLETINS_DIARIOS\03_AUDIOS_RADIO\07 - JUL - 26\14 07 - TER
MARÇO,NJUD N/A,BOLETIM_RADIO_TJRN_26_03_2026_B2_INCONSTITUCIONALIDADE_LOTERIA_ITAJA.mp3,26_03_2026,INCONSTITUCIONALIDADE_LOTERIA_ITAJA,,TJRN,NAO,H:\Meu Drive\RADIO TJRN CONTEÚDO\00_PRODUCAO_2026\01_BOLETINS_DIARIOS\03_AUDIOS_RADIO\07 - JUL - 26\15 07 - QUA
MARÇO,NJUD N/A,BOLETIM_RADIO_TJRN_26_03_2026_B7_ESMARN_RESULTADO_MESTRADO_.mp3,26_03_2026,ESMARN_RESULTADO_MESTRADO,,TJRN,NAO,H:\Meu Drive\RADIO TJRN CONTEÚDO\00_PRODUCAO_2026\01_BOLETINS_DIARIOS\03_AUDIOS_RADIO\07 - JUL - 26\15 07 - QUA
ABRIL,NJUD N/A,BOLETIM_RADIO_TJRN_26_04_2026_B10_ESMARN_FORMA_PRIMEIRA_TURMA_RESTAURATIVA_.mp3,26_04_2026,ESMARN_FORMA_PRIMEIRA_TURMA_RESTAURATIVA,,TJRN,NAO,H:\Meu Drive\RADIO TJRN CONTEÚDO\00_PRODUCAO_2026\01_BOLETINS_DIARIOS\03_AUDIOS_RADIO\07 - JUL - 26\16 07 - QUI
ABRIL,NJUD N/A,BOLETIM_RADIO_TJRN_26_04_2026_B1_TJRN_CAICO_INTERINO_OFICIO_UNICO_.mp3,26_04_2026,TJRN_CAICO_INTERINO_OFICIO_UNICO,,TJRN,NAO,H:\Meu Drive\RADIO TJRN CONTEÚDO\00_PRODUCAO_2026\01_BOLETINS_DIARIOS\03_AUDIOS_RADIO\07 - JUL - 26\16 07 - QUI
ABRIL,NJUD N/A,BOLETIM_RADIO_TJRN_26_04_2026_B3_TJRN_MISSAO_PENA_JUSTA.mp3,26_04_2026,TJRN_MISSAO_PENA_JUSTA,,TJRN,NAO,H:\Meu Drive\RADIO TJRN CONTEÚDO\00_PRODUCAO_2026\01_BOLETINS_DIARIOS\03_AUDIOS_RADIO\07 - JUL - 26\16 07 - QUI
ABRIL,NJUD N/A,BOLETIM_RADIO_TJRN_26_04_2026_B7_TJRN_TURMA_JURISPRUDENCIA_.mp3,26_04_2026,TJRN_TURMA_JURISPRUDENCIA,,TJRN,NAO,H:\Meu Drive\RADIO TJRN CONTEÚDO\00_PRODUCAO_2026\01_BOLETINS_DIARIOS\03_AUDIOS_RADIO\07 - JUL - 26\16 07 - QUI
ABRIL,NJUD N/A,BOLETIM_RADIO_TJRN_26_04_2026_B8_TJRN_INSTALA_PONTO_COLETA.mp3,26_04_2026,TJRN_INSTALA_PONTO_COLETA,,TJRN,NAO,H:\Meu Drive\RADIO TJRN CONTEÚDO\00_PRODUCAO_2026\01_BOLETINS_DIARIOS\03_AUDIOS_RADIO\07 - JUL - 26\16 07 - QUI
ABRIL,NJUD N/A,BOLETIM_RADIO_TJRN_26_04_2026_B9_TJRN_EXTINGUE_COBRANCA_CAMPO_REDONDO_.mp3,26_04_2026,TJRN_EXTINGUE_COBRANCA_CAMPO_REDONDO,,TJRN,NAO,H:\Meu Drive\RADIO TJRN CONTEÚDO\00_PRODUCAO_2026\01_BOLETINS_DIARIOS\03_AUDIOS_RADIO\07 - JUL - 26\16 07 - QUI
MAIO,NJUD N/A,BOLETIM_RADIO_TJRN_26_05_2026_B4_TJRN_INSCRICOES_FORMACAO_LISTA_.mp3,26_05_2026,TJRN_INSCRICOES_FORMACAO_LISTA,,TJRN,NAO,H:\Meu Drive\RADIO TJRN CONTEÚDO\00_PRODUCAO_2026\01_BOLETINS_DIARIOS\03_AUDIOS_RADIO\07 - JUL - 26\17 07 - SEX
MAIO,NJUD N/A,BOLETIM_RADIO_TJRN_26_05_2026_B5_TJRN_PALESTRA_MINISTRO_MARCELO_NAVARRO_.mp3,26_05_2026,TJRN_PALESTRA_MINISTRO_MARCELO_NAVARRO,,TJRN,NAO,H:\Meu Drive\RADIO TJRN CONTEÚDO\00_PRODUCAO_2026\01_BOLETINS_DIARIOS\03_AUDIOS_RADIO\07 - JUL - 26\17 07 - SEX
MAIO,NJUD N/A,BOLETIM_RADIO_TJRN_26_05_2026_B7_TJRN_ATENDIMENTO_SUSPENSO_.mp3,26_05_2026,TJRN_ATENDIMENTO_SUSPENSO,,TJRN,NAO,H:\Meu Drive\RADIO TJRN CONTEÚDO\00_PRODUCAO_2026\01_BOLETINS_DIARIOS\03_AUDIOS_RADIO\07 - JUL - 26\17 07 - SEX
AGOSTO,NJUD N/A,BOLETIM_RADIO_TJRN_26_08_2026_B10_TRTRN_FEIRART_.mp3,26_08_2026,TRTRN_FEIRART,,TJRN,NAO,H:\Meu Drive\RADIO TJRN CONTEÚDO\00_PRODUCAO_2026\01_BOLETINS_DIARIOS\03_AUDIOS_RADIO\07 - JUL - 26\20 07 - SEG
AGOSTO,NJUD N/A,BOLETIM_RADIO_TJRN_26_08_2026_B1_TJRN_VARA_FAMILIA_ESTAGIO_RESULTADO.mp3,26_08_2026,TJRN_VARA_FAMILIA_ESTAGIO_RESULTADO,,TJRN,NAO,H:\Meu Drive\RADIO TJRN CONTEÚDO\00_PRODUCAO_2026\01_BOLETINS_DIARIOS\03_AUDIOS_RADIO\07 - JUL - 26\20 07 - SEG
AGOSTO,NJUD N/A,BOLETIM_RADIO_TJRN_26_08_2026_B4_TJRN_JUIZADOS_ESPECIAIS_ESTAGIO_.mp3,26_08_2026,TJRN_JUIZADOS_ESPECIAIS_ESTAGIO,,TJRN,NAO,H:\Meu Drive\RADIO TJRN CONTEÚDO\00_PRODUCAO_2026\01_BOLETINS_DIARIOS\03_AUDIOS_RADIO\07 - JUL - 26\20 07 - SEG
AGOSTO,NJUD N/A,BOLETIM_RADIO_TJRN_26_08_2026_B6_TJRN_COMARCA_ASSU_RESPONSAVEL_INTERINO_.mp3,26_08_2026,TJRN_COMARCA_ASSU_RESPONSAVEL_INTERINO,,TJRN,NAO,H:\Meu Drive\RADIO TJRN CONTEÚDO\00_PRODUCAO_2026\01_BOLETINS_DIARIOS\03_AUDIOS_RADIO\07 - JUL - 26\20 07 - SEG
AGOSTO,NJUD N/A,BOLETIM_RADIO_TJRN_26_08_2026_B7_TJRN_CEJUSC_SELECAO_ESTAGIO_.mp3,26_08_2026,TJRN_CEJUSC_SELECAO_ESTAGIO,,TJRN,NAO,H:\Meu Drive\RADIO TJRN CONTEÚDO\00_PRODUCAO_2026\01_BOLETINS_DIARIOS\03_AUDIOS_RADIO\07 - JUL - 26\20 07 - SEG
AGOSTO,NJUD N/A,BOLETIM_RADIO_TJRN_26_08_2026_B9_DPERN_EDICAO_MEU_PAI_TEM_NOME_.mp3,26_08_2026,DPERN_EDICAO_MEU_PAI_TEM_NOME,,TJRN,NAO,H:\Meu Drive\RADIO TJRN CONTEÚDO\00_PRODUCAO_2026\01_BOLETINS_DIARIOS\03_AUDIOS_RADIO\07 - JUL - 26\20 07 - SEG
MARÇO,NJUD N/A,BOLETIM_RADIO_TJRN_26_03_2026_B1_TJRN_MOTOCICLISTA_SERA_INDENIZADO_1923.mp3,26_03_2026,TJRN_MOTOCICLISTA_SERA_INDENIZADO_1923,,TJRN,NAO,H:\Meu Drive\RADIO TJRN CONTEÚDO\00_PRODUCAO_2026\01_BOLETINS_DIARIOS\03_AUDIOS_RADIO\07 - JUL - 26\27 07 - SEG
MARÇO,NJUD N/A,BOLETIM_RADIO_TJRN_26_03_2026_B2_TJRN_JUIZES_POSSE_TJCE.mp3,26_03_2026,TJRN_JUIZES_POSSE_TJCE,,TJRN,NAO,H:\Meu Drive\RADIO TJRN CONTEÚDO\00_PRODUCAO_2026\01_BOLETINS_DIARIOS\03_AUDIOS_RADIO\07 - JUL - 26\27 07 - SEG
MARÇO,NJUD N/A,BOLETIM_RADIO_TJRN_26_03_2026_B3_TJRN_CEJUSC_NOVA_CRUZ_PROCESSO_SELETIVO_.mp3,26_03_2026,TJRN_CEJUSC_NOVA_CRUZ_PROCESSO_SELETIVO,,TJRN,NAO,H:\Meu Drive\RADIO TJRN CONTEÚDO\00_PRODUCAO_2026\01_BOLETINS_DIARIOS\03_AUDIOS_RADIO\07 - JUL - 26\27 07 - SEG
MARÇO,NJUD N/A,BOLETIM_RADIO_TJRN_26_03_2026_B6_TJRN_ACUSADO_HOMICIDIO_PASSEATA.mp3,26_03_2026,TJRN_ACUSADO_HOMICIDIO_PASSEATA,,TJRN,NAO,H:\Meu Drive\RADIO TJRN CONTEÚDO\00_PRODUCAO_2026\01_BOLETINS_DIARIOS\03_AUDIOS_RADIO\07 - JUL - 26\27 07 - SEG
MARÇO,NJUD N/A,BOLETIM_RADIO_TJRN_26_03_2026_B7_TJRN_NEGA_RECURSO_ASSOCIACAO_.mp3,26_03_2026,TJRN_NEGA_RECURSO_ASSOCIACAO,,TJRN,NAO,H:\Meu Drive\RADIO TJRN CONTEÚDO\00_PRODUCAO_2026\01_BOLETINS_DIARIOS\03_AUDIOS_RADIO\07 - JUL - 26\27 07 - SEG
MARÇO,NJUD N/A,BOLETIM_RADIO_TJRN_26_03_2026_B8_TJRN_GESTANTE_INDENIZADA_.mp3,26_03_2026,TJRN_GESTANTE_INDENIZADA,,TJRN,NAO,H:\Meu Drive\RADIO TJRN CONTEÚDO\00_PRODUCAO_2026\01_BOLETINS_DIARIOS\03_AUDIOS_RADIO\07 - JUL - 26\27 07 - SEG
MARÇO,NJUD N/A,BOLETIM_RADIO_TJRN_26_03_2026_B9_ESMARN_CURSO_PREVENCAO_ASSEDIO_.mp3,26_03_2026,ESMARN_CURSO_PREVENCAO_ASSEDIO,,TJRN,NAO,H:\Meu Drive\RADIO TJRN CONTEÚDO\00_PRODUCAO_2026\01_BOLETINS_DIARIOS\03_AUDIOS_RADIO\07 - JUL - 26\27 07 - SEG
ABRIL,NJUD N/A,BOLETIM_RADIO_TJRN_26_04_2026_B10_DPERN_FAMILIAS_SUSPENSAO_DESOCUPACAO.mp3,26_04_2026,DPERN_FAMILIAS_SUSPENSAO_DESOCUPACAO,,TJRN,NAO,H:\Meu Drive\RADIO TJRN CONTEÚDO\00_PRODUCAO_2026\01_BOLETINS_DIARIOS\03_AUDIOS_RADIO\07 - JUL - 26\28 07 - TER
ABRIL,NJUD N/A,BOLETIM_RADIO_TJRN_26_04_2026_B1_TJRN_VICE_PRESIDENCIA_PROCESSO_SELETIVO_.mp3,26_04_2026,TJRN_VICE_PRESIDENCIA_PROCESSO_SELETIVO,,TJRN,NAO,H:\Meu Drive\RADIO TJRN CONTEÚDO\00_PRODUCAO_2026\01_BOLETINS_DIARIOS\03_AUDIOS_RADIO\07 - JUL - 26\28 07 - TER
ABRIL,NJUD N/A,BOLETIM_RADIO_TJRN_26_04_2026_B2_TJRN_COMARCA_AREIA_BRANCA_REPONSAVEL_INTERINO_.mp3,26_04_2026,TJRN_COMARCA_AREIA_BRANCA_REPONSAVEL_INTERINO,,TJRN,NAO,H:\Meu Drive\RADIO TJRN CONTEÚDO\00_PRODUCAO_2026\01_BOLETINS_DIARIOS\03_AUDIOS_RADIO\07 - JUL - 26\28 07 - TER
ABRIL,NJUD N/A,BOLETIM_RADIO_TJRN_26_04_2026_B4_TJRN_COMISSAO_FUNDIARIAS_.mp3,26_04_2026,TJRN_COMISSAO_FUNDIARIAS,,TJRN,NAO,H:\Meu Drive\RADIO TJRN CONTEÚDO\00_PRODUCAO_2026\01_BOLETINS_DIARIOS\03_AUDIOS_RADIO\07 - JUL - 26\28 07 - TER
ABRIL,NJUD N/A,BOLETIM_RADIO_TJRN_26_04_2026_B8_ESMARN_LANCA_CLUBE_LIVRO_.mp3,26_04_2026,ESMARN_LANCA_CLUBE_LIVRO,,TJRN,NAO,H:\Meu Drive\RADIO TJRN CONTEÚDO\00_PRODUCAO_2026\01_BOLETINS_DIARIOS\03_AUDIOS_RADIO\07 - JUL - 26\28 07 - TER
ABRIL,NJUD N/A,BOLETIM_RADIO_TJRN_26_04_2026_B9_DPERN_JUSTICA_ATENDE_PEDIDOS.mp3,26_04_2026,DPERN_JUSTICA_ATENDE_PEDIDOS,,TJRN,NAO,H:\Meu Drive\RADIO TJRN CONTEÚDO\00_PRODUCAO_2026\01_BOLETINS_DIARIOS\03_AUDIOS_RADIO\07 - JUL - 26\28 07 - TER
MAIO,NJUD N/A,BOLETIM_RADIO_TJRN_26_05_2026_B5_TJRN_ESTADO_EFETIVAR_EFETIVACAO_PROFESSORA.mp3,26_05_2026,TJRN_ESTADO_EFETIVAR_EFETIVACAO_PROFESSORA,,TJRN,NAO,H:\Meu Drive\RADIO TJRN CONTEÚDO\00_PRODUCAO_2026\01_BOLETINS_DIARIOS\03_AUDIOS_RADIO\07 - JUL - 26\29 07 - QUA
MAIO,NJUD N/A,BOLETIM_RADIO_TJRN_26_05_2026_B6_TJRN_CONSUMIDORA_INDENIZADA.mp3,26_05_2026,TJRN_CONSUMIDORA_INDENIZADA,,TJRN,NAO,H:\Meu Drive\RADIO TJRN CONTEÚDO\00_PRODUCAO_2026\01_BOLETINS_DIARIOS\03_AUDIOS_RADIO\07 - JUL - 26\29 07 - QUA
MAIO,NJUD N/A,BOLETIM_RADIO_TJRN_26_05_2026_B7_TJRN_MANTEM_SENTENCA_PERFIL_ONG_.mp3,26_05_2026,TJRN_MANTEM_SENTENCA_PERFIL_ONG,,TJRN,NAO,H:\Meu Drive\RADIO TJRN CONTEÚDO\00_PRODUCAO_2026\01_BOLETINS_DIARIOS\03_AUDIOS_RADIO\07 - JUL - 26\29 07 - QUA
MAIO,NJUD N/A,BOLETIM_RADIO_TJRN_26_05_2026_B8_TJRN_EMISSORA_TELEVISAO_REMOVER_CONTEUDOS_.mp3,26_05_2026,TJRN_EMISSORA_TELEVISAO_REMOVER_CONTEUDOS,,TJRN,NAO,H:\Meu Drive\RADIO TJRN CONTEÚDO\00_PRODUCAO_2026\01_BOLETINS_DIARIOS\03_AUDIOS_RADIO\07 - JUL - 26\29 07 - QUA
MAIO,NJUD N/A,BOLETIM_RADIO_TJRN_26_05_2026_B9_TJRN_CEJUSC_HOMOLOGAM_RESULTADO_ESTAGIO_.mp3,26_05_2026,TJRN_CEJUSC_HOMOLOGAM_RESULTADO_ESTAGIO,,TJRN,NAO,H:\Meu Drive\RADIO TJRN CONTEÚDO\00_PRODUCAO_2026\01_BOLETINS_DIARIOS\03_AUDIOS_RADIO\07 - JUL - 26\29 07 - QUA
JUNHO,NJUD N/A,BOLETIM_RADIO_TJRN_26_06_2026_B1_TJRN_TANGARA_RESPONSAVEL_INTERINO_.mp3,26_06_2026,TJRN_TANGARA_RESPONSAVEL_INTERINO,,TJRN,NAO,H:\Meu Drive\RADIO TJRN CONTEÚDO\00_PRODUCAO_2026\01_BOLETINS_DIARIOS\03_AUDIOS_RADIO\07 - JUL - 26\30 07 - QUI
JUNHO,NJUD N/A,BOLETIM_RADIO_TJRN_26_06_2026_B2_TJRN_REUNIAO_DEBATE_FINANCIAMENTO_PENA_JUSTA_.mp3,26_06_2026,TJRN_REUNIAO_DEBATE_FINANCIAMENTO_PENA_JUSTA,,TJRN,NAO,H:\Meu Drive\RADIO TJRN CONTEÚDO\00_PRODUCAO_2026\01_BOLETINS_DIARIOS\03_AUDIOS_RADIO\07 - JUL - 26\30 07 - QUI
JUNHO,NJUD N/A,BOLETIM_RADIO_TJRN_26_06_2026_B5_TJRN_DECISAO_BANCA_CONCURSO_.mp3,26_06_2026,TJRN_DECISAO_BANCA_CONCURSO,,TJRN,NAO,H:\Meu Drive\RADIO TJRN CONTEÚDO\00_PRODUCAO_2026\01_BOLETINS_DIARIOS\03_AUDIOS_RADIO\07 - JUL - 26\30 07 - QUI
JULHO,NJUD N/A,BOLETIM_RADIO_TJRN_26_07_2026_B10_TRE_SISTEMA_STAR_PREMIO_CJN.mp3,26_07_2026,TRE_SISTEMA_STAR_PREMIO_CJN,,TJRN,NAO,H:\Meu Drive\RADIO TJRN CONTEÚDO\00_PRODUCAO_2026\01_BOLETINS_DIARIOS\03_AUDIOS_RADIO\07 - JUL - 26\31 07 - SEX
JULHO,NJUD N/A,BOLETIM_RADIO_TJRN_26_07_2026_B5_RESPONSAVEL_INTERINO_PUREZA.mp3,26_07_2026,RESPONSAVEL_INTERINO_PUREZA,,TJRN,NAO,H:\Meu Drive\RADIO TJRN CONTEÚDO\00_PRODUCAO_2026\01_BOLETINS_DIARIOS\03_AUDIOS_RADIO\07 - JUL - 26\31 07 - SEX
JULHO,NJUD N/A,BOLETIM_RADIO_TJRN_26_07_2026_B6_REPOJURN_JOSE_FLOSCOLO_NOBREGA.mp3,26_07_2026,REPOJURN_JOSE_FLOSCOLO_NOBREGA,,TJRN,NAO,H:\Meu Drive\RADIO TJRN CONTEÚDO\00_PRODUCAO_2026\01_BOLETINS_DIARIOS\03_AUDIOS_RADIO\07 - JUL - 26\31 07 - SEX
JULHO,NJUD N/A,BOLETIM_RADIO_TJRN_26_07_2026_B7_MPRN_AUDIENCIA_SISTEMA_TRANSITO.mp3,26_07_2026,MPRN_AUDIENCIA_SISTEMA_TRANSITO,,TJRN,NAO,H:\Meu Drive\RADIO TJRN CONTEÚDO\00_PRODUCAO_2026\01_BOLETINS_DIARIOS\03_AUDIOS_RADIO\07 - JUL - 26\31 07 - SEX
JULHO,NJUD N/A,BOLETIM_RADIO_TJRN_26_07_2026_B8_MPRN_CONDENACAO_100_ANOS.mp3,26_07_2026,MPRN_CONDENACAO_100_ANOS,,TJRN,NAO,H:\Meu Drive\RADIO TJRN CONTEÚDO\00_PRODUCAO_2026\01_BOLETINS_DIARIOS\03_AUDIOS_RADIO\07 - JUL - 26\31 07 - SEX
JULHO,NJUD N/A,BOLETIM_RADIO_TJRN_26_07_2026_B9_MUTIRAO_POPULACAO_SITUACAO_DE_RUA.mp3,26_07_2026,MUTIRAO_POPULACAO_SITUACAO_DE_RUA,,TJRN,NAO,H:\Meu Drive\RADIO TJRN CONTEÚDO\00_PRODUCAO_2026\01_BOLETINS_DIARIOS\03_AUDIOS_RADIO\07 - JUL - 26\31 07 - SEX
MARÇO,NJUD N/A,BOLETIM_RADIO_TJRN_26_03_2026_B10_TRTRN_MOBILIZACAO_RODOVIARIA_.mp3,26_03_2026,TRTRN_MOBILIZACAO_RODOVIARIA,,TJRN,NAO,H:\Meu Drive\RADIO TJRN CONTEÚDO\00_PRODUCAO_2026\01_BOLETINS_DIARIOS\03_AUDIOS_RADIO\08 - AGO - 26\03 08 - SEG
MARÇO,NJUD N/A,BOLETIM_RADIO_TJRN_26_03_2026_B3_TJRN_LITERATURA_CARCERE_FLIP_2026.mp3,26_03_2026,TJRN_LITERATURA_CARCERE_FLIP_2026,,TJRN,NAO,H:\Meu Drive\RADIO TJRN CONTEÚDO\00_PRODUCAO_2026\01_BOLETINS_DIARIOS\03_AUDIOS_RADIO\08 - AGO - 26\03 08 - SEG
MARÇO,NJUD N/A,BOLETIM_RADIO_TJRN_26_03_2026_B4_ESTAGIO_VARA_EXECUCAO_MOSSORO.mp3,26_03_2026,ESTAGIO_VARA_EXECUCAO_MOSSORO,,TJRN,NAO,H:\Meu Drive\RADIO TJRN CONTEÚDO\00_PRODUCAO_2026\01_BOLETINS_DIARIOS\03_AUDIOS_RADIO\08 - AGO - 26\03 08 - SEG
MARÇO,NJUD N/A,BOLETIM_RADIO_TJRN_26_03_2026_B6_TJRN_RESPONSAVEL_INTERINO_LUIS_GOMES.mp3,26_03_2026,TJRN_RESPONSAVEL_INTERINO_LUIS_GOMES,,TJRN,NAO,H:\Meu Drive\RADIO TJRN CONTEÚDO\00_PRODUCAO_2026\01_BOLETINS_DIARIOS\03_AUDIOS_RADIO\08 - AGO - 26\03 08 - SEG
MARÇO,NJUD N/A,BOLETIM_RADIO_TJRN_26_03_2026_B7_TJRN_VARA_FAZENDA_HOMOLOGA_RESULTADO.mp3,26_03_2026,TJRN_VARA_FAZENDA_HOMOLOGA_RESULTADO,,TJRN,NAO,H:\Meu Drive\RADIO TJRN CONTEÚDO\00_PRODUCAO_2026\01_BOLETINS_DIARIOS\03_AUDIOS_RADIO\08 - AGO - 26\03 08 - SEG
MARÇO,NJUD N/A,BOLETIM_RADIO_TJRN_26_03_2026_B8_TJRN_1_CAMARA_SESSAO_EXTRAORDINARIA_.mp3,26_03_2026,TJRN_1_CAMARA_SESSAO_EXTRAORDINARIA,,TJRN,NAO,H:\Meu Drive\RADIO TJRN CONTEÚDO\00_PRODUCAO_2026\01_BOLETINS_DIARIOS\03_AUDIOS_RADIO\08 - AGO - 26\03 08 - SEG
MARÇO,NJUD N/A,BOLETIM_RADIO_TJRN_26_03_2026_B9_DPERN_DECISAO_REFORMA_CENTRO_QUEIMADO.mp3,26_03_2026,DPERN_DECISAO_REFORMA_CENTRO_QUEIMADO,,TJRN,NAO,H:\Meu Drive\RADIO TJRN CONTEÚDO\00_PRODUCAO_2026\01_BOLETINS_DIARIOS\03_AUDIOS_RADIO\08 - AGO - 26\03 08 - SEG
ABRIL,NJUD N/A,BOLETIM_RADIO_TJRN_26_04_2026_B10_TRERN_SISTEMA_DE_DENUNCIAS_.mp3,26_04_2026,TRERN_SISTEMA_DE_DENUNCIAS,,TJRN,NAO,H:\Meu Drive\RADIO TJRN CONTEÚDO\00_PRODUCAO_2026\01_BOLETINS_DIARIOS\03_AUDIOS_RADIO\08 - AGO - 26\04 08 - TER
ABRIL,NJUD N/A,BOLETIM_RADIO_TJRN_26_04_2026_B1_TJRN_SECRETARIA_AUDITORIA_INTERNA_FORUM_.mp3,26_04_2026,TJRN_SECRETARIA_AUDITORIA_INTERNA_FORUM,,TJRN,NAO,H:\Meu Drive\RADIO TJRN CONTEÚDO\00_PRODUCAO_2026\01_BOLETINS_DIARIOS\03_AUDIOS_RADIO\08 - AGO - 26\04 08 - TER
ABRIL,NJUD N/A,BOLETIM_RADIO_TJRN_26_04_2026_B5_TJRN_EXTINGUE_ACAO_LOTERIA_MUNICIPAL.mp3,26_04_2026,TJRN_EXTINGUE_ACAO_LOTERIA_MUNICIPAL,,TJRN,NAO,H:\Meu Drive\RADIO TJRN CONTEÚDO\00_PRODUCAO_2026\01_BOLETINS_DIARIOS\03_AUDIOS_RADIO\08 - AGO - 26\04 08 - TER
ABRIL,NJUD N/A,BOLETIM_RADIO_TJRN_26_04_2026_B7_TJRN_MANTIDO_JURI_HOMICIDIO_.mp3,26_04_2026,TJRN_MANTIDO_JURI_HOMICIDIO,,TJRN,NAO,H:\Meu Drive\RADIO TJRN CONTEÚDO\00_PRODUCAO_2026\01_BOLETINS_DIARIOS\03_AUDIOS_RADIO\08 - AGO - 26\04 08 - TER
ABRIL,NJUD N/A,BOLETIM_RADIO_TJRN_26_04_2026_B8_ESMARN_INSCRICOES_ESTAGIO_LETRAS_.mp3,26_04_2026,ESMARN_INSCRICOES_ESTAGIO_LETRAS,,TJRN,NAO,H:\Meu Drive\RADIO TJRN CONTEÚDO\00_PRODUCAO_2026\01_BOLETINS_DIARIOS\03_AUDIOS_RADIO\08 - AGO - 26\04 08 - TER
ABRIL,NJUD N/A,BOLETIM_RADIO_TJRN_26_04_2026_B9_MPRN_NOVA_SEDE_CENTRO_ATENCAO_SANTOS_REIS_.mp3,26_04_2026,MPRN_NOVA_SEDE_CENTRO_ATENCAO_SANTOS_REIS,,TJRN,NAO,H:\Meu Drive\RADIO TJRN CONTEÚDO\00_PRODUCAO_2026\01_BOLETINS_DIARIOS\03_AUDIOS_RADIO\08 - AGO - 26\04 08 - TER
MAIO,NJUD N/A,BOLETIM_RADIO_TJRN_26_05_2026_B10_MPRN_ORIENTA_JARDIM_SERIDO_TAXI.mp3,26_05_2026,MPRN_ORIENTA_JARDIM_SERIDO_TAXI,,TJRN,NAO,H:\Meu Drive\RADIO TJRN CONTEÚDO\00_PRODUCAO_2026\01_BOLETINS_DIARIOS\03_AUDIOS_RADIO\08 - AGO - 26\05 08 - QUA
MAIO,NJUD N/A,BOLETIM_RADIO_TJRN_26_05_2026_B2_TJRN_ETAPAS_DO_CONCURSO.mp3,26_05_2026,TJRN_ETAPAS_DO_CONCURSO,,TJRN,NAO,H:\Meu Drive\RADIO TJRN CONTEÚDO\00_PRODUCAO_2026\01_BOLETINS_DIARIOS\03_AUDIOS_RADIO\08 - AGO - 26\05 08 - QUA
MAIO,NJUD N/A,BOLETIM_RADIO_TJRN_26_05_2026_B5_TJRN_CONTRATO_DEPOSITO_ACAO_BANCO.mp3,26_05_2026,TJRN_CONTRATO_DEPOSITO_ACAO_BANCO,,TJRN,NAO,H:\Meu Drive\RADIO TJRN CONTEÚDO\00_PRODUCAO_2026\01_BOLETINS_DIARIOS\03_AUDIOS_RADIO\08 - AGO - 26\05 08 - QUA
MAIO,NJUD N/A,BOLETIM_RADIO_TJRN_26_05_2026_B7_TJRN_CGJ_MODERNIZACAO_AREA_CRIMINAL_.mp3,26_05_2026,TJRN_CGJ_MODERNIZACAO_AREA_CRIMINAL,,TJRN,NAO,H:\Meu Drive\RADIO TJRN CONTEÚDO\00_PRODUCAO_2026\01_BOLETINS_DIARIOS\03_AUDIOS_RADIO\08 - AGO - 26\05 08 - QUA
MAIO,NJUD N/A,BOLETIM_RADIO_TJRN_26_05_2026_B8_TJRN_PLENO_DEFINE_LISTA_TRIPLICE_.mp3,26_05_2026,TJRN_PLENO_DEFINE_LISTA_TRIPLICE,,TJRN,NAO,H:\Meu Drive\RADIO TJRN CONTEÚDO\00_PRODUCAO_2026\01_BOLETINS_DIARIOS\03_AUDIOS_RADIO\08 - AGO - 26\05 08 - QUA
MAIO,NJUD N/A,BOLETIM_RADIO_TJRN_26_05_2026_B9_MPRN_RECOMENDACAO_ESTRUTURACAO_CONSELHO.mp3,26_05_2026,MPRN_RECOMENDACAO_ESTRUTURACAO_CONSELHO,,TJRN,NAO,H:\Meu Drive\RADIO TJRN CONTEÚDO\00_PRODUCAO_2026\01_BOLETINS_DIARIOS\03_AUDIOS_RADIO\08 - AGO - 26\05 08 - QUA
JUNHO,NJUD N/A,BOLETIM_RADIO_TJRN_26_06_2026_B10_DPERN_QUILOMBOLAS_SAO_TOME.mp3,26_06_2026,DPERN_QUILOMBOLAS_SAO_TOME,,TJRN,NAO,H:\Meu Drive\RADIO TJRN CONTEÚDO\00_PRODUCAO_2026\01_BOLETINS_DIARIOS\03_AUDIOS_RADIO\08 - AGO - 26\06 08 - QUI
JUNHO,NJUD N/A,BOLETIM_RADIO_TJRN_26_06_2026_B1_TJRN_COMARCA_MARTINS_EDITAL_PENAS_PECUNIARIAS_.mp3,26_06_2026,TJRN_COMARCA_MARTINS_EDITAL_PENAS_PECUNIARIAS,,TJRN,NAO,H:\Meu Drive\RADIO TJRN CONTEÚDO\00_PRODUCAO_2026\01_BOLETINS_DIARIOS\03_AUDIOS_RADIO\08 - AGO - 26\06 08 - QUI
JUNHO,NJUD N/A,BOLETIM_RADIO_TJRN_26_06_2026_B6_TJRN_PADRASTO_ABUSA_ENTEADAS_RN.mp3,26_06_2026,TJRN_PADRASTO_ABUSA_ENTEADAS_RN,,TJRN,NAO,H:\Meu Drive\RADIO TJRN CONTEÚDO\00_PRODUCAO_2026\01_BOLETINS_DIARIOS\03_AUDIOS_RADIO\08 - AGO - 26\06 08 - QUI
JUNHO,NJUD N/A,BOLETIM_RADIO_TJRN_26_06_2026_B7_TJRN_COMITE_POPRUAJUD.mp3,26_06_2026,TJRN_COMITE_POPRUAJUD,,TJRN,NAO,H:\Meu Drive\RADIO TJRN CONTEÚDO\00_PRODUCAO_2026\01_BOLETINS_DIARIOS\03_AUDIOS_RADIO\08 - AGO - 26\06 08 - QUI
JUNHO,NJUD N/A,BOLETIM_RADIO_TJRN_26_06_2026_B8_TJRN_INSCRICOES_ABERTAS_CURSO_GESTAO_ESTRATEGICA_.mp3,26_06_2026,TJRN_INSCRICOES_ABERTAS_CURSO_GESTAO_ESTRATEGICA,,TJRN,NAO,H:\Meu Drive\RADIO TJRN CONTEÚDO\00_PRODUCAO_2026\01_BOLETINS_DIARIOS\03_AUDIOS_RADIO\08 - AGO - 26\06 08 - QUI
JUNHO,NJUD N/A,BOLETIM_RADIO_TJRN_26_06_2026_B9_OABRN_20_ANOS_MARIA_DA_PENHA.mp3,26_06_2026,OABRN_20_ANOS_MARIA_DA_PENHA,,TJRN,NAO,H:\Meu Drive\RADIO TJRN CONTEÚDO\00_PRODUCAO_2026\01_BOLETINS_DIARIOS\03_AUDIOS_RADIO\08 - AGO - 26\06 08 - QUI
JULHO,NJUD N/A,BOLETIM_RADIO_TJRN_26_07_2026_B10_TCERN_COMISSAO_PLANO_SEGURANCA_INSTITUCIONAL_.mp3,26_07_2026,TCERN_COMISSAO_PLANO_SEGURANCA_INSTITUCIONAL,,TJRN,NAO,H:\Meu Drive\RADIO TJRN CONTEÚDO\00_PRODUCAO_2026\01_BOLETINS_DIARIOS\03_AUDIOS_RADIO\08 - AGO - 26\07 08 - SEX
JULHO,NJUD N/A,BOLETIM_RADIO_TJRN_26_07_2026_B2_TJRN_SELECAO_DIREITO_GABINETES.mp3,26_07_2026,TJRN_SELECAO_DIREITO_GABINETES,,TJRN,NAO,H:\Meu Drive\RADIO TJRN CONTEÚDO\00_PRODUCAO_2026\01_BOLETINS_DIARIOS\03_AUDIOS_RADIO\08 - AGO - 26\07 08 - SEX
JULHO,NJUD N/A,BOLETIM_RADIO_TJRN_26_07_2026_B6_TJRN_DIVULGACAO_VIDEO_FALSAS_ACUSACOES.mp3,26_07_2026,TJRN_DIVULGACAO_VIDEO_FALSAS_ACUSACOES,,TJRN,NAO,H:\Meu Drive\RADIO TJRN CONTEÚDO\00_PRODUCAO_2026\01_BOLETINS_DIARIOS\03_AUDIOS_RADIO\08 - AGO - 26\07 08 - SEX
JULHO,NJUD N/A,BOLETIM_RADIO_TJRN_26_07_2026_B7_ESMARN_DINTER_NOVO_SEMESTRE.mp3,26_07_2026,ESMARN_DINTER_NOVO_SEMESTRE,,TJRN,NAO,H:\Meu Drive\RADIO TJRN CONTEÚDO\00_PRODUCAO_2026\01_BOLETINS_DIARIOS\03_AUDIOS_RADIO\08 - AGO - 26\07 08 - SEX
JULHO,NJUD N/A,BOLETIM_RADIO_TJRN_26_07_2026_B8_MPRN_RECOMENDA_ATENDIMENTO_JOVENS_AMEACADOS_.mp3,26_07_2026,MPRN_RECOMENDA_ATENDIMENTO_JOVENS_AMEACADOS,,TJRN,NAO,H:\Meu Drive\RADIO TJRN CONTEÚDO\00_PRODUCAO_2026\01_BOLETINS_DIARIOS\03_AUDIOS_RADIO\08 - AGO - 26\07 08 - SEX
JULHO,NJUD N/A,BOLETIM_RADIO_TJRN_26_07_2026_B9_MPRN_CONGRESSO_DEFESA_PATRIMONIO_PUBLICO.mp3,26_07_2026,MPRN_CONGRESSO_DEFESA_PATRIMONIO_PUBLICO,,TJRN,NAO,H:\Meu Drive\RADIO TJRN CONTEÚDO\00_PRODUCAO_2026\01_BOLETINS_DIARIOS\03_AUDIOS_RADIO\08 - AGO - 26\07 08 - SEX
NOVEMBRO,NJUD N/A,BOLETIM_RADIO_TJRN_26_11_2026_B10_MPRN_OPERACAO_BARAO_TRIGO_.mp3,26_11_2026,MPRN_OPERACAO_BARAO_TRIGO,,TJRN,NAO,H:\Meu Drive\RADIO TJRN CONTEÚDO\00_PRODUCAO_2026\01_BOLETINS_DIARIOS\03_AUDIOS_RADIO\08 - AGO - 26\11 08 - TER
NOVEMBRO,NJUD N/A,BOLETIM_RADIO_TJRN_26_11_2026_B2_TJRN_COMARCA_CAICO_RESPONSAVEL_INTERINO_.mp3,26_11_2026,TJRN_COMARCA_CAICO_RESPONSAVEL_INTERINO,,TJRN,NAO,H:\Meu Drive\RADIO TJRN CONTEÚDO\00_PRODUCAO_2026\01_BOLETINS_DIARIOS\03_AUDIOS_RADIO\08 - AGO - 26\11 08 - TER
NOVEMBRO,NJUD N/A,BOLETIM_RADIO_TJRN_26_11_2026_B4_TJRN_AVISO_SERVICOS_TIC.mp3,26_11_2026,TJRN_AVISO_SERVICOS_TIC,,TJRN,NAO,H:\Meu Drive\RADIO TJRN CONTEÚDO\00_PRODUCAO_2026\01_BOLETINS_DIARIOS\03_AUDIOS_RADIO\08 - AGO - 26\11 08 - TER
NOVEMBRO,NJUD N/A,BOLETIM_RADIO_TJRN_26_11_2026_B5_TJRN_PESQUISA_PUBLICA_PLANEJAMENTO_ESTRATEGICO_.mp3,26_11_2026,TJRN_PESQUISA_PUBLICA_PLANEJAMENTO_ESTRATEGICO,,TJRN,NAO,H:\Meu Drive\RADIO TJRN CONTEÚDO\00_PRODUCAO_2026\01_BOLETINS_DIARIOS\03_AUDIOS_RADIO\08 - AGO - 26\11 08 - TER
NOVEMBRO,NJUD N/A,BOLETIM_RADIO_TJRN_26_11_2026_B6_TJRN_SESSAO_ORDEM_ARGUICAO_CANDIDATOS_.mp3,26_11_2026,TJRN_SESSAO_ORDEM_ARGUICAO_CANDIDATOS,,TJRN,NAO,H:\Meu Drive\RADIO TJRN CONTEÚDO\00_PRODUCAO_2026\01_BOLETINS_DIARIOS\03_AUDIOS_RADIO\08 - AGO - 26\11 08 - TER
NOVEMBRO,NJUD N/A,BOLETIM_RADIO_TJRN_26_11_2026_B9_MPRN_PRISAO_EX_MARIDO_MARIA_PENHA.mp3,26_11_2026,MPRN_PRISAO_EX_MARIDO_MARIA_PENHA,,TJRN,NAO,H:\Meu Drive\RADIO TJRN CONTEÚDO\00_PRODUCAO_2026\01_BOLETINS_DIARIOS\03_AUDIOS_RADIO\08 - AGO - 26\11 08 - TER
DEZEMBRO,NJUD N/A,BOLETIM_RADIO_TJRN_26_12_2026_B10_ESMARN_CURSO_EXECUCAO_PECUNIARIAS_.mp3,26_12_2026,ESMARN_CURSO_EXECUCAO_PECUNIARIAS,,TJRN,NAO,H:\Meu Drive\RADIO TJRN CONTEÚDO\00_PRODUCAO_2026\01_BOLETINS_DIARIOS\03_AUDIOS_RADIO\08 - AGO - 26\12 08 - QUA
DEZEMBRO,NJUD N/A,BOLETIM_RADIO_TJRN_26_12_2026_B1_TJRN_HOMEM_SE_PASSA_SECRETARIO_EDUCACAO_.mp3,26_12_2026,TJRN_HOMEM_SE_PASSA_SECRETARIO_EDUCACAO,,TJRN,NAO,H:\Meu Drive\RADIO TJRN CONTEÚDO\00_PRODUCAO_2026\01_BOLETINS_DIARIOS\03_AUDIOS_RADIO\08 - AGO - 26\12 08 - QUA
DEZEMBRO,NJUD N/A,BOLETIM_RADIO_TJRN_26_12_2026_B2_TJRN_FAMILIA_INDENIZADA_VOO_PORTO_ALEGRE_.mp3,26_12_2026,TJRN_FAMILIA_INDENIZADA_VOO_PORTO_ALEGRE,,TJRN,NAO,H:\Meu Drive\RADIO TJRN CONTEÚDO\00_PRODUCAO_2026\01_BOLETINS_DIARIOS\03_AUDIOS_RADIO\08 - AGO - 26\12 08 - QUA
DEZEMBRO,NJUD N/A,BOLETIM_RADIO_TJRN_26_12_2026_B3_TJRN_COMARCA_JARDIM_SERIDO_INTERINO_.mp3,26_12_2026,TJRN_COMARCA_JARDIM_SERIDO_INTERINO,,TJRN,NAO,H:\Meu Drive\RADIO TJRN CONTEÚDO\00_PRODUCAO_2026\01_BOLETINS_DIARIOS\03_AUDIOS_RADIO\08 - AGO - 26\12 08 - QUA
DEZEMBRO,NJUD N/A,BOLETIM_RADIO_TJRN_26_12_2026_B4_TJRN_EDITAIS_COM_ALTERACOES_.mp3,26_12_2026,TJRN_EDITAIS_COM_ALTERACOES,,TJRN,NAO,H:\Meu Drive\RADIO TJRN CONTEÚDO\00_PRODUCAO_2026\01_BOLETINS_DIARIOS\03_AUDIOS_RADIO\08 - AGO - 26\12 08 - QUA
DEZEMBRO,NJUD N/A,BOLETIM_RADIO_TJRN_26_12_2026_B5_TJRN_PLANO_SAUDE_CONDENADO.mp3,26_12_2026,TJRN_PLANO_SAUDE_CONDENADO,,TJRN,NAO,H:\Meu Drive\RADIO TJRN CONTEÚDO\00_PRODUCAO_2026\01_BOLETINS_DIARIOS\03_AUDIOS_RADIO\08 - AGO - 26\12 08 - QUA
DEZEMBRO,NJUD N/A,BOLETIM_RADIO_TJRN_26_12_2026_B6_TJRN_MOTORISTA_CONDENADO_ACIDENTE.mp3,26_12_2026,TJRN_MOTORISTA_CONDENADO_ACIDENTE,,TJRN,NAO,H:\Meu Drive\RADIO TJRN CONTEÚDO\00_PRODUCAO_2026\01_BOLETINS_DIARIOS\03_AUDIOS_RADIO\08 - AGO - 26\12 08 - QUA
DEZEMBRO,NJUD N/A,BOLETIM_RADIO_TJRN_26_12_2026_B7_TJRN_CONSUMIDORA_INDENIZADA_GELADEIRA.mp3,26_12_2026,TJRN_CONSUMIDORA_INDENIZADA_GELADEIRA,,TJRN,NAO,H:\Meu Drive\RADIO TJRN CONTEÚDO\00_PRODUCAO_2026\01_BOLETINS_DIARIOS\03_AUDIOS_RADIO\08 - AGO - 26\12 08 - QUA
DEZEMBRO,NJUD N/A,BOLETIM_RADIO_TJRN_26_12_2026_B8_TJRN_VENDA_CARRO_INDENIZACAO_.mp3,26_12_2026,TJRN_VENDA_CARRO_INDENIZACAO,,TJRN,NAO,H:\Meu Drive\RADIO TJRN CONTEÚDO\00_PRODUCAO_2026\01_BOLETINS_DIARIOS\03_AUDIOS_RADIO\08 - AGO - 26\12 08 - QUA
DEZEMBRO,NJUD N/A,BOLETIM_RADIO_TJRN_26_12_2026_B9_TJRN_ESCOLA_JUDICIARIO_TRTRN.mp3,26_12_2026,TJRN_ESCOLA_JUDICIARIO_TRTRN,,TJRN,NAO,H:\Meu Drive\RADIO TJRN CONTEÚDO\00_PRODUCAO_2026\01_BOLETINS_DIARIOS\03_AUDIOS_RADIO\08 - AGO - 26\12 08 - QUA
FEVEREIRO,NJUD N/A,BOLETIM_RADIO_TJRN_02_02_2026_B10_DPERN_PRAZO_INSCRICOES_SUSTENTABILIDADE.mp3,02_02_2026,DPERN_PRAZO_INSCRICOES_SUSTENTABILIDADE,,TJRN,NAO,H:\Meu Drive\RADIO TJRN CONTEÚDO\00_PRODUCAO_2026\01_BOLETINS_DIARIOS\03_AUDIOS_RADIO
FEVEREIRO,NJUD N/A,BOLETIM_RADIO_TJRN_02_02_2026_B1_TJRN_ACAO_IMPROBIDADE_SERVIDOR_DETRAN.mp3,02_02_2026,TJRN_ACAO_IMPROBIDADE_SERVIDOR_DETRAN,,TJRN,NAO,H:\Meu Drive\RADIO TJRN CONTEÚDO\00_PRODUCAO_2026\01_BOLETINS_DIARIOS\03_AUDIOS_RADIO
FEVEREIRO,NJUD N/A,BOLETIM_RADIO_TJRN_02_02_2026_B2_TJRN_CRESCIMENTO_CAMARA_CRIMINAL_.mp3,02_02_2026,TJRN_CRESCIMENTO_CAMARA_CRIMINAL,,TJRN,NAO,H:\Meu Drive\RADIO TJRN CONTEÚDO\00_PRODUCAO_2026\01_BOLETINS_DIARIOS\03_AUDIOS_RADIO
FEVEREIRO,NJUD N/A,BOLETIM_RADIO_TJRN_02_02_2026_B3_TJRN_ACOES_PENITENCIARIA_ALCACUZ_.mp3,02_02_2026,TJRN_ACOES_PENITENCIARIA_ALCACUZ,,TJRN,NAO,H:\Meu Drive\RADIO TJRN CONTEÚDO\00_PRODUCAO_2026\01_BOLETINS_DIARIOS\03_AUDIOS_RADIO
FEVEREIRO,NJUD N/A,BOLETIM_RADIO_TJRN_02_02_2026_B4_TJRN_FABRICANTE_REDE_FARMACIA_.mp3,02_02_2026,TJRN_FABRICANTE_REDE_FARMACIA,,TJRN,NAO,H:\Meu Drive\RADIO TJRN CONTEÚDO\00_PRODUCAO_2026\01_BOLETINS_DIARIOS\03_AUDIOS_RADIO
FEVEREIRO,NJUD N/A,BOLETIM_RADIO_TJRN_02_02_2026_B5_TJRN_ESTAGIO_GRUPO_METAS.mp3,02_02_2026,TJRN_ESTAGIO_GRUPO_METAS,,TJRN,NAO,H:\Meu Drive\RADIO TJRN CONTEÚDO\00_PRODUCAO_2026\01_BOLETINS_DIARIOS\03_AUDIOS_RADIO
FEVEREIRO,NJUD N/A,BOLETIM_RADIO_TJRN_02_02_2026_B6_TJRN_CONDENA_HOMEM_MAUS_TRATOS.mp3,02_02_2026,TJRN_CONDENA_HOMEM_MAUS_TRATOS,,TJRN,NAO,H:\Meu Drive\RADIO TJRN CONTEÚDO\00_PRODUCAO_2026\01_BOLETINS_DIARIOS\03_AUDIOS_RADIO
FEVEREIRO,NJUD N/A,BOLETIM_RADIO_TJRN_02_02_2026_B7_TJRN_ANULA_PREGAO_CONSORCIO_.mp3,02_02_2026,TJRN_ANULA_PREGAO_CONSORCIO,,TJRN,NAO,H:\Meu Drive\RADIO TJRN CONTEÚDO\00_PRODUCAO_2026\01_BOLETINS_DIARIOS\03_AUDIOS_RADIO
FEVEREIRO,NJUD N/A,BOLETIM_RADIO_TJRN_02_02_2026_B8_TJRN_INCONSTITUCIONALIDADE_LEI_ENEM_.mp3,02_02_2026,TJRN_INCONSTITUCIONALIDADE_LEI_ENEM,,TJRN,NAO,H:\Meu Drive\RADIO TJRN CONTEÚDO\00_PRODUCAO_2026\01_BOLETINS_DIARIOS\03_AUDIOS_RADIO
FEVEREIRO,NJUD N/A,BOLETIM_RADIO_TJRN_02_02_2026_B9_TRTRN_DESCARACTERIZA_TRABALHO_INTERMITENTE.mp3,02_02_2026,TRTRN_DESCARACTERIZA_TRABALHO_INTERMITENTE,,TJRN,NAO,H:\Meu Drive\RADIO TJRN CONTEÚDO\00_PRODUCAO_2026\01_BOLETINS_DIARIOS\03_AUDIOS_RADIO
MARÇO,NJUD N/A,BOLETIM_RADIO_TJRN_02_03_2026_B10_TJRN_PRIMEIRO_TECNOLOGIA_FOCO_2026.mp3,02_03_2026,TJRN_PRIMEIRO_TECNOLOGIA_FOCO_2026,,TJRN,NAO,H:\Meu Drive\RADIO TJRN CONTEÚDO\00_PRODUCAO_2026\01_BOLETINS_DIARIOS\03_AUDIOS_RADIO
MARÇO,NJUD N/A,BOLETIM_RADIO_TJRN_02_03_2026_B1_TRERN_ADQUIRE_NOVAS_CADEIRAS_.mp3,02_03_2026,TRERN_ADQUIRE_NOVAS_CADEIRAS,,TJRN,NAO,H:\Meu Drive\RADIO TJRN CONTEÚDO\00_PRODUCAO_2026\01_BOLETINS_DIARIOS\03_AUDIOS_RADIO
MARÇO,NJUD N/A,BOLETIM_RADIO_TJRN_02_03_2026_B2_ACESSIBILIDADE_CAPS_PARNAMIRIM.mp3,02_03_2026,ACESSIBILIDADE_CAPS_PARNAMIRIM,,TJRN,NAO,H:\Meu Drive\RADIO TJRN CONTEÚDO\00_PRODUCAO_2026\01_BOLETINS_DIARIOS\03_AUDIOS_RADIO
MARÇO,NJUD N/A,BOLETIM_RADIO_TJRN_02_03_2026_B3_SUSPENSAO_DESCONTO_PENSAO.mp3,02_03_2026,SUSPENSAO_DESCONTO_PENSAO,,TJRN,NAO,H:\Meu Drive\RADIO TJRN CONTEÚDO\00_PRODUCAO_2026\01_BOLETINS_DIARIOS\03_AUDIOS_RADIO
MARÇO,NJUD N/A,BOLETIM_RADIO_TJRN_02_03_2026_B4_CONDENACAO_SALARIO_SEM_EXERCER_FUNCAO.mp3,02_03_2026,CONDENACAO_SALARIO_SEM_EXERCER_FUNCAO,,TJRN,NAO,H:\Meu Drive\RADIO TJRN CONTEÚDO\00_PRODUCAO_2026\01_BOLETINS_DIARIOS\03_AUDIOS_RADIO
MARÇO,NJUD N/A,BOLETIM_RADIO_TJRN_02_03_2026_B5_LICENCA_REMUNERADA_JOAO_CAMARA.mp3,02_03_2026,LICENCA_REMUNERADA_JOAO_CAMARA,,TJRN,NAO,H:\Meu Drive\RADIO TJRN CONTEÚDO\00_PRODUCAO_2026\01_BOLETINS_DIARIOS\03_AUDIOS_RADIO
MARÇO,NJUD N/A,BOLETIM_RADIO_TJRN_02_03_2026_B6_CONDENACAO_EXTRAVIO_BAGAGEM.mp3,02_03_2026,CONDENACAO_EXTRAVIO_BAGAGEM,,TJRN,NAO,H:\Meu Drive\RADIO TJRN CONTEÚDO\00_PRODUCAO_2026\01_BOLETINS_DIARIOS\03_AUDIOS_RADIO
MARÇO,NJUD N/A,BOLETIM_RADIO_TJRN_02_03_2026_B7_RESPONSAVEL_INTERINO_CANGUARETAMA.mp3,02_03_2026,RESPONSAVEL_INTERINO_CANGUARETAMA,,TJRN,NAO,H:\Meu Drive\RADIO TJRN CONTEÚDO\00_PRODUCAO_2026\01_BOLETINS_DIARIOS\03_AUDIOS_RADIO
MARÇO,NJUD N/A,BOLETIM_RADIO_TJRN_02_03_2026_B8_TJRN_2_VARA_PARNAMIRIM_ESTAGIO.mp3,02_03_2026,TJRN_2_VARA_PARNAMIRIM_ESTAGIO,,TJRN,NAO,H:\Meu Drive\RADIO TJRN CONTEÚDO\00_PRODUCAO_2026\01_BOLETINS_DIARIOS\03_AUDIOS_RADIO
MARÇO,NJUD N/A,BOLETIM_RADIO_TJRN_02_03_2026_B9_TJRN_JUSTICA_ELEVA_PERCENTUAL_ALIMENTOS_.mp3,02_03_2026,TJRN_JUSTICA_ELEVA_PERCENTUAL_ALIMENTOS,,TJRN,NAO,H:\Meu Drive\RADIO TJRN CONTEÚDO\00_PRODUCAO_2026\01_BOLETINS_DIARIOS\03_AUDIOS_RADIO
FEVEREIRO,NJUD N/A,BOLETIM_RADIO_TJRN_03_02_2026_B10_TJRN_REDE_SOCIAL_CONDENADA_.mp3,03_02_2026,TJRN_REDE_SOCIAL_CONDENADA,,TJRN,NAO,H:\Meu Drive\RADIO TJRN CONTEÚDO\00_PRODUCAO_2026\01_BOLETINS_DIARIOS\03_AUDIOS_RADIO
FEVEREIRO,NJUD N/A,BOLETIM_RADIO_TJRN_03_02_2026_B1_TJRN_SUSPENDE_LICITACAO_CANGUARETAMA_.mp3,03_02_2026,TJRN_SUSPENDE_LICITACAO_CANGUARETAMA,,TJRN,NAO,H:\Meu Drive\RADIO TJRN CONTEÚDO\00_PRODUCAO_2026\01_BOLETINS_DIARIOS\03_AUDIOS_RADIO
FEVEREIRO,NJUD N/A,BOLETIM_RADIO_TJRN_03_02_2026_B2_TJRN_IA_ROTINAS_PRESTACAO_JURISDICIONAL.mp3,03_02_2026,TJRN_IA_ROTINAS_PRESTACAO_JURISDICIONAL,,TJRN,NAO,H:\Meu Drive\RADIO TJRN CONTEÚDO\00_PRODUCAO_2026\01_BOLETINS_DIARIOS\03_AUDIOS_RADIO
FEVEREIRO,NJUD N/A,BOLETIM_RADIO_TJRN_03_02_2026_B3_VARA_CRIMINAL_ESTAGIO_.mp3,03_02_2026,VARA_CRIMINAL_ESTAGIO,,TJRN,NAO,H:\Meu Drive\RADIO TJRN CONTEÚDO\00_PRODUCAO_2026\01_BOLETINS_DIARIOS\03_AUDIOS_RADIO
FEVEREIRO,NJUD N/A,BOLETIM_RADIO_TJRN_03_02_2026_B4_TJRN_COMARCA_EXTREMOZ_DEMANDAS_JUDICIAIS_.mp3,03_02_2026,TJRN_COMARCA_EXTREMOZ_DEMANDAS_JUDICIAIS,,TJRN,NAO,H:\Meu Drive\RADIO TJRN CONTEÚDO\00_PRODUCAO_2026\01_BOLETINS_DIARIOS\03_AUDIOS_RADIO
FEVEREIRO,NJUD N/A,BOLETIM_RADIO_TJRN_03_02_2026_B5_TRERN_CANAL_RECEBIMENTO_DENUNCIAS_.mp3,03_02_2026,TRERN_CANAL_RECEBIMENTO_DENUNCIAS,,TJRN,NAO,H:\Meu Drive\RADIO TJRN CONTEÚDO\00_PRODUCAO_2026\01_BOLETINS_DIARIOS\03_AUDIOS_RADIO
FEVEREIRO,NJUD N/A,BOLETIM_RADIO_TJRN_03_02_2026_B6_TJRN_PASSAGEIRO_INDENIZADO_.mp3,03_02_2026,TJRN_PASSAGEIRO_INDENIZADO,,TJRN,NAO,H:\Meu Drive\RADIO TJRN CONTEÚDO\00_PRODUCAO_2026\01_BOLETINS_DIARIOS\03_AUDIOS_RADIO
FEVEREIRO,NJUD N/A,BOLETIM_RADIO_TJRN_03_02_2026_B7_TJRN_MANTEM_INDEFERIMENTO_TRAILER_MOSSORO_.mp3,03_02_2026,TJRN_MANTEM_INDEFERIMENTO_TRAILER_MOSSORO,,TJRN,NAO,H:\Meu Drive\RADIO TJRN CONTEÚDO\00_PRODUCAO_2026\01_BOLETINS_DIARIOS\03_AUDIOS_RADIO
FEVEREIRO,NJUD N/A,BOLETIM_RADIO_TJRN_03_02_2026_B8_TJRN_OPERADORA_SAUDE_TRATAMENTO_AUTISMO_.mp3,03_02_2026,TJRN_OPERADORA_SAUDE_TRATAMENTO_AUTISMO,,TJRN,NAO,H:\Meu Drive\RADIO TJRN CONTEÚDO\00_PRODUCAO_2026\01_BOLETINS_DIARIOS\03_AUDIOS_RADIO
FEVEREIRO,NJUD N/A,BOLETIM_RADIO_TJRN_03_02_2026_B9_TJRN_COMARCA_SAO_BENTO_INTERINO_.mp3,03_02_2026,TJRN_COMARCA_SAO_BENTO_INTERINO,,TJRN,NAO,H:\Meu Drive\RADIO TJRN CONTEÚDO\00_PRODUCAO_2026\01_BOLETINS_DIARIOS\03_AUDIOS_RADIO
MARÇO,NJUD N/A,BOLETIM_RADIO_TJRN_03_03_2026_B10_TJRN_CURSO_ESTRATEGICO_SEGURANCA_.mp3,03_03_2026,TJRN_CURSO_ESTRATEGICO_SEGURANCA,,TJRN,NAO,H:\Meu Drive\RADIO TJRN CONTEÚDO\00_PRODUCAO_2026\01_BOLETINS_DIARIOS\03_AUDIOS_RADIO
MARÇO,NJUD N/A,BOLETIM_RADIO_TJRN_03_03_2026_B1_MINICURSO_COMITE_SAUDE.mp3,03_03_2026,MINICURSO_COMITE_SAUDE,,TJRN,NAO,H:\Meu Drive\RADIO TJRN CONTEÚDO\00_PRODUCAO_2026\01_BOLETINS_DIARIOS\03_AUDIOS_RADIO
MARÇO,NJUD N/A,BOLETIM_RADIO_TJRN_03_03_2026_B2_CONVENIO_DEBITO_PRECATORIOS.mp3,03_03_2026,CONVENIO_DEBITO_PRECATORIOS,,TJRN,NAO,H:\Meu Drive\RADIO TJRN CONTEÚDO\00_PRODUCAO_2026\01_BOLETINS_DIARIOS\03_AUDIOS_RADIO
MARÇO,NJUD N/A,BOLETIM_RADIO_TJRN_03_03_2026_B3_CONDENACAO_FABRICANTE_PNEUS.mp3,03_03_2026,CONDENACAO_FABRICANTE_PNEUS,,TJRN,NAO,H:\Meu Drive\RADIO TJRN CONTEÚDO\00_PRODUCAO_2026\01_BOLETINS_DIARIOS\03_AUDIOS_RADIO
MARÇO,NJUD N/A,BOLETIM_RADIO_TJRN_03_03_2026_B4_ESTAGIO_ENSINO_MEDIO.mp3,03_03_2026,ESTAGIO_ENSINO_MEDIO,,TJRN,NAO,H:\Meu Drive\RADIO TJRN CONTEÚDO\00_PRODUCAO_2026\01_BOLETINS_DIARIOS\03_AUDIOS_RADIO
MARÇO,NJUD N/A,BOLETIM_RADIO_TJRN_03_03_2026_B5_CONVOCACAO_CONCURSO_CAERN.mp3,03_03_2026,CONVOCACAO_CONCURSO_CAERN,,TJRN,NAO,H:\Meu Drive\RADIO TJRN CONTEÚDO\00_PRODUCAO_2026\01_BOLETINS_DIARIOS\03_AUDIOS_RADIO
MARÇO,NJUD N/A,BOLETIM_RADIO_TJRN_03_03_2026_B6_CONDENACAO_FRAUDE_LICITACAO.mp3,03_03_2026,CONDENACAO_FRAUDE_LICITACAO,,TJRN,NAO,H:\Meu Drive\RADIO TJRN CONTEÚDO\00_PRODUCAO_2026\01_BOLETINS_DIARIOS\03_AUDIOS_RADIO
MARÇO,NJUD N/A,BOLETIM_RADIO_TJRN_03_03_2026_B7_CONDENACAO_RESPONSABILIDADE_SOLIDARIA.mp3,03_03_2026,CONDENACAO_RESPONSABILIDADE_SOLIDARIA,,TJRN,NAO,H:\Meu Drive\RADIO TJRN CONTEÚDO\00_PRODUCAO_2026\01_BOLETINS_DIARIOS\03_AUDIOS_RADIO
MARÇO,NJUD N/A,BOLETIM_RADIO_TJRN_03_03_2026_B8_AMPLIACAO_SALAS_DEPOIMENTO_ESPECIAL.mp3,03_03_2026,AMPLIACAO_SALAS_DEPOIMENTO_ESPECIAL,,TJRN,NAO,H:\Meu Drive\RADIO TJRN CONTEÚDO\00_PRODUCAO_2026\01_BOLETINS_DIARIOS\03_AUDIOS_RADIO
MARÇO,NJUD N/A,BOLETIM_RADIO_TJRN_03_03_2026_B9_PAGAMENTO_PASSAGENS_INTERMUNICIPAL.mp3,03_03_2026,PAGAMENTO_PASSAGENS_INTERMUNICIPAL,,TJRN,NAO,H:\Meu Drive\RADIO TJRN CONTEÚDO\00_PRODUCAO_2026\01_BOLETINS_DIARIOS\03_AUDIOS_RADIO
FEVEREIRO,NJUD N/A,BOLETIM_RADIO_TJRN_04_02_2026_B10_TJRN_NOMEACAO_CANDIDATO_CONCURSO_.mp3,04_02_2026,TJRN_NOMEACAO_CANDIDATO_CONCURSO,,TJRN,NAO,H:\Meu Drive\RADIO TJRN CONTEÚDO\00_PRODUCAO_2026\01_BOLETINS_DIARIOS\03_AUDIOS_RADIO
FEVEREIRO,NJUD N/A,BOLETIM_RADIO_TJRN_04_02_2026_B1_CONVOCACAO_JUIZES_LEIGOS_JUIZADOS.mp3,04_02_2026,CONVOCACAO_JUIZES_LEIGOS_JUIZADOS,,TJRN,NAO,H:\Meu Drive\RADIO TJRN CONTEÚDO\00_PRODUCAO_2026\01_BOLETINS_DIARIOS\03_AUDIOS_RADIO
FEVEREIRO,NJUD N/A,BOLETIM_RADIO_TJRN_04_02_2026_B2_DOACAO_LIVROS_SISTEMA_PRISIONAL.mp3,04_02_2026,DOACAO_LIVROS_SISTEMA_PRISIONAL,,TJRN,NAO,H:\Meu Drive\RADIO TJRN CONTEÚDO\00_PRODUCAO_2026\01_BOLETINS_DIARIOS\03_AUDIOS_RADIO
FEVEREIRO,NJUD N/A,BOLETIM_RADIO_TJRN_04_02_2026_B3_MANUAL_DE_GESTAO_PROCESSUAL.mp3,04_02_2026,MANUAL_DE_GESTAO_PROCESSUAL,,TJRN,NAO,H:\Meu Drive\RADIO TJRN CONTEÚDO\00_PRODUCAO_2026\01_BOLETINS_DIARIOS\03_AUDIOS_RADIO
FEVEREIRO,NJUD N/A,BOLETIM_RADIO_TJRN_04_02_2026_B4_INDENIZACAO_MEDICAMENTOS_COSERN.mp3,04_02_2026,INDENIZACAO_MEDICAMENTOS_COSERN,,TJRN,NAO,H:\Meu Drive\RADIO TJRN CONTEÚDO\00_PRODUCAO_2026\01_BOLETINS_DIARIOS\03_AUDIOS_RADIO
FEVEREIRO,NJUD N/A,BOLETIM_RADIO_TJRN_04_02_2026_B5_CONDENACAO_ROUBO_POLICIAL_MACAIBA.mp3,04_02_2026,CONDENACAO_ROUBO_POLICIAL_MACAIBA,,TJRN,NAO,H:\Meu Drive\RADIO TJRN CONTEÚDO\00_PRODUCAO_2026\01_BOLETINS_DIARIOS\03_AUDIOS_RADIO
FEVEREIRO,NJUD N/A,BOLETIM_RADIO_TJRN_04_02_2026_B6_CONDENACAO_BANCO_GOLPE_VEICULO.mp3,04_02_2026,CONDENACAO_BANCO_GOLPE_VEICULO,,TJRN,NAO,H:\Meu Drive\RADIO TJRN CONTEÚDO\00_PRODUCAO_2026\01_BOLETINS_DIARIOS\03_AUDIOS_RADIO
FEVEREIRO,NJUD N/A,BOLETIM_RADIO_TJRN_04_02_2026_B7_INDENIZACAO_EXTRAVIO_BAGAGEM_ASSU.mp3,04_02_2026,INDENIZACAO_EXTRAVIO_BAGAGEM_ASSU,,TJRN,NAO,H:\Meu Drive\RADIO TJRN CONTEÚDO\00_PRODUCAO_2026\01_BOLETINS_DIARIOS\03_AUDIOS_RADIO
FEVEREIRO,NJUD N/A,BOLETIM_RADIO_TJRN_04_02_2026_B8_MEDICAMENTO_ESCLEROSE_PLANO_SAUDE.mp3,04_02_2026,MEDICAMENTO_ESCLEROSE_PLANO_SAUDE,,TJRN,NAO,H:\Meu Drive\RADIO TJRN CONTEÚDO\00_PRODUCAO_2026\01_BOLETINS_DIARIOS\03_AUDIOS_RADIO
FEVEREIRO,NJUD N/A,BOLETIM_RADIO_TJRN_04_02_2026_B9_MUDANCA_HORARIO_SEGUNDA_CAMARA.mp3,04_02_2026,MUDANCA_HORARIO_SEGUNDA_CAMARA,,TJRN,NAO,H:\Meu Drive\RADIO TJRN CONTEÚDO\00_PRODUCAO_2026\01_BOLETINS_DIARIOS\03_AUDIOS_RADIO
MARÇO,NJUD N/A,BOLETIM_RADIO_TJRN_04_03_2026_B10_MPRN_FIRMA_ACORDO_INTERINSTITUCIONAL_.mp3,04_03_2026,MPRN_FIRMA_ACORDO_INTERINSTITUCIONAL,,TJRN,NAO,H:\Meu Drive\RADIO TJRN CONTEÚDO\00_PRODUCAO_2026\01_BOLETINS_DIARIOS\03_AUDIOS_RADIO
MARÇO,NJUD N/A,BOLETIM_RADIO_TJRN_04_03_2026_B1_CAERN_CONDENADA_POR_SUSPENSAO_DE_AGUA.mp3,04_03_2026,CAERN_CONDENADA_POR_SUSPENSAO_DE_AGUA,,TJRN,NAO,H:\Meu Drive\RADIO TJRN CONTEÚDO\00_PRODUCAO_2026\01_BOLETINS_DIARIOS\03_AUDIOS_RADIO
MARÇO,NJUD N/A,BOLETIM_RADIO_TJRN_04_03_2026_B2_COSERN_DEVE_AUMENTAR_CARGA_ENERGETICA.mp3,04_03_2026,COSERN_DEVE_AUMENTAR_CARGA_ENERGETICA,,TJRN,NAO,H:\Meu Drive\RADIO TJRN CONTEÚDO\00_PRODUCAO_2026\01_BOLETINS_DIARIOS\03_AUDIOS_RADIO
MARÇO,NJUD N/A,BOLETIM_RADIO_TJRN_04_03_2026_B3_PARNAMIRIM_DEVE_PAGAR_ALUGUEIS.mp3,04_03_2026,PARNAMIRIM_DEVE_PAGAR_ALUGUEIS,,TJRN,NAO,H:\Meu Drive\RADIO TJRN CONTEÚDO\00_PRODUCAO_2026\01_BOLETINS_DIARIOS\03_AUDIOS_RADIO
MARÇO,NJUD N/A,BOLETIM_RADIO_TJRN_04_03_2026_B4_REDE_SOCIAL_DEVE_INDENIZAR_USUARIA.mp3,04_03_2026,REDE_SOCIAL_DEVE_INDENIZAR_USUARIA,,TJRN,NAO,H:\Meu Drive\RADIO TJRN CONTEÚDO\00_PRODUCAO_2026\01_BOLETINS_DIARIOS\03_AUDIOS_RADIO
MARÇO,NJUD N/A,BOLETIM_RADIO_TJRN_04_03_2026_B5_COSERN_DEVE_INDENIZAR_USUARIA.mp3,04_03_2026,COSERN_DEVE_INDENIZAR_USUARIA,,TJRN,NAO,H:\Meu Drive\RADIO TJRN CONTEÚDO\00_PRODUCAO_2026\01_BOLETINS_DIARIOS\03_AUDIOS_RADIO
MARÇO,NJUD N/A,BOLETIM_RADIO_TJRN_04_03_2026_B6_PENAS_PECUNIARIAS_CANGUARETAMA.mp3,04_03_2026,PENAS_PECUNIARIAS_CANGUARETAMA,,TJRN,NAO,H:\Meu Drive\RADIO TJRN CONTEÚDO\00_PRODUCAO_2026\01_BOLETINS_DIARIOS\03_AUDIOS_RADIO
MARÇO,NJUD N/A,BOLETIM_RADIO_TJRN_04_03_2026_B7_TRTRN_SOCIO_RESPONSABILIZADO_.mp3,04_03_2026,TRTRN_SOCIO_RESPONSABILIZADO,,TJRN,NAO,H:\Meu Drive\RADIO TJRN CONTEÚDO\00_PRODUCAO_2026\01_BOLETINS_DIARIOS\03_AUDIOS_RADIO
MARÇO,NJUD N/A,BOLETIM_RADIO_TJRN_04_03_2026_B9_CNJ_NOTA_TECNICA_COMBATE_FALSO_ADVOGADO_.mp3,04_03_2026,CNJ_NOTA_TECNICA_COMBATE_FALSO_ADVOGADO,,TJRN,NAO,H:\Meu Drive\RADIO TJRN CONTEÚDO\00_PRODUCAO_2026\01_BOLETINS_DIARIOS\03_AUDIOS_RADIO
MAIO,NJUD N/A,BOLETIM_RADIO_TJRN_04_05_2026_B10_ESTAGIO_POS_VICE_PRESIDENCIA.mp3,04_05_2026,ESTAGIO_POS_VICE_PRESIDENCIA,,TJRN,NAO,H:\Meu Drive\RADIO TJRN CONTEÚDO\00_PRODUCAO_2026\01_BOLETINS_DIARIOS\03_AUDIOS_RADIO
MAIO,NJUD N/A,BOLETIM_RADIO_TJRN_04_05_2026_B1_TJRN_VISITA_ALUNOS_UFRN_.mp3,04_05_2026,TJRN_VISITA_ALUNOS_UFRN,,TJRN,NAO,H:\Meu Drive\RADIO TJRN CONTEÚDO\00_PRODUCAO_2026\01_BOLETINS_DIARIOS\03_AUDIOS_RADIO
MAIO,NJUD N/A,BOLETIM_RADIO_TJRN_04_05_2026_B2_TJRN_JURI_ACUSADO_MATAR_PERSONAL_.mp3,04_05_2026,TJRN_JURI_ACUSADO_MATAR_PERSONAL,,TJRN,NAO,H:\Meu Drive\RADIO TJRN CONTEÚDO\00_PRODUCAO_2026\01_BOLETINS_DIARIOS\03_AUDIOS_RADIO
MAIO,NJUD N/A,BOLETIM_RADIO_TJRN_04_05_2026_B3_TJRN_INVESTE_GOVERNANCA.mp3,04_05_2026,TJRN_INVESTE_GOVERNANCA,,TJRN,NAO,H:\Meu Drive\RADIO TJRN CONTEÚDO\00_PRODUCAO_2026\01_BOLETINS_DIARIOS\03_AUDIOS_RADIO
MAIO,NJUD N/A,BOLETIM_RADIO_TJRN_04_05_2026_B4_TJRN_CONDUZ_MEDIACAO_.mp3,04_05_2026,TJRN_CONDUZ_MEDIACAO,,TJRN,NAO,H:\Meu Drive\RADIO TJRN CONTEÚDO\00_PRODUCAO_2026\01_BOLETINS_DIARIOS\03_AUDIOS_RADIO
MAIO,NJUD N/A,BOLETIM_RADIO_TJRN_04_05_2026_B5_RESTITUICAO_FALHA_PRODUTO.mp3,04_05_2026,RESTITUICAO_FALHA_PRODUTO,,TJRN,NAO,H:\Meu Drive\RADIO TJRN CONTEÚDO\00_PRODUCAO_2026\01_BOLETINS_DIARIOS\03_AUDIOS_RADIO
MAIO,NJUD N/A,BOLETIM_RADIO_TJRN_04_05_2026_B6_MAIO_TECNOLOGICO.mp3,04_05_2026,MAIO_TECNOLOGICO,,TJRN,NAO,H:\Meu Drive\RADIO TJRN CONTEÚDO\00_PRODUCAO_2026\01_BOLETINS_DIARIOS\03_AUDIOS_RADIO
MAIO,NJUD N/A,BOLETIM_RADIO_TJRN_04_05_2026_B7_IPTU_NATAL_TAXA_SELIC.mp3,04_05_2026,IPTU_NATAL_TAXA_SELIC,,TJRN,NAO,H:\Meu Drive\RADIO TJRN CONTEÚDO\00_PRODUCAO_2026\01_BOLETINS_DIARIOS\03_AUDIOS_RADIO
MAIO,NJUD N/A,BOLETIM_RADIO_TJRN_04_05_2026_B8_CONCENTRACAO_EXECUCAO_PENAL_RN.mp3,04_05_2026,CONCENTRACAO_EXECUCAO_PENAL_RN,,TJRN,NAO,H:\Meu Drive\RADIO TJRN CONTEÚDO\00_PRODUCAO_2026\01_BOLETINS_DIARIOS\03_AUDIOS_RADIO
MAIO,NJUD N/A,BOLETIM_RADIO_TJRN_04_05_2026_B9_SEMANA_COMBATE_ASSEDIO.mp3,04_05_2026,SEMANA_COMBATE_ASSEDIO,,TJRN,NAO,H:\Meu Drive\RADIO TJRN CONTEÚDO\00_PRODUCAO_2026\01_BOLETINS_DIARIOS\03_AUDIOS_RADIO
FEVEREIRO,NJUD N/A,BOLETIM_RADIO_TJRN_05_02_2026_B10_ACAO_NACIONAL_CONTRA_FEMINICIDIO.mp3,05_02_2026,ACAO_NACIONAL_CONTRA_FEMINICIDIO,,TJRN,NAO,H:\Meu Drive\RADIO TJRN CONTEÚDO\00_PRODUCAO_2026\01_BOLETINS_DIARIOS\03_AUDIOS_RADIO
FEVEREIRO,NJUD N/A,BOLETIM_RADIO_TJRN_05_02_2026_B1_TJRN_INSTALACAO_MEDIDORES_ENERGIA.mp3,05_02_2026,TJRN_INSTALACAO_MEDIDORES_ENERGIA,,TJRN,NAO,H:\Meu Drive\RADIO TJRN CONTEÚDO\00_PRODUCAO_2026\01_BOLETINS_DIARIOS\03_AUDIOS_RADIO
FEVEREIRO,NJUD N/A,BOLETIM_RADIO_TJRN_05_02_2026_B2_TJRN_MORADOR_MOSSORO_TRATAMENTO_MEDICO_.mp3,05_02_2026,TJRN_MORADOR_MOSSORO_TRATAMENTO_MEDICO,,TJRN,NAO,H:\Meu Drive\RADIO TJRN CONTEÚDO\00_PRODUCAO_2026\01_BOLETINS_DIARIOS\03_AUDIOS_RADIO
FEVEREIRO,NJUD N/A,BOLETIM_RADIO_TJRN_05_02_2026_B3_TJRN_CONDENA_EX_ASSESSORA_IMPROBIDADE.mp3,05_02_2026,TJRN_CONDENA_EX_ASSESSORA_IMPROBIDADE,,TJRN,NAO,H:\Meu Drive\RADIO TJRN CONTEÚDO\00_PRODUCAO_2026\01_BOLETINS_DIARIOS\03_AUDIOS_RADIO
FEVEREIRO,NJUD N/A,BOLETIM_RADIO_TJRN_05_02_2026_B4_TJRN_HOMEM_CONDENADO_ROUBO_.mp3,05_02_2026,TJRN_HOMEM_CONDENADO_ROUBO,,TJRN,NAO,H:\Meu Drive\RADIO TJRN CONTEÚDO\00_PRODUCAO_2026\01_BOLETINS_DIARIOS\03_AUDIOS_RADIO
FEVEREIRO,NJUD N/A,BOLETIM_RADIO_TJRN_05_02_2026_B5_TJRN_REDE_SOCIAL_CONTA_PERFIL.mp3,05_02_2026,TJRN_REDE_SOCIAL_CONTA_PERFIL,,TJRN,NAO,H:\Meu Drive\RADIO TJRN CONTEÚDO\00_PRODUCAO_2026\01_BOLETINS_DIARIOS\03_AUDIOS_RADIO
FEVEREIRO,NJUD N/A,BOLETIM_RADIO_TJRN_05_02_2026_B6_TJRN_CONDENA_BANCO_DIGITAL_.mp3,05_02_2026,TJRN_CONDENA_BANCO_DIGITAL,,TJRN,NAO,H:\Meu Drive\RADIO TJRN CONTEÚDO\00_PRODUCAO_2026\01_BOLETINS_DIARIOS\03_AUDIOS_RADIO
FEVEREIRO,NJUD N/A,BOLETIM_RADIO_TJRN_05_02_2026_B7_TRTRN_BANCO_DANOS_MORAIS_ADOECIMENTO_MENTAL.mp3,05_02_2026,TRTRN_BANCO_DANOS_MORAIS_ADOECIMENTO_MENTAL,,TJRN,NAO,H:\Meu Drive\RADIO TJRN CONTEÚDO\00_PRODUCAO_2026\01_BOLETINS_DIARIOS\03_AUDIOS_RADIO
FEVEREIRO,NJUD N/A,BOLETIM_RADIO_TJRN_05_02_2026_B8_OABRN_ALERTA_GOLPE_EXAME_ORDEM.mp3,05_02_2026,OABRN_ALERTA_GOLPE_EXAME_ORDEM,,TJRN,NAO,H:\Meu Drive\RADIO TJRN CONTEÚDO\00_PRODUCAO_2026\01_BOLETINS_DIARIOS\03_AUDIOS_RADIO
FEVEREIRO,NJUD N/A,BOLETIM_RADIO_TJRN_05_02_2026_B9_SESSAO_EXTRAORDINARIA_PRIMEIRA_CAMARA_CIVEL.mp3,05_02_2026,SESSAO_EXTRAORDINARIA_PRIMEIRA_CAMARA_CIVEL,,TJRN,NAO,H:\Meu Drive\RADIO TJRN CONTEÚDO\00_PRODUCAO_2026\01_BOLETINS_DIARIOS\03_AUDIOS_RADIO
MARÇO,NJUD N/A,BOLETIM_RADIO_TJRN_05_03_2026_B10_ESMARN_EDITAL_PROVA_PRATICA.mp3,05_03_2026,ESMARN_EDITAL_PROVA_PRATICA,,TJRN,NAO,H:\Meu Drive\RADIO TJRN CONTEÚDO\00_PRODUCAO_2026\01_BOLETINS_DIARIOS\03_AUDIOS_RADIO
MARÇO,NJUD N/A,BOLETIM_RADIO_TJRN_05_03_2026_B1_TJRN_ATO_IMPROBIDADE_LICITATORIO_.mp3,05_03_2026,TJRN_ATO_IMPROBIDADE_LICITATORIO,,TJRN,NAO,H:\Meu Drive\RADIO TJRN CONTEÚDO\00_PRODUCAO_2026\01_BOLETINS_DIARIOS\03_AUDIOS_RADIO
MARÇO,NJUD N/A,BOLETIM_RADIO_TJRN_05_03_2026_B2_TJRN_CONDENA_COMERCIANTES_REVENDA_.mp3,05_03_2026,TJRN_CONDENA_COMERCIANTES_REVENDA,,TJRN,NAO,H:\Meu Drive\RADIO TJRN CONTEÚDO\00_PRODUCAO_2026\01_BOLETINS_DIARIOS\03_AUDIOS_RADIO
MARÇO,NJUD N/A,BOLETIM_RADIO_TJRN_05_03_2026_B3_TJRN_ANPP_NEGADO_NOVA_DECISAO.mp3,05_03_2026,TJRN_ANPP_NEGADO_NOVA_DECISAO,,TJRN,NAO,H:\Meu Drive\RADIO TJRN CONTEÚDO\00_PRODUCAO_2026\01_BOLETINS_DIARIOS\03_AUDIOS_RADIO
MARÇO,NJUD N/A,BOLETIM_RADIO_TJRN_05_03_2026_B4_TJRN_MANTEM_LICITACAO_CABEAMENTO_.mp3,05_03_2026,TJRN_MANTEM_LICITACAO_CABEAMENTO,,TJRN,NAO,H:\Meu Drive\RADIO TJRN CONTEÚDO\00_PRODUCAO_2026\01_BOLETINS_DIARIOS\03_AUDIOS_RADIO
MARÇO,NJUD N/A,BOLETIM_RADIO_TJRN_05_03_2026_B5_TJRN_HOMEM_CONDENADO_ESTELIONATO.mp3,05_03_2026,TJRN_HOMEM_CONDENADO_ESTELIONATO,,TJRN,NAO,H:\Meu Drive\RADIO TJRN CONTEÚDO\00_PRODUCAO_2026\01_BOLETINS_DIARIOS\03_AUDIOS_RADIO
MARÇO,NJUD N/A,BOLETIM_RADIO_TJRN_05_03_2026_B6_TJRN_RESPOSABILIDADE_REDE_SOCIAL_.mp3,05_03_2026,TJRN_RESPOSABILIDADE_REDE_SOCIAL,,TJRN,NAO,H:\Meu Drive\RADIO TJRN CONTEÚDO\00_PRODUCAO_2026\01_BOLETINS_DIARIOS\03_AUDIOS_RADIO
MARÇO,NJUD N/A,BOLETIM_RADIO_TJRN_05_03_2026_B7_TJRN_NOMEIA_13_APROVADOS_.mp3,05_03_2026,TJRN_NOMEIA_13_APROVADOS,,TJRN,NAO,H:\Meu Drive\RADIO TJRN CONTEÚDO\00_PRODUCAO_2026\01_BOLETINS_DIARIOS\03_AUDIOS_RADIO
MARÇO,NJUD N/A,BOLETIM_RADIO_TJRN_05_03_2026_B8_DPERN_JARDIM_PRIMAVERA_.mp3,05_03_2026,DPERN_JARDIM_PRIMAVERA,,TJRN,NAO,H:\Meu Drive\RADIO TJRN CONTEÚDO\00_PRODUCAO_2026\01_BOLETINS_DIARIOS\03_AUDIOS_RADIO
MARÇO,NJUD N/A,BOLETIM_RADIO_TJRN_05_03_2026_B9_TRTRN_ASSISTENTE_VIRTUAL.mp3,05_03_2026,TRTRN_ASSISTENTE_VIRTUAL,,TJRN,NAO,H:\Meu Drive\RADIO TJRN CONTEÚDO\00_PRODUCAO_2026\01_BOLETINS_DIARIOS\03_AUDIOS_RADIO
MAIO,NJUD N/A,BOLETIM_RADIO_TJRN_05_05_2026_B10_VISITA_UNIVERSITARIOS_TJRN.mp3,05_05_2026,VISITA_UNIVERSITARIOS_TJRN,,TJRN,NAO,H:\Meu Drive\RADIO TJRN CONTEÚDO\00_PRODUCAO_2026\01_BOLETINS_DIARIOS\03_AUDIOS_RADIO
MAIO,NJUD N/A,BOLETIM_RADIO_TJRN_05_05_2026_B1_ETAPA_HETEROIDENTIFICACAO_ENAM.mp3,05_05_2026,ETAPA_HETEROIDENTIFICACAO_ENAM,,TJRN,NAO,H:\Meu Drive\RADIO TJRN CONTEÚDO\00_PRODUCAO_2026\01_BOLETINS_DIARIOS\03_AUDIOS_RADIO
MAIO,NJUD N/A,BOLETIM_RADIO_TJRN_05_05_2026_B2_POLICIAL_MILITAR_CONDENADO_TRIBUNAL_JURI.mp3,05_05_2026,POLICIAL_MILITAR_CONDENADO_TRIBUNAL_JURI,,TJRN,NAO,H:\Meu Drive\RADIO TJRN CONTEÚDO\00_PRODUCAO_2026\01_BOLETINS_DIARIOS\03_AUDIOS_RADIO
MAIO,NJUD N/A,BOLETIM_RADIO_TJRN_05_05_2026_B3_INDENIZACAO_ALAGAMENTO_CHUVAS.mp3,05_05_2026,INDENIZACAO_ALAGAMENTO_CHUVAS,,TJRN,NAO,H:\Meu Drive\RADIO TJRN CONTEÚDO\00_PRODUCAO_2026\01_BOLETINS_DIARIOS\03_AUDIOS_RADIO
MAIO,NJUD N/A,BOLETIM_RADIO_TJRN_05_05_2026_B4_CONDENACAO_ENTREGA_ERRADA.mp3,05_05_2026,CONDENACAO_ENTREGA_ERRADA,,TJRN,NAO,H:\Meu Drive\RADIO TJRN CONTEÚDO\00_PRODUCAO_2026\01_BOLETINS_DIARIOS\03_AUDIOS_RADIO
MAIO,NJUD N/A,BOLETIM_RADIO_TJRN_05_05_2026_B5_CONDENACAO_NEGATIVACAO_INDEVIDA.mp3,05_05_2026,CONDENACAO_NEGATIVACAO_INDEVIDA,,TJRN,NAO,H:\Meu Drive\RADIO TJRN CONTEÚDO\00_PRODUCAO_2026\01_BOLETINS_DIARIOS\03_AUDIOS_RADIO
MAIO,NJUD N/A,BOLETIM_RADIO_TJRN_05_05_2026_B6_DADOS_PORTAL_TRANSPARENCIA.mp3,05_05_2026,DADOS_PORTAL_TRANSPARENCIA,,TJRN,NAO,H:\Meu Drive\RADIO TJRN CONTEÚDO\00_PRODUCAO_2026\01_BOLETINS_DIARIOS\03_AUDIOS_RADIO
MAIO,NJUD N/A,BOLETIM_RADIO_TJRN_05_05_2026_B7_LITIGANCIA_MA_FE.mp3,05_05_2026,LITIGANCIA_MA_FE,,TJRN,NAO,H:\Meu Drive\RADIO TJRN CONTEÚDO\00_PRODUCAO_2026\01_BOLETINS_DIARIOS\03_AUDIOS_RADIO
MAIO,NJUD N/A,BOLETIM_RADIO_TJRN_05_05_2026_B8_MES_INFANCIA_PROTEGIDA.mp3,05_05_2026,MES_INFANCIA_PROTEGIDA,,TJRN,NAO,H:\Meu Drive\RADIO TJRN CONTEÚDO\00_PRODUCAO_2026\01_BOLETINS_DIARIOS\03_AUDIOS_RADIO
MAIO,NJUD N/A,BOLETIM_RADIO_TJRN_05_05_2026_B9_BATE_PAPO_RACISMO_ASSU.mp3,05_05_2026,BATE_PAPO_RACISMO_ASSU,,TJRN,NAO,H:\Meu Drive\RADIO TJRN CONTEÚDO\00_PRODUCAO_2026\01_BOLETINS_DIARIOS\03_AUDIOS_RADIO
FEVEREIRO,NJUD N/A,BOLETIM_RADIO_TJRN_06_02_2026_B10_TJRN_EMPRESA_TRANSPORTE_CONDENADA.mp3,06_02_2026,TJRN_EMPRESA_TRANSPORTE_CONDENADA,,TJRN,NAO,H:\Meu Drive\RADIO TJRN CONTEÚDO\00_PRODUCAO_2026\01_BOLETINS_DIARIOS\03_AUDIOS_RADIO
FEVEREIRO,NJUD N/A,BOLETIM_RADIO_TJRN_06_02_2026_B1_MPRN_CONDENACAO_EMPRESARIOS_.mp3,06_02_2026,MPRN_CONDENACAO_EMPRESARIOS,,TJRN,NAO,H:\Meu Drive\RADIO TJRN CONTEÚDO\00_PRODUCAO_2026\01_BOLETINS_DIARIOS\03_AUDIOS_RADIO
FEVEREIRO,NJUD N/A,BOLETIM_RADIO_TJRN_06_02_2026_B2_ALRN_ABRE_TRABALHOS_LEGISLATIVO_.mp3,06_02_2026,ALRN_ABRE_TRABALHOS_LEGISLATIVO,,TJRN,NAO,H:\Meu Drive\RADIO TJRN CONTEÚDO\00_PRODUCAO_2026\01_BOLETINS_DIARIOS\03_AUDIOS_RADIO
FEVEREIRO,NJUD N/A,BOLETIM_RADIO_TJRN_06_02_2026_B3_DPERN_CRIACAO_CARGOS_APOIO_ESCOLAR_.mp3,06_02_2026,DPERN_CRIACAO_CARGOS_APOIO_ESCOLAR,,TJRN,NAO,H:\Meu Drive\RADIO TJRN CONTEÚDO\00_PRODUCAO_2026\01_BOLETINS_DIARIOS\03_AUDIOS_RADIO
FEVEREIRO,NJUD N/A,BOLETIM_RADIO_TJRN_06_02_2026_B4_TRTRN_DOA_VEICULOS_INSTITUTO_CEGOS.mp3,06_02_2026,TRTRN_DOA_VEICULOS_INSTITUTO_CEGOS,,TJRN,NAO,H:\Meu Drive\RADIO TJRN CONTEÚDO\00_PRODUCAO_2026\01_BOLETINS_DIARIOS\03_AUDIOS_RADIO
FEVEREIRO,NJUD N/A,BOLETIM_RADIO_TJRN_06_02_2026_B5_CNJ_INSCRICOES_CIENCIAS_DE_DADOS_.mp3,06_02_2026,CNJ_INSCRICOES_CIENCIAS_DE_DADOS,,TJRN,NAO,H:\Meu Drive\RADIO TJRN CONTEÚDO\00_PRODUCAO_2026\01_BOLETINS_DIARIOS\03_AUDIOS_RADIO
FEVEREIRO,NJUD N/A,BOLETIM_RADIO_TJRN_06_02_2026_B6_ESMARN_CURSO_INTELIGENCIA_ARTIFICIAL_.mp3,06_02_2026,ESMARN_CURSO_INTELIGENCIA_ARTIFICIAL,,TJRN,NAO,H:\Meu Drive\RADIO TJRN CONTEÚDO\00_PRODUCAO_2026\01_BOLETINS_DIARIOS\03_AUDIOS_RADIO
FEVEREIRO,NJUD N/A,BOLETIM_RADIO_TJRN_06_02_2026_B7_TJRN_IDOSA_CAPITALIZACAO_.mp3,06_02_2026,TJRN_IDOSA_CAPITALIZACAO,,TJRN,NAO,H:\Meu Drive\RADIO TJRN CONTEÚDO\00_PRODUCAO_2026\01_BOLETINS_DIARIOS\03_AUDIOS_RADIO
FEVEREIRO,NJUD N/A,BOLETIM_RADIO_TJRN_06_02_2026_B8_TJRN_RECONHECE_DESVIO_FUNCAO_.mp3,06_02_2026,TJRN_RECONHECE_DESVIO_FUNCAO,,TJRN,NAO,H:\Meu Drive\RADIO TJRN CONTEÚDO\00_PRODUCAO_2026\01_BOLETINS_DIARIOS\03_AUDIOS_RADIO
FEVEREIRO,NJUD N/A,BOLETIM_RADIO_TJRN_06_02_2026_B9_TJRN_CUSTO_OBRAS_ACESSIBILIDADE.mp3,06_02_2026,TJRN_CUSTO_OBRAS_ACESSIBILIDADE,,TJRN,NAO,H:\Meu Drive\RADIO TJRN CONTEÚDO\00_PRODUCAO_2026\01_BOLETINS_DIARIOS\03_AUDIOS_RADIO
MARÇO,NJUD N/A,BOLETIM_RADIO_TJRN_06_03_2026_B10_DPERN_MEDICAMENTO_ALTO_CUSTO.mp3,06_03_2026,DPERN_MEDICAMENTO_ALTO_CUSTO,,TJRN,NAO,H:\Meu Drive\RADIO TJRN CONTEÚDO\00_PRODUCAO_2026\01_BOLETINS_DIARIOS\03_AUDIOS_RADIO
MARÇO,NJUD N/A,BOLETIM_RADIO_TJRN_06_03_2026_B1_TJRN_DETERMINA_RESTITUICAO_DOBRO.mp3,06_03_2026,TJRN_DETERMINA_RESTITUICAO_DOBRO,,TJRN,NAO,H:\Meu Drive\RADIO TJRN CONTEÚDO\00_PRODUCAO_2026\01_BOLETINS_DIARIOS\03_AUDIOS_RADIO
MARÇO,NJUD N/A,BOLETIM_RADIO_TJRN_06_03_2026_B2_TJRN_VALOR_COPARTICIPACAO_.mp3,06_03_2026,TJRN_VALOR_COPARTICIPACAO,,TJRN,NAO,H:\Meu Drive\RADIO TJRN CONTEÚDO\00_PRODUCAO_2026\01_BOLETINS_DIARIOS\03_AUDIOS_RADIO
MARÇO,NJUD N/A,BOLETIM_RADIO_TJRN_06_03_2026_B3_TJRN_CAMPESTRE_PROCESSO_SELETIVO_.mp3,06_03_2026,TJRN_CAMPESTRE_PROCESSO_SELETIVO,,TJRN,NAO,H:\Meu Drive\RADIO TJRN CONTEÚDO\00_PRODUCAO_2026\01_BOLETINS_DIARIOS\03_AUDIOS_RADIO
MARÇO,NJUD N/A,BOLETIM_RADIO_TJRN_06_03_2026_B4_TJRN_REDE_SOCIAL_DECISAO_.mp3,06_03_2026,TJRN_REDE_SOCIAL_DECISAO,,TJRN,NAO,H:\Meu Drive\RADIO TJRN CONTEÚDO\00_PRODUCAO_2026\01_BOLETINS_DIARIOS\03_AUDIOS_RADIO
MARÇO,NJUD N/A,BOLETIM_RADIO_TJRN_06_03_2026_B5_TJRN_HOMEM_CONDENADO_ROUBO.mp3,06_03_2026,TJRN_HOMEM_CONDENADO_ROUBO,,TJRN,NAO,H:\Meu Drive\RADIO TJRN CONTEÚDO\00_PRODUCAO_2026\01_BOLETINS_DIARIOS\03_AUDIOS_RADIO
MARÇO,NJUD N/A,BOLETIM_RADIO_TJRN_06_03_2026_B6_TJRN_FUNDACAO_EX_EMPREGADOS_TELERN_.mp3,06_03_2026,TJRN_FUNDACAO_EX_EMPREGADOS_TELERN,,TJRN,NAO,H:\Meu Drive\RADIO TJRN CONTEÚDO\00_PRODUCAO_2026\01_BOLETINS_DIARIOS\03_AUDIOS_RADIO
MARÇO,NJUD N/A,BOLETIM_RADIO_TJRN_06_03_2026_B7_TJRN_DESOCUPACAO_IMOVEIS_FELIPE_CAMARAO_.mp3,06_03_2026,TJRN_DESOCUPACAO_IMOVEIS_FELIPE_CAMARAO,,TJRN,NAO,H:\Meu Drive\RADIO TJRN CONTEÚDO\00_PRODUCAO_2026\01_BOLETINS_DIARIOS\03_AUDIOS_RADIO
MARÇO,NJUD N/A,BOLETIM_RADIO_TJRN_06_03_2026_B8_TJRN_PAU_FERROS_PROCESSO_SELETIVO_.mp3,06_03_2026,TJRN_PAU_FERROS_PROCESSO_SELETIVO,,TJRN,NAO,H:\Meu Drive\RADIO TJRN CONTEÚDO\00_PRODUCAO_2026\01_BOLETINS_DIARIOS\03_AUDIOS_RADIO
MARÇO,NJUD N/A,BOLETIM_RADIO_TJRN_06_03_2026_B9_TRTRN_PROCURADORA_CHEFE_UNIAO.mp3,06_03_2026,TRTRN_PROCURADORA_CHEFE_UNIAO,,TJRN,NAO,H:\Meu Drive\RADIO TJRN CONTEÚDO\00_PRODUCAO_2026\01_BOLETINS_DIARIOS\03_AUDIOS_RADIO
ABRIL,NJUD N/A,BOLETIM_RADIO_TJRN_06_04_2026_B10_TJRN_CONDENA_FALSO_ADVOGADO_.mp3,06_04_2026,TJRN_CONDENA_FALSO_ADVOGADO,,TJRN,NAO,H:\Meu Drive\RADIO TJRN CONTEÚDO\00_PRODUCAO_2026\01_BOLETINS_DIARIOS\03_AUDIOS_RADIO
ABRIL,NJUD N/A,BOLETIM_RADIO_TJRN_06_04_2026_B1_TJRN_FALHA_ELETRONICA_REGISTRO_DOCUMENTO_.mp3,06_04_2026,TJRN_FALHA_ELETRONICA_REGISTRO_DOCUMENTO,,TJRN,NAO,H:\Meu Drive\RADIO TJRN CONTEÚDO\00_PRODUCAO_2026\01_BOLETINS_DIARIOS\03_AUDIOS_RADIO
ABRIL,NJUD N/A,BOLETIM_RADIO_TJRN_06_04_2026_B2_TJRN_PROJETO_GMF_REDE_SOCIOEDUCATIVA_.mp3,06_04_2026,TJRN_PROJETO_GMF_REDE_SOCIOEDUCATIVA,,TJRN,NAO,H:\Meu Drive\RADIO TJRN CONTEÚDO\00_PRODUCAO_2026\01_BOLETINS_DIARIOS\03_AUDIOS_RADIO
ABRIL,NJUD N/A,BOLETIM_RADIO_TJRN_06_04_2026_B3_TJRN_COJUD_PROCESSO_SELETIVO_.mp3,06_04_2026,TJRN_COJUD_PROCESSO_SELETIVO,,TJRN,NAO,H:\Meu Drive\RADIO TJRN CONTEÚDO\00_PRODUCAO_2026\01_BOLETINS_DIARIOS\03_AUDIOS_RADIO
ABRIL,NJUD N/A,BOLETIM_RADIO_TJRN_06_04_2026_B4_TJRN_MUNICIPIO_GARANTIR_CONSULTAS_.mp3,06_04_2026,TJRN_MUNICIPIO_GARANTIR_CONSULTAS,,TJRN,NAO,H:\Meu Drive\RADIO TJRN CONTEÚDO\00_PRODUCAO_2026\01_BOLETINS_DIARIOS\03_AUDIOS_RADIO
ABRIL,NJUD N/A,BOLETIM_RADIO_TJRN_06_04_2026_B5_TJRN_MANTEM_RESPONSABILIZACAO_DANOS_ENCHENTE_.mp3,06_04_2026,TJRN_MANTEM_RESPONSABILIZACAO_DANOS_ENCHENTE,,TJRN,NAO,H:\Meu Drive\RADIO TJRN CONTEÚDO\00_PRODUCAO_2026\01_BOLETINS_DIARIOS\03_AUDIOS_RADIO
ABRIL,NJUD N/A,BOLETIM_RADIO_TJRN_06_04_2026_B6_TJRN_NEGA_RECURSO_ACUSADO_TENTATIVA_FEMINICIDIO_.mp3,06_04_2026,TJRN_NEGA_RECURSO_ACUSADO_TENTATIVA_FEMINICIDIO,,TJRN,NAO,H:\Meu Drive\RADIO TJRN CONTEÚDO\00_PRODUCAO_2026\01_BOLETINS_DIARIOS\03_AUDIOS_RADIO
ABRIL,NJUD N/A,BOLETIM_RADIO_TJRN_06_04_2026_B7_TJRN_ACORDOS_EXTRAJUDICIAIS_PROSSEGUIMENTOS_.mp3,06_04_2026,TJRN_ACORDOS_EXTRAJUDICIAIS_PROSSEGUIMENTOS,,TJRN,NAO,H:\Meu Drive\RADIO TJRN CONTEÚDO\00_PRODUCAO_2026\01_BOLETINS_DIARIOS\03_AUDIOS_RADIO
ABRIL,NJUD N/A,BOLETIM_RADIO_TJRN_06_04_2026_B8_TJRN_DECISAO_REALIZACAO_PERICIA_GRAFOTECNICA_.mp3,06_04_2026,TJRN_DECISAO_REALIZACAO_PERICIA_GRAFOTECNICA,,TJRN,NAO,H:\Meu Drive\RADIO TJRN CONTEÚDO\00_PRODUCAO_2026\01_BOLETINS_DIARIOS\03_AUDIOS_RADIO
ABRIL,NJUD N/A,BOLETIM_RADIO_TJRN_06_04_2026_B9_TJRN_GARANTE_COBERTURA_PARTO_SEM_CARENCIA_.mp3,06_04_2026,TJRN_GARANTE_COBERTURA_PARTO_SEM_CARENCIA,,TJRN,NAO,H:\Meu Drive\RADIO TJRN CONTEÚDO\00_PRODUCAO_2026\01_BOLETINS_DIARIOS\03_AUDIOS_RADIO
MAIO,NJUD N/A,BOLETIM_RADIO_TJRN_06_05_2026_B10_DPERN_IDOSA_DEFICIENCIA_VISUAL_.mp3,06_05_2026,DPERN_IDOSA_DEFICIENCIA_VISUAL,,TJRN,NAO,H:\Meu Drive\RADIO TJRN CONTEÚDO\00_PRODUCAO_2026\01_BOLETINS_DIARIOS\03_AUDIOS_RADIO
MAIO,NJUD N/A,BOLETIM_RADIO_TJRN_06_05_2026_B1_RESTRICAO_MATERIAL_CIRURGICO.mp3,06_05_2026,RESTRICAO_MATERIAL_CIRURGICO,,TJRN,NAO,H:\Meu Drive\RADIO TJRN CONTEÚDO\00_PRODUCAO_2026\01_BOLETINS_DIARIOS\03_AUDIOS_RADIO
MAIO,NJUD N/A,BOLETIM_RADIO_TJRN_06_05_2026_B2_AGRESSAO_SEGURANCA_DUPLA_SERTANEJA.mp3,06_05_2026,AGRESSAO_SEGURANCA_DUPLA_SERTANEJA,,TJRN,NAO,H:\Meu Drive\RADIO TJRN CONTEÚDO\00_PRODUCAO_2026\01_BOLETINS_DIARIOS\03_AUDIOS_RADIO
MAIO,NJUD N/A,BOLETIM_RADIO_TJRN_06_05_2026_B3_PENA_REDEFINIDA_TRAFICO.mp3,06_05_2026,PENA_REDEFINIDA_TRAFICO,,TJRN,NAO,H:\Meu Drive\RADIO TJRN CONTEÚDO\00_PRODUCAO_2026\01_BOLETINS_DIARIOS\03_AUDIOS_RADIO
MAIO,NJUD N/A,BOLETIM_RADIO_TJRN_06_05_2026_B4_CONDENACAO_REDE_SOCIAL_DESATIVADA.mp3,06_05_2026,CONDENACAO_REDE_SOCIAL_DESATIVADA,,TJRN,NAO,H:\Meu Drive\RADIO TJRN CONTEÚDO\00_PRODUCAO_2026\01_BOLETINS_DIARIOS\03_AUDIOS_RADIO
MAIO,NJUD N/A,BOLETIM_RADIO_TJRN_06_05_2026_B5_TEMPO_MINIMO_CARTEIRA_ESTUDANTES.mp3,06_05_2026,TEMPO_MINIMO_CARTEIRA_ESTUDANTES,,TJRN,NAO,H:\Meu Drive\RADIO TJRN CONTEÚDO\00_PRODUCAO_2026\01_BOLETINS_DIARIOS\03_AUDIOS_RADIO
MAIO,NJUD N/A,BOLETIM_RADIO_TJRN_06_05_2026_B6_ENCONTRO_NACIONAL_SERIDO.mp3,06_05_2026,ENCONTRO_NACIONAL_SERIDO,,TJRN,NAO,H:\Meu Drive\RADIO TJRN CONTEÚDO\00_PRODUCAO_2026\01_BOLETINS_DIARIOS\03_AUDIOS_RADIO
MAIO,NJUD N/A,BOLETIM_RADIO_TJRN_06_05_2026_B7_TABELIAO_ALMINO_AFONSO.mp3,06_05_2026,TABELIAO_ALMINO_AFONSO,,TJRN,NAO,H:\Meu Drive\RADIO TJRN CONTEÚDO\00_PRODUCAO_2026\01_BOLETINS_DIARIOS\03_AUDIOS_RADIO
MAIO,NJUD N/A,BOLETIM_RADIO_TJRN_06_05_2026_B8_PROCURADORIA_MULHER_PARNAMIRIM.mp3,06_05_2026,PROCURADORIA_MULHER_PARNAMIRIM,,TJRN,NAO,H:\Meu Drive\RADIO TJRN CONTEÚDO\00_PRODUCAO_2026\01_BOLETINS_DIARIOS\03_AUDIOS_RADIO
MAIO,NJUD N/A,BOLETIM_RADIO_TJRN_06_05_2026_B9_MPRN_RECOMENDA_RECONSTRUCAO_RUAS.mp3,06_05_2026,MPRN_RECOMENDA_RECONSTRUCAO_RUAS,,TJRN,NAO,H:\Meu Drive\RADIO TJRN CONTEÚDO\00_PRODUCAO_2026\01_BOLETINS_DIARIOS\03_AUDIOS_RADIO
JANEIRO,NJUD N/A,BOLETIM_RADIO_TJRN_07_01_2026_B10_CAERN_DEVE_PAGAR_DANOS_MORAIS.mp3,07_01_2026,CAERN_DEVE_PAGAR_DANOS_MORAIS,,TJRN,NAO,H:\Meu Drive\RADIO TJRN CONTEÚDO\00_PRODUCAO_2026\01_BOLETINS_DIARIOS\03_AUDIOS_RADIO
JANEIRO,NJUD N/A,BOLETIM_RADIO_TJRN_07_01_2026_B1_SELECAO_CARTORIOS_PAU_DOS_FERROS.mp3,07_01_2026,SELECAO_CARTORIOS_PAU_DOS_FERROS,,TJRN,NAO,H:\Meu Drive\RADIO TJRN CONTEÚDO\00_PRODUCAO_2026\01_BOLETINS_DIARIOS\03_AUDIOS_RADIO
JANEIRO,NJUD N/A,BOLETIM_RADIO_TJRN_07_01_2026_B2_INDENIZACAO_FALHA_AIRBAGS.mp3,07_01_2026,INDENIZACAO_FALHA_AIRBAGS,,TJRN,NAO,H:\Meu Drive\RADIO TJRN CONTEÚDO\00_PRODUCAO_2026\01_BOLETINS_DIARIOS\03_AUDIOS_RADIO
JANEIRO,NJUD N/A,BOLETIM_RADIO_TJRN_07_01_2026_B3_JURI_POPULAR_GRUPO_DE_EXTERMINIO.mp3,07_01_2026,JURI_POPULAR_GRUPO_DE_EXTERMINIO,,TJRN,NAO,H:\Meu Drive\RADIO TJRN CONTEÚDO\00_PRODUCAO_2026\01_BOLETINS_DIARIOS\03_AUDIOS_RADIO
JANEIRO,NJUD N/A,BOLETIM_RADIO_TJRN_07_01_2026_B4_FALHA_DE_ENTREGA_LOJA_ONLINE.mp3,07_01_2026,FALHA_DE_ENTREGA_LOJA_ONLINE,,TJRN,NAO,H:\Meu Drive\RADIO TJRN CONTEÚDO\00_PRODUCAO_2026\01_BOLETINS_DIARIOS\03_AUDIOS_RADIO
JANEIRO,NJUD N/A,BOLETIM_RADIO_TJRN_07_01_2026_B5_VENDA_CASADA_OTICA.mp3,07_01_2026,VENDA_CASADA_OTICA,,TJRN,NAO,H:\Meu Drive\RADIO TJRN CONTEÚDO\00_PRODUCAO_2026\01_BOLETINS_DIARIOS\03_AUDIOS_RADIO
JANEIRO,NJUD N/A,BOLETIM_RADIO_TJRN_07_01_2026_B6_JURI_COMERCIANTE.mp3,07_01_2026,JURI_COMERCIANTE,,TJRN,NAO,H:\Meu Drive\RADIO TJRN CONTEÚDO\00_PRODUCAO_2026\01_BOLETINS_DIARIOS\03_AUDIOS_RADIO
JANEIRO,NJUD N/A,BOLETIM_RADIO_TJRN_07_01_2026_B7_EMPRESA_DEVE_ENTREGAR_BRINDE.mp3,07_01_2026,EMPRESA_DEVE_ENTREGAR_BRINDE,,TJRN,NAO,H:\Meu Drive\RADIO TJRN CONTEÚDO\00_PRODUCAO_2026\01_BOLETINS_DIARIOS\03_AUDIOS_RADIO
JANEIRO,NJUD N/A,BOLETIM_RADIO_TJRN_07_01_2026_B8_INDENIZACAO_COMPRA_DE_BERCO.mp3,07_01_2026,INDENIZACAO_COMPRA_DE_BERCO,,TJRN,NAO,H:\Meu Drive\RADIO TJRN CONTEÚDO\00_PRODUCAO_2026\01_BOLETINS_DIARIOS\03_AUDIOS_RADIO
JANEIRO,NJUD N/A,BOLETIM_RADIO_TJRN_07_01_2026_B9_LIGACAO_DE_ENERGIA_PARAU.mp3,07_01_2026,LIGACAO_DE_ENERGIA_PARAU,,TJRN,NAO,H:\Meu Drive\RADIO TJRN CONTEÚDO\00_PRODUCAO_2026\01_BOLETINS_DIARIOS\03_AUDIOS_RADIO
ABRIL,NJUD N/A,BOLETIM_RADIO_TJRN_07_04_2026_B10_REPARADORA_BARIATRICA.mp3,07_04_2026,REPARADORA_BARIATRICA,,TJRN,NAO,H:\Meu Drive\RADIO TJRN CONTEÚDO\00_PRODUCAO_2026\01_BOLETINS_DIARIOS\03_AUDIOS_RADIO
ABRIL,NJUD N/A,BOLETIM_RADIO_TJRN_07_04_2026_B1_TJRN_CLIENTES_RECEBERAM_AGENCIA_TURISMO_.mp3,07_04_2026,TJRN_CLIENTES_RECEBERAM_AGENCIA_TURISMO,,TJRN,NAO,H:\Meu Drive\RADIO TJRN CONTEÚDO\00_PRODUCAO_2026\01_BOLETINS_DIARIOS\03_AUDIOS_RADIO
ABRIL,NJUD N/A,BOLETIM_RADIO_TJRN_07_04_2026_B2_TJRN_CONSOLIDA_MEDIACAO_CONFLITOS_.mp3,07_04_2026,TJRN_CONSOLIDA_MEDIACAO_CONFLITOS,,TJRN,NAO,H:\Meu Drive\RADIO TJRN CONTEÚDO\00_PRODUCAO_2026\01_BOLETINS_DIARIOS\03_AUDIOS_RADIO
ABRIL,NJUD N/A,BOLETIM_RADIO_TJRN_07_04_2026_B3_TJRN_OPERADORA_CONDENADA_.mp3,07_04_2026,TJRN_OPERADORA_CONDENADA,,TJRN,NAO,H:\Meu Drive\RADIO TJRN CONTEÚDO\00_PRODUCAO_2026\01_BOLETINS_DIARIOS\03_AUDIOS_RADIO
ABRIL,NJUD N/A,BOLETIM_RADIO_TJRN_07_04_2026_B4_TJRN_NEGADO_ATO_IMPROBIDADE_SAO_MIGUEL_.mp3,07_04_2026,TJRN_NEGADO_ATO_IMPROBIDADE_SAO_MIGUEL,,TJRN,NAO,H:\Meu Drive\RADIO TJRN CONTEÚDO\00_PRODUCAO_2026\01_BOLETINS_DIARIOS\03_AUDIOS_RADIO
ABRIL,NJUD N/A,BOLETIM_RADIO_TJRN_07_04_2026_B5_TJRN_CONDENADO_ROUBO_CARRO_.mp3,07_04_2026,TJRN_CONDENADO_ROUBO_CARRO,,TJRN,NAO,H:\Meu Drive\RADIO TJRN CONTEÚDO\00_PRODUCAO_2026\01_BOLETINS_DIARIOS\03_AUDIOS_RADIO
ABRIL,NJUD N/A,BOLETIM_RADIO_TJRN_07_04_2026_B6_TJRN_ACUSADO_SEQUESTRO_.mp3,07_04_2026,TJRN_ACUSADO_SEQUESTRO,,TJRN,NAO,H:\Meu Drive\RADIO TJRN CONTEÚDO\00_PRODUCAO_2026\01_BOLETINS_DIARIOS\03_AUDIOS_RADIO
ABRIL,NJUD N/A,BOLETIM_RADIO_TJRN_07_04_2026_B7_FALHA_ELETRONICA_CONCURSO.mp3,07_04_2026,FALHA_ELETRONICA_CONCURSO,,TJRN,NAO,H:\Meu Drive\RADIO TJRN CONTEÚDO\00_PRODUCAO_2026\01_BOLETINS_DIARIOS\03_AUDIOS_RADIO
ABRIL,NJUD N/A,BOLETIM_RADIO_TJRN_07_04_2026_B8_ESTAGIO_CIENCIAS_CONTABEIS.mp3,07_04_2026,ESTAGIO_CIENCIAS_CONTABEIS,,TJRN,NAO,H:\Meu Drive\RADIO TJRN CONTEÚDO\00_PRODUCAO_2026\01_BOLETINS_DIARIOS\03_AUDIOS_RADIO
ABRIL,NJUD N/A,BOLETIM_RADIO_TJRN_07_04_2026_B8_MPRN_EX_SECRETARIO_MOSSORO_CONDENADO.mp3,07_04_2026,MPRN_EX_SECRETARIO_MOSSORO_CONDENADO,,TJRN,NAO,H:\Meu Drive\RADIO TJRN CONTEÚDO\00_PRODUCAO_2026\01_BOLETINS_DIARIOS\03_AUDIOS_RADIO
ABRIL,NJUD N/A,BOLETIM_RADIO_TJRN_07_04_2026_B9_INDENIZACAO_FALTA_AGUA.mp3,07_04_2026,INDENIZACAO_FALTA_AGUA,,TJRN,NAO,H:\Meu Drive\RADIO TJRN CONTEÚDO\00_PRODUCAO_2026\01_BOLETINS_DIARIOS\03_AUDIOS_RADIO
MAIO,NJUD N/A,BOLETIM_RADIO_TJRN_07_05_2026_B10_MPRN_ACOES_CONTROLE_ANIMAIS_.mp3,07_05_2026,MPRN_ACOES_CONTROLE_ANIMAIS,,TJRN,NAO,H:\Meu Drive\RADIO TJRN CONTEÚDO\00_PRODUCAO_2026\01_BOLETINS_DIARIOS\03_AUDIOS_RADIO
MAIO,NJUD N/A,BOLETIM_RADIO_TJRN_07_05_2026_B1_INDENIZACAO_PROFESSORA_REMUNERACAO.mp3,07_05_2026,INDENIZACAO_PROFESSORA_REMUNERACAO,,TJRN,NAO,H:\Meu Drive\RADIO TJRN CONTEÚDO\00_PRODUCAO_2026\01_BOLETINS_DIARIOS\03_AUDIOS_RADIO
MAIO,NJUD N/A,BOLETIM_RADIO_TJRN_07_05_2026_B2_JURI_ACUSADO_DISPARO_BRIGAS.mp3,07_05_2026,JURI_ACUSADO_DISPARO_BRIGAS,,TJRN,NAO,H:\Meu Drive\RADIO TJRN CONTEÚDO\00_PRODUCAO_2026\01_BOLETINS_DIARIOS\03_AUDIOS_RADIO
MAIO,NJUD N/A,BOLETIM_RADIO_TJRN_07_05_2026_B3_ENFERMIDADE_ADVOGADO.mp3,07_05_2026,ENFERMIDADE_ADVOGADO,,TJRN,NAO,H:\Meu Drive\RADIO TJRN CONTEÚDO\00_PRODUCAO_2026\01_BOLETINS_DIARIOS\03_AUDIOS_RADIO
MAIO,NJUD N/A,BOLETIM_RADIO_TJRN_07_05_2026_B4_INDENIZACAO_DEFEITO_CELULAR.mp3,07_05_2026,INDENIZACAO_DEFEITO_CELULAR,,TJRN,NAO,H:\Meu Drive\RADIO TJRN CONTEÚDO\00_PRODUCAO_2026\01_BOLETINS_DIARIOS\03_AUDIOS_RADIO
MAIO,NJUD N/A,BOLETIM_RADIO_TJRN_07_05_2026_B5_CONDENACAO_TRAFICO_E_ARMAS.mp3,07_05_2026,CONDENACAO_TRAFICO_E_ARMAS,,TJRN,NAO,H:\Meu Drive\RADIO TJRN CONTEÚDO\00_PRODUCAO_2026\01_BOLETINS_DIARIOS\03_AUDIOS_RADIO
MAIO,NJUD N/A,BOLETIM_RADIO_TJRN_07_05_2026_B6_IRREGULARIDADES_MATADOURO.mp3,07_05_2026,IRREGULARIDADES_MATADOURO,,TJRN,NAO,H:\Meu Drive\RADIO TJRN CONTEÚDO\00_PRODUCAO_2026\01_BOLETINS_DIARIOS\03_AUDIOS_RADIO
MAIO,NJUD N/A,BOLETIM_RADIO_TJRN_07_05_2026_B7_EBOOK_SOCIOEDUCACAO.mp3,07_05_2026,EBOOK_SOCIOEDUCACAO,,TJRN,NAO,H:\Meu Drive\RADIO TJRN CONTEÚDO\00_PRODUCAO_2026\01_BOLETINS_DIARIOS\03_AUDIOS_RADIO
MAIO,NJUD N/A,BOLETIM_RADIO_TJRN_07_05_2026_B8_ASSEDIO_AMBIENTE_TRABALHO.mp3,07_05_2026,ASSEDIO_AMBIENTE_TRABALHO,,TJRN,NAO,H:\Meu Drive\RADIO TJRN CONTEÚDO\00_PRODUCAO_2026\01_BOLETINS_DIARIOS\03_AUDIOS_RADIO
MAIO,NJUD N/A,BOLETIM_RADIO_TJRN_07_05_2026_B9_MPRN_RECOMENDACAO_CORRECAO_PRISIONAL_FEMININO_.mp3,07_05_2026,MPRN_RECOMENDACAO_CORRECAO_PRISIONAL_FEMININO,,TJRN,NAO,H:\Meu Drive\RADIO TJRN CONTEÚDO\00_PRODUCAO_2026\01_BOLETINS_DIARIOS\03_AUDIOS_RADIO
JANEIRO,NJUD N/A,BOLETIM_RADIO_TJRN_08_01_2026_B10_CHAPA_ELEICOES_ESCOLARES_LAGOA_NOVA.mp3,08_01_2026,CHAPA_ELEICOES_ESCOLARES_LAGOA_NOVA,,TJRN,NAO,H:\Meu Drive\RADIO TJRN CONTEÚDO\00_PRODUCAO_2026\01_BOLETINS_DIARIOS\03_AUDIOS_RADIO
JANEIRO,NJUD N/A,BOLETIM_RADIO_TJRN_08_01_2026_B1_RESPONSAVEL_INTERINO_AFONSO_BEZERRA.mp3,08_01_2026,RESPONSAVEL_INTERINO_AFONSO_BEZERRA,,TJRN,NAO,H:\Meu Drive\RADIO TJRN CONTEÚDO\00_PRODUCAO_2026\01_BOLETINS_DIARIOS\03_AUDIOS_RADIO
JANEIRO,NJUD N/A,BOLETIM_RADIO_TJRN_08_01_2026_B2_TRTRN_RETOMA_ATIVIDADES.mp3,08_01_2026,TRTRN_RETOMA_ATIVIDADES,,TJRN,NAO,H:\Meu Drive\RADIO TJRN CONTEÚDO\00_PRODUCAO_2026\01_BOLETINS_DIARIOS\03_AUDIOS_RADIO
JANEIRO,NJUD N/A,BOLETIM_RADIO_TJRN_08_01_2026_B3_CNJ_SISTEMA_NOVA_VERSAO.mp3,08_01_2026,CNJ_SISTEMA_NOVA_VERSAO,,TJRN,NAO,H:\Meu Drive\RADIO TJRN CONTEÚDO\00_PRODUCAO_2026\01_BOLETINS_DIARIOS\03_AUDIOS_RADIO
JANEIRO,NJUD N/A,BOLETIM_RADIO_TJRN_08_01_2026_B4_INDENIZACAO_VOO_CANCELADO.mp3,08_01_2026,INDENIZACAO_VOO_CANCELADO,,TJRN,NAO,H:\Meu Drive\RADIO TJRN CONTEÚDO\00_PRODUCAO_2026\01_BOLETINS_DIARIOS\03_AUDIOS_RADIO
JANEIRO,NJUD N/A,BOLETIM_RADIO_TJRN_08_01_2026_B5_EMPRESA_CONTRATADA_TARCISIO_MAIA.mp3,08_01_2026,EMPRESA_CONTRATADA_TARCISIO_MAIA,,TJRN,NAO,H:\Meu Drive\RADIO TJRN CONTEÚDO\00_PRODUCAO_2026\01_BOLETINS_DIARIOS\03_AUDIOS_RADIO
JANEIRO,NJUD N/A,BOLETIM_RADIO_TJRN_08_01_2026_B6_TRIO_CONDENADO_ESTELIONATO_ELETRONICO.mp3,08_01_2026,TRIO_CONDENADO_ESTELIONATO_ELETRONICO,,TJRN,NAO,H:\Meu Drive\RADIO TJRN CONTEÚDO\00_PRODUCAO_2026\01_BOLETINS_DIARIOS\03_AUDIOS_RADIO
JANEIRO,NJUD N/A,BOLETIM_RADIO_TJRN_08_01_2026_B7_NULIDADE_CONTRATO_PREFEITURA_MONTE_ALEGRE.mp3,08_01_2026,NULIDADE_CONTRATO_PREFEITURA_MONTE_ALEGRE,,TJRN,NAO,H:\Meu Drive\RADIO TJRN CONTEÚDO\00_PRODUCAO_2026\01_BOLETINS_DIARIOS\03_AUDIOS_RADIO
JANEIRO,NJUD N/A,BOLETIM_RADIO_TJRN_08_01_2026_B8_PROGRESSAO_PENA_CURSO_SUPERIOR.mp3,08_01_2026,PROGRESSAO_PENA_CURSO_SUPERIOR,,TJRN,NAO,H:\Meu Drive\RADIO TJRN CONTEÚDO\00_PRODUCAO_2026\01_BOLETINS_DIARIOS\03_AUDIOS_RADIO
JANEIRO,NJUD N/A,BOLETIM_RADIO_TJRN_08_01_2026_B9_HOMEM_CONDENADO_VIOLENCIA_PSICOLOGICA.mp3,08_01_2026,HOMEM_CONDENADO_VIOLENCIA_PSICOLOGICA,,TJRN,NAO,H:\Meu Drive\RADIO TJRN CONTEÚDO\00_PRODUCAO_2026\01_BOLETINS_DIARIOS\03_AUDIOS_RADIO
ABRIL,NJUD N/A,BOLETIM_RADIO_TJRN_08_04_2026_B10_TJRN_SEMANA_NACIONAL_SAUDE.mp3,08_04_2026,TJRN_SEMANA_NACIONAL_SAUDE,,TJRN,NAO,H:\Meu Drive\RADIO TJRN CONTEÚDO\00_PRODUCAO_2026\01_BOLETINS_DIARIOS\03_AUDIOS_RADIO
ABRIL,NJUD N/A,BOLETIM_RADIO_TJRN_08_04_2026_B1_TJRN_SANTA_CRUZ_PROJETOS_SOCIAIS_.mp3,08_04_2026,TJRN_SANTA_CRUZ_PROJETOS_SOCIAIS,,TJRN,NAO,H:\Meu Drive\RADIO TJRN CONTEÚDO\00_PRODUCAO_2026\01_BOLETINS_DIARIOS\03_AUDIOS_RADIO
ABRIL,NJUD N/A,BOLETIM_RADIO_TJRN_08_04_2026_B2_TJRN_BANCO_CONDENADO_VAZAMENTOS_DADOS_.mp3,08_04_2026,TJRN_BANCO_CONDENADO_VAZAMENTOS_DADOS,,TJRN,NAO,H:\Meu Drive\RADIO TJRN CONTEÚDO\00_PRODUCAO_2026\01_BOLETINS_DIARIOS\03_AUDIOS_RADIO
ABRIL,NJUD N/A,BOLETIM_RADIO_TJRN_08_04_2026_B3_TJRN_ACAO_ALIMENTOS_IDOSO_ALZHEIMER_.mp3,08_04_2026,TJRN_ACAO_ALIMENTOS_IDOSO_ALZHEIMER,,TJRN,NAO,H:\Meu Drive\RADIO TJRN CONTEÚDO\00_PRODUCAO_2026\01_BOLETINS_DIARIOS\03_AUDIOS_RADIO
ABRIL,NJUD N/A,BOLETIM_RADIO_TJRN_08_04_2026_B4_TJRN_PLANO_SAUDE_CONDENADO_CIRURGIA_OCULAR_.mp3,08_04_2026,TJRN_PLANO_SAUDE_CONDENADO_CIRURGIA_OCULAR,,TJRN,NAO,H:\Meu Drive\RADIO TJRN CONTEÚDO\00_PRODUCAO_2026\01_BOLETINS_DIARIOS\03_AUDIOS_RADIO
ABRIL,NJUD N/A,BOLETIM_RADIO_TJRN_08_04_2026_B5_TJRN_SENTENCA_EXIGENCIA_PROCURACAO_DETRAN_.mp3,08_04_2026,TJRN_SENTENCA_EXIGENCIA_PROCURACAO_DETRAN,,TJRN,NAO,H:\Meu Drive\RADIO TJRN CONTEÚDO\00_PRODUCAO_2026\01_BOLETINS_DIARIOS\03_AUDIOS_RADIO
ABRIL,NJUD N/A,BOLETIM_RADIO_TJRN_08_04_2026_B6_TJRN_VIGILANTE_AUXILIAR_CONDENADOS_.mp3,08_04_2026,TJRN_VIGILANTE_AUXILIAR_CONDENADOS,,TJRN,NAO,H:\Meu Drive\RADIO TJRN CONTEÚDO\00_PRODUCAO_2026\01_BOLETINS_DIARIOS\03_AUDIOS_RADIO
ABRIL,NJUD N/A,BOLETIM_RADIO_TJRN_08_04_2026_B7_TJRN_PLATAFORMA_NAO_EFETIVA_RESERVA_HOTEL.mp3,08_04_2026,TJRN_PLATAFORMA_NAO_EFETIVA_RESERVA_HOTEL,,TJRN,NAO,H:\Meu Drive\RADIO TJRN CONTEÚDO\00_PRODUCAO_2026\01_BOLETINS_DIARIOS\03_AUDIOS_RADIO
ABRIL,NJUD N/A,BOLETIM_RADIO_TJRN_08_04_2026_B8_TJRN_FALHA_DEPOSITO_BANCARIO_.mp3,08_04_2026,TJRN_FALHA_DEPOSITO_BANCARIO,,TJRN,NAO,H:\Meu Drive\RADIO TJRN CONTEÚDO\00_PRODUCAO_2026\01_BOLETINS_DIARIOS\03_AUDIOS_RADIO
ABRIL,NJUD N/A,BOLETIM_RADIO_TJRN_08_04_2026_B9_TJRN_ANULA_CONTRATO_OTICA_.mp3,08_04_2026,TJRN_ANULA_CONTRATO_OTICA,,TJRN,NAO,H:\Meu Drive\RADIO TJRN CONTEÚDO\00_PRODUCAO_2026\01_BOLETINS_DIARIOS\03_AUDIOS_RADIO
MAIO,NJUD N/A,BOLETIM_RADIO_TJRN_08_05_2026_B10_TRTRN_REGISTRO_POSTO_SAUDE.mp3,08_05_2026,TRTRN_REGISTRO_POSTO_SAUDE,,TJRN,NAO,H:\Meu Drive\RADIO TJRN CONTEÚDO\00_PRODUCAO_2026\01_BOLETINS_DIARIOS\03_AUDIOS_RADIO
MAIO,NJUD N/A,BOLETIM_RADIO_TJRN_08_05_2026_B1_INDENIZACAO_TAXAS_INDEVIDAS.mp3,08_05_2026,INDENIZACAO_TAXAS_INDEVIDAS,,TJRN,NAO,H:\Meu Drive\RADIO TJRN CONTEÚDO\00_PRODUCAO_2026\01_BOLETINS_DIARIOS\03_AUDIOS_RADIO
MAIO,NJUD N/A,BOLETIM_RADIO_TJRN_08_05_2026_B2_USO_INDEVIDO_JAZIGO.mp3,08_05_2026,USO_INDEVIDO_JAZIGO,,TJRN,NAO,H:\Meu Drive\RADIO TJRN CONTEÚDO\00_PRODUCAO_2026\01_BOLETINS_DIARIOS\03_AUDIOS_RADIO
MAIO,NJUD N/A,BOLETIM_RADIO_TJRN_08_05_2026_B3_COBRANCA_INDEVIDA_EMPLACAMENTO.mp3,08_05_2026,COBRANCA_INDEVIDA_EMPLACAMENTO,,TJRN,NAO,H:\Meu Drive\RADIO TJRN CONTEÚDO\00_PRODUCAO_2026\01_BOLETINS_DIARIOS\03_AUDIOS_RADIO
MAIO,NJUD N/A,BOLETIM_RADIO_TJRN_08_05_2026_B4_CONDENACAO_DEMORA_EXAME_URGENTE.mp3,08_05_2026,CONDENACAO_DEMORA_EXAME_URGENTE,,TJRN,NAO,H:\Meu Drive\RADIO TJRN CONTEÚDO\00_PRODUCAO_2026\01_BOLETINS_DIARIOS\03_AUDIOS_RADIO
MAIO,NJUD N/A,BOLETIM_RADIO_TJRN_08_05_2026_B5_FISCALIZACAO_CONDOMINIO.mp3,08_05_2026,FISCALIZACAO_CONDOMINIO,,TJRN,NAO,H:\Meu Drive\RADIO TJRN CONTEÚDO\00_PRODUCAO_2026\01_BOLETINS_DIARIOS\03_AUDIOS_RADIO
MAIO,NJUD N/A,BOLETIM_RADIO_TJRN_08_05_2026_B6_VIOLENCIA_DOMESTICA_MANTIDA_PRISAO.mp3,08_05_2026,VIOLENCIA_DOMESTICA_MANTIDA_PRISAO,,TJRN,NAO,H:\Meu Drive\RADIO TJRN CONTEÚDO\00_PRODUCAO_2026\01_BOLETINS_DIARIOS\03_AUDIOS_RADIO
MAIO,NJUD N/A,BOLETIM_RADIO_TJRN_08_05_2026_B7_COBRANCA_IPTU_TAXA_LIMPEZA.mp3,08_05_2026,COBRANCA_IPTU_TAXA_LIMPEZA,,TJRN,NAO,H:\Meu Drive\RADIO TJRN CONTEÚDO\00_PRODUCAO_2026\01_BOLETINS_DIARIOS\03_AUDIOS_RADIO
MAIO,NJUD N/A,BOLETIM_RADIO_TJRN_08_05_2026_B8_TJRN_LANCA_NOVO_SISTEMA_.mp3,08_05_2026,TJRN_LANCA_NOVO_SISTEMA,,TJRN,NAO,H:\Meu Drive\RADIO TJRN CONTEÚDO\00_PRODUCAO_2026\01_BOLETINS_DIARIOS\03_AUDIOS_RADIO
MAIO,NJUD N/A,BOLETIM_RADIO_TJRN_08_05_2026_B9_TJRN_CURSO_INEDITO_GESTAO_RISCOS_.mp3,08_05_2026,TJRN_CURSO_INEDITO_GESTAO_RISCOS,,TJRN,NAO,H:\Meu Drive\RADIO TJRN CONTEÚDO\00_PRODUCAO_2026\01_BOLETINS_DIARIOS\03_AUDIOS_RADIO
JANEIRO,NJUD N/A,BOLETIM_RADIO_TJRN_09_01_2026_B10_TJRN_AGRESSOR_PAIS_INDENIZAR_ATAQUE_FISICO_.mp3,09_01_2026,TJRN_AGRESSOR_PAIS_INDENIZAR_ATAQUE_FISICO,,TJRN,NAO,H:\Meu Drive\RADIO TJRN CONTEÚDO\00_PRODUCAO_2026\01_BOLETINS_DIARIOS\03_AUDIOS_RADIO
JANEIRO,NJUD N/A,BOLETIM_RADIO_TJRN_09_01_2026_B1_TJRN_SESSAO_ABERTURA_.mp3,09_01_2026,TJRN_SESSAO_ABERTURA,,TJRN,NAO,H:\Meu Drive\RADIO TJRN CONTEÚDO\00_PRODUCAO_2026\01_BOLETINS_DIARIOS\03_AUDIOS_RADIO
JANEIRO,NJUD N/A,BOLETIM_RADIO_TJRN_09_01_2026_B2_CNJ_PROTECAO_MULHERES_JUDICIARIO.mp3,09_01_2026,CNJ_PROTECAO_MULHERES_JUDICIARIO,,TJRN,NAO,H:\Meu Drive\RADIO TJRN CONTEÚDO\00_PRODUCAO_2026\01_BOLETINS_DIARIOS\03_AUDIOS_RADIO
JANEIRO,NJUD N/A,BOLETIM_RADIO_TJRN_09_01_2026_B3_JUIZADOS_ESPECIAIS_SELECAO_.mp3,09_01_2026,JUIZADOS_ESPECIAIS_SELECAO,,TJRN,NAO,H:\Meu Drive\RADIO TJRN CONTEÚDO\00_PRODUCAO_2026\01_BOLETINS_DIARIOS\03_AUDIOS_RADIO
JANEIRO,NJUD N/A,BOLETIM_RADIO_TJRN_09_01_2026_B4_TJRN_JUSTICA_RECONHECE_DIVIDA_IRMAOS_.mp3,09_01_2026,TJRN_JUSTICA_RECONHECE_DIVIDA_IRMAOS,,TJRN,NAO,H:\Meu Drive\RADIO TJRN CONTEÚDO\00_PRODUCAO_2026\01_BOLETINS_DIARIOS\03_AUDIOS_RADIO
JANEIRO,NJUD N/A,BOLETIM_RADIO_TJRN_09_01_2026_B5_PERICIA_DOCUMENTO_DIGITAL_CONSUMIDOR_.mp3,09_01_2026,PERICIA_DOCUMENTO_DIGITAL_CONSUMIDOR,,TJRN,NAO,H:\Meu Drive\RADIO TJRN CONTEÚDO\00_PRODUCAO_2026\01_BOLETINS_DIARIOS\03_AUDIOS_RADIO
JANEIRO,NJUD N/A,BOLETIM_RADIO_TJRN_09_01_2026_B6_CONCESSIONARIA_ENERGIA_CONDENADA.mp3,09_01_2026,CONCESSIONARIA_ENERGIA_CONDENADA,,TJRN,NAO,H:\Meu Drive\RADIO TJRN CONTEÚDO\00_PRODUCAO_2026\01_BOLETINS_DIARIOS\03_AUDIOS_RADIO
JANEIRO,NJUD N/A,BOLETIM_RADIO_TJRN_09_01_2026_B7_TJRN_VICE_PRESIDENCIA_PROCESSO_SELETIVO_.mp3,09_01_2026,TJRN_VICE_PRESIDENCIA_PROCESSO_SELETIVO,,TJRN,NAO,H:\Meu Drive\RADIO TJRN CONTEÚDO\00_PRODUCAO_2026\01_BOLETINS_DIARIOS\03_AUDIOS_RADIO
JANEIRO,NJUD N/A,BOLETIM_RADIO_TJRN_09_01_2026_B8_TJRN_EXCLUSAO_EMPRESA_LICITACAO_.mp3,09_01_2026,TJRN_EXCLUSAO_EMPRESA_LICITACAO,,TJRN,NAO,H:\Meu Drive\RADIO TJRN CONTEÚDO\00_PRODUCAO_2026\01_BOLETINS_DIARIOS\03_AUDIOS_RADIO
JANEIRO,NJUD N/A,BOLETIM_RADIO_TJRN_09_01_2026_B9_TJRN_JUSTICA_PROIBE_COSERN_AREZ.mp3,09_01_2026,TJRN_JUSTICA_PROIBE_COSERN_AREZ,,TJRN,NAO,H:\Meu Drive\RADIO TJRN CONTEÚDO\00_PRODUCAO_2026\01_BOLETINS_DIARIOS\03_AUDIOS_RADIO
FEVEREIRO,NJUD N/A,BOLETIM_RADIO_TJRN_09_02_2026_B10_REMUNERACAO_PM_CURSO_FORMACAO.mp3,09_02_2026,REMUNERACAO_PM_CURSO_FORMACAO,,TJRN,NAO,H:\Meu Drive\RADIO TJRN CONTEÚDO\00_PRODUCAO_2026\01_BOLETINS_DIARIOS\03_AUDIOS_RADIO
FEVEREIRO,NJUD N/A,BOLETIM_RADIO_TJRN_09_02_2026_B1_TJRN_BALANCO_ACOES_EXECUTADAS.mp3,09_02_2026,TJRN_BALANCO_ACOES_EXECUTADAS,,TJRN,NAO,H:\Meu Drive\RADIO TJRN CONTEÚDO\00_PRODUCAO_2026\01_BOLETINS_DIARIOS\03_AUDIOS_RADIO
FEVEREIRO,NJUD N/A,BOLETIM_RADIO_TJRN_09_02_2026_B2_MPRN_COMBATE_POLUICAO_SONORA_.mp3,09_02_2026,MPRN_COMBATE_POLUICAO_SONORA,,TJRN,NAO,H:\Meu Drive\RADIO TJRN CONTEÚDO\00_PRODUCAO_2026\01_BOLETINS_DIARIOS\03_AUDIOS_RADIO
FEVEREIRO,NJUD N/A,BOLETIM_RADIO_TJRN_09_02_2026_B3_REGULARIZACAO_CUSTAS_JUDICIAIS.mp3,09_02_2026,REGULARIZACAO_CUSTAS_JUDICIAIS,,TJRN,NAO,H:\Meu Drive\RADIO TJRN CONTEÚDO\00_PRODUCAO_2026\01_BOLETINS_DIARIOS\03_AUDIOS_RADIO
FEVEREIRO,NJUD N/A,BOLETIM_RADIO_TJRN_09_02_2026_B4_RECUPERACAO_CANAL_VIDEOS.mp3,09_02_2026,RECUPERACAO_CANAL_VIDEOS,,TJRN,NAO,H:\Meu Drive\RADIO TJRN CONTEÚDO\00_PRODUCAO_2026\01_BOLETINS_DIARIOS\03_AUDIOS_RADIO
FEVEREIRO,NJUD N/A,BOLETIM_RADIO_TJRN_09_02_2026_B5_RECUPERACAO_CANAL_VIDEOS.mp3,09_02_2026,RECUPERACAO_CANAL_VIDEOS,,TJRN,NAO,H:\Meu Drive\RADIO TJRN CONTEÚDO\00_PRODUCAO_2026\01_BOLETINS_DIARIOS\03_AUDIOS_RADIO
FEVEREIRO,NJUD N/A,BOLETIM_RADIO_TJRN_09_02_2026_B6_COMITES_MES_CONSUMIDOR.mp3,09_02_2026,COMITES_MES_CONSUMIDOR,,TJRN,NAO,H:\Meu Drive\RADIO TJRN CONTEÚDO\00_PRODUCAO_2026\01_BOLETINS_DIARIOS\03_AUDIOS_RADIO
FEVEREIRO,NJUD N/A,BOLETIM_RADIO_TJRN_09_02_2026_B7_ESTAGIO_POS_MOSSORO_DIREITO.mp3,09_02_2026,ESTAGIO_POS_MOSSORO_DIREITO,,TJRN,NAO,H:\Meu Drive\RADIO TJRN CONTEÚDO\00_PRODUCAO_2026\01_BOLETINS_DIARIOS\03_AUDIOS_RADIO
FEVEREIRO,NJUD N/A,BOLETIM_RADIO_TJRN_09_02_2026_B8_INDENIZACAO_PACIENTE_DEPRESSIVO.mp3,09_02_2026,INDENIZACAO_PACIENTE_DEPRESSIVO,,TJRN,NAO,H:\Meu Drive\RADIO TJRN CONTEÚDO\00_PRODUCAO_2026\01_BOLETINS_DIARIOS\03_AUDIOS_RADIO
FEVEREIRO,NJUD N/A,BOLETIM_RADIO_TJRN_09_02_2026_B9_AUSENCIA_ANULACAO_SENTENCA.mp3,09_02_2026,AUSENCIA_ANULACAO_SENTENCA,,TJRN,NAO,H:\Meu Drive\RADIO TJRN CONTEÚDO\00_PRODUCAO_2026\01_BOLETINS_DIARIOS\03_AUDIOS_RADIO
MARÇO,NJUD N/A,BOLETIM_RADIO_TJRN_09_03_2026_B10_TRTRN_ACORDO_CEJUSC_MOSSORO_.mp3,09_03_2026,TRTRN_ACORDO_CEJUSC_MOSSORO,,TJRN,NAO,H:\Meu Drive\RADIO TJRN CONTEÚDO\00_PRODUCAO_2026\01_BOLETINS_DIARIOS\03_AUDIOS_RADIO
MARÇO,NJUD N/A,BOLETIM_RADIO_TJRN_09_03_2026_B1_DESCREDENCIAMENTO_PLANO_SAUDE.mp3,09_03_2026,DESCREDENCIAMENTO_PLANO_SAUDE,,TJRN,NAO,H:\Meu Drive\RADIO TJRN CONTEÚDO\00_PRODUCAO_2026\01_BOLETINS_DIARIOS\03_AUDIOS_RADIO
MARÇO,NJUD N/A,BOLETIM_RADIO_TJRN_09_03_2026_B2_INDENIZACAO_FAMILIA_MORTE_IDOSA.mp3,09_03_2026,INDENIZACAO_FAMILIA_MORTE_IDOSA,,TJRN,NAO,H:\Meu Drive\RADIO TJRN CONTEÚDO\00_PRODUCAO_2026\01_BOLETINS_DIARIOS\03_AUDIOS_RADIO
MARÇO,NJUD N/A,BOLETIM_RADIO_TJRN_09_03_2026_B3_CIRURGIA_GLAUCOMA_AVANCADO.mp3,09_03_2026,CIRURGIA_GLAUCOMA_AVANCADO,,TJRN,NAO,H:\Meu Drive\RADIO TJRN CONTEÚDO\00_PRODUCAO_2026\01_BOLETINS_DIARIOS\03_AUDIOS_RADIO
MARÇO,NJUD N/A,BOLETIM_RADIO_TJRN_09_03_2026_B4_ANULACAO_ATO_POSSE_CONCURSO.mp3,09_03_2026,ANULACAO_ATO_POSSE_CONCURSO,,TJRN,NAO,H:\Meu Drive\RADIO TJRN CONTEÚDO\00_PRODUCAO_2026\01_BOLETINS_DIARIOS\03_AUDIOS_RADIO
MARÇO,NJUD N/A,BOLETIM_RADIO_TJRN_09_03_2026_B5_TJRN_SUSPENDE_ATO_PARELHAS.mp3,09_03_2026,TJRN_SUSPENDE_ATO_PARELHAS,,TJRN,NAO,H:\Meu Drive\RADIO TJRN CONTEÚDO\00_PRODUCAO_2026\01_BOLETINS_DIARIOS\03_AUDIOS_RADIO
MARÇO,NJUD N/A,BOLETIM_RADIO_TJRN_09_03_2026_B6_TJRN_ENCONTRO_JUIZES_VIRTUAL_.mp3,09_03_2026,TJRN_ENCONTRO_JUIZES_VIRTUAL,,TJRN,NAO,H:\Meu Drive\RADIO TJRN CONTEÚDO\00_PRODUCAO_2026\01_BOLETINS_DIARIOS\03_AUDIOS_RADIO
MARÇO,NJUD N/A,BOLETIM_RADIO_TJRN_09_03_2026_B7_TJRN_MUTIRAO_CONCILIACAO_.mp3,09_03_2026,TJRN_MUTIRAO_CONCILIACAO,,TJRN,NAO,H:\Meu Drive\RADIO TJRN CONTEÚDO\00_PRODUCAO_2026\01_BOLETINS_DIARIOS\03_AUDIOS_RADIO
MARÇO,NJUD N/A,BOLETIM_RADIO_TJRN_09_03_2026_B8_FURTO_ESTACIONAMENTO_INDENIZACAO.mp3,09_03_2026,FURTO_ESTACIONAMENTO_INDENIZACAO,,TJRN,NAO,H:\Meu Drive\RADIO TJRN CONTEÚDO\00_PRODUCAO_2026\01_BOLETINS_DIARIOS\03_AUDIOS_RADIO
MARÇO,NJUD N/A,BOLETIM_RADIO_TJRN_09_03_2026_B9_TJRN_EMPRESAS_CONDENADAS_RESTITUIR_VALORES.mp3,09_03_2026,TJRN_EMPRESAS_CONDENADAS_RESTITUIR_VALORES,,TJRN,NAO,H:\Meu Drive\RADIO TJRN CONTEÚDO\00_PRODUCAO_2026\01_BOLETINS_DIARIOS\03_AUDIOS_RADIO
ABRIL,NJUD N/A,BOLETIM_RADIO_TJRN_09_04_2026_B10_TRERN_AUTOATENDIMENTO_ELEITORAL_BIOMETRIA_.mp3,09_04_2026,TRERN_AUTOATENDIMENTO_ELEITORAL_BIOMETRIA,,TJRN,NAO,H:\Meu Drive\RADIO TJRN CONTEÚDO\00_PRODUCAO_2026\01_BOLETINS_DIARIOS\03_AUDIOS_RADIO
ABRIL,NJUD N/A,BOLETIM_RADIO_TJRN_09_04_2026_B1_TJRN_COBRANCA_INDEVIDA_BAGAGEM_.mp3,09_04_2026,TJRN_COBRANCA_INDEVIDA_BAGAGEM,,TJRN,NAO,H:\Meu Drive\RADIO TJRN CONTEÚDO\00_PRODUCAO_2026\01_BOLETINS_DIARIOS\03_AUDIOS_RADIO
ABRIL,NJUD N/A,BOLETIM_RADIO_TJRN_09_04_2026_B2_TJRN_MANTEM_CONDENACAO_ACUSADOS_ROUBO.mp3,09_04_2026,TJRN_MANTEM_CONDENACAO_ACUSADOS_ROUBO,,TJRN,NAO,H:\Meu Drive\RADIO TJRN CONTEÚDO\00_PRODUCAO_2026\01_BOLETINS_DIARIOS\03_AUDIOS_RADIO
ABRIL,NJUD N/A,BOLETIM_RADIO_TJRN_09_04_2026_B3_TJRN_TECNICO_PAGAMENTO_SERVICO_.mp3,09_04_2026,TJRN_TECNICO_PAGAMENTO_SERVICO,,TJRN,NAO,H:\Meu Drive\RADIO TJRN CONTEÚDO\00_PRODUCAO_2026\01_BOLETINS_DIARIOS\03_AUDIOS_RADIO
ABRIL,NJUD N/A,BOLETIM_RADIO_TJRN_09_04_2026_B4_TJRN_SUPOSTO_DESVIO_FUNCAO_PM.mp3,09_04_2026,TJRN_SUPOSTO_DESVIO_FUNCAO_PM,,TJRN,NAO,H:\Meu Drive\RADIO TJRN CONTEÚDO\00_PRODUCAO_2026\01_BOLETINS_DIARIOS\03_AUDIOS_RADIO
ABRIL,NJUD N/A,BOLETIM_RADIO_TJRN_09_04_2026_B5_TJRN_MANTIDA_CONDENACAO_EMPRESA_AEREA_.mp3,09_04_2026,TJRN_MANTIDA_CONDENACAO_EMPRESA_AEREA,,TJRN,NAO,H:\Meu Drive\RADIO TJRN CONTEÚDO\00_PRODUCAO_2026\01_BOLETINS_DIARIOS\03_AUDIOS_RADIO
ABRIL,NJUD N/A,BOLETIM_RADIO_TJRN_09_04_2026_B6_TJRN_CAMARA_SESSAO_EXTRAORDINARIA_HIBRIDA_.mp3,09_04_2026,TJRN_CAMARA_SESSAO_EXTRAORDINARIA_HIBRIDA,,TJRN,NAO,H:\Meu Drive\RADIO TJRN CONTEÚDO\00_PRODUCAO_2026\01_BOLETINS_DIARIOS\03_AUDIOS_RADIO
ABRIL,NJUD N/A,BOLETIM_RADIO_TJRN_09_04_2026_B7_TJRN_SEMANA_NACIONAL_REGISTRO_CIVIL.mp3,09_04_2026,TJRN_SEMANA_NACIONAL_REGISTRO_CIVIL,,TJRN,NAO,H:\Meu Drive\RADIO TJRN CONTEÚDO\00_PRODUCAO_2026\01_BOLETINS_DIARIOS\03_AUDIOS_RADIO
ABRIL,NJUD N/A,BOLETIM_RADIO_TJRN_09_04_2026_B8_TRTRN_NOVA_SALA_ESPERA_AUDIENCIA_.mp3,09_04_2026,TRTRN_NOVA_SALA_ESPERA_AUDIENCIA,,TJRN,NAO,H:\Meu Drive\RADIO TJRN CONTEÚDO\00_PRODUCAO_2026\01_BOLETINS_DIARIOS\03_AUDIOS_RADIO
ABRIL,NJUD N/A,BOLETIM_RADIO_TJRN_09_04_2026_B9_TRERN_CAMPANHA_ARRECADACOES_LIVROS_INFANTIS_.mp3,09_04_2026,TRERN_CAMPANHA_ARRECADACOES_LIVROS_INFANTIS,,TJRN,NAO,H:\Meu Drive\RADIO TJRN CONTEÚDO\00_PRODUCAO_2026\01_BOLETINS_DIARIOS\03_AUDIOS_RADIO
FEVEREIRO,NJUD N/A,BOLETIM_RADIO_TJRN_10_02_2026_B10_DPERN_DECISAO_FAVORAVEL_PRESO_CONDENACAO_.mp3,10_02_2026,DPERN_DECISAO_FAVORAVEL_PRESO_CONDENACAO,,TJRN,NAO,H:\Meu Drive\RADIO TJRN CONTEÚDO\00_PRODUCAO_2026\01_BOLETINS_DIARIOS\03_AUDIOS_RADIO
FEVEREIRO,NJUD N/A,BOLETIM_RADIO_TJRN_10_02_2026_B1_TJRN_CONDENA_MUNICIPIO_ALUGUEIS_ATRASADOS_.mp3,10_02_2026,TJRN_CONDENA_MUNICIPIO_ALUGUEIS_ATRASADOS,,TJRN,NAO,H:\Meu Drive\RADIO TJRN CONTEÚDO\00_PRODUCAO_2026\01_BOLETINS_DIARIOS\03_AUDIOS_RADIO
FEVEREIRO,NJUD N/A,BOLETIM_RADIO_TJRN_10_02_2026_B2_TJRN_RISCO_DESABAMENTO_MURO_NATAL.mp3,10_02_2026,TJRN_RISCO_DESABAMENTO_MURO_NATAL,,TJRN,NAO,H:\Meu Drive\RADIO TJRN CONTEÚDO\00_PRODUCAO_2026\01_BOLETINS_DIARIOS\03_AUDIOS_RADIO
FEVEREIRO,NJUD N/A,BOLETIM_RADIO_TJRN_10_02_2026_B3_TJRN_CONSUMIDORA_INDENIZADA_INADIMPLENTES_.mp3,10_02_2026,TJRN_CONSUMIDORA_INDENIZADA_INADIMPLENTES,,TJRN,NAO,H:\Meu Drive\RADIO TJRN CONTEÚDO\00_PRODUCAO_2026\01_BOLETINS_DIARIOS\03_AUDIOS_RADIO
FEVEREIRO,NJUD N/A,BOLETIM_RADIO_TJRN_10_02_2026_B4_TJRN_REALIZA_MUTIRAO_.mp3,10_02_2026,TJRN_REALIZA_MUTIRAO,,TJRN,NAO,H:\Meu Drive\RADIO TJRN CONTEÚDO\00_PRODUCAO_2026\01_BOLETINS_DIARIOS\03_AUDIOS_RADIO
FEVEREIRO,NJUD N/A,BOLETIM_RADIO_TJRN_10_02_2026_B5_TJRN_COMARCA_PORTALEGRE_INSCRICOES_.mp3,10_02_2026,TJRN_COMARCA_PORTALEGRE_INSCRICOES,,TJRN,NAO,H:\Meu Drive\RADIO TJRN CONTEÚDO\00_PRODUCAO_2026\01_BOLETINS_DIARIOS\03_AUDIOS_RADIO
FEVEREIRO,NJUD N/A,BOLETIM_RADIO_TJRN_10_02_2026_B6_TJRN_ORIENTA_PARTICIPACAO_CRIANCAS_.mp3,10_02_2026,TJRN_ORIENTA_PARTICIPACAO_CRIANCAS,,TJRN,NAO,H:\Meu Drive\RADIO TJRN CONTEÚDO\00_PRODUCAO_2026\01_BOLETINS_DIARIOS\03_AUDIOS_RADIO
FEVEREIRO,NJUD N/A,BOLETIM_RADIO_TJRN_10_02_2026_B7_TJRN_ALERTA_SOBRE_SMS_FALSO.mp3,10_02_2026,TJRN_ALERTA_SOBRE_SMS_FALSO,,TJRN,NAO,H:\Meu Drive\RADIO TJRN CONTEÚDO\00_PRODUCAO_2026\01_BOLETINS_DIARIOS\03_AUDIOS_RADIO
FEVEREIRO,NJUD N/A,BOLETIM_RADIO_TJRN_10_02_2026_B8_OABRN_CENSO_DIFICULDADES_JOVENS_BRASIL.mp3,10_02_2026,OABRN_CENSO_DIFICULDADES_JOVENS_BRASIL,,TJRN,NAO,H:\Meu Drive\RADIO TJRN CONTEÚDO\00_PRODUCAO_2026\01_BOLETINS_DIARIOS\03_AUDIOS_RADIO
FEVEREIRO,NJUD N/A,BOLETIM_RADIO_TJRN_10_02_2026_B9_TRTRN_JUSTICA_RESTAURATIVA.mp3,10_02_2026,TRTRN_JUSTICA_RESTAURATIVA,,TJRN,NAO,H:\Meu Drive\RADIO TJRN CONTEÚDO\00_PRODUCAO_2026\01_BOLETINS_DIARIOS\03_AUDIOS_RADIO
MARÇO,NJUD N/A,BOLETIM_RADIO_TJRN_10_03_2026_B10_TJRN_TERMO_GUIA_UNICA_ARRECADACAO_.mp3,10_03_2026,TJRN_TERMO_GUIA_UNICA_ARRECADACAO,,TJRN,NAO,H:\Meu Drive\RADIO TJRN CONTEÚDO\00_PRODUCAO_2026\01_BOLETINS_DIARIOS\03_AUDIOS_RADIO
MARÇO,NJUD N/A,BOLETIM_RADIO_TJRN_10_03_2026_B1_TJRN_DEFEITO_MAQUINA_VENDAS_PREJUIZO.mp3,10_03_2026,TJRN_DEFEITO_MAQUINA_VENDAS_PREJUIZO,,TJRN,NAO,H:\Meu Drive\RADIO TJRN CONTEÚDO\00_PRODUCAO_2026\01_BOLETINS_DIARIOS\03_AUDIOS_RADIO
MARÇO,NJUD N/A,BOLETIM_RADIO_TJRN_10_03_2026_B2_TJRN_FURTO_ESTACIONAMENTO_.mp3,10_03_2026,TJRN_FURTO_ESTACIONAMENTO,,TJRN,NAO,H:\Meu Drive\RADIO TJRN CONTEÚDO\00_PRODUCAO_2026\01_BOLETINS_DIARIOS\03_AUDIOS_RADIO
MARÇO,NJUD N/A,BOLETIM_RADIO_TJRN_10_03_2026_B3_TJRN_PLANO_SAUDE_SENSOR_GLICOSE.mp3,10_03_2026,TJRN_PLANO_SAUDE_SENSOR_GLICOSE,,TJRN,NAO,H:\Meu Drive\RADIO TJRN CONTEÚDO\00_PRODUCAO_2026\01_BOLETINS_DIARIOS\03_AUDIOS_RADIO
MARÇO,NJUD N/A,BOLETIM_RADIO_TJRN_10_03_2026_B4_TJRN_NEGA_BLOQUEIO_VERBAS_.mp3,10_03_2026,TJRN_NEGA_BLOQUEIO_VERBAS,,TJRN,NAO,H:\Meu Drive\RADIO TJRN CONTEÚDO\00_PRODUCAO_2026\01_BOLETINS_DIARIOS\03_AUDIOS_RADIO
MARÇO,NJUD N/A,BOLETIM_RADIO_TJRN_10_03_2026_B5_TJRN_COMARCA_SAO_MIGUEL_.mp3,10_03_2026,TJRN_COMARCA_SAO_MIGUEL,,TJRN,NAO,H:\Meu Drive\RADIO TJRN CONTEÚDO\00_PRODUCAO_2026\01_BOLETINS_DIARIOS\03_AUDIOS_RADIO
MARÇO,NJUD N/A,BOLETIM_RADIO_TJRN_10_03_2026_B6_TJRN_PARTICIPACAO_ATLETA_CAMPEONATO.mp3,10_03_2026,TJRN_PARTICIPACAO_ATLETA_CAMPEONATO,,TJRN,NAO,H:\Meu Drive\RADIO TJRN CONTEÚDO\00_PRODUCAO_2026\01_BOLETINS_DIARIOS\03_AUDIOS_RADIO
MARÇO,NJUD N/A,BOLETIM_RADIO_TJRN_10_03_2026_B7_TJRN_PARNAMIRIM_ESTAGIO_DIREITO_.mp3,10_03_2026,TJRN_PARNAMIRIM_ESTAGIO_DIREITO,,TJRN,NAO,H:\Meu Drive\RADIO TJRN CONTEÚDO\00_PRODUCAO_2026\01_BOLETINS_DIARIOS\03_AUDIOS_RADIO
MARÇO,NJUD N/A,BOLETIM_RADIO_TJRN_10_03_2026_B8_TJRN_EMPRESA_SETOR_INFORMATICA_.mp3,10_03_2026,TJRN_EMPRESA_SETOR_INFORMATICA,,TJRN,NAO,H:\Meu Drive\RADIO TJRN CONTEÚDO\00_PRODUCAO_2026\01_BOLETINS_DIARIOS\03_AUDIOS_RADIO
MARÇO,NJUD N/A,BOLETIM_RADIO_TJRN_10_03_2026_B9_TJRN_PRESTADOR_SERVICOS_ACUSADO_.mp3,10_03_2026,TJRN_PRESTADOR_SERVICOS_ACUSADO,,TJRN,NAO,H:\Meu Drive\RADIO TJRN CONTEÚDO\00_PRODUCAO_2026\01_BOLETINS_DIARIOS\03_AUDIOS_RADIO
ABRIL,NJUD N/A,BOLETIM_RADIO_TJRN_10_04_2026_B10_TJRN_DETERMINA_SUSPENSAO_ATO_CANDIDATA_APROVADA.mp3,10_04_2026,TJRN_DETERMINA_SUSPENSAO_ATO_CANDIDATA_APROVADA,,TJRN,NAO,H:\Meu Drive\RADIO TJRN CONTEÚDO\00_PRODUCAO_2026\01_BOLETINS_DIARIOS\03_AUDIOS_RADIO
ABRIL,NJUD N/A,BOLETIM_RADIO_TJRN_10_04_2026_B1_TJRN_DECISAO_REALIZACAO_PERICIA_ASSINATURA_.mp3,10_04_2026,TJRN_DECISAO_REALIZACAO_PERICIA_ASSINATURA,,TJRN,NAO,H:\Meu Drive\RADIO TJRN CONTEÚDO\00_PRODUCAO_2026\01_BOLETINS_DIARIOS\03_AUDIOS_RADIO
ABRIL,NJUD N/A,BOLETIM_RADIO_TJRN_10_04_2026_B2_TJRN_SUPERLOTACAO_CARCERARIA_PROGRESSAO_REGIME_.mp3,10_04_2026,TJRN_SUPERLOTACAO_CARCERARIA_PROGRESSAO_REGIME,,TJRN,NAO,H:\Meu Drive\RADIO TJRN CONTEÚDO\00_PRODUCAO_2026\01_BOLETINS_DIARIOS\03_AUDIOS_RADIO
ABRIL,NJUD N/A,BOLETIM_RADIO_TJRN_10_04_2026_B3_TJRN_COSERN_CANCELAR_DEBITO_FRAUDE_.mp3,10_04_2026,TJRN_COSERN_CANCELAR_DEBITO_FRAUDE,,TJRN,NAO,H:\Meu Drive\RADIO TJRN CONTEÚDO\00_PRODUCAO_2026\01_BOLETINS_DIARIOS\03_AUDIOS_RADIO
ABRIL,NJUD N/A,BOLETIM_RADIO_TJRN_10_04_2026_B4_TJRN_CLIENTE_SOFRE_GOLPE_EMPRESTIMO_CONSIGNADO_.mp3,10_04_2026,TJRN_CLIENTE_SOFRE_GOLPE_EMPRESTIMO_CONSIGNADO,,TJRN,NAO,H:\Meu Drive\RADIO TJRN CONTEÚDO\00_PRODUCAO_2026\01_BOLETINS_DIARIOS\03_AUDIOS_RADIO
ABRIL,NJUD N/A,BOLETIM_RADIO_TJRN_10_04_2026_B5_TJRN_RECONHECE_DIREITO_CORRETOR_.mp3,10_04_2026,TJRN_RECONHECE_DIREITO_CORRETOR,,TJRN,NAO,H:\Meu Drive\RADIO TJRN CONTEÚDO\00_PRODUCAO_2026\01_BOLETINS_DIARIOS\03_AUDIOS_RADIO
ABRIL,NJUD N/A,BOLETIM_RADIO_TJRN_10_04_2026_B6_TJRN_PLANO_SAUDE_COBRANCA_EXCESSIVA_.mp3,10_04_2026,TJRN_PLANO_SAUDE_COBRANCA_EXCESSIVA,,TJRN,NAO,H:\Meu Drive\RADIO TJRN CONTEÚDO\00_PRODUCAO_2026\01_BOLETINS_DIARIOS\03_AUDIOS_RADIO
ABRIL,NJUD N/A,BOLETIM_RADIO_TJRN_10_04_2026_B7_TJRN_TRIPLO_HOMICIDIO_NISIA_FLORESTA_JURI_MANTIDO_.mp3,10_04_2026,TJRN_TRIPLO_HOMICIDIO_NISIA_FLORESTA_JURI_MANTIDO,,TJRN,NAO,H:\Meu Drive\RADIO TJRN CONTEÚDO\00_PRODUCAO_2026\01_BOLETINS_DIARIOS\03_AUDIOS_RADIO
ABRIL,NJUD N/A,BOLETIM_RADIO_TJRN_10_04_2026_B8_TJRN_DUPLA_CONDENADA_ASSALTO_.mp3,10_04_2026,TJRN_DUPLA_CONDENADA_ASSALTO,,TJRN,NAO,H:\Meu Drive\RADIO TJRN CONTEÚDO\00_PRODUCAO_2026\01_BOLETINS_DIARIOS\03_AUDIOS_RADIO
ABRIL,NJUD N/A,BOLETIM_RADIO_TJRN_10_04_2026_B9_TJRN_RECONHECE_DESCUMPRIMENTO_CONTRATUAL_.mp3,10_04_2026,TJRN_RECONHECE_DESCUMPRIMENTO_CONTRATUAL,,TJRN,NAO,H:\Meu Drive\RADIO TJRN CONTEÚDO\00_PRODUCAO_2026\01_BOLETINS_DIARIOS\03_AUDIOS_RADIO
FEVEREIRO,NJUD N/A,BOLETIM_RADIO_TJRN_11_02_2026_B10_TRTRN_CONCLUI_EXPEDICAO_PRECATORIOS_.mp3,11_02_2026,TRTRN_CONCLUI_EXPEDICAO_PRECATORIOS,,TJRN,NAO,H:\Meu Drive\RADIO TJRN CONTEÚDO\00_PRODUCAO_2026\01_BOLETINS_DIARIOS\03_AUDIOS_RADIO
FEVEREIRO,NJUD N/A,BOLETIM_RADIO_TJRN_11_02_2026_B1_TJRN_REFORMA_SENTENCA_PLATAFORMA.mp3,11_02_2026,TJRN_REFORMA_SENTENCA_PLATAFORMA,,TJRN,NAO,H:\Meu Drive\RADIO TJRN CONTEÚDO\00_PRODUCAO_2026\01_BOLETINS_DIARIOS\03_AUDIOS_RADIO
FEVEREIRO,NJUD N/A,BOLETIM_RADIO_TJRN_11_02_2026_B2_TJRN_MANTIDA_PENA_ACUSADO.mp3,11_02_2026,TJRN_MANTIDA_PENA_ACUSADO,,TJRN,NAO,H:\Meu Drive\RADIO TJRN CONTEÚDO\00_PRODUCAO_2026\01_BOLETINS_DIARIOS\03_AUDIOS_RADIO
FEVEREIRO,NJUD N/A,BOLETIM_RADIO_TJRN_11_02_2026_B3_TJRN_PLANO_SAUDE_MEDICAMENTOS.mp3,11_02_2026,TJRN_PLANO_SAUDE_MEDICAMENTOS,,TJRN,NAO,H:\Meu Drive\RADIO TJRN CONTEÚDO\00_PRODUCAO_2026\01_BOLETINS_DIARIOS\03_AUDIOS_RADIO
FEVEREIRO,NJUD N/A,BOLETIM_RADIO_TJRN_11_02_2026_B4_TJRN_ALMINO_AFONSO_SELECAO_.mp3,11_02_2026,TJRN_ALMINO_AFONSO_SELECAO,,TJRN,NAO,H:\Meu Drive\RADIO TJRN CONTEÚDO\00_PRODUCAO_2026\01_BOLETINS_DIARIOS\03_AUDIOS_RADIO
FEVEREIRO,NJUD N/A,BOLETIM_RADIO_TJRN_11_02_2026_B5_TJRN_SEGURADORA_CONDENADA_INDENIZACAO_.mp3,11_02_2026,TJRN_SEGURADORA_CONDENADA_INDENIZACAO,,TJRN,NAO,H:\Meu Drive\RADIO TJRN CONTEÚDO\00_PRODUCAO_2026\01_BOLETINS_DIARIOS\03_AUDIOS_RADIO
FEVEREIRO,NJUD N/A,BOLETIM_RADIO_TJRN_11_02_2026_B6_TJRN_DETERMINA_EXCLUSAO_CONTAS_FALSAS.mp3,11_02_2026,TJRN_DETERMINA_EXCLUSAO_CONTAS_FALSAS,,TJRN,NAO,H:\Meu Drive\RADIO TJRN CONTEÚDO\00_PRODUCAO_2026\01_BOLETINS_DIARIOS\03_AUDIOS_RADIO
FEVEREIRO,NJUD N/A,BOLETIM_RADIO_TJRN_11_02_2026_B7_TJRN_DEFINIDAS_REGRAS_AREIA_BRANCA_.mp3,11_02_2026,TJRN_DEFINIDAS_REGRAS_AREIA_BRANCA,,TJRN,NAO,H:\Meu Drive\RADIO TJRN CONTEÚDO\00_PRODUCAO_2026\01_BOLETINS_DIARIOS\03_AUDIOS_RADIO
FEVEREIRO,NJUD N/A,BOLETIM_RADIO_TJRN_11_02_2026_B8_MPRN_CRIACAO_PROTOCOLO_UNIDADES_SOCIOEDUCATIVAS.mp3,11_02_2026,MPRN_CRIACAO_PROTOCOLO_UNIDADES_SOCIOEDUCATIVAS,,TJRN,NAO,H:\Meu Drive\RADIO TJRN CONTEÚDO\00_PRODUCAO_2026\01_BOLETINS_DIARIOS\03_AUDIOS_RADIO
FEVEREIRO,NJUD N/A,BOLETIM_RADIO_TJRN_11_02_2026_B9_ALRN_GOVERNADORA_LEITURA_ANUAL_.mp3,11_02_2026,ALRN_GOVERNADORA_LEITURA_ANUAL,,TJRN,NAO,H:\Meu Drive\RADIO TJRN CONTEÚDO\00_PRODUCAO_2026\01_BOLETINS_DIARIOS\03_AUDIOS_RADIO
MARÇO,NJUD N/A,BOLETIM_RADIO_TJRN_11_03_2026_B10_CRONOGRAMA_OBRAS.mp3,11_03_2026,CRONOGRAMA_OBRAS,,TJRN,NAO,H:\Meu Drive\RADIO TJRN CONTEÚDO\00_PRODUCAO_2026\01_BOLETINS_DIARIOS\03_AUDIOS_RADIO
MARÇO,NJUD N/A,BOLETIM_RADIO_TJRN_11_03_2026_B1_TJRN_NEGLIGENCIA_MEDICA_ (1).mp3,11_03_2026,TJRN_NEGLIGENCIA_MEDICA_ (1),,TJRN,NAO,H:\Meu Drive\RADIO TJRN CONTEÚDO\00_PRODUCAO_2026\01_BOLETINS_DIARIOS\03_AUDIOS_RADIO
MARÇO,NJUD N/A,BOLETIM_RADIO_TJRN_11_03_2026_B1_TJRN_NEGLIGENCIA_MEDICA_.mp3,11_03_2026,TJRN_NEGLIGENCIA_MEDICA,,TJRN,NAO,H:\Meu Drive\RADIO TJRN CONTEÚDO\00_PRODUCAO_2026\01_BOLETINS_DIARIOS\03_AUDIOS_RADIO
MARÇO,NJUD N/A,BOLETIM_RADIO_TJRN_11_03_2026_B2_TJRN_EMPRESA_ONIBUS_CONDENADA_ (1).mp3,11_03_2026,TJRN_EMPRESA_ONIBUS_CONDENADA_ (1),,TJRN,NAO,H:\Meu Drive\RADIO TJRN CONTEÚDO\00_PRODUCAO_2026\01_BOLETINS_DIARIOS\03_AUDIOS_RADIO
MARÇO,NJUD N/A,BOLETIM_RADIO_TJRN_11_03_2026_B2_TJRN_EMPRESA_ONIBUS_CONDENADA_.mp3,11_03_2026,TJRN_EMPRESA_ONIBUS_CONDENADA,,TJRN,NAO,H:\Meu Drive\RADIO TJRN CONTEÚDO\00_PRODUCAO_2026\01_BOLETINS_DIARIOS\03_AUDIOS_RADIO
MARÇO,NJUD N/A,BOLETIM_RADIO_TJRN_11_03_2026_B3_TJRN_ACUSADO_MATAR_PREFEITO_ (1).mp3,11_03_2026,TJRN_ACUSADO_MATAR_PREFEITO_ (1),,TJRN,NAO,H:\Meu Drive\RADIO TJRN CONTEÚDO\00_PRODUCAO_2026\01_BOLETINS_DIARIOS\03_AUDIOS_RADIO
MARÇO,NJUD N/A,BOLETIM_RADIO_TJRN_11_03_2026_B3_TJRN_ACUSADO_MATAR_PREFEITO_.mp3,11_03_2026,TJRN_ACUSADO_MATAR_PREFEITO,,TJRN,NAO,H:\Meu Drive\RADIO TJRN CONTEÚDO\00_PRODUCAO_2026\01_BOLETINS_DIARIOS\03_AUDIOS_RADIO
MARÇO,NJUD N/A,BOLETIM_RADIO_TJRN_11_03_2026_B4_TJRN_JUIZADO_VIOLENCIA_DOMESTICA (1).mp3,11_03_2026,TJRN_JUIZADO_VIOLENCIA_DOMESTICA (1),,TJRN,NAO,H:\Meu Drive\RADIO TJRN CONTEÚDO\00_PRODUCAO_2026\01_BOLETINS_DIARIOS\03_AUDIOS_RADIO
MARÇO,NJUD N/A,BOLETIM_RADIO_TJRN_11_03_2026_B4_TJRN_JUIZADO_VIOLENCIA_DOMESTICA.mp3,11_03_2026,TJRN_JUIZADO_VIOLENCIA_DOMESTICA,,TJRN,NAO,H:\Meu Drive\RADIO TJRN CONTEÚDO\00_PRODUCAO_2026\01_BOLETINS_DIARIOS\03_AUDIOS_RADIO
MARÇO,NJUD N/A,BOLETIM_RADIO_TJRN_11_03_2026_B5_TJRN_LIVRO_IMPACTOS_FEMINICIDIOS_ (1).mp3,11_03_2026,TJRN_LIVRO_IMPACTOS_FEMINICIDIOS_ (1),,TJRN,NAO,H:\Meu Drive\RADIO TJRN CONTEÚDO\00_PRODUCAO_2026\01_BOLETINS_DIARIOS\03_AUDIOS_RADIO
MARÇO,NJUD N/A,BOLETIM_RADIO_TJRN_11_03_2026_B5_TJRN_LIVRO_IMPACTOS_FEMINICIDIOS_.mp3,11_03_2026,TJRN_LIVRO_IMPACTOS_FEMINICIDIOS,,TJRN,NAO,H:\Meu Drive\RADIO TJRN CONTEÚDO\00_PRODUCAO_2026\01_BOLETINS_DIARIOS\03_AUDIOS_RADIO
MARÇO,NJUD N/A,BOLETIM_RADIO_TJRN_11_03_2026_B6_TRERN_82_ATENDIMENTOS_.mp3,11_03_2026,TRERN_82_ATENDIMENTOS,,TJRN,NAO,H:\Meu Drive\RADIO TJRN CONTEÚDO\00_PRODUCAO_2026\01_BOLETINS_DIARIOS\03_AUDIOS_RADIO
MARÇO,NJUD N/A,BOLETIM_RADIO_TJRN_11_03_2026_B7_CNJ_TRIBUNAIS_FERRAMENTA_IA_.mp3,11_03_2026,CNJ_TRIBUNAIS_FERRAMENTA_IA,,TJRN,NAO,H:\Meu Drive\RADIO TJRN CONTEÚDO\00_PRODUCAO_2026\01_BOLETINS_DIARIOS\03_AUDIOS_RADIO
MARÇO,NJUD N/A,BOLETIM_RADIO_TJRN_11_03_2026_B8_ESTAGIO_POS_ALEXANDRIA.mp3,11_03_2026,ESTAGIO_POS_ALEXANDRIA,,TJRN,NAO,H:\Meu Drive\RADIO TJRN CONTEÚDO\00_PRODUCAO_2026\01_BOLETINS_DIARIOS\03_AUDIOS_RADIO
MARÇO,NJUD N/A,BOLETIM_RADIO_TJRN_11_03_2026_B9_AFASTAMENTO_CURSO_FORMACAO.mp3,11_03_2026,AFASTAMENTO_CURSO_FORMACAO,,TJRN,NAO,H:\Meu Drive\RADIO TJRN CONTEÚDO\00_PRODUCAO_2026\01_BOLETINS_DIARIOS\03_AUDIOS_RADIO
MAIO,NJUD N/A,BOLETIM_RADIO_TJRN_11_05_2026_B10_MPRN_RECOMENDA_CONTRATACAO_AMBULATORIO_.mp3,11_05_2026,MPRN_RECOMENDA_CONTRATACAO_AMBULATORIO,,TJRN,NAO,H:\Meu Drive\RADIO TJRN CONTEÚDO\00_PRODUCAO_2026\01_BOLETINS_DIARIOS\03_AUDIOS_RADIO
MAIO,NJUD N/A,BOLETIM_RADIO_TJRN_11_05_2026_B1_TRE_RN_ATENDIMENTOS_AGENDADOS_.mp3,11_05_2026,TRE_RN_ATENDIMENTOS_AGENDADOS,,TJRN,NAO,H:\Meu Drive\RADIO TJRN CONTEÚDO\00_PRODUCAO_2026\01_BOLETINS_DIARIOS\03_AUDIOS_RADIO
MAIO,NJUD N/A,BOLETIM_RADIO_TJRN_11_05_2026_B2_TJRN_FORTALECE_PRESERVACAO_JUSTICA_.mp3,11_05_2026,TJRN_FORTALECE_PRESERVACAO_JUSTICA,,TJRN,NAO,H:\Meu Drive\RADIO TJRN CONTEÚDO\00_PRODUCAO_2026\01_BOLETINS_DIARIOS\03_AUDIOS_RADIO
MAIO,NJUD N/A,BOLETIM_RADIO_TJRN_11_05_2026_B3_TJRN_CEARA_MIRIM_ESTAGIO.mp3,11_05_2026,TJRN_CEARA_MIRIM_ESTAGIO,,TJRN,NAO,H:\Meu Drive\RADIO TJRN CONTEÚDO\00_PRODUCAO_2026\01_BOLETINS_DIARIOS\03_AUDIOS_RADIO
MAIO,NJUD N/A,BOLETIM_RADIO_TJRN_11_05_2026_B4_TJRN_RECONHECE_FRAUDE_TRANSACOES_DIGITAIS.mp3,11_05_2026,TJRN_RECONHECE_FRAUDE_TRANSACOES_DIGITAIS,,TJRN,NAO,H:\Meu Drive\RADIO TJRN CONTEÚDO\00_PRODUCAO_2026\01_BOLETINS_DIARIOS\03_AUDIOS_RADIO
MAIO,NJUD N/A,BOLETIM_RADIO_TJRN_11_05_2026_B5_TJRN_AREIA_BRANCA_SELECAO_PROJETOS_.mp3,11_05_2026,TJRN_AREIA_BRANCA_SELECAO_PROJETOS,,TJRN,NAO,H:\Meu Drive\RADIO TJRN CONTEÚDO\00_PRODUCAO_2026\01_BOLETINS_DIARIOS\03_AUDIOS_RADIO
MAIO,NJUD N/A,BOLETIM_RADIO_TJRN_11_05_2026_B6_TJRN_COSERN_INDENIZADA_.mp3,11_05_2026,TJRN_COSERN_INDENIZADA,,TJRN,NAO,H:\Meu Drive\RADIO TJRN CONTEÚDO\00_PRODUCAO_2026\01_BOLETINS_DIARIOS\03_AUDIOS_RADIO
MAIO,NJUD N/A,BOLETIM_RADIO_TJRN_11_05_2026_B7_TJRN_CANGUARETAMA_ESTAGIO_POS.mp3,11_05_2026,TJRN_CANGUARETAMA_ESTAGIO_POS,,TJRN,NAO,H:\Meu Drive\RADIO TJRN CONTEÚDO\00_PRODUCAO_2026\01_BOLETINS_DIARIOS\03_AUDIOS_RADIO
MAIO,NJUD N/A,BOLETIM_RADIO_TJRN_11_05_2026_B8_TJRN_CONDENA_EMPRESA_ONIBUS_.mp3,11_05_2026,TJRN_CONDENA_EMPRESA_ONIBUS,,TJRN,NAO,H:\Meu Drive\RADIO TJRN CONTEÚDO\00_PRODUCAO_2026\01_BOLETINS_DIARIOS\03_AUDIOS_RADIO
MAIO,NJUD N/A,BOLETIM_RADIO_TJRN_11_05_2026_B9_OABRN_EXCLUSAO_ADVOGADA_.mp3,11_05_2026,OABRN_EXCLUSAO_ADVOGADA,,TJRN,NAO,H:\Meu Drive\RADIO TJRN CONTEÚDO\00_PRODUCAO_2026\01_BOLETINS_DIARIOS\03_AUDIOS_RADIO
JANEIRO,NJUD N/A,BOLETIM_RADIO_TJRN_12_01_2026_B10_BANCO_TALENTOS_CNJ.mp3,12_01_2026,BANCO_TALENTOS_CNJ,,TJRN,NAO,H:\Meu Drive\RADIO TJRN CONTEÚDO\00_PRODUCAO_2026\01_BOLETINS_DIARIOS\03_AUDIOS_RADIO
JANEIRO,NJUD N/A,BOLETIM_RADIO_TJRN_12_01_2026_B1_JUIZADO_ESPECIAL_PARNAMIRIM_ESTAGIO_.mp3,12_01_2026,JUIZADO_ESPECIAL_PARNAMIRIM_ESTAGIO,,TJRN,NAO,H:\Meu Drive\RADIO TJRN CONTEÚDO\00_PRODUCAO_2026\01_BOLETINS_DIARIOS\03_AUDIOS_RADIO
JANEIRO,NJUD N/A,BOLETIM_RADIO_TJRN_12_01_2026_B2_TJRN_MULHER_PROVOCA_ACIDENTE_.mp3,12_01_2026,TJRN_MULHER_PROVOCA_ACIDENTE,,TJRN,NAO,H:\Meu Drive\RADIO TJRN CONTEÚDO\00_PRODUCAO_2026\01_BOLETINS_DIARIOS\03_AUDIOS_RADIO
JANEIRO,NJUD N/A,BOLETIM_RADIO_TJRN_12_01_2026_B3_TJRN_PLANO_SAUDE_TEA_CRIANCA.mp3,12_01_2026,TJRN_PLANO_SAUDE_TEA_CRIANCA,,TJRN,NAO,H:\Meu Drive\RADIO TJRN CONTEÚDO\00_PRODUCAO_2026\01_BOLETINS_DIARIOS\03_AUDIOS_RADIO
JANEIRO,NJUD N/A,BOLETIM_RADIO_TJRN_12_01_2026_B4_TJRN_JUIZADO_VIOLENCIA_DOMESTICA_.mp3,12_01_2026,TJRN_JUIZADO_VIOLENCIA_DOMESTICA,,TJRN,NAO,H:\Meu Drive\RADIO TJRN CONTEÚDO\00_PRODUCAO_2026\01_BOLETINS_DIARIOS\03_AUDIOS_RADIO
JANEIRO,NJUD N/A,BOLETIM_RADIO_TJRN_12_01_2026_B5_TJRN_EMPRESA_ELETRONICOS_DEFEITOS.mp3,12_01_2026,TJRN_EMPRESA_ELETRONICOS_DEFEITOS,,TJRN,NAO,H:\Meu Drive\RADIO TJRN CONTEÚDO\00_PRODUCAO_2026\01_BOLETINS_DIARIOS\03_AUDIOS_RADIO
JANEIRO,NJUD N/A,BOLETIM_RADIO_TJRN_12_01_2026_B6_DPERN_RESULTADOS_BIENIOS_.mp3,12_01_2026,DPERN_RESULTADOS_BIENIOS,,TJRN,NAO,H:\Meu Drive\RADIO TJRN CONTEÚDO\00_PRODUCAO_2026\01_BOLETINS_DIARIOS\03_AUDIOS_RADIO
JANEIRO,NJUD N/A,BOLETIM_RADIO_TJRN_12_01_2026_B7_MPRN_CONVOCACAO_PROFESSORES_ESTADO.mp3,12_01_2026,MPRN_CONVOCACAO_PROFESSORES_ESTADO,,TJRN,NAO,H:\Meu Drive\RADIO TJRN CONTEÚDO\00_PRODUCAO_2026\01_BOLETINS_DIARIOS\03_AUDIOS_RADIO
JANEIRO,NJUD N/A,BOLETIM_RADIO_TJRN_12_01_2026_B8_MPRN_APURACAO_APOLOGIA_NAZISMO.mp3,12_01_2026,MPRN_APURACAO_APOLOGIA_NAZISMO,,TJRN,NAO,H:\Meu Drive\RADIO TJRN CONTEÚDO\00_PRODUCAO_2026\01_BOLETINS_DIARIOS\03_AUDIOS_RADIO
JANEIRO,NJUD N/A,BOLETIM_RADIO_TJRN_12_01_2026_B9_DOIS_ANOS_PROJETO_NOVOS_CAMINHOS.mp3,12_01_2026,DOIS_ANOS_PROJETO_NOVOS_CAMINHOS,,TJRN,NAO,H:\Meu Drive\RADIO TJRN CONTEÚDO\00_PRODUCAO_2026\01_BOLETINS_DIARIOS\03_AUDIOS_RADIO
FEVEREIRO,NJUD N/A,BOLETIM_RADIO_TJRN_12_02_2026_B10_ESMARN_DIVULGADO_PROJETOS_DINTER.mp3,12_02_2026,ESMARN_DIVULGADO_PROJETOS_DINTER,,TJRN,NAO,H:\Meu Drive\RADIO TJRN CONTEÚDO\00_PRODUCAO_2026\01_BOLETINS_DIARIOS\03_AUDIOS_RADIO
FEVEREIRO,NJUD N/A,BOLETIM_RADIO_TJRN_12_02_2026_B1_TJRN_RECOMENDACAO_CNJ.mp3,12_02_2026,TJRN_RECOMENDACAO_CNJ,,TJRN,NAO,H:\Meu Drive\RADIO TJRN CONTEÚDO\00_PRODUCAO_2026\01_BOLETINS_DIARIOS\03_AUDIOS_RADIO
FEVEREIRO,NJUD N/A,BOLETIM_RADIO_TJRN_12_02_2026_B2_TJRN_CAMARAS_PRODUTIVIDADE.mp3,12_02_2026,TJRN_CAMARAS_PRODUTIVIDADE,,TJRN,NAO,H:\Meu Drive\RADIO TJRN CONTEÚDO\00_PRODUCAO_2026\01_BOLETINS_DIARIOS\03_AUDIOS_RADIO
FEVEREIRO,NJUD N/A,BOLETIM_RADIO_TJRN_12_02_2026_B3_TJRN_PLANO_SAUDE_TRATAMENTO_CRIANCA_.mp3,12_02_2026,TJRN_PLANO_SAUDE_TRATAMENTO_CRIANCA,,TJRN,NAO,H:\Meu Drive\RADIO TJRN CONTEÚDO\00_PRODUCAO_2026\01_BOLETINS_DIARIOS\03_AUDIOS_RADIO
FEVEREIRO,NJUD N/A,BOLETIM_RADIO_TJRN_12_02_2026_B4_TJRN_PLANO_COMPROVAR_MENSALIDADE.mp3,12_02_2026,TJRN_PLANO_COMPROVAR_MENSALIDADE,,TJRN,NAO,H:\Meu Drive\RADIO TJRN CONTEÚDO\00_PRODUCAO_2026\01_BOLETINS_DIARIOS\03_AUDIOS_RADIO
FEVEREIRO,NJUD N/A,BOLETIM_RADIO_TJRN_12_02_2026_B5_TJRN_DECISAO_DEFINE_INCIDENCIA_JUROS_.mp3,12_02_2026,TJRN_DECISAO_DEFINE_INCIDENCIA_JUROS,,TJRN,NAO,H:\Meu Drive\RADIO TJRN CONTEÚDO\00_PRODUCAO_2026\01_BOLETINS_DIARIOS\03_AUDIOS_RADIO
FEVEREIRO,NJUD N/A,BOLETIM_RADIO_TJRN_12_02_2026_B6_TJRN_ACUSADA_ESTELIONATOS_.mp3,12_02_2026,TJRN_ACUSADA_ESTELIONATOS,,TJRN,NAO,H:\Meu Drive\RADIO TJRN CONTEÚDO\00_PRODUCAO_2026\01_BOLETINS_DIARIOS\03_AUDIOS_RADIO
FEVEREIRO,NJUD N/A,BOLETIM_RADIO_TJRN_12_02_2026_B7_TJRN_JUSTICA_CONDENA_IDOSO_MAUS_TRATOS.mp3,12_02_2026,TJRN_JUSTICA_CONDENA_IDOSO_MAUS_TRATOS,,TJRN,NAO,H:\Meu Drive\RADIO TJRN CONTEÚDO\00_PRODUCAO_2026\01_BOLETINS_DIARIOS\03_AUDIOS_RADIO
FEVEREIRO,NJUD N/A,BOLETIM_RADIO_TJRN_12_02_2026_B8_MPRN_RESTRICAO_RECIPIENTES_VIDRO_.mp3,12_02_2026,MPRN_RESTRICAO_RECIPIENTES_VIDRO,,TJRN,NAO,H:\Meu Drive\RADIO TJRN CONTEÚDO\00_PRODUCAO_2026\01_BOLETINS_DIARIOS\03_AUDIOS_RADIO
FEVEREIRO,NJUD N/A,BOLETIM_RADIO_TJRN_12_02_2026_B9_TRT_RN_INAUGURA_SALA_CLIMATIZADAS.mp3,12_02_2026,TRT_RN_INAUGURA_SALA_CLIMATIZADAS,,TJRN,NAO,H:\Meu Drive\RADIO TJRN CONTEÚDO\00_PRODUCAO_2026\01_BOLETINS_DIARIOS\03_AUDIOS_RADIO
MARÇO,NJUD N/A,BOLETIM_RADIO_TJRN_12_03_2026_B10_TRTRN_CUIDADORA_REVEZAVA_PLANTOES_.mp3,12_03_2026,TRTRN_CUIDADORA_REVEZAVA_PLANTOES,,TJRN,NAO,H:\Meu Drive\RADIO TJRN CONTEÚDO\00_PRODUCAO_2026\01_BOLETINS_DIARIOS\03_AUDIOS_RADIO
MARÇO,NJUD N/A,BOLETIM_RADIO_TJRN_12_03_2026_B1_TJRN_MANTIDA_LEGALIDADE_NOMEACOES_.mp3,12_03_2026,TJRN_MANTIDA_LEGALIDADE_NOMEACOES,,TJRN,NAO,H:\Meu Drive\RADIO TJRN CONTEÚDO\00_PRODUCAO_2026\01_BOLETINS_DIARIOS\03_AUDIOS_RADIO
MARÇO,NJUD N/A,BOLETIM_RADIO_TJRN_12_03_2026_B2_TJRN_EMPRESA_BLACK_FRIDAY.mp3,12_03_2026,TJRN_EMPRESA_BLACK_FRIDAY,,TJRN,NAO,H:\Meu Drive\RADIO TJRN CONTEÚDO\00_PRODUCAO_2026\01_BOLETINS_DIARIOS\03_AUDIOS_RADIO
MARÇO,NJUD N/A,BOLETIM_RADIO_TJRN_12_03_2026_B3_TJRN_EDITAL_FORMACAO_MANUTENCAO_.mp3,12_03_2026,TJRN_EDITAL_FORMACAO_MANUTENCAO,,TJRN,NAO,H:\Meu Drive\RADIO TJRN CONTEÚDO\00_PRODUCAO_2026\01_BOLETINS_DIARIOS\03_AUDIOS_RADIO
MARÇO,NJUD N/A,BOLETIM_RADIO_TJRN_12_03_2026_B4_TJRN_TOUROS_PROCESSO_SELETIVO_.mp3,12_03_2026,TJRN_TOUROS_PROCESSO_SELETIVO,,TJRN,NAO,H:\Meu Drive\RADIO TJRN CONTEÚDO\00_PRODUCAO_2026\01_BOLETINS_DIARIOS\03_AUDIOS_RADIO
MARÇO,NJUD N/A,BOLETIM_RADIO_TJRN_12_03_2026_B5_TJRN_COMITE_GESTOR_PENAS_PECUNIARIAS_.mp3,12_03_2026,TJRN_COMITE_GESTOR_PENAS_PECUNIARIAS,,TJRN,NAO,H:\Meu Drive\RADIO TJRN CONTEÚDO\00_PRODUCAO_2026\01_BOLETINS_DIARIOS\03_AUDIOS_RADIO
MARÇO,NJUD N/A,BOLETIM_RADIO_TJRN_12_03_2026_B6_TJRN_CEJUSC_CEARA_MIRIM_ACORDO_.mp3,12_03_2026,TJRN_CEJUSC_CEARA_MIRIM_ACORDO,,TJRN,NAO,H:\Meu Drive\RADIO TJRN CONTEÚDO\00_PRODUCAO_2026\01_BOLETINS_DIARIOS\03_AUDIOS_RADIO
MARÇO,NJUD N/A,BOLETIM_RADIO_TJRN_12_03_2026_B7_TJRN_EDITAL_PROJETOS_SOCIAIS_.mp3,12_03_2026,TJRN_EDITAL_PROJETOS_SOCIAIS,,TJRN,NAO,H:\Meu Drive\RADIO TJRN CONTEÚDO\00_PRODUCAO_2026\01_BOLETINS_DIARIOS\03_AUDIOS_RADIO
MARÇO,NJUD N/A,BOLETIM_RADIO_TJRN_12_03_2026_B8_TJRN_VARA_ANGICOS_EDITAL_.mp3,12_03_2026,TJRN_VARA_ANGICOS_EDITAL,,TJRN,NAO,H:\Meu Drive\RADIO TJRN CONTEÚDO\00_PRODUCAO_2026\01_BOLETINS_DIARIOS\03_AUDIOS_RADIO
MARÇO,NJUD N/A,BOLETIM_RADIO_TJRN_12_03_2026_B9_DPERN_EDITAL_DOACAO_VEICULOS_.mp3,12_03_2026,DPERN_EDITAL_DOACAO_VEICULOS,,TJRN,NAO,H:\Meu Drive\RADIO TJRN CONTEÚDO\00_PRODUCAO_2026\01_BOLETINS_DIARIOS\03_AUDIOS_RADIO
MAIO,NJUD N/A,BOLETIM_RADIO_TJRN_12_05_2026_B10_TJRN_RESULTADO_PRELIMINAR_ENAM_.mp3,12_05_2026,TJRN_RESULTADO_PRELIMINAR_ENAM,,TJRN,NAO,H:\Meu Drive\RADIO TJRN CONTEÚDO\00_PRODUCAO_2026\01_BOLETINS_DIARIOS\03_AUDIOS_RADIO
MAIO,NJUD N/A,BOLETIM_RADIO_TJRN_12_05_2026_B1_TJRN_NUCLEO_APOIO_ESTAGIO.mp3,12_05_2026,TJRN_NUCLEO_APOIO_ESTAGIO,,TJRN,NAO,H:\Meu Drive\RADIO TJRN CONTEÚDO\00_PRODUCAO_2026\01_BOLETINS_DIARIOS\03_AUDIOS_RADIO
MAIO,NJUD N/A,BOLETIM_RADIO_TJRN_12_05_2026_B2_TJRN_EMPRESA_RESTABELECE_AGUA_.mp3,12_05_2026,TJRN_EMPRESA_RESTABELECE_AGUA,,TJRN,NAO,H:\Meu Drive\RADIO TJRN CONTEÚDO\00_PRODUCAO_2026\01_BOLETINS_DIARIOS\03_AUDIOS_RADIO
MAIO,NJUD N/A,BOLETIM_RADIO_TJRN_12_05_2026_B3_TJRN_PLATAFORMA_COLABORATIVA_PROMPTS.mp3,12_05_2026,TJRN_PLATAFORMA_COLABORATIVA_PROMPTS,,TJRN,NAO,H:\Meu Drive\RADIO TJRN CONTEÚDO\00_PRODUCAO_2026\01_BOLETINS_DIARIOS\03_AUDIOS_RADIO
MAIO,NJUD N/A,BOLETIM_RADIO_TJRN_12_05_2026_B4_TJRN_VARA_EXECUCAO_FISCAL_RESULTADO_ESTAGIO_.mp3,12_05_2026,TJRN_VARA_EXECUCAO_FISCAL_RESULTADO_ESTAGIO,,TJRN,NAO,H:\Meu Drive\RADIO TJRN CONTEÚDO\00_PRODUCAO_2026\01_BOLETINS_DIARIOS\03_AUDIOS_RADIO
MAIO,NJUD N/A,BOLETIM_RADIO_TJRN_12_05_2026_B5_TJRN_FALHA_SERVICO_RASTREAMENTO.mp3,12_05_2026,TJRN_FALHA_SERVICO_RASTREAMENTO,,TJRN,NAO,H:\Meu Drive\RADIO TJRN CONTEÚDO\00_PRODUCAO_2026\01_BOLETINS_DIARIOS\03_AUDIOS_RADIO
MAIO,NJUD N/A,BOLETIM_RADIO_TJRN_12_05_2026_B6_TJRN_SERVIDOR_SOFRE_ASSEDIO.mp3,12_05_2026,TJRN_SERVIDOR_SOFRE_ASSEDIO,,TJRN,NAO,H:\Meu Drive\RADIO TJRN CONTEÚDO\00_PRODUCAO_2026\01_BOLETINS_DIARIOS\03_AUDIOS_RADIO
MAIO,NJUD N/A,BOLETIM_RADIO_TJRN_12_05_2026_B7_TJRN_PARELHAS_INDENIZACAO_PACIENTE_.mp3,12_05_2026,TJRN_PARELHAS_INDENIZACAO_PACIENTE,,TJRN,NAO,H:\Meu Drive\RADIO TJRN CONTEÚDO\00_PRODUCAO_2026\01_BOLETINS_DIARIOS\03_AUDIOS_RADIO
MAIO,NJUD N/A,BOLETIM_RADIO_TJRN_12_05_2026_B8_TJRN_DETERMINA_INDISPONIBILIDADE_LOTES.mp3,12_05_2026,TJRN_DETERMINA_INDISPONIBILIDADE_LOTES,,TJRN,NAO,H:\Meu Drive\RADIO TJRN CONTEÚDO\00_PRODUCAO_2026\01_BOLETINS_DIARIOS\03_AUDIOS_RADIO
MAIO,NJUD N/A,BOLETIM_RADIO_TJRN_12_05_2026_B9_TJRN_PLANO_SAUDE_CONDENADO.mp3,12_05_2026,TJRN_PLANO_SAUDE_CONDENADO,,TJRN,NAO,H:\Meu Drive\RADIO TJRN CONTEÚDO\00_PRODUCAO_2026\01_BOLETINS_DIARIOS\03_AUDIOS_RADIO
FEVEREIRO,NJUD N/A,BOLETIM_RADIO_TJRN_13_02_2026_B10_TJRN_ACUSADOS_INTEGRAR_FACCAO_.mp3,13_02_2026,TJRN_ACUSADOS_INTEGRAR_FACCAO,,TJRN,NAO,H:\Meu Drive\RADIO TJRN CONTEÚDO\00_PRODUCAO_2026\01_BOLETINS_DIARIOS\03_AUDIOS_RADIO
FEVEREIRO,NJUD N/A,BOLETIM_RADIO_TJRN_13_02_2026_B1_TJRN_CARRO_DEFEITO_APOS_COMPRA_.mp3,13_02_2026,TJRN_CARRO_DEFEITO_APOS_COMPRA,,TJRN,NAO,H:\Meu Drive\RADIO TJRN CONTEÚDO\00_PRODUCAO_2026\01_BOLETINS_DIARIOS\03_AUDIOS_RADIO
FEVEREIRO,NJUD N/A,BOLETIM_RADIO_TJRN_13_02_2026_B2_TJRN_COMARCA_ALEXANDRIA_SELECAO_INTERINOS.mp3,13_02_2026,TJRN_COMARCA_ALEXANDRIA_SELECAO_INTERINOS,,TJRN,NAO,H:\Meu Drive\RADIO TJRN CONTEÚDO\00_PRODUCAO_2026\01_BOLETINS_DIARIOS\03_AUDIOS_RADIO
FEVEREIRO,NJUD N/A,BOLETIM_RADIO_TJRN_13_02_2026_B3_TJRN_CEARA_MIRIM_SUSPENDE_EXPEDIENTE_.mp3,13_02_2026,TJRN_CEARA_MIRIM_SUSPENDE_EXPEDIENTE,,TJRN,NAO,H:\Meu Drive\RADIO TJRN CONTEÚDO\00_PRODUCAO_2026\01_BOLETINS_DIARIOS\03_AUDIOS_RADIO
FEVEREIRO,NJUD N/A,BOLETIM_RADIO_TJRN_13_02_2026_B4_TJRN_JUIZ_TOMA_POSSE_.mp3,13_02_2026,TJRN_JUIZ_TOMA_POSSE,,TJRN,NAO,H:\Meu Drive\RADIO TJRN CONTEÚDO\00_PRODUCAO_2026\01_BOLETINS_DIARIOS\03_AUDIOS_RADIO
FEVEREIRO,NJUD N/A,BOLETIM_RADIO_TJRN_13_02_2026_B5_CANCELADA_SESSAO_3_CAMARA_CIVEL.mp3,13_02_2026,CANCELADA_SESSAO_3_CAMARA_CIVEL,,TJRN,NAO,H:\Meu Drive\RADIO TJRN CONTEÚDO\00_PRODUCAO_2026\01_BOLETINS_DIARIOS\03_AUDIOS_RADIO
FEVEREIRO,NJUD N/A,BOLETIM_RADIO_TJRN_13_02_2026_B6_EXAMES_RESSONANCIA_TORAX.mp3,13_02_2026,EXAMES_RESSONANCIA_TORAX,,TJRN,NAO,H:\Meu Drive\RADIO TJRN CONTEÚDO\00_PRODUCAO_2026\01_BOLETINS_DIARIOS\03_AUDIOS_RADIO
FEVEREIRO,NJUD N/A,BOLETIM_RADIO_TJRN_13_02_2026_B7_CONTRATO_VERBAL_IMOVEL.mp3,13_02_2026,CONTRATO_VERBAL_IMOVEL,,TJRN,NAO,H:\Meu Drive\RADIO TJRN CONTEÚDO\00_PRODUCAO_2026\01_BOLETINS_DIARIOS\03_AUDIOS_RADIO
FEVEREIRO,NJUD N/A,BOLETIM_RADIO_TJRN_13_02_2026_B8_TJRN_BRINQUE_DIREITO_CAMPANHA_.mp3,13_02_2026,TJRN_BRINQUE_DIREITO_CAMPANHA,,TJRN,NAO,H:\Meu Drive\RADIO TJRN CONTEÚDO\00_PRODUCAO_2026\01_BOLETINS_DIARIOS\03_AUDIOS_RADIO
FEVEREIRO,NJUD N/A,BOLETIM_RADIO_TJRN_13_02_2026_B9_TJRN_REGRAS_PARTICIPACAO_CRIANCAS_.mp3,13_02_2026,TJRN_REGRAS_PARTICIPACAO_CRIANCAS,,TJRN,NAO,H:\Meu Drive\RADIO TJRN CONTEÚDO\00_PRODUCAO_2026\01_BOLETINS_DIARIOS\03_AUDIOS_RADIO
MARÇO,NJUD N/A,BOLETIM_RADIO_TJRN_13_03_2026_B10_POSSE_TERRENO_USUCAPIAO.mp3,13_03_2026,POSSE_TERRENO_USUCAPIAO,,TJRN,NAO,H:\Meu Drive\RADIO TJRN CONTEÚDO\00_PRODUCAO_2026\01_BOLETINS_DIARIOS\03_AUDIOS_RADIO
MARÇO,NJUD N/A,BOLETIM_RADIO_TJRN_13_03_2026_B1_TJRN_NOTIFICACAO_DEVEDOR_LEGITIMA.mp3,13_03_2026,TJRN_NOTIFICACAO_DEVEDOR_LEGITIMA,,TJRN,NAO,H:\Meu Drive\RADIO TJRN CONTEÚDO\00_PRODUCAO_2026\01_BOLETINS_DIARIOS\03_AUDIOS_RADIO
MARÇO,NJUD N/A,BOLETIM_RADIO_TJRN_13_03_2026_B2_TJRN_DETERMINA_SUSPENSAO_COBRANCA_.mp3,13_03_2026,TJRN_DETERMINA_SUSPENSAO_COBRANCA,,TJRN,NAO,H:\Meu Drive\RADIO TJRN CONTEÚDO\00_PRODUCAO_2026\01_BOLETINS_DIARIOS\03_AUDIOS_RADIO
MARÇO,NJUD N/A,BOLETIM_RADIO_TJRN_13_03_2026_B3_TJRN_MANTEM_CONDENACAO_DANO_AMBIENTAL_.mp3,13_03_2026,TJRN_MANTEM_CONDENACAO_DANO_AMBIENTAL,,TJRN,NAO,H:\Meu Drive\RADIO TJRN CONTEÚDO\00_PRODUCAO_2026\01_BOLETINS_DIARIOS\03_AUDIOS_RADIO
MARÇO,NJUD N/A,BOLETIM_RADIO_TJRN_13_03_2026_B4_TJRN_HOMEM_CONDENADO_VIOLENCIA_PSICOLOGICA_.mp3,13_03_2026,TJRN_HOMEM_CONDENADO_VIOLENCIA_PSICOLOGICA,,TJRN,NAO,H:\Meu Drive\RADIO TJRN CONTEÚDO\00_PRODUCAO_2026\01_BOLETINS_DIARIOS\03_AUDIOS_RADIO
MARÇO,NJUD N/A,BOLETIM_RADIO_TJRN_13_03_2026_B5_TJRN_CLAUSULAS_CLARAS_CONSORCIO_.mp3,13_03_2026,TJRN_CLAUSULAS_CLARAS_CONSORCIO,,TJRN,NAO,H:\Meu Drive\RADIO TJRN CONTEÚDO\00_PRODUCAO_2026\01_BOLETINS_DIARIOS\03_AUDIOS_RADIO
MARÇO,NJUD N/A,BOLETIM_RADIO_TJRN_13_03_2026_B6_TJRN_VARA_MACAIBA_PENAS_PECUNIARIAS_.mp3,13_03_2026,TJRN_VARA_MACAIBA_PENAS_PECUNIARIAS,,TJRN,NAO,H:\Meu Drive\RADIO TJRN CONTEÚDO\00_PRODUCAO_2026\01_BOLETINS_DIARIOS\03_AUDIOS_RADIO
MARÇO,NJUD N/A,BOLETIM_RADIO_TJRN_13_03_2026_B7_CNJ_REDES_ATENDIMENTOS_DENUNCIA_.mp3,13_03_2026,CNJ_REDES_ATENDIMENTOS_DENUNCIA,,TJRN,NAO,H:\Meu Drive\RADIO TJRN CONTEÚDO\00_PRODUCAO_2026\01_BOLETINS_DIARIOS\03_AUDIOS_RADIO
MARÇO,NJUD N/A,BOLETIM_RADIO_TJRN_13_03_2026_B8_PALESTRA_SAUDE_FEMININA.mp3,13_03_2026,PALESTRA_SAUDE_FEMININA,,TJRN,NAO,H:\Meu Drive\RADIO TJRN CONTEÚDO\00_PRODUCAO_2026\01_BOLETINS_DIARIOS\03_AUDIOS_RADIO
MARÇO,NJUD N/A,BOLETIM_RADIO_TJRN_13_03_2026_B9_INDENIZACAO_DEMORA_CONSERTO_VEICULO.mp3,13_03_2026,INDENIZACAO_DEMORA_CONSERTO_VEICULO,,TJRN,NAO,H:\Meu Drive\RADIO TJRN CONTEÚDO\00_PRODUCAO_2026\01_BOLETINS_DIARIOS\03_AUDIOS_RADIO
ABRIL,NJUD N/A,BOLETIM_RADIO_TJRN_13_04_2026_B10_SUPLEMENTO_CRIANCA_SELETIVIDADE.mp3,13_04_2026,SUPLEMENTO_CRIANCA_SELETIVIDADE,,TJRN,NAO,H:\Meu Drive\RADIO TJRN CONTEÚDO\00_PRODUCAO_2026\01_BOLETINS_DIARIOS\03_AUDIOS_RADIO
ABRIL,NJUD N/A,BOLETIM_RADIO_TJRN_13_04_2026_B1_TJRN_CONDENA_PLATAFORMA_DIGITAL_FALHA_.mp3,13_04_2026,TJRN_CONDENA_PLATAFORMA_DIGITAL_FALHA,,TJRN,NAO,H:\Meu Drive\RADIO TJRN CONTEÚDO\00_PRODUCAO_2026\01_BOLETINS_DIARIOS\03_AUDIOS_RADIO
ABRIL,NJUD N/A,BOLETIM_RADIO_TJRN_13_04_2026_B2_TJRN_PARNAMIRIM_CONDENADO_ACIDENTE_TRANSPORTE_.mp3,13_04_2026,TJRN_PARNAMIRIM_CONDENADO_ACIDENTE_TRANSPORTE,,TJRN,NAO,H:\Meu Drive\RADIO TJRN CONTEÚDO\00_PRODUCAO_2026\01_BOLETINS_DIARIOS\03_AUDIOS_RADIO
ABRIL,NJUD N/A,BOLETIM_RADIO_TJRN_13_04_2026_B3_TJRN_IPERN_CONDENADO_INDENIZAR_SERVIDORA_.mp3,13_04_2026,TJRN_IPERN_CONDENADO_INDENIZAR_SERVIDORA,,TJRN,NAO,H:\Meu Drive\RADIO TJRN CONTEÚDO\00_PRODUCAO_2026\01_BOLETINS_DIARIOS\03_AUDIOS_RADIO
ABRIL,NJUD N/A,BOLETIM_RADIO_TJRN_13_04_2026_B4_TJRN_ACUSADOS_CRIMES_TRAFICO_.mp3,13_04_2026,TJRN_ACUSADOS_CRIMES_TRAFICO,,TJRN,NAO,H:\Meu Drive\RADIO TJRN CONTEÚDO\00_PRODUCAO_2026\01_BOLETINS_DIARIOS\03_AUDIOS_RADIO
ABRIL,NJUD N/A,BOLETIM_RADIO_TJRN_13_04_2026_B5_TJRN_PASSAGEIRA_RECEBEU_MALA_DANIFICADA_.mp3,13_04_2026,TJRN_PASSAGEIRA_RECEBEU_MALA_DANIFICADA,,TJRN,NAO,H:\Meu Drive\RADIO TJRN CONTEÚDO\00_PRODUCAO_2026\01_BOLETINS_DIARIOS\03_AUDIOS_RADIO
ABRIL,NJUD N/A,BOLETIM_RADIO_TJRN_13_04_2026_B6_TJRN_CONVOCA_45_TECNICOS_.mp3,13_04_2026,TJRN_CONVOCA_45_TECNICOS,,TJRN,NAO,H:\Meu Drive\RADIO TJRN CONTEÚDO\00_PRODUCAO_2026\01_BOLETINS_DIARIOS\03_AUDIOS_RADIO
ABRIL,NJUD N/A,BOLETIM_RADIO_TJRN_13_04_2026_B7_DANOS_MORAIS_MANOBRA_IRREGULAR.mp3,13_04_2026,DANOS_MORAIS_MANOBRA_IRREGULAR,,TJRN,NAO,H:\Meu Drive\RADIO TJRN CONTEÚDO\00_PRODUCAO_2026\01_BOLETINS_DIARIOS\03_AUDIOS_RADIO
ABRIL,NJUD N/A,BOLETIM_RADIO_TJRN_13_04_2026_B8_SUSPENSAO_FATURA_ENERGIA_ELETRICA.mp3,13_04_2026,SUSPENSAO_FATURA_ENERGIA_ELETRICA,,TJRN,NAO,H:\Meu Drive\RADIO TJRN CONTEÚDO\00_PRODUCAO_2026\01_BOLETINS_DIARIOS\03_AUDIOS_RADIO
ABRIL,NJUD N/A,BOLETIM_RADIO_TJRN_13_04_2026_B9_CONTRATACAO_MEDICO_IRREGULAR.mp3,13_04_2026,CONTRATACAO_MEDICO_IRREGULAR,,TJRN,NAO,H:\Meu Drive\RADIO TJRN CONTEÚDO\00_PRODUCAO_2026\01_BOLETINS_DIARIOS\03_AUDIOS_RADIO
MAIO,NJUD N/A,BOLETIM_RADIO_TJRN_13_05_2026_B10_FRAUDE_FAST_FOOD.mp3,13_05_2026,FRAUDE_FAST_FOOD,,TJRN,NAO,H:\Meu Drive\RADIO TJRN CONTEÚDO\00_PRODUCAO_2026\01_BOLETINS_DIARIOS\03_AUDIOS_RADIO
MAIO,NJUD N/A,BOLETIM_RADIO_TJRN_13_05_2026_B1_INDENIZACAO_DEBITO_IPTU.mp3,13_05_2026,INDENIZACAO_DEBITO_IPTU,,TJRN,NAO,H:\Meu Drive\RADIO TJRN CONTEÚDO\00_PRODUCAO_2026\01_BOLETINS_DIARIOS\03_AUDIOS_RADIO
MAIO,NJUD N/A,BOLETIM_RADIO_TJRN_13_05_2026_B2_FATURAMENTO_CONTA_ENERGIA.mp3,13_05_2026,FATURAMENTO_CONTA_ENERGIA,,TJRN,NAO,H:\Meu Drive\RADIO TJRN CONTEÚDO\00_PRODUCAO_2026\01_BOLETINS_DIARIOS\03_AUDIOS_RADIO
MAIO,NJUD N/A,BOLETIM_RADIO_TJRN_13_05_2026_B3_EMPRESA_TRANSPORTE_CONDENADA_QUEDA_IDOSA.mp3,13_05_2026,EMPRESA_TRANSPORTE_CONDENADA_QUEDA_IDOSA,,TJRN,NAO,H:\Meu Drive\RADIO TJRN CONTEÚDO\00_PRODUCAO_2026\01_BOLETINS_DIARIOS\03_AUDIOS_RADIO
MAIO,NJUD N/A,BOLETIM_RADIO_TJRN_13_05_2026_B4_ISENCAO_IPVA_DEFICIENCIA_VISUAL.mp3,13_05_2026,ISENCAO_IPVA_DEFICIENCIA_VISUAL,,TJRN,NAO,H:\Meu Drive\RADIO TJRN CONTEÚDO\00_PRODUCAO_2026\01_BOLETINS_DIARIOS\03_AUDIOS_RADIO
MAIO,NJUD N/A,BOLETIM_RADIO_TJRN_13_05_2026_B5_SEMANA_ESTADUAL_ADOCAO.mp3,13_05_2026,SEMANA_ESTADUAL_ADOCAO,,TJRN,NAO,H:\Meu Drive\RADIO TJRN CONTEÚDO\00_PRODUCAO_2026\01_BOLETINS_DIARIOS\03_AUDIOS_RADIO
MAIO,NJUD N/A,BOLETIM_RADIO_TJRN_13_05_2026_B6_PESQUISA_VIOLENCIA_DOMESTICA_RN.mp3,13_05_2026,PESQUISA_VIOLENCIA_DOMESTICA_RN,,TJRN,NAO,H:\Meu Drive\RADIO TJRN CONTEÚDO\00_PRODUCAO_2026\01_BOLETINS_DIARIOS\03_AUDIOS_RADIO
MAIO,NJUD N/A,BOLETIM_RADIO_TJRN_13_05_2026_B7_PROJETO_EXPRESSO_MOSSORO.mp3,13_05_2026,PROJETO_EXPRESSO_MOSSORO,,TJRN,NAO,H:\Meu Drive\RADIO TJRN CONTEÚDO\00_PRODUCAO_2026\01_BOLETINS_DIARIOS\03_AUDIOS_RADIO
MAIO,NJUD N/A,BOLETIM_RADIO_TJRN_13_05_2026_B8_ENCONTRO_NACIONAL_PECUNIARIAS.mp3,13_05_2026,ENCONTRO_NACIONAL_PECUNIARIAS,,TJRN,NAO,H:\Meu Drive\RADIO TJRN CONTEÚDO\00_PRODUCAO_2026\01_BOLETINS_DIARIOS\03_AUDIOS_RADIO
MAIO,NJUD N/A,BOLETIM_RADIO_TJRN_13_05_2026_B9_TJ_ACADEMICO.mp3,13_05_2026,TJ_ACADEMICO,,TJRN,NAO,H:\Meu Drive\RADIO TJRN CONTEÚDO\00_PRODUCAO_2026\01_BOLETINS_DIARIOS\03_AUDIOS_RADIO
JANEIRO,NJUD N/A,BOLETIM_RADIO_TJRN_14_01_2026_B10_CARTILHA_ENTREGA_ADOCAO.mp3,14_01_2026,CARTILHA_ENTREGA_ADOCAO,,TJRN,NAO,H:\Meu Drive\RADIO TJRN CONTEÚDO\00_PRODUCAO_2026\01_BOLETINS_DIARIOS\03_AUDIOS_RADIO
JANEIRO,NJUD N/A,BOLETIM_RADIO_TJRN_14_01_2026_B1_TCERN_MUNICIPIOS_CUSTEAR_DIARIAS_.mp3,14_01_2026,TCERN_MUNICIPIOS_CUSTEAR_DIARIAS,,TJRN,NAO,H:\Meu Drive\RADIO TJRN CONTEÚDO\00_PRODUCAO_2026\01_BOLETINS_DIARIOS\03_AUDIOS_RADIO
JANEIRO,NJUD N/A,BOLETIM_RADIO_TJRN_14_01_2026_B2_IPERN_CONVOCA_APOSENTADOS_.mp3,14_01_2026,IPERN_CONVOCA_APOSENTADOS,,TJRN,NAO,H:\Meu Drive\RADIO TJRN CONTEÚDO\00_PRODUCAO_2026\01_BOLETINS_DIARIOS\03_AUDIOS_RADIO
JANEIRO,NJUD N/A,BOLETIM_RADIO_TJRN_14_01_2026_B3_DPERN_SANTO_ANTONIO_EDITAL.mp3,14_01_2026,DPERN_SANTO_ANTONIO_EDITAL,,TJRN,NAO,H:\Meu Drive\RADIO TJRN CONTEÚDO\00_PRODUCAO_2026\01_BOLETINS_DIARIOS\03_AUDIOS_RADIO
JANEIRO,NJUD N/A,BOLETIM_RADIO_TJRN_14_01_2026_B4_CONDENACAO_JOALHEIRO_INDENIZACAO_CLIENTE.mp3,14_01_2026,CONDENACAO_JOALHEIRO_INDENIZACAO_CLIENTE,,TJRN,NAO,H:\Meu Drive\RADIO TJRN CONTEÚDO\00_PRODUCAO_2026\01_BOLETINS_DIARIOS\03_AUDIOS_RADIO
JANEIRO,NJUD N/A,BOLETIM_RADIO_TJRN_14_01_2026_B5_DOCUMENTO_POS_MORTE.mp3,14_01_2026,DOCUMENTO_POS_MORTE,,TJRN,NAO,H:\Meu Drive\RADIO TJRN CONTEÚDO\00_PRODUCAO_2026\01_BOLETINS_DIARIOS\03_AUDIOS_RADIO
JANEIRO,NJUD N/A,BOLETIM_RADIO_TJRN_14_01_2026_B6_INDENIZACAO_USO_IMAGEM_SEM_AUTORIZACAO.mp3,14_01_2026,INDENIZACAO_USO_IMAGEM_SEM_AUTORIZACAO,,TJRN,NAO,H:\Meu Drive\RADIO TJRN CONTEÚDO\00_PRODUCAO_2026\01_BOLETINS_DIARIOS\03_AUDIOS_RADIO
JANEIRO,NJUD N/A,BOLETIM_RADIO_TJRN_14_01_2026_B7_PENAS_PECUNIARIAS.mp3,14_01_2026,PENAS_PECUNIARIAS,,TJRN,NAO,H:\Meu Drive\RADIO TJRN CONTEÚDO\00_PRODUCAO_2026\01_BOLETINS_DIARIOS\03_AUDIOS_RADIO
JANEIRO,NJUD N/A,BOLETIM_RADIO_TJRN_14_01_2026_B8_TJRN_POSSE_GESTAO_DEFENSORIA_PUBLICA.mp3,14_01_2026,TJRN_POSSE_GESTAO_DEFENSORIA_PUBLICA,,TJRN,NAO,H:\Meu Drive\RADIO TJRN CONTEÚDO\00_PRODUCAO_2026\01_BOLETINS_DIARIOS\03_AUDIOS_RADIO
JANEIRO,NJUD N/A,BOLETIM_RADIO_TJRN_14_01_2026_B9_PAPEL_TJRN_OUVIDORIA.mp3,14_01_2026,PAPEL_TJRN_OUVIDORIA,,TJRN,NAO,H:\Meu Drive\RADIO TJRN CONTEÚDO\00_PRODUCAO_2026\01_BOLETINS_DIARIOS\03_AUDIOS_RADIO
ABRIL,NJUD N/A,BOLETIM_RADIO_TJRN_14_04_2026_B10_INDENIZACAO_ALAGAMENTO_RESIDENCIA.mp3,14_04_2026,INDENIZACAO_ALAGAMENTO_RESIDENCIA,,TJRN,NAO,H:\Meu Drive\RADIO TJRN CONTEÚDO\00_PRODUCAO_2026\01_BOLETINS_DIARIOS\03_AUDIOS_RADIO
ABRIL,NJUD N/A,BOLETIM_RADIO_TJRN_14_04_2026_B1_BLOQUEIO_TRATAMENTO_CRIANCA_TEA.mp3,14_04_2026,BLOQUEIO_TRATAMENTO_CRIANCA_TEA,,TJRN,NAO,H:\Meu Drive\RADIO TJRN CONTEÚDO\00_PRODUCAO_2026\01_BOLETINS_DIARIOS\03_AUDIOS_RADIO
ABRIL,NJUD N/A,BOLETIM_RADIO_TJRN_14_04_2026_B2_ANULACAO_DEBITO_TRIBUTARIO.mp3,14_04_2026,ANULACAO_DEBITO_TRIBUTARIO,,TJRN,NAO,H:\Meu Drive\RADIO TJRN CONTEÚDO\00_PRODUCAO_2026\01_BOLETINS_DIARIOS\03_AUDIOS_RADIO
ABRIL,NJUD N/A,BOLETIM_RADIO_TJRN_14_04_2026_B3_CONDENACAO_PLANO_CIRURGIA_FACIAL.mp3,14_04_2026,CONDENACAO_PLANO_CIRURGIA_FACIAL,,TJRN,NAO,H:\Meu Drive\RADIO TJRN CONTEÚDO\00_PRODUCAO_2026\01_BOLETINS_DIARIOS\03_AUDIOS_RADIO
ABRIL,NJUD N/A,BOLETIM_RADIO_TJRN_14_04_2026_B4_INDENIZACAO_FALTA_HIGIENE_HOSPEDAGEM.mp3,14_04_2026,INDENIZACAO_FALTA_HIGIENE_HOSPEDAGEM,,TJRN,NAO,H:\Meu Drive\RADIO TJRN CONTEÚDO\00_PRODUCAO_2026\01_BOLETINS_DIARIOS\03_AUDIOS_RADIO
ABRIL,NJUD N/A,BOLETIM_RADIO_TJRN_14_04_2026_B5_ACAO_EXTINTA_HETEROIDENTIFICACAO.mp3,14_04_2026,ACAO_EXTINTA_HETEROIDENTIFICACAO,,TJRN,NAO,H:\Meu Drive\RADIO TJRN CONTEÚDO\00_PRODUCAO_2026\01_BOLETINS_DIARIOS\03_AUDIOS_RADIO
ABRIL,NJUD N/A,BOLETIM_RADIO_TJRN_14_04_2026_B6_CONDENACAO_FURTO_CARRO.mp3,14_04_2026,CONDENACAO_FURTO_CARRO,,TJRN,NAO,H:\Meu Drive\RADIO TJRN CONTEÚDO\00_PRODUCAO_2026\01_BOLETINS_DIARIOS\03_AUDIOS_RADIO
ABRIL,NJUD N/A,BOLETIM_RADIO_TJRN_14_04_2026_B7_REGISTRE_SE.mp3,14_04_2026,REGISTRE_SE,,TJRN,NAO,H:\Meu Drive\RADIO TJRN CONTEÚDO\00_PRODUCAO_2026\01_BOLETINS_DIARIOS\03_AUDIOS_RADIO
ABRIL,NJUD N/A,BOLETIM_RADIO_TJRN_14_04_2026_B8_BLOQUEIO_APLICATIVO_MENSAGENS.mp3,14_04_2026,BLOQUEIO_APLICATIVO_MENSAGENS,,TJRN,NAO,H:\Meu Drive\RADIO TJRN CONTEÚDO\00_PRODUCAO_2026\01_BOLETINS_DIARIOS\03_AUDIOS_RADIO
ABRIL,NJUD N/A,BOLETIM_RADIO_TJRN_14_04_2026_B9_CONDENACAO_GOLPE_IDOSA.mp3,14_04_2026,CONDENACAO_GOLPE_IDOSA,,TJRN,NAO,H:\Meu Drive\RADIO TJRN CONTEÚDO\00_PRODUCAO_2026\01_BOLETINS_DIARIOS\03_AUDIOS_RADIO
MAIO,NJUD N/A,BOLETIM_RADIO_TJRN_14_05_2026_B10_TRTRN_RECEBEU_600_MIL_CASOS.mp3,14_05_2026,TRTRN_RECEBEU_600_MIL_CASOS,,TJRN,NAO,H:\Meu Drive\RADIO TJRN CONTEÚDO\00_PRODUCAO_2026\01_BOLETINS_DIARIOS\03_AUDIOS_RADIO
MAIO,NJUD N/A,BOLETIM_RADIO_TJRN_14_05_2026_B1_LINHA_TRANSMISSAO_CEARA_MIRIM.mp3,14_05_2026,LINHA_TRANSMISSAO_CEARA_MIRIM,,TJRN,NAO,H:\Meu Drive\RADIO TJRN CONTEÚDO\00_PRODUCAO_2026\01_BOLETINS_DIARIOS\03_AUDIOS_RADIO
MAIO,NJUD N/A,BOLETIM_RADIO_TJRN_14_05_2026_B2_FRAUDE_VENDA_CELULAR.mp3,14_05_2026,FRAUDE_VENDA_CELULAR,,TJRN,NAO,H:\Meu Drive\RADIO TJRN CONTEÚDO\00_PRODUCAO_2026\01_BOLETINS_DIARIOS\03_AUDIOS_RADIO
MAIO,NJUD N/A,BOLETIM_RADIO_TJRN_14_05_2026_B3_RESSARCIMENTO_CONSERTO_VEICULO.mp3,14_05_2026,RESSARCIMENTO_CONSERTO_VEICULO,,TJRN,NAO,H:\Meu Drive\RADIO TJRN CONTEÚDO\00_PRODUCAO_2026\01_BOLETINS_DIARIOS\03_AUDIOS_RADIO
MAIO,NJUD N/A,BOLETIM_RADIO_TJRN_14_05_2026_B4_MUTIRAO_PROCESSOS_ASSEDIO.mp3,14_05_2026,MUTIRAO_PROCESSOS_ASSEDIO,,TJRN,NAO,H:\Meu Drive\RADIO TJRN CONTEÚDO\00_PRODUCAO_2026\01_BOLETINS_DIARIOS\03_AUDIOS_RADIO
MAIO,NJUD N/A,BOLETIM_RADIO_TJRN_14_05_2026_B5_INDENIZACAO_PERDA_VOO.mp3,14_05_2026,INDENIZACAO_PERDA_VOO,,TJRN,NAO,H:\Meu Drive\RADIO TJRN CONTEÚDO\00_PRODUCAO_2026\01_BOLETINS_DIARIOS\03_AUDIOS_RADIO
MAIO,NJUD N/A,BOLETIM_RADIO_TJRN_14_05_2026_B6_RESPONSAVEL_INTERINO_MESSIAS_TARGINO.mp3,14_05_2026,RESPONSAVEL_INTERINO_MESSIAS_TARGINO,,TJRN,NAO,H:\Meu Drive\RADIO TJRN CONTEÚDO\00_PRODUCAO_2026\01_BOLETINS_DIARIOS\03_AUDIOS_RADIO
MAIO,NJUD N/A,BOLETIM_RADIO_TJRN_14_05_2026_B7_ESTAGIO_EXECUCAO_TRIBUTARIA.mp3,14_05_2026,ESTAGIO_EXECUCAO_TRIBUTARIA,,TJRN,NAO,H:\Meu Drive\RADIO TJRN CONTEÚDO\00_PRODUCAO_2026\01_BOLETINS_DIARIOS\03_AUDIOS_RADIO
MAIO,NJUD N/A,BOLETIM_RADIO_TJRN_14_05_2026_B8_MPRN_MUDANCAS_CONCURSO_EXTREMOZ.mp3,14_05_2026,MPRN_MUDANCAS_CONCURSO_EXTREMOZ,,TJRN,NAO,H:\Meu Drive\RADIO TJRN CONTEÚDO\00_PRODUCAO_2026\01_BOLETINS_DIARIOS\03_AUDIOS_RADIO
MAIO,NJUD N/A,BOLETIM_RADIO_TJRN_14_05_2026_B9_ACORDO_DADOS_CRIMINAIS.mp3,14_05_2026,ACORDO_DADOS_CRIMINAIS,,TJRN,NAO,H:\Meu Drive\RADIO TJRN CONTEÚDO\00_PRODUCAO_2026\01_BOLETINS_DIARIOS\03_AUDIOS_RADIO
JANEIRO,NJUD N/A,BOLETIM_RADIO_TJRN_15_01_2026_B10_MPRN_DIALOGO_EDUCACAO_COVID_19.mp3,15_01_2026,MPRN_DIALOGO_EDUCACAO_COVID_19,,TJRN,NAO,H:\Meu Drive\RADIO TJRN CONTEÚDO\00_PRODUCAO_2026\01_BOLETINS_DIARIOS\03_AUDIOS_RADIO
JANEIRO,NJUD N/A,BOLETIM_RADIO_TJRN_15_01_2026_B1_IPEM_FISCALIZA_INSTRUMENTOS_MEDICAO_.mp3,15_01_2026,IPEM_FISCALIZA_INSTRUMENTOS_MEDICAO,,TJRN,NAO,H:\Meu Drive\RADIO TJRN CONTEÚDO\00_PRODUCAO_2026\01_BOLETINS_DIARIOS\03_AUDIOS_RADIO
JANEIRO,NJUD N/A,BOLETIM_RADIO_TJRN_15_01_2026_B2_TRTRN_INVENTARIO_PROCESSOS_ORGANIZACIONAIS_.mp3,15_01_2026,TRTRN_INVENTARIO_PROCESSOS_ORGANIZACIONAIS,,TJRN,NAO,H:\Meu Drive\RADIO TJRN CONTEÚDO\00_PRODUCAO_2026\01_BOLETINS_DIARIOS\03_AUDIOS_RADIO
JANEIRO,NJUD N/A,BOLETIM_RADIO_TJRN_15_01_2026_B3_DPERN_NOVO_DEFENSOR_.mp3,15_01_2026,DPERN_NOVO_DEFENSOR,,TJRN,NAO,H:\Meu Drive\RADIO TJRN CONTEÚDO\00_PRODUCAO_2026\01_BOLETINS_DIARIOS\03_AUDIOS_RADIO
JANEIRO,NJUD N/A,BOLETIM_RADIO_TJRN_15_01_2026_B4_MPRN_REGULARIZACAO_EXAMES_TARCISIO_MAIA_.mp3,15_01_2026,MPRN_REGULARIZACAO_EXAMES_TARCISIO_MAIA,,TJRN,NAO,H:\Meu Drive\RADIO TJRN CONTEÚDO\00_PRODUCAO_2026\01_BOLETINS_DIARIOS\03_AUDIOS_RADIO
JANEIRO,NJUD N/A,BOLETIM_RADIO_TJRN_15_01_2026_B5_REPOJURN_QUALIS_CAPES_.mp3,15_01_2026,REPOJURN_QUALIS_CAPES,,TJRN,NAO,H:\Meu Drive\RADIO TJRN CONTEÚDO\00_PRODUCAO_2026\01_BOLETINS_DIARIOS\03_AUDIOS_RADIO
JANEIRO,NJUD N/A,BOLETIM_RADIO_TJRN_15_01_2026_B6_ESCOLA_NEGATIVACAO_INDEVIDA.mp3,15_01_2026,ESCOLA_NEGATIVACAO_INDEVIDA,,TJRN,NAO,H:\Meu Drive\RADIO TJRN CONTEÚDO\00_PRODUCAO_2026\01_BOLETINS_DIARIOS\03_AUDIOS_RADIO
JANEIRO,NJUD N/A,BOLETIM_RADIO_TJRN_15_01_2026_B7_ASSADOR_PIZZA_DEFEITO.mp3,15_01_2026,ASSADOR_PIZZA_DEFEITO,,TJRN,NAO,H:\Meu Drive\RADIO TJRN CONTEÚDO\00_PRODUCAO_2026\01_BOLETINS_DIARIOS\03_AUDIOS_RADIO
JANEIRO,NJUD N/A,BOLETIM_RADIO_TJRN_15_01_2026_B8_CAERN_ACIDENTE_BUEIRO.mp3,15_01_2026,CAERN_ACIDENTE_BUEIRO,,TJRN,NAO,H:\Meu Drive\RADIO TJRN CONTEÚDO\00_PRODUCAO_2026\01_BOLETINS_DIARIOS\03_AUDIOS_RADIO
JANEIRO,NJUD N/A,BOLETIM_RADIO_TJRN_15_01_2026_B9_PREMIO_CNJ_QUALIDADE.mp3,15_01_2026,PREMIO_CNJ_QUALIDADE,,TJRN,NAO,H:\Meu Drive\RADIO TJRN CONTEÚDO\00_PRODUCAO_2026\01_BOLETINS_DIARIOS\03_AUDIOS_RADIO
ABRIL,NJUD N/A,BOLETIM_RADIO_TJRN_15_04_2026_B10_TRE_RN_CARTILHA_PROPAGANDA_ELEITORAL_.mp3,15_04_2026,TRE_RN_CARTILHA_PROPAGANDA_ELEITORAL,,TJRN,NAO,H:\Meu Drive\RADIO TJRN CONTEÚDO\00_PRODUCAO_2026\01_BOLETINS_DIARIOS\03_AUDIOS_RADIO
ABRIL,NJUD N/A,BOLETIM_RADIO_TJRN_15_04_2026_B1_TJRN_ADVOGADA_CONSTRANGIDA_.mp3,15_04_2026,TJRN_ADVOGADA_CONSTRANGIDA,,TJRN,NAO,H:\Meu Drive\RADIO TJRN CONTEÚDO\00_PRODUCAO_2026\01_BOLETINS_DIARIOS\03_AUDIOS_RADIO
ABRIL,NJUD N/A,BOLETIM_RADIO_TJRN_15_04_2026_B2_TJRN_EMPRESARIA_INDENIZADA_.mp3,15_04_2026,TJRN_EMPRESARIA_INDENIZADA,,TJRN,NAO,H:\Meu Drive\RADIO TJRN CONTEÚDO\00_PRODUCAO_2026\01_BOLETINS_DIARIOS\03_AUDIOS_RADIO
ABRIL,NJUD N/A,BOLETIM_RADIO_TJRN_15_04_2026_B3_TJRN_COLISAO_E_FUGA_CONDUTOR_.mp3,15_04_2026,TJRN_COLISAO_E_FUGA_CONDUTOR,,TJRN,NAO,H:\Meu Drive\RADIO TJRN CONTEÚDO\00_PRODUCAO_2026\01_BOLETINS_DIARIOS\03_AUDIOS_RADIO
ABRIL,NJUD N/A,BOLETIM_RADIO_TJRN_15_04_2026_B4_TJRN_VARA_CIVEL_NATAL_PREMIO_ADVOGADOS_.mp3,15_04_2026,TJRN_VARA_CIVEL_NATAL_PREMIO_ADVOGADOS,,TJRN,NAO,H:\Meu Drive\RADIO TJRN CONTEÚDO\00_PRODUCAO_2026\01_BOLETINS_DIARIOS\03_AUDIOS_RADIO
ABRIL,NJUD N/A,BOLETIM_RADIO_TJRN_15_04_2026_B5_TJRN_SELECAO_ESTAGIO_PAU_FERROS_.mp3,15_04_2026,TJRN_SELECAO_ESTAGIO_PAU_FERROS,,TJRN,NAO,H:\Meu Drive\RADIO TJRN CONTEÚDO\00_PRODUCAO_2026\01_BOLETINS_DIARIOS\03_AUDIOS_RADIO
ABRIL,NJUD N/A,BOLETIM_RADIO_TJRN_15_04_2026_B6_TJRN_NOMEIA_TRES_CANDIDATOS_.mp3,15_04_2026,TJRN_NOMEIA_TRES_CANDIDATOS,,TJRN,NAO,H:\Meu Drive\RADIO TJRN CONTEÚDO\00_PRODUCAO_2026\01_BOLETINS_DIARIOS\03_AUDIOS_RADIO
ABRIL,NJUD N/A,BOLETIM_RADIO_TJRN_15_04_2026_B7_TRTRN_PROGRAMA_REGISTRE_SE.mp3,15_04_2026,TRTRN_PROGRAMA_REGISTRE_SE,,TJRN,NAO,H:\Meu Drive\RADIO TJRN CONTEÚDO\00_PRODUCAO_2026\01_BOLETINS_DIARIOS\03_AUDIOS_RADIO
ABRIL,NJUD N/A,BOLETIM_RADIO_TJRN_15_04_2026_B8_DPERN_INSCRICAO_CANDIDATO_PM.mp3,15_04_2026,DPERN_INSCRICAO_CANDIDATO_PM,,TJRN,NAO,H:\Meu Drive\RADIO TJRN CONTEÚDO\00_PRODUCAO_2026\01_BOLETINS_DIARIOS\03_AUDIOS_RADIO
ABRIL,NJUD N/A,BOLETIM_RADIO_TJRN_15_04_2026_B9_MPRN_IMPLEMENTACAO_CAMERAS_VIDEOMONITORAMENTO_.mp3,15_04_2026,MPRN_IMPLEMENTACAO_CAMERAS_VIDEOMONITORAMENTO,,TJRN,NAO,H:\Meu Drive\RADIO TJRN CONTEÚDO\00_PRODUCAO_2026\01_BOLETINS_DIARIOS\03_AUDIOS_RADIO
MAIO,NJUD N/A,BOLETIM_RADIO_TJRN_15_05_2026_B10_TRT_SEMANA_COMBATE_ASSEDIO.mp3,15_05_2026,TRT_SEMANA_COMBATE_ASSEDIO,,TJRN,NAO,H:\Meu Drive\RADIO TJRN CONTEÚDO\00_PRODUCAO_2026\01_BOLETINS_DIARIOS\03_AUDIOS_RADIO
MAIO,NJUD N/A,BOLETIM_RADIO_TJRN_15_05_2026_B1_FALHA_PROCEDIMENTO_MEDICO.mp3,15_05_2026,FALHA_PROCEDIMENTO_MEDICO,,TJRN,NAO,H:\Meu Drive\RADIO TJRN CONTEÚDO\00_PRODUCAO_2026\01_BOLETINS_DIARIOS\03_AUDIOS_RADIO
MAIO,NJUD N/A,BOLETIM_RADIO_TJRN_15_05_2026_B2_CANDIDATO_APTO_HETEROIDENTIFICACAO.mp3,15_05_2026,CANDIDATO_APTO_HETEROIDENTIFICACAO,,TJRN,NAO,H:\Meu Drive\RADIO TJRN CONTEÚDO\00_PRODUCAO_2026\01_BOLETINS_DIARIOS\03_AUDIOS_RADIO
MAIO,NJUD N/A,BOLETIM_RADIO_TJRN_15_05_2026_B3_GOLPE_VAZAMENTO_DADOS.mp3,15_05_2026,GOLPE_VAZAMENTO_DADOS,,TJRN,NAO,H:\Meu Drive\RADIO TJRN CONTEÚDO\00_PRODUCAO_2026\01_BOLETINS_DIARIOS\03_AUDIOS_RADIO
MAIO,NJUD N/A,BOLETIM_RADIO_TJRN_15_05_2026_B4_NOVA_VERSAO_NUPERJ.mp3,15_05_2026,NOVA_VERSAO_NUPERJ,,TJRN,NAO,H:\Meu Drive\RADIO TJRN CONTEÚDO\00_PRODUCAO_2026\01_BOLETINS_DIARIOS\03_AUDIOS_RADIO
MAIO,NJUD N/A,BOLETIM_RADIO_TJRN_15_05_2026_B5_AUDIENCIA_MEDIACAO_EXTREMOZ.mp3,15_05_2026,AUDIENCIA_MEDIACAO_EXTREMOZ,,TJRN,NAO,H:\Meu Drive\RADIO TJRN CONTEÚDO\00_PRODUCAO_2026\01_BOLETINS_DIARIOS\03_AUDIOS_RADIO
MAIO,NJUD N/A,BOLETIM_RADIO_TJRN_15_05_2026_B6_RESULTADO_HETEROIDENTIFICACAO_ENAC.mp3,15_05_2026,RESULTADO_HETEROIDENTIFICACAO_ENAC,,TJRN,NAO,H:\Meu Drive\RADIO TJRN CONTEÚDO\00_PRODUCAO_2026\01_BOLETINS_DIARIOS\03_AUDIOS_RADIO
MAIO,NJUD N/A,BOLETIM_RADIO_TJRN_15_05_2026_B7_MPRN_COMBATE_VIOLENCIA_SEXUAL_INAFNTIL.mp3,15_05_2026,MPRN_COMBATE_VIOLENCIA_SEXUAL_INAFNTIL,,TJRN,NAO,H:\Meu Drive\RADIO TJRN CONTEÚDO\00_PRODUCAO_2026\01_BOLETINS_DIARIOS\03_AUDIOS_RADIO
MAIO,NJUD N/A,BOLETIM_RADIO_TJRN_15_05_2026_B8_MPRN_GESTORES_SAUDE_PUBLICA.mp3,15_05_2026,MPRN_GESTORES_SAUDE_PUBLICA,,TJRN,NAO,H:\Meu Drive\RADIO TJRN CONTEÚDO\00_PRODUCAO_2026\01_BOLETINS_DIARIOS\03_AUDIOS_RADIO
MAIO,NJUD N/A,BOLETIM_RADIO_TJRN_15_05_2026_B9_TRT_DENUNCIAS_ASSEDIO_MORAL.mp3,15_05_2026,TRT_DENUNCIAS_ASSEDIO_MORAL,,TJRN,NAO,H:\Meu Drive\RADIO TJRN CONTEÚDO\00_PRODUCAO_2026\01_BOLETINS_DIARIOS\03_AUDIOS_RADIO
JANEIRO,NJUD N/A,BOLETIM_RADIO_TJRN_16_01_2026_B10_DIREITOS_HUMANOS_CNJ.mp3,16_01_2026,DIREITOS_HUMANOS_CNJ,,TJRN,NAO,H:\Meu Drive\RADIO TJRN CONTEÚDO\00_PRODUCAO_2026\01_BOLETINS_DIARIOS\03_AUDIOS_RADIO
JANEIRO,NJUD N/A,BOLETIM_RADIO_TJRN_16_01_2026_B1_PLANTAO_JUDICIARIO_SABADO_.mp3,16_01_2026,PLANTAO_JUDICIARIO_SABADO,,TJRN,NAO,H:\Meu Drive\RADIO TJRN CONTEÚDO\00_PRODUCAO_2026\01_BOLETINS_DIARIOS\03_AUDIOS_RADIO
JANEIRO,NJUD N/A,BOLETIM_RADIO_TJRN_16_01_2026_B2_ESMARN_2025_NOVAS_PARCERIAS_.mp3,16_01_2026,ESMARN_2025_NOVAS_PARCERIAS,,TJRN,NAO,H:\Meu Drive\RADIO TJRN CONTEÚDO\00_PRODUCAO_2026\01_BOLETINS_DIARIOS\03_AUDIOS_RADIO
JANEIRO,NJUD N/A,BOLETIM_RADIO_TJRN_16_01_2026_B3_DPERN_EDITAL_FORMACAO_.mp3,16_01_2026,DPERN_EDITAL_FORMACAO,,TJRN,NAO,H:\Meu Drive\RADIO TJRN CONTEÚDO\00_PRODUCAO_2026\01_BOLETINS_DIARIOS\03_AUDIOS_RADIO
JANEIRO,NJUD N/A,BOLETIM_RADIO_TJRN_16_01_2026_B4_TRTRN_ACOES_POPULACAO_DE_RUA.mp3,16_01_2026,TRTRN_ACOES_POPULACAO_DE_RUA,,TJRN,NAO,H:\Meu Drive\RADIO TJRN CONTEÚDO\00_PRODUCAO_2026\01_BOLETINS_DIARIOS\03_AUDIOS_RADIO
JANEIRO,NJUD N/A,BOLETIM_RADIO_TJRN_16_01_2026_B5_CNJ_CONCILIAR_E_LEGAL.mp3,16_01_2026,CNJ_CONCILIAR_E_LEGAL,,TJRN,NAO,H:\Meu Drive\RADIO TJRN CONTEÚDO\00_PRODUCAO_2026\01_BOLETINS_DIARIOS\03_AUDIOS_RADIO
JANEIRO,NJUD N/A,BOLETIM_RADIO_TJRN_16_01_2026_B5_NOVAS_PARCERIAS_PEDAGOGICAS_ESMARN.mp3,16_01_2026,NOVAS_PARCERIAS_PEDAGOGICAS_ESMARN,,TJRN,NAO,H:\Meu Drive\RADIO TJRN CONTEÚDO\00_PRODUCAO_2026\01_BOLETINS_DIARIOS\03_AUDIOS_RADIO
JANEIRO,NJUD N/A,BOLETIM_RADIO_TJRN_16_01_2026_B6_INDENIZACAO_MECANICO_FALTA_PAGAMENTO.mp3,16_01_2026,INDENIZACAO_MECANICO_FALTA_PAGAMENTO,,TJRN,NAO,H:\Meu Drive\RADIO TJRN CONTEÚDO\00_PRODUCAO_2026\01_BOLETINS_DIARIOS\03_AUDIOS_RADIO
JANEIRO,NJUD N/A,BOLETIM_RADIO_TJRN_16_01_2026_B7_DANOS_MORAIS_IDOSA_ATRASO_VOO.mp3,16_01_2026,DANOS_MORAIS_IDOSA_ATRASO_VOO,,TJRN,NAO,H:\Meu Drive\RADIO TJRN CONTEÚDO\00_PRODUCAO_2026\01_BOLETINS_DIARIOS\03_AUDIOS_RADIO
JANEIRO,NJUD N/A,BOLETIM_RADIO_TJRN_16_01_2026_B8_CONDENACAO_SUPLEMENTO_IMPROPRIO.mp3,16_01_2026,CONDENACAO_SUPLEMENTO_IMPROPRIO,,TJRN,NAO,H:\Meu Drive\RADIO TJRN CONTEÚDO\00_PRODUCAO_2026\01_BOLETINS_DIARIOS\03_AUDIOS_RADIO
JANEIRO,NJUD N/A,BOLETIM_RADIO_TJRN_16_01_2026_B9_INCONSTITUCIONALIDADE_CONTRATACAO_SERVIDORES_CRUZETA.mp3,16_01_2026,INCONSTITUCIONALIDADE_CONTRATACAO_SERVIDORES_CRUZETA,,TJRN,NAO,H:\Meu Drive\RADIO TJRN CONTEÚDO\00_PRODUCAO_2026\01_BOLETINS_DIARIOS\03_AUDIOS_RADIO
MARÇO,NJUD N/A,BOLETIM_RADIO_TJRN_16_03_2026_B10_TJRN_POTILAB_INOVACAO_.mp3,16_03_2026,TJRN_POTILAB_INOVACAO,,TJRN,NAO,H:\Meu Drive\RADIO TJRN CONTEÚDO\00_PRODUCAO_2026\01_BOLETINS_DIARIOS\03_AUDIOS_RADIO
MARÇO,NJUD N/A,BOLETIM_RADIO_TJRN_16_03_2026_B1_TJRN_CLIENTE_INDENIZADA_CLINICA_.mp3,16_03_2026,TJRN_CLIENTE_INDENIZADA_CLINICA,,TJRN,NAO,H:\Meu Drive\RADIO TJRN CONTEÚDO\00_PRODUCAO_2026\01_BOLETINS_DIARIOS\03_AUDIOS_RADIO
MARÇO,NJUD N/A,BOLETIM_RADIO_TJRN_16_03_2026_B2_TJRN_ABERTA_INSCRICOES_ENAM.mp3,16_03_2026,TJRN_ABERTA_INSCRICOES_ENAM,,TJRN,NAO,H:\Meu Drive\RADIO TJRN CONTEÚDO\00_PRODUCAO_2026\01_BOLETINS_DIARIOS\03_AUDIOS_RADIO
MARÇO,NJUD N/A,BOLETIM_RADIO_TJRN_16_03_2026_B3_TJRN_EMPRESA_TELEFONIA_CONDENADA.mp3,16_03_2026,TJRN_EMPRESA_TELEFONIA_CONDENADA,,TJRN,NAO,H:\Meu Drive\RADIO TJRN CONTEÚDO\00_PRODUCAO_2026\01_BOLETINS_DIARIOS\03_AUDIOS_RADIO
MARÇO,NJUD N/A,BOLETIM_RADIO_TJRN_16_03_2026_B4_TJRN_ENTREGA_TV_DEMORA.mp3,16_03_2026,TJRN_ENTREGA_TV_DEMORA,,TJRN,NAO,H:\Meu Drive\RADIO TJRN CONTEÚDO\00_PRODUCAO_2026\01_BOLETINS_DIARIOS\03_AUDIOS_RADIO
MARÇO,NJUD N/A,BOLETIM_RADIO_TJRN_16_03_2026_B5_TJRN_BOAS_PRATICAS_.mp3,16_03_2026,TJRN_BOAS_PRATICAS,,TJRN,NAO,H:\Meu Drive\RADIO TJRN CONTEÚDO\00_PRODUCAO_2026\01_BOLETINS_DIARIOS\03_AUDIOS_RADIO
MARÇO,NJUD N/A,BOLETIM_RADIO_TJRN_16_03_2026_B6_TJRN_FEIRA_ARTESANATO_GASTRONOMIA_.mp3,16_03_2026,TJRN_FEIRA_ARTESANATO_GASTRONOMIA,,TJRN,NAO,H:\Meu Drive\RADIO TJRN CONTEÚDO\00_PRODUCAO_2026\01_BOLETINS_DIARIOS\03_AUDIOS_RADIO
MARÇO,NJUD N/A,BOLETIM_RADIO_TJRN_16_03_2026_B7_TJRN_PROCON_ACAO_CONJUNTA.mp3,16_03_2026,TJRN_PROCON_ACAO_CONJUNTA,,TJRN,NAO,H:\Meu Drive\RADIO TJRN CONTEÚDO\00_PRODUCAO_2026\01_BOLETINS_DIARIOS\03_AUDIOS_RADIO
MARÇO,NJUD N/A,BOLETIM_RADIO_TJRN_16_03_2026_B8_TJRN_CAMPANHA_CRIANCA_NAO_NAMORA_.mp3,16_03_2026,TJRN_CAMPANHA_CRIANCA_NAO_NAMORA,,TJRN,NAO,H:\Meu Drive\RADIO TJRN CONTEÚDO\00_PRODUCAO_2026\01_BOLETINS_DIARIOS\03_AUDIOS_RADIO
MARÇO,NJUD N/A,BOLETIM_RADIO_TJRN_16_03_2026_B9_TJRN_MACAIBA_PROJETOS_IMPACTO_SOCIAL_.mp3,16_03_2026,TJRN_MACAIBA_PROJETOS_IMPACTO_SOCIAL,,TJRN,NAO,H:\Meu Drive\RADIO TJRN CONTEÚDO\00_PRODUCAO_2026\01_BOLETINS_DIARIOS\03_AUDIOS_RADIO
ABRIL,NJUD N/A,BOLETIM_RADIO_TJRN_16_04_2026_B10_OABRN_PADRONIZACAO_PROCESSOS_.mp3,16_04_2026,OABRN_PADRONIZACAO_PROCESSOS,,TJRN,NAO,H:\Meu Drive\RADIO TJRN CONTEÚDO\00_PRODUCAO_2026\01_BOLETINS_DIARIOS\03_AUDIOS_RADIO
ABRIL,NJUD N/A,BOLETIM_RADIO_TJRN_16_04_2026_B1_TJRN_PACIENTE_INDENIZADO_CICATRIZ_QUEIXO.mp3,16_04_2026,TJRN_PACIENTE_INDENIZADO_CICATRIZ_QUEIXO,,TJRN,NAO,H:\Meu Drive\RADIO TJRN CONTEÚDO\00_PRODUCAO_2026\01_BOLETINS_DIARIOS\03_AUDIOS_RADIO
ABRIL,NJUD N/A,BOLETIM_RADIO_TJRN_16_04_2026_B2_TJRN_ACUSADO_VARIOS_DELITOS_GOIANINHA_.mp3,16_04_2026,TJRN_ACUSADO_VARIOS_DELITOS_GOIANINHA,,TJRN,NAO,H:\Meu Drive\RADIO TJRN CONTEÚDO\00_PRODUCAO_2026\01_BOLETINS_DIARIOS\03_AUDIOS_RADIO
ABRIL,NJUD N/A,BOLETIM_RADIO_TJRN_16_04_2026_B3_TJRN_CONDENA_MOTORISTA_ACIDENTE_MOTOCICLISTA_.mp3,16_04_2026,TJRN_CONDENA_MOTORISTA_ACIDENTE_MOTOCICLISTA,,TJRN,NAO,H:\Meu Drive\RADIO TJRN CONTEÚDO\00_PRODUCAO_2026\01_BOLETINS_DIARIOS\03_AUDIOS_RADIO
ABRIL,NJUD N/A,BOLETIM_RADIO_TJRN_16_04_2026_B4_TJRN_CANCELAMENTO_PASSAGENS_AEREAS_COLOMBIA_.mp3,16_04_2026,TJRN_CANCELAMENTO_PASSAGENS_AEREAS_COLOMBIA,,TJRN,NAO,H:\Meu Drive\RADIO TJRN CONTEÚDO\00_PRODUCAO_2026\01_BOLETINS_DIARIOS\03_AUDIOS_RADIO
ABRIL,NJUD N/A,BOLETIM_RADIO_TJRN_16_04_2026_B5_TJRN_MUNICIPIO_NATAL_CONDENADO_TRANSBORDAMENTO_.mp3,16_04_2026,TJRN_MUNICIPIO_NATAL_CONDENADO_TRANSBORDAMENTO,,TJRN,NAO,H:\Meu Drive\RADIO TJRN CONTEÚDO\00_PRODUCAO_2026\01_BOLETINS_DIARIOS\03_AUDIOS_RADIO
ABRIL,NJUD N/A,BOLETIM_RADIO_TJRN_16_04_2026_B6_TJRN_CONDENA_LOJA_INDENIZACAO_.mp3,16_04_2026,TJRN_CONDENA_LOJA_INDENIZACAO,,TJRN,NAO,H:\Meu Drive\RADIO TJRN CONTEÚDO\00_PRODUCAO_2026\01_BOLETINS_DIARIOS\03_AUDIOS_RADIO
ABRIL,NJUD N/A,BOLETIM_RADIO_TJRN_16_04_2026_B7_MPRN_VERBAS_PECUNIARIAS_.mp3,16_04_2026,MPRN_VERBAS_PECUNIARIAS,,TJRN,NAO,H:\Meu Drive\RADIO TJRN CONTEÚDO\00_PRODUCAO_2026\01_BOLETINS_DIARIOS\03_AUDIOS_RADIO
ABRIL,NJUD N/A,BOLETIM_RADIO_TJRN_16_04_2026_B8_CMN_PACOTE_GRATUIDADE_TRANSPORTE_PUBLICO_.mp3,16_04_2026,CMN_PACOTE_GRATUIDADE_TRANSPORTE_PUBLICO,,TJRN,NAO,H:\Meu Drive\RADIO TJRN CONTEÚDO\00_PRODUCAO_2026\01_BOLETINS_DIARIOS\03_AUDIOS_RADIO
ABRIL,NJUD N/A,BOLETIM_RADIO_TJRN_16_04_2026_B9_TJRN_ACAO_INTEGRADA_EMISSAO_DOCUMENTOS_.mp3,16_04_2026,TJRN_ACAO_INTEGRADA_EMISSAO_DOCUMENTOS,,TJRN,NAO,H:\Meu Drive\RADIO TJRN CONTEÚDO\00_PRODUCAO_2026\01_BOLETINS_DIARIOS\03_AUDIOS_RADIO
MARÇO,NJUD N/A,BOLETIM_RADIO_TJRN_17_03_2026_B10_MPRN_RECOMDENCAO_POLUICAO_SONORA_.mp3,17_03_2026,MPRN_RECOMDENCAO_POLUICAO_SONORA,,TJRN,NAO,H:\Meu Drive\RADIO TJRN CONTEÚDO\00_PRODUCAO_2026\01_BOLETINS_DIARIOS\03_AUDIOS_RADIO
MARÇO,NJUD N/A,BOLETIM_RADIO_TJRN_17_03_2026_B1_TJRN_NEGA_DECISAO_DANO_MORAL_.mp3,17_03_2026,TJRN_NEGA_DECISAO_DANO_MORAL,,TJRN,NAO,H:\Meu Drive\RADIO TJRN CONTEÚDO\00_PRODUCAO_2026\01_BOLETINS_DIARIOS\03_AUDIOS_RADIO
MARÇO,NJUD N/A,BOLETIM_RADIO_TJRN_17_03_2026_B2_TJRN_CEARA_MIRIM_PROJETOS_.mp3,17_03_2026,TJRN_CEARA_MIRIM_PROJETOS,,TJRN,NAO,H:\Meu Drive\RADIO TJRN CONTEÚDO\00_PRODUCAO_2026\01_BOLETINS_DIARIOS\03_AUDIOS_RADIO
MARÇO,NJUD N/A,BOLETIM_RADIO_TJRN_17_03_2026_B3_TJRN_SERVIDAO_ADMINISTRATIVA_.mp3,17_03_2026,TJRN_SERVIDAO_ADMINISTRATIVA,,TJRN,NAO,H:\Meu Drive\RADIO TJRN CONTEÚDO\00_PRODUCAO_2026\01_BOLETINS_DIARIOS\03_AUDIOS_RADIO
MARÇO,NJUD N/A,BOLETIM_RADIO_TJRN_17_03_2026_B4_TJRN_EXECUCAO_FISCAL_TRIBUTARIA_.mp3,17_03_2026,TJRN_EXECUCAO_FISCAL_TRIBUTARIA,,TJRN,NAO,H:\Meu Drive\RADIO TJRN CONTEÚDO\00_PRODUCAO_2026\01_BOLETINS_DIARIOS\03_AUDIOS_RADIO
MARÇO,NJUD N/A,BOLETIM_RADIO_TJRN_17_03_2026_B5_TJRN_PROMOVE_CURSO_MAGISTRADOS_.mp3,17_03_2026,TJRN_PROMOVE_CURSO_MAGISTRADOS,,TJRN,NAO,H:\Meu Drive\RADIO TJRN CONTEÚDO\00_PRODUCAO_2026\01_BOLETINS_DIARIOS\03_AUDIOS_RADIO
MARÇO,NJUD N/A,BOLETIM_RADIO_TJRN_17_03_2026_B6_TJRN_AULA_INAUGURAL_DINTER_.mp3,17_03_2026,TJRN_AULA_INAUGURAL_DINTER,,TJRN,NAO,H:\Meu Drive\RADIO TJRN CONTEÚDO\00_PRODUCAO_2026\01_BOLETINS_DIARIOS\03_AUDIOS_RADIO
MARÇO,NJUD N/A,BOLETIM_RADIO_TJRN_17_03_2026_B7_TJRN_ESTADO_LEITO_UTI_PACIENTE_.mp3,17_03_2026,TJRN_ESTADO_LEITO_UTI_PACIENTE,,TJRN,NAO,H:\Meu Drive\RADIO TJRN CONTEÚDO\00_PRODUCAO_2026\01_BOLETINS_DIARIOS\03_AUDIOS_RADIO
MARÇO,NJUD N/A,BOLETIM_RADIO_TJRN_17_03_2026_B8_TJRN_IMOBILIARIA_COSERN_CONDENADAS.mp3,17_03_2026,TJRN_IMOBILIARIA_COSERN_CONDENADAS,,TJRN,NAO,H:\Meu Drive\RADIO TJRN CONTEÚDO\00_PRODUCAO_2026\01_BOLETINS_DIARIOS\03_AUDIOS_RADIO
MARÇO,NJUD N/A,BOLETIM_RADIO_TJRN_17_03_2026_B9_OABRN_PROGRAMA_DESENVOLVIMENTO_.mp3,17_03_2026,OABRN_PROGRAMA_DESENVOLVIMENTO,,TJRN,NAO,H:\Meu Drive\RADIO TJRN CONTEÚDO\00_PRODUCAO_2026\01_BOLETINS_DIARIOS\03_AUDIOS_RADIO
ABRIL,NJUD N/A,BOLETIM_RADIO_TJRN_17_04_2026_B10_ACUMULO_FUNCOES_POLICIAL_CIVIL.mp3,17_04_2026,ACUMULO_FUNCOES_POLICIAL_CIVIL,,TJRN,NAO,H:\Meu Drive\RADIO TJRN CONTEÚDO\00_PRODUCAO_2026\01_BOLETINS_DIARIOS\03_AUDIOS_RADIO
ABRIL,NJUD N/A,BOLETIM_RADIO_TJRN_17_04_2026_B1_TJRN_PACIENTE_INDENIZADO_FALHA_PLANO.mp3,17_04_2026,TJRN_PACIENTE_INDENIZADO_FALHA_PLANO,,TJRN,NAO,H:\Meu Drive\RADIO TJRN CONTEÚDO\00_PRODUCAO_2026\01_BOLETINS_DIARIOS\03_AUDIOS_RADIO
ABRIL,NJUD N/A,BOLETIM_RADIO_TJRN_17_04_2026_B2_TJRN_RECONHECE_COMPETENCIA_IELMO_MARINHO_TAXA_.mp3,17_04_2026,TJRN_RECONHECE_COMPETENCIA_IELMO_MARINHO_TAXA,,TJRN,NAO,H:\Meu Drive\RADIO TJRN CONTEÚDO\00_PRODUCAO_2026\01_BOLETINS_DIARIOS\03_AUDIOS_RADIO
ABRIL,NJUD N/A,BOLETIM_RADIO_TJRN_17_04_2026_B3_TJRN_DETERMINA_EXCLUSAO_48_HORAS_.mp3,17_04_2026,TJRN_DETERMINA_EXCLUSAO_48_HORAS,,TJRN,NAO,H:\Meu Drive\RADIO TJRN CONTEÚDO\00_PRODUCAO_2026\01_BOLETINS_DIARIOS\03_AUDIOS_RADIO
ABRIL,NJUD N/A,BOLETIM_RADIO_TJRN_17_04_2026_B4_TJRN_PARTICIPA_EXPANSAO_PLATAFORMA_.mp3,17_04_2026,TJRN_PARTICIPA_EXPANSAO_PLATAFORMA,,TJRN,NAO,H:\Meu Drive\RADIO TJRN CONTEÚDO\00_PRODUCAO_2026\01_BOLETINS_DIARIOS\03_AUDIOS_RADIO
ABRIL,NJUD N/A,BOLETIM_RADIO_TJRN_17_04_2026_B5_TRTRN_PROJETO_ACESSIBILIDADE_ATITUDINAL_.mp3,17_04_2026,TRTRN_PROJETO_ACESSIBILIDADE_ATITUDINAL,,TJRN,NAO,H:\Meu Drive\RADIO TJRN CONTEÚDO\00_PRODUCAO_2026\01_BOLETINS_DIARIOS\03_AUDIOS_RADIO
ABRIL,NJUD N/A,BOLETIM_RADIO_TJRN_17_04_2026_B6_MPRN_JURI_CONDENACAO_HOMEM_MORTE.mp3,17_04_2026,MPRN_JURI_CONDENACAO_HOMEM_MORTE,,TJRN,NAO,H:\Meu Drive\RADIO TJRN CONTEÚDO\00_PRODUCAO_2026\01_BOLETINS_DIARIOS\03_AUDIOS_RADIO
ABRIL,NJUD N/A,BOLETIM_RADIO_TJRN_17_04_2026_B7_FUNDO_INFANCIA_GROSSOS.mp3,17_04_2026,FUNDO_INFANCIA_GROSSOS,,TJRN,NAO,H:\Meu Drive\RADIO TJRN CONTEÚDO\00_PRODUCAO_2026\01_BOLETINS_DIARIOS\03_AUDIOS_RADIO
ABRIL,NJUD N/A,BOLETIM_RADIO_TJRN_17_04_2026_B8_CONDENACAO_PAGAMENTO_FUNCARTE.mp3,17_04_2026,CONDENACAO_PAGAMENTO_FUNCARTE,,TJRN,NAO,H:\Meu Drive\RADIO TJRN CONTEÚDO\00_PRODUCAO_2026\01_BOLETINS_DIARIOS\03_AUDIOS_RADIO
ABRIL,NJUD N/A,BOLETIM_RADIO_TJRN_17_04_2026_B9_CONDENACAO_COSERN_INDENIZACAO.mp3,17_04_2026,CONDENACAO_COSERN_INDENIZACAO,,TJRN,NAO,H:\Meu Drive\RADIO TJRN CONTEÚDO\00_PRODUCAO_2026\01_BOLETINS_DIARIOS\03_AUDIOS_RADIO
MARÇO,NJUD N/A,BOLETIM_RADIO_TJRN_18_03_2026_B10_FALHA_CONSTRUCAO_TERRENO.mp3,18_03_2026,FALHA_CONSTRUCAO_TERRENO,,TJRN,NAO,H:\Meu Drive\RADIO TJRN CONTEÚDO\00_PRODUCAO_2026\01_BOLETINS_DIARIOS\03_AUDIOS_RADIO
MARÇO,NJUD N/A,BOLETIM_RADIO_TJRN_18_03_2026_B1_TJRN_FABRICANTE_MULTINACIONAL_CONDENADA_.mp3,18_03_2026,TJRN_FABRICANTE_MULTINACIONAL_CONDENADA,,TJRN,NAO,H:\Meu Drive\RADIO TJRN CONTEÚDO\00_PRODUCAO_2026\01_BOLETINS_DIARIOS\03_AUDIOS_RADIO
MARÇO,NJUD N/A,BOLETIM_RADIO_TJRN_18_03_2026_B2_TJRN_FALHA_EM_MARKETPLACE.mp3,18_03_2026,TJRN_FALHA_EM_MARKETPLACE,,TJRN,NAO,H:\Meu Drive\RADIO TJRN CONTEÚDO\00_PRODUCAO_2026\01_BOLETINS_DIARIOS\03_AUDIOS_RADIO
MARÇO,NJUD N/A,BOLETIM_RADIO_TJRN_18_03_2026_B3_TJRN_DETERMINA_REATIVACAO_CONTAS_FACEBOOK.mp3,18_03_2026,TJRN_DETERMINA_REATIVACAO_CONTAS_FACEBOOK,,TJRN,NAO,H:\Meu Drive\RADIO TJRN CONTEÚDO\00_PRODUCAO_2026\01_BOLETINS_DIARIOS\03_AUDIOS_RADIO
MARÇO,NJUD N/A,BOLETIM_RADIO_TJRN_18_03_2026_B4_TJRN_CONDENA_HOMEM_EXTORSAO_.mp3,18_03_2026,TJRN_CONDENA_HOMEM_EXTORSAO,,TJRN,NAO,H:\Meu Drive\RADIO TJRN CONTEÚDO\00_PRODUCAO_2026\01_BOLETINS_DIARIOS\03_AUDIOS_RADIO
MARÇO,NJUD N/A,BOLETIM_RADIO_TJRN_18_03_2026_B5_TJRN_GMF_RELATORIO_SISTEMA.mp3,18_03_2026,TJRN_GMF_RELATORIO_SISTEMA,,TJRN,NAO,H:\Meu Drive\RADIO TJRN CONTEÚDO\00_PRODUCAO_2026\01_BOLETINS_DIARIOS\03_AUDIOS_RADIO
MARÇO,NJUD N/A,BOLETIM_RADIO_TJRN_18_03_2026_B6_TJRN_MUTIRAO_JUIZADO_ESPECIAL_.mp3,18_03_2026,TJRN_MUTIRAO_JUIZADO_ESPECIAL,,TJRN,NAO,H:\Meu Drive\RADIO TJRN CONTEÚDO\00_PRODUCAO_2026\01_BOLETINS_DIARIOS\03_AUDIOS_RADIO
MARÇO,NJUD N/A,BOLETIM_RADIO_TJRN_18_03_2026_B7_TRTRN_CONVENIO_PREFEITURAS_.mp3,18_03_2026,TRTRN_CONVENIO_PREFEITURAS,,TJRN,NAO,H:\Meu Drive\RADIO TJRN CONTEÚDO\00_PRODUCAO_2026\01_BOLETINS_DIARIOS\03_AUDIOS_RADIO
MARÇO,NJUD N/A,BOLETIM_RADIO_TJRN_18_03_2026_B8_TJRN_OBSERVATORIO_PRISIONAL.mp3,18_03_2026,TJRN_OBSERVATORIO_PRISIONAL,,TJRN,NAO,H:\Meu Drive\RADIO TJRN CONTEÚDO\00_PRODUCAO_2026\01_BOLETINS_DIARIOS\03_AUDIOS_RADIO
MARÇO,NJUD N/A,BOLETIM_RADIO_TJRN_18_03_2026_B9_CONDENACAO_PREJUIZOS_COLISAO.mp3,18_03_2026,CONDENACAO_PREJUIZOS_COLISAO,,TJRN,NAO,H:\Meu Drive\RADIO TJRN CONTEÚDO\00_PRODUCAO_2026\01_BOLETINS_DIARIOS\03_AUDIOS_RADIO
MAIO,NJUD N/A,BOLETIM_RADIO_TJRN_18_05_2026_B10_DPERN_PROCESSO_SELETIVO_EXTREMOZ.mp3,18_05_2026,DPERN_PROCESSO_SELETIVO_EXTREMOZ,,TJRN,NAO,H:\Meu Drive\RADIO TJRN CONTEÚDO\00_PRODUCAO_2026\01_BOLETINS_DIARIOS\03_AUDIOS_RADIO
MAIO,NJUD N/A,BOLETIM_RADIO_TJRN_18_05_2026_B1_OBRIGATORIEDADE_AUTENTICACAO_MULTIFATOR.mp3,18_05_2026,OBRIGATORIEDADE_AUTENTICACAO_MULTIFATOR,,TJRN,NAO,H:\Meu Drive\RADIO TJRN CONTEÚDO\00_PRODUCAO_2026\01_BOLETINS_DIARIOS\03_AUDIOS_RADIO
MAIO,NJUD N/A,BOLETIM_RADIO_TJRN_18_05_2026_B2_MEMBRO_SUPLENTE_JURISTA.mp3,18_05_2026,MEMBRO_SUPLENTE_JURISTA,,TJRN,NAO,H:\Meu Drive\RADIO TJRN CONTEÚDO\00_PRODUCAO_2026\01_BOLETINS_DIARIOS\03_AUDIOS_RADIO
MAIO,NJUD N/A,BOLETIM_RADIO_TJRN_18_05_2026_B3_CONDENACAO_COMPANHIA_AEREA_ATRASO.mp3,18_05_2026,CONDENACAO_COMPANHIA_AEREA_ATRASO,,TJRN,NAO,H:\Meu Drive\RADIO TJRN CONTEÚDO\00_PRODUCAO_2026\01_BOLETINS_DIARIOS\03_AUDIOS_RADIO
MAIO,NJUD N/A,BOLETIM_RADIO_TJRN_18_05_2026_B4_INDENIZACAO_FURTO_MOTOCICLETA.mp3,18_05_2026,INDENIZACAO_FURTO_MOTOCICLETA,,TJRN,NAO,H:\Meu Drive\RADIO TJRN CONTEÚDO\00_PRODUCAO_2026\01_BOLETINS_DIARIOS\03_AUDIOS_RADIO
MAIO,NJUD N/A,BOLETIM_RADIO_TJRN_18_05_2026_B5_CUSTEIO_CIRURGIA_PROTESE_MAMARIA.mp3,18_05_2026,CUSTEIO_CIRURGIA_PROTESE_MAMARIA,,TJRN,NAO,H:\Meu Drive\RADIO TJRN CONTEÚDO\00_PRODUCAO_2026\01_BOLETINS_DIARIOS\03_AUDIOS_RADIO
MAIO,NJUD N/A,BOLETIM_RADIO_TJRN_18_05_2026_B6_FALHA_COBERTURA_OFTALMOLOGICA.mp3,18_05_2026,FALHA_COBERTURA_OFTALMOLOGICA,,TJRN,NAO,H:\Meu Drive\RADIO TJRN CONTEÚDO\00_PRODUCAO_2026\01_BOLETINS_DIARIOS\03_AUDIOS_RADIO
MAIO,NJUD N/A,BOLETIM_RADIO_TJRN_18_05_2026_B7_ALUNO_AGREDIDO_INDENIZACAO.mp3,18_05_2026,ALUNO_AGREDIDO_INDENIZACAO,,TJRN,NAO,H:\Meu Drive\RADIO TJRN CONTEÚDO\00_PRODUCAO_2026\01_BOLETINS_DIARIOS\03_AUDIOS_RADIO
MAIO,NJUD N/A,BOLETIM_RADIO_TJRN_18_05_2026_B8_MODERNIZACAO_REDE_CORPORATIVA.mp3,18_05_2026,MODERNIZACAO_REDE_CORPORATIVA,,TJRN,NAO,H:\Meu Drive\RADIO TJRN CONTEÚDO\00_PRODUCAO_2026\01_BOLETINS_DIARIOS\03_AUDIOS_RADIO
MAIO,NJUD N/A,BOLETIM_RADIO_TJRN_18_05_2026_B9_TRERN_ELEICOES_PREFEITOS.mp3,18_05_2026,TRERN_ELEICOES_PREFEITOS,,TJRN,NAO,H:\Meu Drive\RADIO TJRN CONTEÚDO\00_PRODUCAO_2026\01_BOLETINS_DIARIOS\03_AUDIOS_RADIO
JANEIRO,NJUD N/A,BOLETIM_RADIO_TJRN_19_01_2026_B10_ESMARN_DOUTORADO_INTERINSTITUCIONAL_.mp3,19_01_2026,ESMARN_DOUTORADO_INTERINSTITUCIONAL,,TJRN,NAO,H:\Meu Drive\RADIO TJRN CONTEÚDO\00_PRODUCAO_2026\01_BOLETINS_DIARIOS\03_AUDIOS_RADIO
JANEIRO,NJUD N/A,BOLETIM_RADIO_TJRN_19_01_2026_B1_CRESCIMENTO_ADOCOES_RN.mp3,19_01_2026,CRESCIMENTO_ADOCOES_RN,,TJRN,NAO,H:\Meu Drive\RADIO TJRN CONTEÚDO\00_PRODUCAO_2026\01_BOLETINS_DIARIOS\03_AUDIOS_RADIO
JANEIRO,NJUD N/A,BOLETIM_RADIO_TJRN_19_01_2026_B2_CONDENACAO_TROCA_NUMERO_TELEFONE.mp3,19_01_2026,CONDENACAO_TROCA_NUMERO_TELEFONE,,TJRN,NAO,H:\Meu Drive\RADIO TJRN CONTEÚDO\00_PRODUCAO_2026\01_BOLETINS_DIARIOS\03_AUDIOS_RADIO
JANEIRO,NJUD N/A,BOLETIM_RADIO_TJRN_19_01_2026_B3_PASSAGEIRO_INDENIZACAO_CANCELAMENTO_VOO.mp3,19_01_2026,PASSAGEIRO_INDENIZACAO_CANCELAMENTO_VOO,,TJRN,NAO,H:\Meu Drive\RADIO TJRN CONTEÚDO\00_PRODUCAO_2026\01_BOLETINS_DIARIOS\03_AUDIOS_RADIO
JANEIRO,NJUD N/A,BOLETIM_RADIO_TJRN_19_01_2026_B4_OBRAS_ESCOLAS_TOUROS.mp3,19_01_2026,OBRAS_ESCOLAS_TOUROS,,TJRN,NAO,H:\Meu Drive\RADIO TJRN CONTEÚDO\00_PRODUCAO_2026\01_BOLETINS_DIARIOS\03_AUDIOS_RADIO
JANEIRO,NJUD N/A,BOLETIM_RADIO_TJRN_19_01_2026_B5_JUIZADO_AEROPORTO_RESOLUTIVIDADE.mp3,19_01_2026,JUIZADO_AEROPORTO_RESOLUTIVIDADE,,TJRN,NAO,H:\Meu Drive\RADIO TJRN CONTEÚDO\00_PRODUCAO_2026\01_BOLETINS_DIARIOS\03_AUDIOS_RADIO
JANEIRO,NJUD N/A,BOLETIM_RADIO_TJRN_19_01_2026_B6_TRTRN_MOVIMENTACOES_LEILAO.mp3,19_01_2026,TRTRN_MOVIMENTACOES_LEILAO,,TJRN,NAO,H:\Meu Drive\RADIO TJRN CONTEÚDO\00_PRODUCAO_2026\01_BOLETINS_DIARIOS\03_AUDIOS_RADIO
JANEIRO,NJUD N/A,BOLETIM_RADIO_TJRN_19_01_2026_B7_TJRN_SUSPENDE_LICITACAO_LIMPEZA_.mp3,19_01_2026,TJRN_SUSPENDE_LICITACAO_LIMPEZA,,TJRN,NAO,H:\Meu Drive\RADIO TJRN CONTEÚDO\00_PRODUCAO_2026\01_BOLETINS_DIARIOS\03_AUDIOS_RADIO
JANEIRO,NJUD N/A,BOLETIM_RADIO_TJRN_19_01_2026_B8_DPERN_SELECAO_ESTAGIO_.mp3,19_01_2026,DPERN_SELECAO_ESTAGIO,,TJRN,NAO,H:\Meu Drive\RADIO TJRN CONTEÚDO\00_PRODUCAO_2026\01_BOLETINS_DIARIOS\03_AUDIOS_RADIO
JANEIRO,NJUD N/A,BOLETIM_RADIO_TJRN_19_01_2026_B9_OABRN_CARTILHA_EDUCACAO_INCLUSIVA_.mp3,19_01_2026,OABRN_CARTILHA_EDUCACAO_INCLUSIVA,,TJRN,NAO,H:\Meu Drive\RADIO TJRN CONTEÚDO\00_PRODUCAO_2026\01_BOLETINS_DIARIOS\03_AUDIOS_RADIO
FEVEREIRO,NJUD N/A,BOLETIM_RADIO_TJRN_19_02_2026_B10_INDENIZACAO_CANCELAMENTO_VOO.mp3,19_02_2026,INDENIZACAO_CANCELAMENTO_VOO,,TJRN,NAO,H:\Meu Drive\RADIO TJRN CONTEÚDO\00_PRODUCAO_2026\01_BOLETINS_DIARIOS\03_AUDIOS_RADIO
FEVEREIRO,NJUD N/A,BOLETIM_RADIO_TJRN_19_02_2026_B1_TJRN_PLANO_SAUDE_VALOR_.mp3,19_02_2026,TJRN_PLANO_SAUDE_VALOR,,TJRN,NAO,H:\Meu Drive\RADIO TJRN CONTEÚDO\00_PRODUCAO_2026\01_BOLETINS_DIARIOS\03_AUDIOS_RADIO
FEVEREIRO,NJUD N/A,BOLETIM_RADIO_TJRN_19_02_2026_B2_TJRN_SESSAO_ORDINARIA_CANCELADA.mp3,19_02_2026,TJRN_SESSAO_ORDINARIA_CANCELADA,,TJRN,NAO,H:\Meu Drive\RADIO TJRN CONTEÚDO\00_PRODUCAO_2026\01_BOLETINS_DIARIOS\03_AUDIOS_RADIO
FEVEREIRO,NJUD N/A,BOLETIM_RADIO_TJRN_19_02_2026_B3_CONDENACAO_CANCELAMENTO_RESERVA_VIAGEM.mp3,19_02_2026,CONDENACAO_CANCELAMENTO_RESERVA_VIAGEM,,TJRN,NAO,H:\Meu Drive\RADIO TJRN CONTEÚDO\00_PRODUCAO_2026\01_BOLETINS_DIARIOS\03_AUDIOS_RADIO
FEVEREIRO,NJUD N/A,BOLETIM_RADIO_TJRN_19_02_2026_B4_ACIDENTE_PARTICIPANTE_PROJETO_SOCIAL.mp3,19_02_2026,ACIDENTE_PARTICIPANTE_PROJETO_SOCIAL,,TJRN,NAO,H:\Meu Drive\RADIO TJRN CONTEÚDO\00_PRODUCAO_2026\01_BOLETINS_DIARIOS\03_AUDIOS_RADIO
FEVEREIRO,NJUD N/A,BOLETIM_RADIO_TJRN_19_02_2026_B5_JURI_POPULAR_TENTATIVA_HOMICIDIO.mp3,19_02_2026,JURI_POPULAR_TENTATIVA_HOMICIDIO,,TJRN,NAO,H:\Meu Drive\RADIO TJRN CONTEÚDO\00_PRODUCAO_2026\01_BOLETINS_DIARIOS\03_AUDIOS_RADIO
FEVEREIRO,NJUD N/A,BOLETIM_RADIO_TJRN_19_02_2026_B6_REATIVACAO_CONTA_MOTORISTA.mp3,19_02_2026,REATIVACAO_CONTA_MOTORISTA,,TJRN,NAO,H:\Meu Drive\RADIO TJRN CONTEÚDO\00_PRODUCAO_2026\01_BOLETINS_DIARIOS\03_AUDIOS_RADIO
FEVEREIRO,NJUD N/A,BOLETIM_RADIO_TJRN_19_02_2026_B7_IMPROBIDADE_GUAMARE.mp3,19_02_2026,IMPROBIDADE_GUAMARE,,TJRN,NAO,H:\Meu Drive\RADIO TJRN CONTEÚDO\00_PRODUCAO_2026\01_BOLETINS_DIARIOS\03_AUDIOS_RADIO
FEVEREIRO,NJUD N/A,BOLETIM_RADIO_TJRN_19_02_2026_B8_CONDENACAO_ROUBO_COM_ARMA.mp3,19_02_2026,CONDENACAO_ROUBO_COM_ARMA,,TJRN,NAO,H:\Meu Drive\RADIO TJRN CONTEÚDO\00_PRODUCAO_2026\01_BOLETINS_DIARIOS\03_AUDIOS_RADIO
FEVEREIRO,NJUD N/A,BOLETIM_RADIO_TJRN_19_02_2026_B9_VISITA_TECNICA_COMISSAO_FUNDIARIA.mp3,19_02_2026,VISITA_TECNICA_COMISSAO_FUNDIARIA,,TJRN,NAO,H:\Meu Drive\RADIO TJRN CONTEÚDO\00_PRODUCAO_2026\01_BOLETINS_DIARIOS\03_AUDIOS_RADIO
MARÇO,NJUD N/A,BOLETIM_RADIO_TJRN_19_03_2026_B10_DECISAO_PENA_JUSTA.mp3,19_03_2026,DECISAO_PENA_JUSTA,,TJRN,NAO,H:\Meu Drive\RADIO TJRN CONTEÚDO\00_PRODUCAO_2026\01_BOLETINS_DIARIOS\03_AUDIOS_RADIO
MARÇO,NJUD N/A,BOLETIM_RADIO_TJRN_19_03_2026_B1_AMPLIACAO_PROTECCAO_VIOLENCIA_DOMESTICA.mp3,19_03_2026,AMPLIACAO_PROTECCAO_VIOLENCIA_DOMESTICA,,TJRN,NAO,H:\Meu Drive\RADIO TJRN CONTEÚDO\00_PRODUCAO_2026\01_BOLETINS_DIARIOS\03_AUDIOS_RADIO
MARÇO,NJUD N/A,BOLETIM_RADIO_TJRN_19_03_2026_B2_SUSPENSAO_ICMS_ENERGIA_SOLAR.mp3,19_03_2026,SUSPENSAO_ICMS_ENERGIA_SOLAR,,TJRN,NAO,H:\Meu Drive\RADIO TJRN CONTEÚDO\00_PRODUCAO_2026\01_BOLETINS_DIARIOS\03_AUDIOS_RADIO
MARÇO,NJUD N/A,BOLETIM_RADIO_TJRN_19_03_2026_B3_CONDENACAO_FACULDADE_ENCERRAMENTO_ATIVIDADES.mp3,19_03_2026,CONDENACAO_FACULDADE_ENCERRAMENTO_ATIVIDADES,,TJRN,NAO,H:\Meu Drive\RADIO TJRN CONTEÚDO\00_PRODUCAO_2026\01_BOLETINS_DIARIOS\03_AUDIOS_RADIO
MARÇO,NJUD N/A,BOLETIM_RADIO_TJRN_19_03_2026_B4_SUBSTITUICAO_PORTA_VEICULOS.mp3,19_03_2026,SUBSTITUICAO_PORTA_VEICULOS,,TJRN,NAO,H:\Meu Drive\RADIO TJRN CONTEÚDO\00_PRODUCAO_2026\01_BOLETINS_DIARIOS\03_AUDIOS_RADIO
MARÇO,NJUD N/A,BOLETIM_RADIO_TJRN_19_03_2026_B5_ESTAGIO_JUIZADOS_ESPECIAIS.mp3,19_03_2026,ESTAGIO_JUIZADOS_ESPECIAIS,,TJRN,NAO,H:\Meu Drive\RADIO TJRN CONTEÚDO\00_PRODUCAO_2026\01_BOLETINS_DIARIOS\03_AUDIOS_RADIO
MARÇO,NJUD N/A,BOLETIM_RADIO_TJRN_19_03_2026_B6_HOMENAGEM_DESEMBARGADOR_AMAURY.mp3,19_03_2026,HOMENAGEM_DESEMBARGADOR_AMAURY,,TJRN,NAO,H:\Meu Drive\RADIO TJRN CONTEÚDO\00_PRODUCAO_2026\01_BOLETINS_DIARIOS\03_AUDIOS_RADIO
MARÇO,NJUD N/A,BOLETIM_RADIO_TJRN_19_03_2026_B7_APOIO_FAMILIAS_AFETADAS_LAGOA_CAPTACAO.mp3,19_03_2026,APOIO_FAMILIAS_AFETADAS_LAGOA_CAPTACAO,,TJRN,NAO,H:\Meu Drive\RADIO TJRN CONTEÚDO\00_PRODUCAO_2026\01_BOLETINS_DIARIOS\03_AUDIOS_RADIO
MARÇO,NJUD N/A,BOLETIM_RADIO_TJRN_19_03_2026_B8_VISITA_MAGISTRADOS_PARAIBA.mp3,19_03_2026,VISITA_MAGISTRADOS_PARAIBA,,TJRN,NAO,H:\Meu Drive\RADIO TJRN CONTEÚDO\00_PRODUCAO_2026\01_BOLETINS_DIARIOS\03_AUDIOS_RADIO
MARÇO,NJUD N/A,BOLETIM_RADIO_TJRN_19_03_2026_B9_ENCONTRO_OUVIDORES_JUDICIAIS.mp3,19_03_2026,ENCONTRO_OUVIDORES_JUDICIAIS,,TJRN,NAO,H:\Meu Drive\RADIO TJRN CONTEÚDO\00_PRODUCAO_2026\01_BOLETINS_DIARIOS\03_AUDIOS_RADIO
MAIO,NJUD N/A,BOLETIM_RADIO_TJRN_19_05_2026_B10_TJRN_PROJETO_GERENCIAMENTO_EVIDENCIA_DIGITAIS_.mp3,19_05_2026,TJRN_PROJETO_GERENCIAMENTO_EVIDENCIA_DIGITAIS,,TJRN,NAO,H:\Meu Drive\RADIO TJRN CONTEÚDO\00_PRODUCAO_2026\01_BOLETINS_DIARIOS\03_AUDIOS_RADIO
MAIO,NJUD N/A,BOLETIM_RADIO_TJRN_19_05_2026_B1_TJRN_COMISSAO_RESULTADO_FINAL_ENAM_.mp3,19_05_2026,TJRN_COMISSAO_RESULTADO_FINAL_ENAM,,TJRN,NAO,H:\Meu Drive\RADIO TJRN CONTEÚDO\00_PRODUCAO_2026\01_BOLETINS_DIARIOS\03_AUDIOS_RADIO
MAIO,NJUD N/A,BOLETIM_RADIO_TJRN_19_05_2026_B2_TJRN_ETAPA_PRESENCIAL_HETEROIDENTIFICACAO_.mp3,19_05_2026,TJRN_ETAPA_PRESENCIAL_HETEROIDENTIFICACAO,,TJRN,NAO,H:\Meu Drive\RADIO TJRN CONTEÚDO\00_PRODUCAO_2026\01_BOLETINS_DIARIOS\03_AUDIOS_RADIO
MAIO,NJUD N/A,BOLETIM_RADIO_TJRN_19_05_2026_B3_TJRN_JUSTICRN.mp3,19_05_2026,TJRN_JUSTICRN,,TJRN,NAO,H:\Meu Drive\RADIO TJRN CONTEÚDO\00_PRODUCAO_2026\01_BOLETINS_DIARIOS\03_AUDIOS_RADIO
MAIO,NJUD N/A,BOLETIM_RADIO_TJRN_19_05_2026_B4_TJRN_NEGA_ACAO_POPULAR_VEREADOR_.mp3,19_05_2026,TJRN_NEGA_ACAO_POPULAR_VEREADOR,,TJRN,NAO,H:\Meu Drive\RADIO TJRN CONTEÚDO\00_PRODUCAO_2026\01_BOLETINS_DIARIOS\03_AUDIOS_RADIO
MAIO,NJUD N/A,BOLETIM_RADIO_TJRN_19_05_2026_B5_TJRN_RECONHECE_FALHA_REDE_SOCIAL_.mp3,19_05_2026,TJRN_RECONHECE_FALHA_REDE_SOCIAL,,TJRN,NAO,H:\Meu Drive\RADIO TJRN CONTEÚDO\00_PRODUCAO_2026\01_BOLETINS_DIARIOS\03_AUDIOS_RADIO
MAIO,NJUD N/A,BOLETIM_RADIO_TJRN_19_05_2026_B6_TJRN_MANTIDO_JURI_ACUSADO_HOMICIDIO_.mp3,19_05_2026,TJRN_MANTIDO_JURI_ACUSADO_HOMICIDIO,,TJRN,NAO,H:\Meu Drive\RADIO TJRN CONTEÚDO\00_PRODUCAO_2026\01_BOLETINS_DIARIOS\03_AUDIOS_RADIO
MAIO,NJUD N/A,BOLETIM_RADIO_TJRN_19_05_2026_B7_TJRN_JULGADO_RECURSO_ACUSADO_ESTELIONATO_.mp3,19_05_2026,TJRN_JULGADO_RECURSO_ACUSADO_ESTELIONATO,,TJRN,NAO,H:\Meu Drive\RADIO TJRN CONTEÚDO\00_PRODUCAO_2026\01_BOLETINS_DIARIOS\03_AUDIOS_RADIO
MAIO,NJUD N/A,BOLETIM_RADIO_TJRN_19_05_2026_B8_TJRN_IDOSO_INDENIZADO_DISPOSITIVO_COM_DEFEITO_.mp3,19_05_2026,TJRN_IDOSO_INDENIZADO_DISPOSITIVO_COM_DEFEITO,,TJRN,NAO,H:\Meu Drive\RADIO TJRN CONTEÚDO\00_PRODUCAO_2026\01_BOLETINS_DIARIOS\03_AUDIOS_RADIO
MAIO,NJUD N/A,BOLETIM_RADIO_TJRN_19_05_2026_B9_TJRN_VARA_CIVEL_PARNAMIRIM_SELECAO_.mp3,19_05_2026,TJRN_VARA_CIVEL_PARNAMIRIM_SELECAO,,TJRN,NAO,H:\Meu Drive\RADIO TJRN CONTEÚDO\00_PRODUCAO_2026\01_BOLETINS_DIARIOS\03_AUDIOS_RADIO
JANEIRO,NJUD N/A,BOLETIM_RADIO_TJRN_20_01_2026_B10_ESCRITORES_CARCERE_ACADEMIA_ARTES_POTIGUAR.mp3,20_01_2026,ESCRITORES_CARCERE_ACADEMIA_ARTES_POTIGUAR,,TJRN,NAO,H:\Meu Drive\RADIO TJRN CONTEÚDO\00_PRODUCAO_2026\01_BOLETINS_DIARIOS\03_AUDIOS_RADIO
JANEIRO,NJUD N/A,BOLETIM_RADIO_TJRN_20_01_2026_B1_TRERN_PROTOCOLO_DENUNCIAS_FRAUDES_CORRUPCAO_.mp3,20_01_2026,TRERN_PROTOCOLO_DENUNCIAS_FRAUDES_CORRUPCAO,,TJRN,NAO,H:\Meu Drive\RADIO TJRN CONTEÚDO\00_PRODUCAO_2026\01_BOLETINS_DIARIOS\03_AUDIOS_RADIO
JANEIRO,NJUD N/A,BOLETIM_RADIO_TJRN_20_01_2026_B2_CAERN_INDENIZACAO_FALHA_AREIA_BRANCA.mp3,20_01_2026,CAERN_INDENIZACAO_FALHA_AREIA_BRANCA,,TJRN,NAO,H:\Meu Drive\RADIO TJRN CONTEÚDO\00_PRODUCAO_2026\01_BOLETINS_DIARIOS\03_AUDIOS_RADIO
JANEIRO,NJUD N/A,BOLETIM_RADIO_TJRN_20_01_2026_B3_COMPANHIA_AEREA_FALHAS_TAYLOR_SWIFT.mp3,20_01_2026,COMPANHIA_AEREA_FALHAS_TAYLOR_SWIFT,,TJRN,NAO,H:\Meu Drive\RADIO TJRN CONTEÚDO\00_PRODUCAO_2026\01_BOLETINS_DIARIOS\03_AUDIOS_RADIO
JANEIRO,NJUD N/A,BOLETIM_RADIO_TJRN_20_01_2026_B4_CONDENACAO_ATAQUE_AO_VIVO.mp3,20_01_2026,CONDENACAO_ATAQUE_AO_VIVO,,TJRN,NAO,H:\Meu Drive\RADIO TJRN CONTEÚDO\00_PRODUCAO_2026\01_BOLETINS_DIARIOS\03_AUDIOS_RADIO
JANEIRO,NJUD N/A,BOLETIM_RADIO_TJRN_20_01_2026_B5_ANULACAO_ELEICAO_SAO_JOSE.mp3,20_01_2026,ANULACAO_ELEICAO_SAO_JOSE,,TJRN,NAO,H:\Meu Drive\RADIO TJRN CONTEÚDO\00_PRODUCAO_2026\01_BOLETINS_DIARIOS\03_AUDIOS_RADIO
JANEIRO,NJUD N/A,BOLETIM_RADIO_TJRN_20_01_2026_B6_PROJETOS_UPANEMA.mp3,20_01_2026,PROJETOS_UPANEMA,,TJRN,NAO,H:\Meu Drive\RADIO TJRN CONTEÚDO\00_PRODUCAO_2026\01_BOLETINS_DIARIOS\03_AUDIOS_RADIO
JANEIRO,NJUD N/A,BOLETIM_RADIO_TJRN_20_01_2026_B7_CNJ_INFOVOO.mp3,20_01_2026,CNJ_INFOVOO,,TJRN,NAO,H:\Meu Drive\RADIO TJRN CONTEÚDO\00_PRODUCAO_2026\01_BOLETINS_DIARIOS\03_AUDIOS_RADIO
JANEIRO,NJUD N/A,BOLETIM_RADIO_TJRN_20_01_2026_B8_PREMIO_CNJ_DE_QUALIDADE.mp3,20_01_2026,PREMIO_CNJ_DE_QUALIDADE,,TJRN,NAO,H:\Meu Drive\RADIO TJRN CONTEÚDO\00_PRODUCAO_2026\01_BOLETINS_DIARIOS\03_AUDIOS_RADIO
JANEIRO,NJUD N/A,BOLETIM_RADIO_TJRN_20_01_2026_B9_PERFIL_DE_REDE_SOCIAL.mp3,20_01_2026,PERFIL_DE_REDE_SOCIAL,,TJRN,NAO,H:\Meu Drive\RADIO TJRN CONTEÚDO\00_PRODUCAO_2026\01_BOLETINS_DIARIOS\03_AUDIOS_RADIO
FEVEREIRO,NJUD N/A,BOLETIM_RADIO_TJRN_20_02_2026_B10_MPRN_CAPACITACAO_PROMOCAO_GESTAO_MUNICIPAL_.mp3,20_02_2026,MPRN_CAPACITACAO_PROMOCAO_GESTAO_MUNICIPAL,,TJRN,NAO,H:\Meu Drive\RADIO TJRN CONTEÚDO\00_PRODUCAO_2026\01_BOLETINS_DIARIOS\03_AUDIOS_RADIO
FEVEREIRO,NJUD N/A,BOLETIM_RADIO_TJRN_20_02_2026_B1_TJRN_EMPRESAS_EVENTOS_CONDENADAS_.mp3,20_02_2026,TJRN_EMPRESAS_EVENTOS_CONDENADAS,,TJRN,NAO,H:\Meu Drive\RADIO TJRN CONTEÚDO\00_PRODUCAO_2026\01_BOLETINS_DIARIOS\03_AUDIOS_RADIO
FEVEREIRO,NJUD N/A,BOLETIM_RADIO_TJRN_20_02_2026_B2_TJRN_HOMEM_AGREDIU_COLEGA_TIJOLO.mp3,20_02_2026,TJRN_HOMEM_AGREDIU_COLEGA_TIJOLO,,TJRN,NAO,H:\Meu Drive\RADIO TJRN CONTEÚDO\00_PRODUCAO_2026\01_BOLETINS_DIARIOS\03_AUDIOS_RADIO
FEVEREIRO,NJUD N/A,BOLETIM_RADIO_TJRN_20_02_2026_B3_TJRN_RECONHECE_DIREITO_ISENCAO_IPVA.mp3,20_02_2026,TJRN_RECONHECE_DIREITO_ISENCAO_IPVA,,TJRN,NAO,H:\Meu Drive\RADIO TJRN CONTEÚDO\00_PRODUCAO_2026\01_BOLETINS_DIARIOS\03_AUDIOS_RADIO
FEVEREIRO,NJUD N/A,BOLETIM_RADIO_TJRN_20_02_2026_B4_TJRN_MANTIDO_JURI_ACUSADO_TRES_HOMICIDIOS_.mp3,20_02_2026,TJRN_MANTIDO_JURI_ACUSADO_TRES_HOMICIDIOS,,TJRN,NAO,H:\Meu Drive\RADIO TJRN CONTEÚDO\00_PRODUCAO_2026\01_BOLETINS_DIARIOS\03_AUDIOS_RADIO
FEVEREIRO,NJUD N/A,BOLETIM_RADIO_TJRN_20_02_2026_B5_TJRN_PREFEITO_CIDADE_CONDENADO_.mp3,20_02_2026,TJRN_PREFEITO_CIDADE_CONDENADO,,TJRN,NAO,H:\Meu Drive\RADIO TJRN CONTEÚDO\00_PRODUCAO_2026\01_BOLETINS_DIARIOS\03_AUDIOS_RADIO
FEVEREIRO,NJUD N/A,BOLETIM_RADIO_TJRN_20_02_2026_B6_TJRN_SANTA_MARIA_AREA_LIXAO_.mp3,20_02_2026,TJRN_SANTA_MARIA_AREA_LIXAO,,TJRN,NAO,H:\Meu Drive\RADIO TJRN CONTEÚDO\00_PRODUCAO_2026\01_BOLETINS_DIARIOS\03_AUDIOS_RADIO
FEVEREIRO,NJUD N/A,BOLETIM_RADIO_TJRN_20_02_2026_B7_DPERN_DECISAO_PROFISSIONAL_APOIO.mp3,20_02_2026,DPERN_DECISAO_PROFISSIONAL_APOIO,,TJRN,NAO,H:\Meu Drive\RADIO TJRN CONTEÚDO\00_PRODUCAO_2026\01_BOLETINS_DIARIOS\03_AUDIOS_RADIO
FEVEREIRO,NJUD N/A,BOLETIM_RADIO_TJRN_20_02_2026_B8_DPERN_NUCLEO_MACAIBA_PROCESSO_SELETIVO_.mp3,20_02_2026,DPERN_NUCLEO_MACAIBA_PROCESSO_SELETIVO,,TJRN,NAO,H:\Meu Drive\RADIO TJRN CONTEÚDO\00_PRODUCAO_2026\01_BOLETINS_DIARIOS\03_AUDIOS_RADIO
FEVEREIRO,NJUD N/A,BOLETIM_RADIO_TJRN_20_02_2026_B9_TRTRN_REVERTIDA_DEMISSAO_JUSTA_CAUSA.mp3,20_02_2026,TRTRN_REVERTIDA_DEMISSAO_JUSTA_CAUSA,,TJRN,NAO,H:\Meu Drive\RADIO TJRN CONTEÚDO\00_PRODUCAO_2026\01_BOLETINS_DIARIOS\03_AUDIOS_RADIO
MARÇO,NJUD N/A,BOLETIM_RADIO_TJRN_20_03_2026_B10_CNJ_DENUNCIAS_GOLPES_FALSO_ADVOGADO_.mp3,20_03_2026,CNJ_DENUNCIAS_GOLPES_FALSO_ADVOGADO,,TJRN,NAO,H:\Meu Drive\RADIO TJRN CONTEÚDO\00_PRODUCAO_2026\01_BOLETINS_DIARIOS\03_AUDIOS_RADIO
MARÇO,NJUD N/A,BOLETIM_RADIO_TJRN_20_03_2026_B1_TJRN_DECISAO_PLANO_SAUDE_.mp3,20_03_2026,TJRN_DECISAO_PLANO_SAUDE,,TJRN,NAO,H:\Meu Drive\RADIO TJRN CONTEÚDO\00_PRODUCAO_2026\01_BOLETINS_DIARIOS\03_AUDIOS_RADIO
MARÇO,NJUD N/A,BOLETIM_RADIO_TJRN_20_03_2026_B2_TJRN_SERVIDOR_PUBLICO_REENQUADRAMENTO_.mp3,20_03_2026,TJRN_SERVIDOR_PUBLICO_REENQUADRAMENTO,,TJRN,NAO,H:\Meu Drive\RADIO TJRN CONTEÚDO\00_PRODUCAO_2026\01_BOLETINS_DIARIOS\03_AUDIOS_RADIO
MARÇO,NJUD N/A,BOLETIM_RADIO_TJRN_20_03_2026_B3_TJRN_REALIZAR_CIRURGIA_OMBRO_.mp3,20_03_2026,TJRN_REALIZAR_CIRURGIA_OMBRO,,TJRN,NAO,H:\Meu Drive\RADIO TJRN CONTEÚDO\00_PRODUCAO_2026\01_BOLETINS_DIARIOS\03_AUDIOS_RADIO
MARÇO,NJUD N/A,BOLETIM_RADIO_TJRN_20_03_2026_B4_TJRN_PLANO_SAUDE_CONDENADO_.mp3,20_03_2026,TJRN_PLANO_SAUDE_CONDENADO,,TJRN,NAO,H:\Meu Drive\RADIO TJRN CONTEÚDO\00_PRODUCAO_2026\01_BOLETINS_DIARIOS\03_AUDIOS_RADIO
MARÇO,NJUD N/A,BOLETIM_RADIO_TJRN_20_03_2026_B5_TJRN_EMPRESA_VAREJO_ONLINE_DANO_MORAL_.mp3,20_03_2026,TJRN_EMPRESA_VAREJO_ONLINE_DANO_MORAL,,TJRN,NAO,H:\Meu Drive\RADIO TJRN CONTEÚDO\00_PRODUCAO_2026\01_BOLETINS_DIARIOS\03_AUDIOS_RADIO
MARÇO,NJUD N/A,BOLETIM_RADIO_TJRN_20_03_2026_B6_TJRN_NEGA_MANDADO_SEGURANCA_EMPRESA.mp3,20_03_2026,TJRN_NEGA_MANDADO_SEGURANCA_EMPRESA,,TJRN,NAO,H:\Meu Drive\RADIO TJRN CONTEÚDO\00_PRODUCAO_2026\01_BOLETINS_DIARIOS\03_AUDIOS_RADIO
MARÇO,NJUD N/A,BOLETIM_RADIO_TJRN_20_03_2026_B7_TJRN_ENCONTRO_MULHERES_JUSTICA.mp3,20_03_2026,TJRN_ENCONTRO_MULHERES_JUSTICA,,TJRN,NAO,H:\Meu Drive\RADIO TJRN CONTEÚDO\00_PRODUCAO_2026\01_BOLETINS_DIARIOS\03_AUDIOS_RADIO
MARÇO,NJUD N/A,BOLETIM_RADIO_TJRN_20_03_2026_B8_OABRN_TIPIFICA_CRIME_FALSO_ADVOGADO_.mp3,20_03_2026,OABRN_TIPIFICA_CRIME_FALSO_ADVOGADO,,TJRN,NAO,H:\Meu Drive\RADIO TJRN CONTEÚDO\00_PRODUCAO_2026\01_BOLETINS_DIARIOS\03_AUDIOS_RADIO
MARÇO,NJUD N/A,BOLETIM_RADIO_TJRN_20_03_2026_B9_MPRN_CONDENACAO_EMPRESA_MEDICAMENTOS_.mp3,20_03_2026,MPRN_CONDENACAO_EMPRESA_MEDICAMENTOS,,TJRN,NAO,H:\Meu Drive\RADIO TJRN CONTEÚDO\00_PRODUCAO_2026\01_BOLETINS_DIARIOS\03_AUDIOS_RADIO
MAIO,NJUD N/A,BOLETIM_RADIO_TJRN_20_05_2026_B10_ESMARN_CAPACITACAO_GESTAO_RISCO.mp3,20_05_2026,ESMARN_CAPACITACAO_GESTAO_RISCO,,TJRN,NAO,H:\Meu Drive\RADIO TJRN CONTEÚDO\00_PRODUCAO_2026\01_BOLETINS_DIARIOS\03_AUDIOS_RADIO
MAIO,NJUD N/A,BOLETIM_RADIO_TJRN_20_05_2026_B1_ABERTURA_SEMANA_ESTADUAL_ADOCAO.mp3,20_05_2026,ABERTURA_SEMANA_ESTADUAL_ADOCAO,,TJRN,NAO,H:\Meu Drive\RADIO TJRN CONTEÚDO\00_PRODUCAO_2026\01_BOLETINS_DIARIOS\03_AUDIOS_RADIO
MAIO,NJUD N/A,BOLETIM_RADIO_TJRN_20_05_2026_B2_INDENIZACAO_GELADEIRA_DEFEITUOSA.mp3,20_05_2026,INDENIZACAO_GELADEIRA_DEFEITUOSA,,TJRN,NAO,H:\Meu Drive\RADIO TJRN CONTEÚDO\00_PRODUCAO_2026\01_BOLETINS_DIARIOS\03_AUDIOS_RADIO
MAIO,NJUD N/A,BOLETIM_RADIO_TJRN_20_05_2026_B3_MEDICAMENTO_DOMICILIAR_PLANO_SAUDE.mp3,20_05_2026,MEDICAMENTO_DOMICILIAR_PLANO_SAUDE,,TJRN,NAO,H:\Meu Drive\RADIO TJRN CONTEÚDO\00_PRODUCAO_2026\01_BOLETINS_DIARIOS\03_AUDIOS_RADIO
MAIO,NJUD N/A,BOLETIM_RADIO_TJRN_20_05_2026_B4_COMERCIO_ILEGAL_ARMAS_JULGAMENTO.mp3,20_05_2026,COMERCIO_ILEGAL_ARMAS_JULGAMENTO,,TJRN,NAO,H:\Meu Drive\RADIO TJRN CONTEÚDO\00_PRODUCAO_2026\01_BOLETINS_DIARIOS\03_AUDIOS_RADIO
MAIO,NJUD N/A,BOLETIM_RADIO_TJRN_20_05_2026_B5_RESPONSAVEL_INTERINO_SAO_BENTO_NORTE.mp3,20_05_2026,RESPONSAVEL_INTERINO_SAO_BENTO_NORTE,,TJRN,NAO,H:\Meu Drive\RADIO TJRN CONTEÚDO\00_PRODUCAO_2026\01_BOLETINS_DIARIOS\03_AUDIOS_RADIO
MAIO,NJUD N/A,BOLETIM_RADIO_TJRN_20_05_2026_B6_CONDENACAO_VENDEDOR_CARRO.mp3,20_05_2026,CONDENACAO_VENDEDOR_CARRO,,TJRN,NAO,H:\Meu Drive\RADIO TJRN CONTEÚDO\00_PRODUCAO_2026\01_BOLETINS_DIARIOS\03_AUDIOS_RADIO
MAIO,NJUD N/A,BOLETIM_RADIO_TJRN_20_05_2026_B7_MPRN_MEDIDAS_PRESERVACAO_PATRIMONIO.mp3,20_05_2026,MPRN_MEDIDAS_PRESERVACAO_PATRIMONIO,,TJRN,NAO,H:\Meu Drive\RADIO TJRN CONTEÚDO\00_PRODUCAO_2026\01_BOLETINS_DIARIOS\03_AUDIOS_RADIO
MAIO,NJUD N/A,BOLETIM_RADIO_TJRN_20_05_2026_B8_MPRN_VISITAS_MATERNIDADES.mp3,20_05_2026,MPRN_VISITAS_MATERNIDADES,,TJRN,NAO,H:\Meu Drive\RADIO TJRN CONTEÚDO\00_PRODUCAO_2026\01_BOLETINS_DIARIOS\03_AUDIOS_RADIO
MAIO,NJUD N/A,BOLETIM_RADIO_TJRN_20_05_2026_B9_TRTRN_SEMANA_NACIONAL_CONCILIACAO_.mp3,20_05_2026,TRTRN_SEMANA_NACIONAL_CONCILIACAO,,TJRN,NAO,H:\Meu Drive\RADIO TJRN CONTEÚDO\00_PRODUCAO_2026\01_BOLETINS_DIARIOS\03_AUDIOS_RADIO
JANEIRO,NJUD N/A,BOLETIM_RADIO_TJRN_21_01_2026_B10_EXAME_PACIENTE_PARNAMIRIM.mp3,21_01_2026,EXAME_PACIENTE_PARNAMIRIM,,TJRN,NAO,H:\Meu Drive\RADIO TJRN CONTEÚDO\00_PRODUCAO_2026\01_BOLETINS_DIARIOS\03_AUDIOS_RADIO
JANEIRO,NJUD N/A,BOLETIM_RADIO_TJRN_21_01_2026_B1_INDENIZACAO_FALTA_DE_ASSISTENCIA_VOO.mp3,21_01_2026,INDENIZACAO_FALTA_DE_ASSISTENCIA_VOO,,TJRN,NAO,H:\Meu Drive\RADIO TJRN CONTEÚDO\00_PRODUCAO_2026\01_BOLETINS_DIARIOS\03_AUDIOS_RADIO
JANEIRO,NJUD N/A,BOLETIM_RADIO_TJRN_21_01_2026_B2_INDENIZACAO_TV_DANIFICADA.mp3,21_01_2026,INDENIZACAO_TV_DANIFICADA,,TJRN,NAO,H:\Meu Drive\RADIO TJRN CONTEÚDO\00_PRODUCAO_2026\01_BOLETINS_DIARIOS\03_AUDIOS_RADIO
JANEIRO,NJUD N/A,BOLETIM_RADIO_TJRN_21_01_2026_B6_ACORDOS_UNIDADE_MOVEL_TRANSITO.mp3,21_01_2026,ACORDOS_UNIDADE_MOVEL_TRANSITO,,TJRN,NAO,H:\Meu Drive\RADIO TJRN CONTEÚDO\00_PRODUCAO_2026\01_BOLETINS_DIARIOS\03_AUDIOS_RADIO
JANEIRO,NJUD N/A,BOLETIM_RADIO_TJRN_21_01_2026_B7_CONDENACAO_ROUBO_MOSSORO.mp3,21_01_2026,CONDENACAO_ROUBO_MOSSORO,,TJRN,NAO,H:\Meu Drive\RADIO TJRN CONTEÚDO\00_PRODUCAO_2026\01_BOLETINS_DIARIOS\03_AUDIOS_RADIO
JANEIRO,NJUD N/A,BOLETIM_RADIO_TJRN_21_01_2026_B8_RETIRADA_POSTES_TOUROS.mp3,21_01_2026,RETIRADA_POSTES_TOUROS,,TJRN,NAO,H:\Meu Drive\RADIO TJRN CONTEÚDO\00_PRODUCAO_2026\01_BOLETINS_DIARIOS\03_AUDIOS_RADIO
JANEIRO,NJUD N/A,BOLETIM_RADIO_TJRN_21_01_2026_B9_INDENIZACAO_CORTE_AGUA.mp3,21_01_2026,INDENIZACAO_CORTE_AGUA,,TJRN,NAO,H:\Meu Drive\RADIO TJRN CONTEÚDO\00_PRODUCAO_2026\01_BOLETINS_DIARIOS\03_AUDIOS_RADIO
MAIO,NJUD N/A,BOLETIM_RADIO_TJRN_21_05_2026_B10_TRTRN_CARTILHA_RESPEITO_ASSEDIO_MORAL_.mp3,21_05_2026,TRTRN_CARTILHA_RESPEITO_ASSEDIO_MORAL,,TJRN,NAO,H:\Meu Drive\RADIO TJRN CONTEÚDO\00_PRODUCAO_2026\01_BOLETINS_DIARIOS\03_AUDIOS_RADIO
MAIO,NJUD N/A,BOLETIM_RADIO_TJRN_21_05_2026_B1_TJRN_PM_ESQUIZOFRENIA_.mp3,21_05_2026,TJRN_PM_ESQUIZOFRENIA,,TJRN,NAO,H:\Meu Drive\RADIO TJRN CONTEÚDO\00_PRODUCAO_2026\01_BOLETINS_DIARIOS\03_AUDIOS_RADIO
MAIO,NJUD N/A,BOLETIM_RADIO_TJRN_21_05_2026_B2_TJRN_DESCIMPRIMENTO_CONRATO_VERBAL.mp3,21_05_2026,TJRN_DESCIMPRIMENTO_CONRATO_VERBAL,,TJRN,NAO,H:\Meu Drive\RADIO TJRN CONTEÚDO\00_PRODUCAO_2026\01_BOLETINS_DIARIOS\03_AUDIOS_RADIO
MAIO,NJUD N/A,BOLETIM_RADIO_TJRN_21_05_2026_B3_TJRN_REDE_SOCIAL_BLOQUEIA_PERFIL.mp3,21_05_2026,TJRN_REDE_SOCIAL_BLOQUEIA_PERFIL,,TJRN,NAO,H:\Meu Drive\RADIO TJRN CONTEÚDO\00_PRODUCAO_2026\01_BOLETINS_DIARIOS\03_AUDIOS_RADIO
MAIO,NJUD N/A,BOLETIM_RADIO_TJRN_21_05_2026_B4_TJRN_CONTRATACOES_NAO_GERAM_NOMEACOES_.mp3,21_05_2026,TJRN_CONTRATACOES_NAO_GERAM_NOMEACOES,,TJRN,NAO,H:\Meu Drive\RADIO TJRN CONTEÚDO\00_PRODUCAO_2026\01_BOLETINS_DIARIOS\03_AUDIOS_RADIO
MAIO,NJUD N/A,BOLETIM_RADIO_TJRN_21_05_2026_B5_TJRN_DETERMINA_RESTITUICAO_CONSUMIDORES.mp3,21_05_2026,TJRN_DETERMINA_RESTITUICAO_CONSUMIDORES,,TJRN,NAO,H:\Meu Drive\RADIO TJRN CONTEÚDO\00_PRODUCAO_2026\01_BOLETINS_DIARIOS\03_AUDIOS_RADIO
MAIO,NJUD N/A,BOLETIM_RADIO_TJRN_21_05_2026_B6_TJRN_FALHA_PRESTACAO_SERVICOS_TELECOMUNICACOES.mp3,21_05_2026,TJRN_FALHA_PRESTACAO_SERVICOS_TELECOMUNICACOES,,TJRN,NAO,H:\Meu Drive\RADIO TJRN CONTEÚDO\00_PRODUCAO_2026\01_BOLETINS_DIARIOS\03_AUDIOS_RADIO
MAIO,NJUD N/A,BOLETIM_RADIO_TJRN_21_05_2026_B7_TJRN_ESTAGIO_ESMARN_.mp3,21_05_2026,TJRN_ESTAGIO_ESMARN,,TJRN,NAO,H:\Meu Drive\RADIO TJRN CONTEÚDO\00_PRODUCAO_2026\01_BOLETINS_DIARIOS\03_AUDIOS_RADIO
MAIO,NJUD N/A,BOLETIM_RADIO_TJRN_21_05_2026_B8_TJRN_LANCA_BIBLIOTECA_DIGITAL_.mp3,21_05_2026,TJRN_LANCA_BIBLIOTECA_DIGITAL,,TJRN,NAO,H:\Meu Drive\RADIO TJRN CONTEÚDO\00_PRODUCAO_2026\01_BOLETINS_DIARIOS\03_AUDIOS_RADIO
MAIO,NJUD N/A,BOLETIM_RADIO_TJRN_21_05_2026_B9_OABRN_OBSERVATORIO_PUBLICIDADE.mp3,21_05_2026,OABRN_OBSERVATORIO_PUBLICIDADE,,TJRN,NAO,H:\Meu Drive\RADIO TJRN CONTEÚDO\00_PRODUCAO_2026\01_BOLETINS_DIARIOS\03_AUDIOS_RADIO
JANEIRO,NJUD N/A,BOLETIM_RADIO_TJRN_22_01_2026_B10_MPRN_DENUNCIA_SONEGACAO_FISCAL_.mp3,22_01_2026,MPRN_DENUNCIA_SONEGACAO_FISCAL,,TJRN,NAO,H:\Meu Drive\RADIO TJRN CONTEÚDO\00_PRODUCAO_2026\01_BOLETINS_DIARIOS\03_AUDIOS_RADIO
JANEIRO,NJUD N/A,BOLETIM_RADIO_TJRN_22_01_2026_B1_3_MILHOES_UNIDADE_MOVEL_TRANSITO.mp3,22_01_2026,3_MILHOES_UNIDADE_MOVEL_TRANSITO,,TJRN,NAO,H:\Meu Drive\RADIO TJRN CONTEÚDO\00_PRODUCAO_2026\01_BOLETINS_DIARIOS\03_AUDIOS_RADIO
JANEIRO,NJUD N/A,BOLETIM_RADIO_TJRN_22_01_2026_B2_CNJ_PROGRAMA_INTERNACIONAL_MAGISTRADAS.mp3,22_01_2026,CNJ_PROGRAMA_INTERNACIONAL_MAGISTRADAS,,TJRN,NAO,H:\Meu Drive\RADIO TJRN CONTEÚDO\00_PRODUCAO_2026\01_BOLETINS_DIARIOS\03_AUDIOS_RADIO
JANEIRO,NJUD N/A,BOLETIM_RADIO_TJRN_22_01_2026_B3_CICLO_CURSOS_JUSTICA_4.mp3,22_01_2026,CICLO_CURSOS_JUSTICA_4,,TJRN,NAO,H:\Meu Drive\RADIO TJRN CONTEÚDO\00_PRODUCAO_2026\01_BOLETINS_DIARIOS\03_AUDIOS_RADIO
JANEIRO,NJUD N/A,BOLETIM_RADIO_TJRN_22_01_2026_B4_PREMIO_MAIOR_COMUNIDADE_QUILOMBOLA.mp3,22_01_2026,PREMIO_MAIOR_COMUNIDADE_QUILOMBOLA,,TJRN,NAO,H:\Meu Drive\RADIO TJRN CONTEÚDO\00_PRODUCAO_2026\01_BOLETINS_DIARIOS\03_AUDIOS_RADIO
JANEIRO,NJUD N/A,BOLETIM_RADIO_TJRN_22_01_2026_B5_TRTRN_PRAZOS_PROCESSUAIS_.mp3,22_01_2026,TRTRN_PRAZOS_PROCESSUAIS,,TJRN,NAO,H:\Meu Drive\RADIO TJRN CONTEÚDO\00_PRODUCAO_2026\01_BOLETINS_DIARIOS\03_AUDIOS_RADIO
JANEIRO,NJUD N/A,BOLETIM_RADIO_TJRN_22_01_2026_B6_TRTRN_EDITAL_VENDA_DIRETA_BENS_.mp3,22_01_2026,TRTRN_EDITAL_VENDA_DIRETA_BENS,,TJRN,NAO,H:\Meu Drive\RADIO TJRN CONTEÚDO\00_PRODUCAO_2026\01_BOLETINS_DIARIOS\03_AUDIOS_RADIO
JANEIRO,NJUD N/A,BOLETIM_RADIO_TJRN_22_01_2026_B7_DPERN_MEDICAMENTOS_SUS_.mp3,22_01_2026,DPERN_MEDICAMENTOS_SUS,,TJRN,NAO,H:\Meu Drive\RADIO TJRN CONTEÚDO\00_PRODUCAO_2026\01_BOLETINS_DIARIOS\03_AUDIOS_RADIO
MAIO,NJUD N/A,BOLETIM_RADIO_TJRN_22_05_2026_B1_TJRN_INDISPONIBILIDADE_SABADO_.mp3,22_05_2026,TJRN_INDISPONIBILIDADE_SABADO,,TJRN,NAO,H:\Meu Drive\RADIO TJRN CONTEÚDO\00_PRODUCAO_2026\01_BOLETINS_DIARIOS\03_AUDIOS_RADIO
MAIO,NJUD N/A,BOLETIM_RADIO_TJRN_22_05_2026_B9_TJRN_COSERN_CONDENADA_OSCILACOES_.mp3,22_05_2026,TJRN_COSERN_CONDENADA_OSCILACOES,,TJRN,NAO,H:\Meu Drive\RADIO TJRN CONTEÚDO\00_PRODUCAO_2026\01_BOLETINS_DIARIOS\03_AUDIOS_RADIO
