mes_destino,njud,arquivo,data,boletim,retranca,entidade,bloqueado,src
ABRIL,NJUD 1849,BOLETIM_RADIO_TJRN_06_04_2026_B1_TJRN_FALHA_ELETRONICA_REGISTRO_DOCUMENTO_.mp3,06_04_2026,B1,TJRN_FALHA_ELETRONICA_REGISTRO_DOCUMENTO_,TJRN,NAO,H:\Meu Drive\RADIO TJRN CONTEÚDO\00_PRODUCAO_2026\01_BOLETINS_DIARIOS\03_AUDIOS_RADIO\04 - ABR - 26
ABRIL,NJUD 1849,BOLETIM_RADIO_TJRN_06_04_2026_B2_TJRN_PROJETO_GMF_REDE_SOCIOEDUCATIVA_.mp3,06_04_2026,B2,TJRN_PROJETO_GMF_REDE_SOCIOEDUCATIVA_,TJRN,NAO,H:\Meu Drive\RADIO TJRN CONTEÚDO\00_PRODUCAO_2026\01_BOLETINS_DIARIOS\03_AUDIOS_RADIO\04 - ABR - 26
ABRIL,NJUD 1849,BOLETIM_RADIO_TJRN_06_04_2026_B3_TJRN_COJUD_PROCESSO_SELETIVO_.mp3,06_04_2026,B3,TJRN_COJUD_PROCESSO_SELETIVO_,TJRN,NAO,H:\Meu Drive\RADIO TJRN CONTEÚDO\00_PRODUCAO_2026\01_BOLETINS_DIARIOS\03_AUDIOS_RADIO\04 - ABR - 26
ABRIL,NJUD 1849,BOLETIM_RADIO_TJRN_06_04_2026_B4_TJRN_MUNICIPIO_GARANTIR_CONSULTAS_.mp3,06_04_2026,B4,TJRN_MUNICIPIO_GARANTIR_CONSULTAS_,TJRN,NAO,H:\Meu Drive\RADIO TJRN CONTEÚDO\00_PRODUCAO_2026\01_BOLETINS_DIARIOS\03_AUDIOS_RADIO\04 - ABR - 26
ABRIL,NJUD 1850,BOLETIM_RADIO_TJRN_06_04_2026_B5_TJRN_MANTEM_RESPONSABILIZACAO_DANOS_ENCHENTE_.mp3,06_04_2026,B5,TJRN_MANTEM_RESPONSABILIZACAO_DANOS_ENCHENTE_,TJRN,NAO,H:\Meu Drive\RADIO TJRN CONTEÚDO\00_PRODUCAO_2026\01_BOLETINS_DIARIOS\03_AUDIOS_RADIO\04 - ABR - 26
ABRIL,NJUD 1850,BOLETIM_RADIO_TJRN_06_04_2026_B6_TJRN_NEGA_RECURSO_ACUSADO_TENTATIVA_FEMINICIDIO_.mp3,06_04_2026,B6,TJRN_NEGA_RECURSO_ACUSADO_TENTATIVA_FEMINICIDIO_,TJRN,NAO,H:\Meu Drive\RADIO TJRN CONTEÚDO\00_PRODUCAO_2026\01_BOLETINS_DIARIOS\03_AUDIOS_RADIO\04 - ABR - 26
ABRIL,NJUD 1850,BOLETIM_RADIO_TJRN_06_04_2026_B7_TJRN_ACORDOS_EXTRAJUDICIAIS_PROSSEGUIMENTOS_.mp3,06_04_2026,B7,TJRN_ACORDOS_EXTRAJUDICIAIS_PROSSEGUIMENTOS_,TJRN,NAO,H:\Meu Drive\RADIO TJRN CONTEÚDO\00_PRODUCAO_2026\01_BOLETINS_DIARIOS\03_AUDIOS_RADIO\04 - ABR - 26
ABRIL,NJUD 1850,BOLETIM_RADIO_TJRN_06_04_2026_B8_TJRN_DECISAO_REALIZACAO_PERICIA_GRAFOTECNICA_.mp3,06_04_2026,B8,TJRN_DECISAO_REALIZACAO_PERICIA_GRAFOTECNICA_,TJRN,NAO,H:\Meu Drive\RADIO TJRN CONTEÚDO\00_PRODUCAO_2026\01_BOLETINS_DIARIOS\03_AUDIOS_RADIO\04 - ABR - 26
ABRIL,NJUD 1851,BOLETIM_RADIO_TJRN_06_04_2026_B9_TJRN_GARANTE_COBERTURA_PARTO_SEM_CARENCIA_.mp3,06_04_2026,B9,TJRN_GARANTE_COBERTURA_PARTO_SEM_CARENCIA_,TJRN,NAO,H:\Meu Drive\RADIO TJRN CONTEÚDO\00_PRODUCAO_2026\01_BOLETINS_DIARIOS\03_AUDIOS_RADIO\04 - ABR - 26
ABRIL,NJUD 1851,BOLETIM_RADIO_TJRN_06_04_2026_B10_TJRN_CONDENA_FALSO_ADVOGADO_.mp3,06_04_2026,B10,TJRN_CONDENA_FALSO_ADVOGADO_,TJRN,NAO,H:\Meu Drive\RADIO TJRN CONTEÚDO\00_PRODUCAO_2026\01_BOLETINS_DIARIOS\03_AUDIOS_RADIO\04 - ABR - 26
ABRIL,NJUD 1851,BOLETIM_RADIO_TJRN_07_04_2026_B1_TJRN_CLIENTES_RECEBERAM_AGENCIA_TURISMO_.mp3,07_04_2026,B1,TJRN_CLIENTES_RECEBERAM_AGENCIA_TURISMO_,TJRN,NAO,H:\Meu Drive\RADIO TJRN CONTEÚDO\00_PRODUCAO_2026\01_BOLETINS_DIARIOS\03_AUDIOS_RADIO\04 - ABR - 26\07 04 - TER
ABRIL,NJUD 1851,BOLETIM_RADIO_TJRN_07_04_2026_B2_TJRN_CONSOLIDA_MEDIACAO_CONFLITOS_.mp3,07_04_2026,B2,TJRN_CONSOLIDA_MEDIACAO_CONFLITOS_,TJRN,NAO,H:\Meu Drive\RADIO TJRN CONTEÚDO\00_PRODUCAO_2026\01_BOLETINS_DIARIOS\03_AUDIOS_RADIO\04 - ABR - 26\07 04 - TER
ABRIL,NJUD 1852,BOLETIM_RADIO_TJRN_07_04_2026_B3_TJRN_OPERADORA_CONDENADA_.mp3,07_04_2026,B3,TJRN_OPERADORA_CONDENADA_,TJRN,NAO,H:\Meu Drive\RADIO TJRN CONTEÚDO\00_PRODUCAO_2026\01_BOLETINS_DIARIOS\03_AUDIOS_RADIO\04 - ABR - 26\07 04 - TER
ABRIL,NJUD 1852,BOLETIM_RADIO_TJRN_07_04_2026_B4_TJRN_NEGADO_ATO_IMPROBIDADE_SAO_MIGUEL_.mp3,07_04_2026,B4,TJRN_NEGADO_ATO_IMPROBIDADE_SAO_MIGUEL_,TJRN,NAO,H:\Meu Drive\RADIO TJRN CONTEÚDO\00_PRODUCAO_2026\01_BOLETINS_DIARIOS\03_AUDIOS_RADIO\04 - ABR - 26\07 04 - TER
ABRIL,NJUD 1852,BOLETIM_RADIO_TJRN_07_04_2026_B5_TJRN_CONDENADO_ROUBO_CARRO_.mp3,07_04_2026,B5,TJRN_CONDENADO_ROUBO_CARRO_,TJRN,NAO,H:\Meu Drive\RADIO TJRN CONTEÚDO\00_PRODUCAO_2026\01_BOLETINS_DIARIOS\03_AUDIOS_RADIO\04 - ABR - 26\07 04 - TER
ABRIL,NJUD 1852,BOLETIM_RADIO_TJRN_07_04_2026_B6_TJRN_ACUSADO_SEQUESTRO_.mp3,07_04_2026,B6,TJRN_ACUSADO_SEQUESTRO_,TJRN,NAO,H:\Meu Drive\RADIO TJRN CONTEÚDO\00_PRODUCAO_2026\01_BOLETINS_DIARIOS\03_AUDIOS_RADIO\04 - ABR - 26\07 04 - TER
ABRIL,NJUD 1853,BOLETIM_RADIO_TJRN_07_04_2026_B7_FALHA_ELETRONICA_CONCURSO.mp3,07_04_2026,B7,FALHA_ELETRONICA_CONCURSO,FALHA,NAO,H:\Meu Drive\RADIO TJRN CONTEÚDO\00_PRODUCAO_2026\01_BOLETINS_DIARIOS\03_AUDIOS_RADIO\04 - ABR - 26\07 04 - TER
ABRIL,NJUD 1853,BOLETIM_RADIO_TJRN_07_04_2026_B9_INDENIZACAO_FALTA_AGUA.mp3,07_04_2026,B9,INDENIZACAO_FALTA_AGUA,INDENIZACAO,NAO,H:\Meu Drive\RADIO TJRN CONTEÚDO\00_PRODUCAO_2026\01_BOLETINS_DIARIOS\03_AUDIOS_RADIO\04 - ABR - 26\07 04 - TER
ABRIL,NJUD 1853,BOLETIM_RADIO_TJRN_07_04_2026_B10_REPARADORA_BARIATRICA.mp3,07_04_2026,B10,REPARADORA_BARIATRICA,REPARADORA,NAO,H:\Meu Drive\RADIO TJRN CONTEÚDO\00_PRODUCAO_2026\01_BOLETINS_DIARIOS\03_AUDIOS_RADIO\04 - ABR - 26\07 04 - TER
ABRIL,NJUD 1853,BOLETIM_RADIO_TJRN_07_04_2026_B8_MPRN_EX_SECRETARIO_MOSSORO_CONDENADO.mp3,07_04_2026,B8,MPRN_EX_SECRETARIO_MOSSORO_CONDENADO,MPRN,SIM,H:\Meu Drive\RADIO TJRN CONTEÚDO\00_PRODUCAO_2026\01_BOLETINS_DIARIOS\03_AUDIOS_RADIO\04 - ABR - 26
ABRIL,NJUD 1854,BOLETIM_RADIO_TJRN_08_04_2026_B1_TJRN_SANTA_CRUZ_PROJETOS_SOCIAIS_.mp3,08_04_2026,B1,TJRN_SANTA_CRUZ_PROJETOS_SOCIAIS_,TJRN,NAO,H:\Meu Drive\RADIO TJRN CONTEÚDO\00_PRODUCAO_2026\01_BOLETINS_DIARIOS\03_AUDIOS_RADIO\04 - ABR - 26
ABRIL,NJUD 1854,BOLETIM_RADIO_TJRN_08_04_2026_B2_TJRN_BANCO_CONDENADO_VAZAMENTOS_DADOS_.mp3,08_04_2026,B2,TJRN_BANCO_CONDENADO_VAZAMENTOS_DADOS_,TJRN,NAO,H:\Meu Drive\RADIO TJRN CONTEÚDO\00_PRODUCAO_2026\01_BOLETINS_DIARIOS\03_AUDIOS_RADIO\04 - ABR - 26
ABRIL,NJUD 1854,BOLETIM_RADIO_TJRN_08_04_2026_B3_TJRN_ACAO_ALIMENTOS_IDOSO_ALZHEIMER_.mp3,08_04_2026,B3,TJRN_ACAO_ALIMENTOS_IDOSO_ALZHEIMER_,TJRN,NAO,H:\Meu Drive\RADIO TJRN CONTEÚDO\00_PRODUCAO_2026\01_BOLETINS_DIARIOS\03_AUDIOS_RADIO\04 - ABR - 26
ABRIL,NJUD 1854,BOLETIM_RADIO_TJRN_08_04_2026_B4_TJRN_PLANO_SAUDE_CONDENADO_CIRURGIA_OCULAR_.mp3,08_04_2026,B4,TJRN_PLANO_SAUDE_CONDENADO_CIRURGIA_OCULAR_,TJRN,NAO,H:\Meu Drive\RADIO TJRN CONTEÚDO\00_PRODUCAO_2026\01_BOLETINS_DIARIOS\03_AUDIOS_RADIO\04 - ABR - 26
ABRIL,NJUD 1855,BOLETIM_RADIO_TJRN_08_04_2026_B5_TJRN_SENTENCA_EXIGENCIA_PROCURACAO_DETRAN_.mp3,08_04_2026,B5,TJRN_SENTENCA_EXIGENCIA_PROCURACAO_DETRAN_,TJRN,NAO,H:\Meu Drive\RADIO TJRN CONTEÚDO\00_PRODUCAO_2026\01_BOLETINS_DIARIOS\03_AUDIOS_RADIO\04 - ABR - 26
ABRIL,NJUD 1855,BOLETIM_RADIO_TJRN_08_04_2026_B6_TJRN_VIGILANTE_AUXILIAR_CONDENADOS_.mp3,08_04_2026,B6,TJRN_VIGILANTE_AUXILIAR_CONDENADOS_,TJRN,NAO,H:\Meu Drive\RADIO TJRN CONTEÚDO\00_PRODUCAO_2026\01_BOLETINS_DIARIOS\03_AUDIOS_RADIO\04 - ABR - 26
ABRIL,NJUD 1855,BOLETIM_RADIO_TJRN_08_04_2026_B7_TJRN_PLATAFORMA_NAO_EFETIVA_RESERVA_HOTEL.mp3,08_04_2026,B7,TJRN_PLATAFORMA_NAO_EFETIVA_RESERVA_HOTEL,TJRN,NAO,H:\Meu Drive\RADIO TJRN CONTEÚDO\00_PRODUCAO_2026\01_BOLETINS_DIARIOS\03_AUDIOS_RADIO\04 - ABR - 26
ABRIL,NJUD 1855,BOLETIM_RADIO_TJRN_08_04_2026_B8_TJRN_FALHA_DEPOSITO_BANCARIO_.mp3,08_04_2026,B8,TJRN_FALHA_DEPOSITO_BANCARIO_,TJRN,NAO,H:\Meu Drive\RADIO TJRN CONTEÚDO\00_PRODUCAO_2026\01_BOLETINS_DIARIOS\03_AUDIOS_RADIO\04 - ABR - 26
ABRIL,NJUD 1856,BOLETIM_RADIO_TJRN_08_04_2026_B9_TJRN_ANULA_CONTRATO_OTICA_.mp3,08_04_2026,B9,TJRN_ANULA_CONTRATO_OTICA_,TJRN,NAO,H:\Meu Drive\RADIO TJRN CONTEÚDO\00_PRODUCAO_2026\01_BOLETINS_DIARIOS\03_AUDIOS_RADIO\04 - ABR - 26
ABRIL,NJUD 1856,BOLETIM_RADIO_TJRN_08_04_2026_B10_TJRN_SEMANA_NACIONAL_SAUDE.mp3,08_04_2026,B10,TJRN_SEMANA_NACIONAL_SAUDE,TJRN,NAO,H:\Meu Drive\RADIO TJRN CONTEÚDO\00_PRODUCAO_2026\01_BOLETINS_DIARIOS\03_AUDIOS_RADIO\04 - ABR - 26
ABRIL,NJUD 1856,BOLETIM_RADIO_TJRN_09_04_2026_B1_TJRN_COBRANCA_INDEVIDA_BAGAGEM_.mp3,09_04_2026,B1,TJRN_COBRANCA_INDEVIDA_BAGAGEM_,TJRN,NAO,H:\Meu Drive\RADIO TJRN CONTEÚDO\00_PRODUCAO_2026\01_BOLETINS_DIARIOS\03_AUDIOS_RADIO\04 - ABR - 26
ABRIL,NJUD 1856,BOLETIM_RADIO_TJRN_09_04_2026_B2_TJRN_MANTEM_CONDENACAO_ACUSADOS_ROUBO.mp3,09_04_2026,B2,TJRN_MANTEM_CONDENACAO_ACUSADOS_ROUBO,TJRN,NAO,H:\Meu Drive\RADIO TJRN CONTEÚDO\00_PRODUCAO_2026\01_BOLETINS_DIARIOS\03_AUDIOS_RADIO\04 - ABR - 26
ABRIL,NJUD 1857,BOLETIM_RADIO_TJRN_09_04_2026_B3_TJRN_TECNICO_PAGAMENTO_SERVICO_.mp3,09_04_2026,B3,TJRN_TECNICO_PAGAMENTO_SERVICO_,TJRN,NAO,H:\Meu Drive\RADIO TJRN CONTEÚDO\00_PRODUCAO_2026\01_BOLETINS_DIARIOS\03_AUDIOS_RADIO\04 - ABR - 26
ABRIL,NJUD 1857,BOLETIM_RADIO_TJRN_09_04_2026_B4_TJRN_SUPOSTO_DESVIO_FUNCAO_PM.mp3,09_04_2026,B4,TJRN_SUPOSTO_DESVIO_FUNCAO_PM,TJRN,NAO,H:\Meu Drive\RADIO TJRN CONTEÚDO\00_PRODUCAO_2026\01_BOLETINS_DIARIOS\03_AUDIOS_RADIO\04 - ABR - 26
ABRIL,NJUD 1857,BOLETIM_RADIO_TJRN_09_04_2026_B5_TJRN_MANTIDA_CONDENACAO_EMPRESA_AEREA_.mp3,09_04_2026,B5,TJRN_MANTIDA_CONDENACAO_EMPRESA_AEREA_,TJRN,NAO,H:\Meu Drive\RADIO TJRN CONTEÚDO\00_PRODUCAO_2026\01_BOLETINS_DIARIOS\03_AUDIOS_RADIO\04 - ABR - 26
ABRIL,NJUD 1857,BOLETIM_RADIO_TJRN_09_04_2026_B6_TJRN_CAMARA_SESSAO_EXTRAORDINARIA_HIBRIDA_.mp3,09_04_2026,B6,TJRN_CAMARA_SESSAO_EXTRAORDINARIA_HIBRIDA_,TJRN,NAO,H:\Meu Drive\RADIO TJRN CONTEÚDO\00_PRODUCAO_2026\01_BOLETINS_DIARIOS\03_AUDIOS_RADIO\04 - ABR - 26
ABRIL,NJUD 1858,BOLETIM_RADIO_TJRN_09_04_2026_B7_TJRN_SEMANA_NACIONAL_REGISTRO_CIVIL.mp3,09_04_2026,B7,TJRN_SEMANA_NACIONAL_REGISTRO_CIVIL,TJRN,NAO,H:\Meu Drive\RADIO TJRN CONTEÚDO\00_PRODUCAO_2026\01_BOLETINS_DIARIOS\03_AUDIOS_RADIO\04 - ABR - 26
ABRIL,NJUD 1858,BOLETIM_RADIO_TJRN_09_04_2026_B9_TRERN_CAMPANHA_ARRECADACOES_LIVROS_INFANTIS_.mp3,09_04_2026,B9,TRERN_CAMPANHA_ARRECADACOES_LIVROS_INFANTIS_,TRERN,NAO,H:\Meu Drive\RADIO TJRN CONTEÚDO\00_PRODUCAO_2026\01_BOLETINS_DIARIOS\03_AUDIOS_RADIO\04 - ABR - 26
ABRIL,NJUD 1858,BOLETIM_RADIO_TJRN_09_04_2026_B10_TRERN_AUTOATENDIMENTO_ELEITORAL_BIOMETRIA_.mp3,09_04_2026,B10,TRERN_AUTOATENDIMENTO_ELEITORAL_BIOMETRIA_,TRERN,NAO,H:\Meu Drive\RADIO TJRN CONTEÚDO\00_PRODUCAO_2026\01_BOLETINS_DIARIOS\03_AUDIOS_RADIO\04 - ABR - 26
ABRIL,NJUD 1858,BOLETIM_RADIO_TJRN_09_04_2026_B8_TRTRN_NOVA_SALA_ESPERA_AUDIENCIA_.mp3,09_04_2026,B8,TRTRN_NOVA_SALA_ESPERA_AUDIENCIA_,TRTRN,SIM,H:\Meu Drive\RADIO TJRN CONTEÚDO\00_PRODUCAO_2026\01_BOLETINS_DIARIOS\03_AUDIOS_RADIO\04 - ABR - 26
ABRIL,NJUD 1859,BOLETIM_RADIO_TJRN_10_04_2026_B1_TJRN_DECISAO_REALIZACAO_PERICIA_ASSINATURA_.mp3,10_04_2026,B1,TJRN_DECISAO_REALIZACAO_PERICIA_ASSINATURA_,TJRN,NAO,H:\Meu Drive\RADIO TJRN CONTEÚDO\00_PRODUCAO_2026\01_BOLETINS_DIARIOS\03_AUDIOS_RADIO\04 - ABR - 26
ABRIL,NJUD 1859,BOLETIM_RADIO_TJRN_10_04_2026_B2_TJRN_SUPERLOTACAO_CARCERARIA_PROGRESSAO_REGIME_.mp3,10_04_2026,B2,TJRN_SUPERLOTACAO_CARCERARIA_PROGRESSAO_REGIME_,TJRN,NAO,H:\Meu Drive\RADIO TJRN CONTEÚDO\00_PRODUCAO_2026\01_BOLETINS_DIARIOS\03_AUDIOS_RADIO\04 - ABR - 26
ABRIL,NJUD 1859,BOLETIM_RADIO_TJRN_10_04_2026_B3_TJRN_COSERN_CANCELAR_DEBITO_FRAUDE_.mp3,10_04_2026,B3,TJRN_COSERN_CANCELAR_DEBITO_FRAUDE_,TJRN,NAO,H:\Meu Drive\RADIO TJRN CONTEÚDO\00_PRODUCAO_2026\01_BOLETINS_DIARIOS\03_AUDIOS_RADIO\04 - ABR - 26
ABRIL,NJUD 1859,BOLETIM_RADIO_TJRN_10_04_2026_B4_TJRN_CLIENTE_SOFRE_GOLPE_EMPRESTIMO_CONSIGNADO_.mp3,10_04_2026,B4,TJRN_CLIENTE_SOFRE_GOLPE_EMPRESTIMO_CONSIGNADO_,TJRN,NAO,H:\Meu Drive\RADIO TJRN CONTEÚDO\00_PRODUCAO_2026\01_BOLETINS_DIARIOS\03_AUDIOS_RADIO\04 - ABR - 26
ABRIL,NJUD 1860,BOLETIM_RADIO_TJRN_10_04_2026_B5_TJRN_RECONHECE_DIREITO_CORRETOR_.mp3,10_04_2026,B5,TJRN_RECONHECE_DIREITO_CORRETOR_,TJRN,NAO,H:\Meu Drive\RADIO TJRN CONTEÚDO\00_PRODUCAO_2026\01_BOLETINS_DIARIOS\03_AUDIOS_RADIO\04 - ABR - 26
ABRIL,NJUD 1860,BOLETIM_RADIO_TJRN_10_04_2026_B6_TJRN_PLANO_SAUDE_COBRANCA_EXCESSIVA_.mp3,10_04_2026,B6,TJRN_PLANO_SAUDE_COBRANCA_EXCESSIVA_,TJRN,NAO,H:\Meu Drive\RADIO TJRN CONTEÚDO\00_PRODUCAO_2026\01_BOLETINS_DIARIOS\03_AUDIOS_RADIO\04 - ABR - 26
ABRIL,NJUD 1860,BOLETIM_RADIO_TJRN_10_04_2026_B7_TJRN_TRIPLO_HOMICIDIO_NISIA_FLORESTA_JURI_MANTIDO_.mp3,10_04_2026,B7,TJRN_TRIPLO_HOMICIDIO_NISIA_FLORESTA_JURI_MANTIDO_,TJRN,NAO,H:\Meu Drive\RADIO TJRN CONTEÚDO\00_PRODUCAO_2026\01_BOLETINS_DIARIOS\03_AUDIOS_RADIO\04 - ABR - 26
ABRIL,NJUD 1860,BOLETIM_RADIO_TJRN_10_04_2026_B8_TJRN_DUPLA_CONDENADA_ASSALTO_.mp3,10_04_2026,B8,TJRN_DUPLA_CONDENADA_ASSALTO_,TJRN,NAO,H:\Meu Drive\RADIO TJRN CONTEÚDO\00_PRODUCAO_2026\01_BOLETINS_DIARIOS\03_AUDIOS_RADIO\04 - ABR - 26
ABRIL,NJUD 1861,BOLETIM_RADIO_TJRN_10_04_2026_B9_TJRN_RECONHECE_DESCUMPRIMENTO_CONTRATUAL_.mp3,10_04_2026,B9,TJRN_RECONHECE_DESCUMPRIMENTO_CONTRATUAL_,TJRN,NAO,H:\Meu Drive\RADIO TJRN CONTEÚDO\00_PRODUCAO_2026\01_BOLETINS_DIARIOS\03_AUDIOS_RADIO\04 - ABR - 26
ABRIL,NJUD 1861,BOLETIM_RADIO_TJRN_10_04_2026_B10_TJRN_DETERMINA_SUSPENSAO_ATO_CANDIDATA_APROVADA.mp3,10_04_2026,B10,TJRN_DETERMINA_SUSPENSAO_ATO_CANDIDATA_APROVADA,TJRN,NAO,H:\Meu Drive\RADIO TJRN CONTEÚDO\00_PRODUCAO_2026\01_BOLETINS_DIARIOS\03_AUDIOS_RADIO\04 - ABR - 26
ABRIL,NJUD 1861,BOLETIM_RADIO_TJRN_13_04_2026_B1_TJRN_CONDENA_PLATAFORMA_DIGITAL_FALHA_.mp3,13_04_2026,B1,TJRN_CONDENA_PLATAFORMA_DIGITAL_FALHA_,TJRN,NAO,H:\Meu Drive\RADIO TJRN CONTEÚDO\00_PRODUCAO_2026\01_BOLETINS_DIARIOS\03_AUDIOS_RADIO\04 - ABR - 26
ABRIL,NJUD 1861,BOLETIM_RADIO_TJRN_13_04_2026_B2_TJRN_PARNAMIRIM_CONDENADO_ACIDENTE_TRANSPORTE_.mp3,13_04_2026,B2,TJRN_PARNAMIRIM_CONDENADO_ACIDENTE_TRANSPORTE_,TJRN,NAO,H:\Meu Drive\RADIO TJRN CONTEÚDO\00_PRODUCAO_2026\01_BOLETINS_DIARIOS\03_AUDIOS_RADIO\04 - ABR - 26
ABRIL,NJUD 1862,BOLETIM_RADIO_TJRN_13_04_2026_B3_TJRN_IPERN_CONDENADO_INDENIZAR_SERVIDORA_.mp3,13_04_2026,B3,TJRN_IPERN_CONDENADO_INDENIZAR_SERVIDORA_,TJRN,NAO,H:\Meu Drive\RADIO TJRN CONTEÚDO\00_PRODUCAO_2026\01_BOLETINS_DIARIOS\03_AUDIOS_RADIO\04 - ABR - 26
ABRIL,NJUD 1862,BOLETIM_RADIO_TJRN_13_04_2026_B4_TJRN_ACUSADOS_CRIMES_TRAFICO_.mp3,13_04_2026,B4,TJRN_ACUSADOS_CRIMES_TRAFICO_,TJRN,NAO,H:\Meu Drive\RADIO TJRN CONTEÚDO\00_PRODUCAO_2026\01_BOLETINS_DIARIOS\03_AUDIOS_RADIO\04 - ABR - 26
ABRIL,NJUD 1862,BOLETIM_RADIO_TJRN_13_04_2026_B5_TJRN_PASSAGEIRA_RECEBEU_MALA_DANIFICADA_.mp3,13_04_2026,B5,TJRN_PASSAGEIRA_RECEBEU_MALA_DANIFICADA_,TJRN,NAO,H:\Meu Drive\RADIO TJRN CONTEÚDO\00_PRODUCAO_2026\01_BOLETINS_DIARIOS\03_AUDIOS_RADIO\04 - ABR - 26
ABRIL,NJUD 1862,BOLETIM_RADIO_TJRN_13_04_2026_B6_TJRN_CONVOCA_45_TECNICOS_.mp3,13_04_2026,B6,TJRN_CONVOCA_45_TECNICOS_,TJRN,NAO,H:\Meu Drive\RADIO TJRN CONTEÚDO\00_PRODUCAO_2026\01_BOLETINS_DIARIOS\03_AUDIOS_RADIO\04 - ABR - 26
ABRIL,NJUD 1863,BOLETIM_RADIO_TJRN_13_04_2026_B7_DANOS_MORAIS_MANOBRA_IRREGULAR.mp3,13_04_2026,B7,DANOS_MORAIS_MANOBRA_IRREGULAR,DANOS,NAO,H:\Meu Drive\RADIO TJRN CONTEÚDO\00_PRODUCAO_2026\01_BOLETINS_DIARIOS\03_AUDIOS_RADIO\04 - ABR - 26
ABRIL,NJUD 1863,BOLETIM_RADIO_TJRN_13_04_2026_B8_SUSPENSAO_FATURA_ENERGIA_ELETRICA.mp3,13_04_2026,B8,SUSPENSAO_FATURA_ENERGIA_ELETRICA,SUSPENSAO,NAO,H:\Meu Drive\RADIO TJRN CONTEÚDO\00_PRODUCAO_2026\01_BOLETINS_DIARIOS\03_AUDIOS_RADIO\04 - ABR - 26
ABRIL,NJUD 1863,BOLETIM_RADIO_TJRN_13_04_2026_B9_CONTRATACAO_MEDICO_IRREGULAR.mp3,13_04_2026,B9,CONTRATACAO_MEDICO_IRREGULAR,CONTRATACAO,NAO,H:\Meu Drive\RADIO TJRN CONTEÚDO\00_PRODUCAO_2026\01_BOLETINS_DIARIOS\03_AUDIOS_RADIO\04 - ABR - 26
ABRIL,NJUD 1863,BOLETIM_RADIO_TJRN_13_04_2026_B10_SUPLEMENTO_CRIANCA_SELETIVIDADE.mp3,13_04_2026,B10,SUPLEMENTO_CRIANCA_SELETIVIDADE,SUPLEMENTO,NAO,H:\Meu Drive\RADIO TJRN CONTEÚDO\00_PRODUCAO_2026\01_BOLETINS_DIARIOS\03_AUDIOS_RADIO\04 - ABR - 26
ABRIL,NJUD 1864,BOLETIM_RADIO_TJRN_14_04_2026_B1_BLOQUEIO_TRATAMENTO_CRIANCA_TEA.mp3,14_04_2026,B1,BLOQUEIO_TRATAMENTO_CRIANCA_TEA,BLOQUEIO,NAO,H:\Meu Drive\RADIO TJRN CONTEÚDO\00_PRODUCAO_2026\01_BOLETINS_DIARIOS\03_AUDIOS_RADIO\04 - ABR - 26
ABRIL,NJUD 1864,BOLETIM_RADIO_TJRN_14_04_2026_B2_ANULACAO_DEBITO_TRIBUTARIO.mp3,14_04_2026,B2,ANULACAO_DEBITO_TRIBUTARIO,ANULACAO,NAO,H:\Meu Drive\RADIO TJRN CONTEÚDO\00_PRODUCAO_2026\01_BOLETINS_DIARIOS\03_AUDIOS_RADIO\04 - ABR - 26
ABRIL,NJUD 1864,BOLETIM_RADIO_TJRN_14_04_2026_B3_CONDENACAO_PLANO_CIRURGIA_FACIAL.mp3,14_04_2026,B3,CONDENACAO_PLANO_CIRURGIA_FACIAL,CONDENACAO,NAO,H:\Meu Drive\RADIO TJRN CONTEÚDO\00_PRODUCAO_2026\01_BOLETINS_DIARIOS\03_AUDIOS_RADIO\04 - ABR - 26
ABRIL,NJUD 1864,BOLETIM_RADIO_TJRN_14_04_2026_B4_INDENIZACAO_FALTA_HIGIENE_HOSPEDAGEM.mp3,14_04_2026,B4,INDENIZACAO_FALTA_HIGIENE_HOSPEDAGEM,INDENIZACAO,NAO,H:\Meu Drive\RADIO TJRN CONTEÚDO\00_PRODUCAO_2026\01_BOLETINS_DIARIOS\03_AUDIOS_RADIO\04 - ABR - 26
ABRIL,NJUD 1865,BOLETIM_RADIO_TJRN_14_04_2026_B5_ACAO_EXTINTA_HETEROIDENTIFICACAO.mp3,14_04_2026,B5,ACAO_EXTINTA_HETEROIDENTIFICACAO,ACAO,NAO,H:\Meu Drive\RADIO TJRN CONTEÚDO\00_PRODUCAO_2026\01_BOLETINS_DIARIOS\03_AUDIOS_RADIO\04 - ABR - 26
ABRIL,NJUD 1865,BOLETIM_RADIO_TJRN_14_04_2026_B6_CONDENACAO_FURTO_CARRO.mp3,14_04_2026,B6,CONDENACAO_FURTO_CARRO,CONDENACAO,NAO,H:\Meu Drive\RADIO TJRN CONTEÚDO\00_PRODUCAO_2026\01_BOLETINS_DIARIOS\03_AUDIOS_RADIO\04 - ABR - 26\14 04 - TER
ABRIL,NJUD 1865,BOLETIM_RADIO_TJRN_14_04_2026_B7_REGISTRE_SE.mp3,14_04_2026,B7,REGISTRE_SE,REGISTRE,NAO,H:\Meu Drive\RADIO TJRN CONTEÚDO\00_PRODUCAO_2026\01_BOLETINS_DIARIOS\03_AUDIOS_RADIO\04 - ABR - 26\14 04 - TER
ABRIL,NJUD 1865,BOLETIM_RADIO_TJRN_14_04_2026_B8_BLOQUEIO_APLICATIVO_MENSAGENS.mp3,14_04_2026,B8,BLOQUEIO_APLICATIVO_MENSAGENS,BLOQUEIO,NAO,H:\Meu Drive\RADIO TJRN CONTEÚDO\00_PRODUCAO_2026\01_BOLETINS_DIARIOS\03_AUDIOS_RADIO\04 - ABR - 26\14 04 - TER
AGOSTO,NJUD 1923,BOLETIM_RADIO_TJRN_26_08_2026_B1_RESPONSAVEL_INTERINO_MARCELINO_VIEIRA.mp3,26_08_2026,B1,RESPONSAVEL_INTERINO_MARCELINO_VIEIRA,RESPONSAVEL,NAO,H:\Meu Drive\RADIO TJRN CONTEÚDO\00_PRODUCAO_2026\01_BOLETINS_DIARIOS\03_AUDIOS_RADIO\07 - JUL - 26\08 07 - QUA
AGOSTO,NJUD 1923,BOLETIM_RADIO_TJRN_26_08_2026_B2_PESQUISA_JURISPRUDENCIA_INTERAMERICANA_NJUD.mp3,26_08_2026,B2,PESQUISA_JURISPRUDENCIA_INTERAMERICANA_NJUD,PESQUISA,NAO,H:\Meu Drive\RADIO TJRN CONTEÚDO\00_PRODUCAO_2026\01_BOLETINS_DIARIOS\03_AUDIOS_RADIO\07 - JUL - 26\08 07 - QUA
AGOSTO,NJUD 1923,BOLETIM_RADIO_TJRN_26_08_2026_B3_INDENIZACAO_FRAUDE_TELEFONIA_NJUD_.mp3,26_08_2026,B3,INDENIZACAO_FRAUDE_TELEFONIA_NJUD_,INDENIZACAO,NAO,H:\Meu Drive\RADIO TJRN CONTEÚDO\00_PRODUCAO_2026\01_BOLETINS_DIARIOS\03_AUDIOS_RADIO\07 - JUL - 26\08 07 - QUA
AGOSTO,NJUD 1923,BOLETIM_RADIO_TJRN_26_08_2026_B4_CIRURGIA_TORNOZELO_NJUD.mp3,26_08_2026,B4,CIRURGIA_TORNOZELO_NJUD,CIRURGIA,NAO,H:\Meu Drive\RADIO TJRN CONTEÚDO\00_PRODUCAO_2026\01_BOLETINS_DIARIOS\03_AUDIOS_RADIO\07 - JUL - 26\08 07 - QUA
AGOSTO,NJUD 1924,BOLETIM_RADIO_TJRN_26_08_2026_B5_PROPAGANDA_ENGANOSA_IMOVEL_NJUD_.mp3,26_08_2026,B5,PROPAGANDA_ENGANOSA_IMOVEL_NJUD_,PROPAGANDA,NAO,H:\Meu Drive\RADIO TJRN CONTEÚDO\00_PRODUCAO_2026\01_BOLETINS_DIARIOS\03_AUDIOS_RADIO\07 - JUL - 26\08 07 - QUA
AGOSTO,NJUD 1924,BOLETIM_RADIO_TJRN_26_08_2026_B6_INDENIZACAO_GRIFE_FALSIFICADA.mp3,26_08_2026,B6,INDENIZACAO_GRIFE_FALSIFICADA,INDENIZACAO,NAO,H:\Meu Drive\RADIO TJRN CONTEÚDO\00_PRODUCAO_2026\01_BOLETINS_DIARIOS\03_AUDIOS_RADIO\07 - JUL - 26\08 07 - QUA
AGOSTO,NJUD 1924,BOLETIM_RADIO_TJRN_26_08_2026_B7_FACULDADE_CONDENADA_COBRANCA_INDEVIDA.mp3,26_08_2026,B7,FACULDADE_CONDENADA_COBRANCA_INDEVIDA,FACULDADE,NAO,H:\Meu Drive\RADIO TJRN CONTEÚDO\00_PRODUCAO_2026\01_BOLETINS_DIARIOS\03_AUDIOS_RADIO\07 - JUL - 26\08 07 - QUA
AGOSTO,NJUD 1924,BOLETIM_RADIO_TJRN_26_08_2026_B9_PLATAFORMA_AUXILIO_PENAS_PECUNIARIAS.mp3,26_08_2026,B9,PLATAFORMA_AUXILIO_PENAS_PECUNIARIAS,PLATAFORMA,NAO,H:\Meu Drive\RADIO TJRN CONTEÚDO\00_PRODUCAO_2026\01_BOLETINS_DIARIOS\03_AUDIOS_RADIO\07 - JUL - 26\08 07 - QUA
AGOSTO,NJUD 1925,BOLETIM_RADIO_TJRN_26_08_2026_B8_CNJ_VIDEOS_CUIDADOS.mp3,26_08_2026,B8,CNJ_VIDEOS_CUIDADOS,CNJ,SIM,H:\Meu Drive\RADIO TJRN CONTEÚDO\00_PRODUCAO_2026\01_BOLETINS_DIARIOS\03_AUDIOS_RADIO\07 - JUL - 26\08 07 - QUA
AGOSTO,NJUD 1925,BOLETIM_RADIO_TJRN_26_08_2026_B10_TRTRN_SUPERA_META.mp3,26_08_2026,B10,TRTRN_SUPERA_META,TRTRN,SIM,H:\Meu Drive\RADIO TJRN CONTEÚDO\00_PRODUCAO_2026\01_BOLETINS_DIARIOS\03_AUDIOS_RADIO\07 - JUL - 26\08 07 - QUA
AGOSTO,NJUD 1925,BOLETIM_RADIO_TJRN_14_04_2026_B9_CONDENACAO_GOLPE_IDOSA.mp3,14_04_2026,B9,CONDENACAO_GOLPE_IDOSA,CONDENACAO,NAO,H:\Meu Drive\RADIO TJRN CONTEÚDO\00_PRODUCAO_2026\01_BOLETINS_DIARIOS\03_AUDIOS_RADIO\04 - ABR - 26\14 04 - TER
AGOSTO,NJUD 1925,BOLETIM_RADIO_TJRN_14_04_2026_B10_INDENIZACAO_ALAGAMENTO_RESIDENCIA.mp3,14_04_2026,B10,INDENIZACAO_ALAGAMENTO_RESIDENCIA,INDENIZACAO,NAO,H:\Meu Drive\RADIO TJRN CONTEÚDO\00_PRODUCAO_2026\01_BOLETINS_DIARIOS\03_AUDIOS_RADIO\04 - ABR - 26\14 04 - TER
AGOSTO,NJUD 1926,BOLETIM_RADIO_TJRN_15_04_2026_B1_TJRN_ADVOGADA_CONSTRANGIDA_.mp3,15_04_2026,B1,TJRN_ADVOGADA_CONSTRANGIDA_,TJRN,NAO,H:\Meu Drive\RADIO TJRN CONTEÚDO\00_PRODUCAO_2026\01_BOLETINS_DIARIOS\03_AUDIOS_RADIO\04 - ABR - 26\15 04 - QUA
AGOSTO,NJUD 1926,BOLETIM_RADIO_TJRN_15_04_2026_B2_TJRN_EMPRESARIA_INDENIZADA_.mp3,15_04_2026,B2,TJRN_EMPRESARIA_INDENIZADA_,TJRN,NAO,H:\Meu Drive\RADIO TJRN CONTEÚDO\00_PRODUCAO_2026\01_BOLETINS_DIARIOS\03_AUDIOS_RADIO\04 - ABR - 26\15 04 - QUA
AGOSTO,NJUD 1926,BOLETIM_RADIO_TJRN_15_04_2026_B3_TJRN_COLISAO_E_FUGA_CONDUTOR_.mp3,15_04_2026,B3,TJRN_COLISAO_E_FUGA_CONDUTOR_,TJRN,NAO,H:\Meu Drive\RADIO TJRN CONTEÚDO\00_PRODUCAO_2026\01_BOLETINS_DIARIOS\03_AUDIOS_RADIO\04 - ABR - 26\15 04 - QUA
AGOSTO,NJUD 1926,BOLETIM_RADIO_TJRN_15_04_2026_B4_TJRN_VARA_CIVEL_NATAL_PREMIO_ADVOGADOS_.mp3,15_04_2026,B4,TJRN_VARA_CIVEL_NATAL_PREMIO_ADVOGADOS_,TJRN,NAO,H:\Meu Drive\RADIO TJRN CONTEÚDO\00_PRODUCAO_2026\01_BOLETINS_DIARIOS\03_AUDIOS_RADIO\04 - ABR - 26\15 04 - QUA
AGOSTO,NJUD 1927,BOLETIM_RADIO_TJRN_15_04_2026_B5_TJRN_SELECAO_ESTAGIO_PAU_FERROS_.mp3,15_04_2026,B5,TJRN_SELECAO_ESTAGIO_PAU_FERROS_,TJRN,NAO,H:\Meu Drive\RADIO TJRN CONTEÚDO\00_PRODUCAO_2026\01_BOLETINS_DIARIOS\03_AUDIOS_RADIO\04 - ABR - 26\15 04 - QUA
AGOSTO,NJUD 1927,BOLETIM_RADIO_TJRN_15_04_2026_B6_TJRN_NOMEIA_TRES_CANDIDATOS_.mp3,15_04_2026,B6,TJRN_NOMEIA_TRES_CANDIDATOS_,TJRN,NAO,H:\Meu Drive\RADIO TJRN CONTEÚDO\00_PRODUCAO_2026\01_BOLETINS_DIARIOS\03_AUDIOS_RADIO\04 - ABR - 26\15 04 - QUA
AGOSTO,NJUD 1927,BOLETIM_RADIO_TJRN_15_04_2026_B7_TRTRN_PROGRAMA_REGISTRE_SE.mp3,15_04_2026,B7,TRTRN_PROGRAMA_REGISTRE_SE,TRTRN,SIM,H:\Meu Drive\RADIO TJRN CONTEÚDO\00_PRODUCAO_2026\01_BOLETINS_DIARIOS\03_AUDIOS_RADIO\04 - ABR - 26\15 04 - QUA
AGOSTO,NJUD 1927,BOLETIM_RADIO_TJRN_15_04_2026_B8_DPERN_INSCRICAO_CANDIDATO_PM.mp3,15_04_2026,B8,DPERN_INSCRICAO_CANDIDATO_PM,DPERN,SIM,H:\Meu Drive\RADIO TJRN CONTEÚDO\00_PRODUCAO_2026\01_BOLETINS_DIARIOS\03_AUDIOS_RADIO\04 - ABR - 26\15 04 - QUA
AGOSTO,NJUD 1928,BOLETIM_RADIO_TJRN_15_04_2026_B9_MPRN_IMPLEMENTACAO_CAMERAS_VIDEOMONITORAMENTO_.mp3,15_04_2026,B9,MPRN_IMPLEMENTACAO_CAMERAS_VIDEOMONITORAMENTO_,MPRN,SIM,H:\Meu Drive\RADIO TJRN CONTEÚDO\00_PRODUCAO_2026\01_BOLETINS_DIARIOS\03_AUDIOS_RADIO\04 - ABR - 26\15 04 - QUA
AGOSTO,NJUD 1928,BOLETIM_RADIO_TJRN_15_04_2026_B10_TRE_RN_CARTILHA_PROPAGANDA_ELEITORAL_.mp3,15_04_2026,B10,TRE_RN_CARTILHA_PROPAGANDA_ELEITORAL_,TRE,SIM,H:\Meu Drive\RADIO TJRN CONTEÚDO\00_PRODUCAO_2026\01_BOLETINS_DIARIOS\03_AUDIOS_RADIO\04 - ABR - 26\15 04 - QUA
AGOSTO,NJUD 1928,BOLETIM_RADIO_TJRN_16_04_2026_B1_TJRN_PACIENTE_INDENIZADO_CICATRIZ_QUEIXO.mp3,16_04_2026,B1,TJRN_PACIENTE_INDENIZADO_CICATRIZ_QUEIXO,TJRN,NAO,H:\Meu Drive\RADIO TJRN CONTEÚDO\00_PRODUCAO_2026\01_BOLETINS_DIARIOS\03_AUDIOS_RADIO\04 - ABR - 26\16 04 - QUI
AGOSTO,NJUD 1928,BOLETIM_RADIO_TJRN_16_04_2026_B2_TJRN_ACUSADO_VARIOS_DELITOS_GOIANINHA_.mp3,16_04_2026,B2,TJRN_ACUSADO_VARIOS_DELITOS_GOIANINHA_,TJRN,NAO,H:\Meu Drive\RADIO TJRN CONTEÚDO\00_PRODUCAO_2026\01_BOLETINS_DIARIOS\03_AUDIOS_RADIO\04 - ABR - 26\16 04 - QUI
AGOSTO,NJUD 1929,BOLETIM_RADIO_TJRN_16_04_2026_B3_TJRN_CONDENA_MOTORISTA_ACIDENTE_MOTOCICLISTA_.mp3,16_04_2026,B3,TJRN_CONDENA_MOTORISTA_ACIDENTE_MOTOCICLISTA_,TJRN,NAO,H:\Meu Drive\RADIO TJRN CONTEÚDO\00_PRODUCAO_2026\01_BOLETINS_DIARIOS\03_AUDIOS_RADIO\04 - ABR - 26\16 04 - QUI
AGOSTO,NJUD 1929,BOLETIM_RADIO_TJRN_16_04_2026_B4_TJRN_CANCELAMENTO_PASSAGENS_AEREAS_COLOMBIA_.mp3,16_04_2026,B4,TJRN_CANCELAMENTO_PASSAGENS_AEREAS_COLOMBIA_,TJRN,NAO,H:\Meu Drive\RADIO TJRN CONTEÚDO\00_PRODUCAO_2026\01_BOLETINS_DIARIOS\03_AUDIOS_RADIO\04 - ABR - 26\16 04 - QUI
AGOSTO,NJUD 1929,BOLETIM_RADIO_TJRN_16_04_2026_B5_TJRN_MUNICIPIO_NATAL_CONDENADO_TRANSBORDAMENTO_.mp3,16_04_2026,B5,TJRN_MUNICIPIO_NATAL_CONDENADO_TRANSBORDAMENTO_,TJRN,NAO,H:\Meu Drive\RADIO TJRN CONTEÚDO\00_PRODUCAO_2026\01_BOLETINS_DIARIOS\03_AUDIOS_RADIO\04 - ABR - 26\16 04 - QUI
AGOSTO,NJUD 1929,BOLETIM_RADIO_TJRN_16_04_2026_B6_TJRN_CONDENA_LOJA_INDENIZACAO_.mp3,16_04_2026,B6,TJRN_CONDENA_LOJA_INDENIZACAO_,TJRN,NAO,H:\Meu Drive\RADIO TJRN CONTEÚDO\00_PRODUCAO_2026\01_BOLETINS_DIARIOS\03_AUDIOS_RADIO\04 - ABR - 26\16 04 - QUI
FEVEREIRO,NJUD 1810,BOLETIM_RADIO_TJRN_02_02_2026_B1_TJRN_ACAO_IMPROBIDADE_SERVIDOR_DETRAN.mp3,02_02_2026,B1,TJRN_ACAO_IMPROBIDADE_SERVIDOR_DETRAN,TJRN,NAO,H:\Meu Drive\RADIO TJRN CONTEÚDO\00_PRODUCAO_2026\01_BOLETINS_DIARIOS\03_AUDIOS_RADIO\02 - FEV - 26\02 02 - SEG
FEVEREIRO,NJUD 1810,BOLETIM_RADIO_TJRN_02_02_2026_B2_TJRN_CRESCIMENTO_CAMARA_CRIMINAL_.mp3,02_02_2026,B2,TJRN_CRESCIMENTO_CAMARA_CRIMINAL_,TJRN,NAO,H:\Meu Drive\RADIO TJRN CONTEÚDO\00_PRODUCAO_2026\01_BOLETINS_DIARIOS\03_AUDIOS_RADIO\02 - FEV - 26\02 02 - SEG
FEVEREIRO,NJUD 1810,BOLETIM_RADIO_TJRN_02_02_2026_B3_TJRN_ACOES_PENITENCIARIA_ALCACUZ_.mp3,02_02_2026,B3,TJRN_ACOES_PENITENCIARIA_ALCACUZ_,TJRN,NAO,H:\Meu Drive\RADIO TJRN CONTEÚDO\00_PRODUCAO_2026\01_BOLETINS_DIARIOS\03_AUDIOS_RADIO\02 - FEV - 26\02 02 - SEG
FEVEREIRO,NJUD 1810,BOLETIM_RADIO_TJRN_02_02_2026_B4_TJRN_FABRICANTE_REDE_FARMACIA_.mp3,02_02_2026,B4,TJRN_FABRICANTE_REDE_FARMACIA_,TJRN,NAO,H:\Meu Drive\RADIO TJRN CONTEÚDO\00_PRODUCAO_2026\01_BOLETINS_DIARIOS\03_AUDIOS_RADIO\02 - FEV - 26\02 02 - SEG
FEVEREIRO,NJUD 1811,BOLETIM_RADIO_TJRN_02_02_2026_B5_TJRN_ESTAGIO_GRUPO_METAS.mp3,02_02_2026,B5,TJRN_ESTAGIO_GRUPO_METAS,TJRN,NAO,H:\Meu Drive\RADIO TJRN CONTEÚDO\00_PRODUCAO_2026\01_BOLETINS_DIARIOS\03_AUDIOS_RADIO\02 - FEV - 26\02 02 - SEG
FEVEREIRO,NJUD 1811,BOLETIM_RADIO_TJRN_02_02_2026_B6_TJRN_CONDENA_HOMEM_MAUS_TRATOS.mp3,02_02_2026,B6,TJRN_CONDENA_HOMEM_MAUS_TRATOS,TJRN,NAO,H:\Meu Drive\RADIO TJRN CONTEÚDO\00_PRODUCAO_2026\01_BOLETINS_DIARIOS\03_AUDIOS_RADIO\02 - FEV - 26\02 02 - SEG
FEVEREIRO,NJUD 1811,BOLETIM_RADIO_TJRN_02_02_2026_B7_TJRN_ANULA_PREGAO_CONSORCIO_.mp3,02_02_2026,B7,TJRN_ANULA_PREGAO_CONSORCIO_,TJRN,NAO,H:\Meu Drive\RADIO TJRN CONTEÚDO\00_PRODUCAO_2026\01_BOLETINS_DIARIOS\03_AUDIOS_RADIO\02 - FEV - 26\02 02 - SEG
FEVEREIRO,NJUD 1811,BOLETIM_RADIO_TJRN_02_02_2026_B8_TJRN_INCONSTITUCIONALIDADE_LEI_ENEM_.mp3,02_02_2026,B8,TJRN_INCONSTITUCIONALIDADE_LEI_ENEM_,TJRN,NAO,H:\Meu Drive\RADIO TJRN CONTEÚDO\00_PRODUCAO_2026\01_BOLETINS_DIARIOS\03_AUDIOS_RADIO\02 - FEV - 26\02 02 - SEG
FEVEREIRO,NJUD 1812,BOLETIM_RADIO_TJRN_02_02_2026_B9_TRTRN_DESCARACTERIZA_TRABALHO_INTERMITENTE.mp3,02_02_2026,B9,TRTRN_DESCARACTERIZA_TRABALHO_INTERMITENTE,TRTRN,SIM,H:\Meu Drive\RADIO TJRN CONTEÚDO\00_PRODUCAO_2026\01_BOLETINS_DIARIOS\03_AUDIOS_RADIO\02 - FEV - 26\02 02 - SEG
FEVEREIRO,NJUD 1812,BOLETIM_RADIO_TJRN_02_02_2026_B10_DPERN_PRAZO_INSCRICOES_SUSTENTABILIDADE.mp3,02_02_2026,B10,DPERN_PRAZO_INSCRICOES_SUSTENTABILIDADE,DPERN,SIM,H:\Meu Drive\RADIO TJRN CONTEÚDO\00_PRODUCAO_2026\01_BOLETINS_DIARIOS\03_AUDIOS_RADIO\02 - FEV - 26\02 02 - SEG
FEVEREIRO,NJUD 1812,BOLETIM_RADIO_TJRN_03_02_2026_B1_TJRN_SUSPENDE_LICITACAO_CANGUARETAMA_.mp3,03_02_2026,B1,TJRN_SUSPENDE_LICITACAO_CANGUARETAMA_,TJRN,NAO,H:\Meu Drive\RADIO TJRN CONTEÚDO\00_PRODUCAO_2026\01_BOLETINS_DIARIOS\03_AUDIOS_RADIO\02 - FEV - 26\03 02 - TER
FEVEREIRO,NJUD 1812,BOLETIM_RADIO_TJRN_03_02_2026_B2_TJRN_IA_ROTINAS_PRESTACAO_JURISDICIONAL.mp3,03_02_2026,B2,TJRN_IA_ROTINAS_PRESTACAO_JURISDICIONAL,TJRN,NAO,H:\Meu Drive\RADIO TJRN CONTEÚDO\00_PRODUCAO_2026\01_BOLETINS_DIARIOS\03_AUDIOS_RADIO\02 - FEV - 26\03 02 - TER
FEVEREIRO,NJUD 1813,BOLETIM_RADIO_TJRN_03_02_2026_B4_TJRN_COMARCA_EXTREMOZ_DEMANDAS_JUDICIAIS_.mp3,03_02_2026,B4,TJRN_COMARCA_EXTREMOZ_DEMANDAS_JUDICIAIS_,TJRN,NAO,H:\Meu Drive\RADIO TJRN CONTEÚDO\00_PRODUCAO_2026\01_BOLETINS_DIARIOS\03_AUDIOS_RADIO\02 - FEV - 26\03 02 - TER
FEVEREIRO,NJUD 1813,BOLETIM_RADIO_TJRN_03_02_2026_B6_TJRN_PASSAGEIRO_INDENIZADO_.mp3,03_02_2026,B6,TJRN_PASSAGEIRO_INDENIZADO_,TJRN,NAO,H:\Meu Drive\RADIO TJRN CONTEÚDO\00_PRODUCAO_2026\01_BOLETINS_DIARIOS\03_AUDIOS_RADIO\02 - FEV - 26\03 02 - TER
FEVEREIRO,NJUD 1813,BOLETIM_RADIO_TJRN_03_02_2026_B7_TJRN_MANTEM_INDEFERIMENTO_TRAILER_MOSSORO_.mp3,03_02_2026,B7,TJRN_MANTEM_INDEFERIMENTO_TRAILER_MOSSORO_,TJRN,NAO,H:\Meu Drive\RADIO TJRN CONTEÚDO\00_PRODUCAO_2026\01_BOLETINS_DIARIOS\03_AUDIOS_RADIO\02 - FEV - 26\03 02 - TER
FEVEREIRO,NJUD 1813,BOLETIM_RADIO_TJRN_03_02_2026_B8_TJRN_OPERADORA_SAUDE_TRATAMENTO_AUTISMO_.mp3,03_02_2026,B8,TJRN_OPERADORA_SAUDE_TRATAMENTO_AUTISMO_,TJRN,NAO,H:\Meu Drive\RADIO TJRN CONTEÚDO\00_PRODUCAO_2026\01_BOLETINS_DIARIOS\03_AUDIOS_RADIO\02 - FEV - 26\03 02 - TER
FEVEREIRO,NJUD 1814,BOLETIM_RADIO_TJRN_03_02_2026_B9_TJRN_COMARCA_SAO_BENTO_INTERINO_.mp3,03_02_2026,B9,TJRN_COMARCA_SAO_BENTO_INTERINO_,TJRN,NAO,H:\Meu Drive\RADIO TJRN CONTEÚDO\00_PRODUCAO_2026\01_BOLETINS_DIARIOS\03_AUDIOS_RADIO\02 - FEV - 26\03 02 - TER
FEVEREIRO,NJUD 1814,BOLETIM_RADIO_TJRN_03_02_2026_B10_TJRN_REDE_SOCIAL_CONDENADA_.mp3,03_02_2026,B10,TJRN_REDE_SOCIAL_CONDENADA_,TJRN,NAO,H:\Meu Drive\RADIO TJRN CONTEÚDO\00_PRODUCAO_2026\01_BOLETINS_DIARIOS\03_AUDIOS_RADIO\02 - FEV - 26\03 02 - TER
FEVEREIRO,NJUD 1814,BOLETIM_RADIO_TJRN_03_02_2026_B3_VARA_CRIMINAL_ESTAGIO_.mp3,03_02_2026,B3,VARA_CRIMINAL_ESTAGIO_,VARA,NAO,H:\Meu Drive\RADIO TJRN CONTEÚDO\00_PRODUCAO_2026\01_BOLETINS_DIARIOS\03_AUDIOS_RADIO\02 - FEV - 26\03 02 - TER
FEVEREIRO,NJUD 1814,BOLETIM_RADIO_TJRN_03_02_2026_B5_TRERN_CANAL_RECEBIMENTO_DENUNCIAS_.mp3,03_02_2026,B5,TRERN_CANAL_RECEBIMENTO_DENUNCIAS_,TRERN,NAO,H:\Meu Drive\RADIO TJRN CONTEÚDO\00_PRODUCAO_2026\01_BOLETINS_DIARIOS\03_AUDIOS_RADIO\02 - FEV - 26\03 02 - TER
FEVEREIRO,NJUD 1815,BOLETIM_RADIO_TJRN_04_02_2026_B10_TJRN_NOMEACAO_CANDIDATO_CONCURSO_.mp3,04_02_2026,B10,TJRN_NOMEACAO_CANDIDATO_CONCURSO_,TJRN,NAO,H:\Meu Drive\RADIO TJRN CONTEÚDO\00_PRODUCAO_2026\01_BOLETINS_DIARIOS\03_AUDIOS_RADIO\02 - FEV - 26\04 02 - QUA
FEVEREIRO,NJUD 1815,BOLETIM_RADIO_TJRN_04_02_2026_B1_CONVOCACAO_JUIZES_LEIGOS_JUIZADOS.mp3,04_02_2026,B1,CONVOCACAO_JUIZES_LEIGOS_JUIZADOS,CONVOCACAO,NAO,H:\Meu Drive\RADIO TJRN CONTEÚDO\00_PRODUCAO_2026\01_BOLETINS_DIARIOS\03_AUDIOS_RADIO\02 - FEV - 26\04 02 - QUA
FEVEREIRO,NJUD 1815,BOLETIM_RADIO_TJRN_04_02_2026_B2_DOACAO_LIVROS_SISTEMA_PRISIONAL.mp3,04_02_2026,B2,DOACAO_LIVROS_SISTEMA_PRISIONAL,DOACAO,NAO,H:\Meu Drive\RADIO TJRN CONTEÚDO\00_PRODUCAO_2026\01_BOLETINS_DIARIOS\03_AUDIOS_RADIO\02 - FEV - 26\04 02 - QUA
FEVEREIRO,NJUD 1815,BOLETIM_RADIO_TJRN_04_02_2026_B3_MANUAL_DE_GESTAO_PROCESSUAL.mp3,04_02_2026,B3,MANUAL_DE_GESTAO_PROCESSUAL,MANUAL,NAO,H:\Meu Drive\RADIO TJRN CONTEÚDO\00_PRODUCAO_2026\01_BOLETINS_DIARIOS\03_AUDIOS_RADIO\02 - FEV - 26\04 02 - QUA
FEVEREIRO,NJUD 1816,BOLETIM_RADIO_TJRN_04_02_2026_B4_INDENIZACAO_MEDICAMENTOS_COSERN.mp3,04_02_2026,B4,INDENIZACAO_MEDICAMENTOS_COSERN,INDENIZACAO,NAO,H:\Meu Drive\RADIO TJRN CONTEÚDO\00_PRODUCAO_2026\01_BOLETINS_DIARIOS\03_AUDIOS_RADIO\02 - FEV - 26\04 02 - QUA
FEVEREIRO,NJUD 1816,BOLETIM_RADIO_TJRN_04_02_2026_B5_CONDENACAO_ROUBO_POLICIAL_MACAIBA.mp3,04_02_2026,B5,CONDENACAO_ROUBO_POLICIAL_MACAIBA,CONDENACAO,NAO,H:\Meu Drive\RADIO TJRN CONTEÚDO\00_PRODUCAO_2026\01_BOLETINS_DIARIOS\03_AUDIOS_RADIO\02 - FEV - 26\04 02 - QUA
FEVEREIRO,NJUD 1816,BOLETIM_RADIO_TJRN_04_02_2026_B6_CONDENACAO_BANCO_GOLPE_VEICULO.mp3,04_02_2026,B6,CONDENACAO_BANCO_GOLPE_VEICULO,CONDENACAO,NAO,H:\Meu Drive\RADIO TJRN CONTEÚDO\00_PRODUCAO_2026\01_BOLETINS_DIARIOS\03_AUDIOS_RADIO\02 - FEV - 26\04 02 - QUA
FEVEREIRO,NJUD 1816,BOLETIM_RADIO_TJRN_04_02_2026_B7_INDENIZACAO_EXTRAVIO_BAGAGEM_ASSU.mp3,04_02_2026,B7,INDENIZACAO_EXTRAVIO_BAGAGEM_ASSU,INDENIZACAO,NAO,H:\Meu Drive\RADIO TJRN CONTEÚDO\00_PRODUCAO_2026\01_BOLETINS_DIARIOS\03_AUDIOS_RADIO\02 - FEV - 26\04 02 - QUA
FEVEREIRO,NJUD 1817,BOLETIM_RADIO_TJRN_04_02_2026_B8_MEDICAMENTO_ESCLEROSE_PLANO_SAUDE.mp3,04_02_2026,B8,MEDICAMENTO_ESCLEROSE_PLANO_SAUDE,MEDICAMENTO,NAO,H:\Meu Drive\RADIO TJRN CONTEÚDO\00_PRODUCAO_2026\01_BOLETINS_DIARIOS\03_AUDIOS_RADIO\02 - FEV - 26\04 02 - QUA
FEVEREIRO,NJUD 1817,BOLETIM_RADIO_TJRN_04_02_2026_B9_MUDANCA_HORARIO_SEGUNDA_CAMARA.mp3,04_02_2026,B9,MUDANCA_HORARIO_SEGUNDA_CAMARA,MUDANCA,NAO,H:\Meu Drive\RADIO TJRN CONTEÚDO\00_PRODUCAO_2026\01_BOLETINS_DIARIOS\03_AUDIOS_RADIO\02 - FEV - 26\04 02 - QUA
FEVEREIRO,NJUD 1817,BOLETIM_RADIO_TJRN_05_02_2026_B1_TJRN_INSTALACAO_MEDIDORES_ENERGIA.mp3,05_02_2026,B1,TJRN_INSTALACAO_MEDIDORES_ENERGIA,TJRN,NAO,H:\Meu Drive\RADIO TJRN CONTEÚDO\00_PRODUCAO_2026\01_BOLETINS_DIARIOS\03_AUDIOS_RADIO\02 - FEV - 26\05 02 - QUI
FEVEREIRO,NJUD 1817,BOLETIM_RADIO_TJRN_05_02_2026_B2_TJRN_MORADOR_MOSSORO_TRATAMENTO_MEDICO_.mp3,05_02_2026,B2,TJRN_MORADOR_MOSSORO_TRATAMENTO_MEDICO_,TJRN,NAO,H:\Meu Drive\RADIO TJRN CONTEÚDO\00_PRODUCAO_2026\01_BOLETINS_DIARIOS\03_AUDIOS_RADIO\02 - FEV - 26\05 02 - QUI
FEVEREIRO,NJUD 1818,BOLETIM_RADIO_TJRN_05_02_2026_B3_TJRN_CONDENA_EX_ASSESSORA_IMPROBIDADE.mp3,05_02_2026,B3,TJRN_CONDENA_EX_ASSESSORA_IMPROBIDADE,TJRN,NAO,H:\Meu Drive\RADIO TJRN CONTEÚDO\00_PRODUCAO_2026\01_BOLETINS_DIARIOS\03_AUDIOS_RADIO\02 - FEV - 26\05 02 - QUI
FEVEREIRO,NJUD 1818,BOLETIM_RADIO_TJRN_05_02_2026_B4_TJRN_HOMEM_CONDENADO_ROUBO_.mp3,05_02_2026,B4,TJRN_HOMEM_CONDENADO_ROUBO_,TJRN,NAO,H:\Meu Drive\RADIO TJRN CONTEÚDO\00_PRODUCAO_2026\01_BOLETINS_DIARIOS\03_AUDIOS_RADIO\02 - FEV - 26\05 02 - QUI
FEVEREIRO,NJUD 1818,BOLETIM_RADIO_TJRN_05_02_2026_B5_TJRN_REDE_SOCIAL_CONTA_PERFIL.mp3,05_02_2026,B5,TJRN_REDE_SOCIAL_CONTA_PERFIL,TJRN,NAO,H:\Meu Drive\RADIO TJRN CONTEÚDO\00_PRODUCAO_2026\01_BOLETINS_DIARIOS\03_AUDIOS_RADIO\02 - FEV - 26\05 02 - QUI
FEVEREIRO,NJUD 1818,BOLETIM_RADIO_TJRN_05_02_2026_B6_TJRN_CONDENA_BANCO_DIGITAL_.mp3,05_02_2026,B6,TJRN_CONDENA_BANCO_DIGITAL_,TJRN,NAO,H:\Meu Drive\RADIO TJRN CONTEÚDO\00_PRODUCAO_2026\01_BOLETINS_DIARIOS\03_AUDIOS_RADIO\02 - FEV - 26\05 02 - QUI
FEVEREIRO,NJUD 1819,BOLETIM_RADIO_TJRN_05_02_2026_B9_SESSAO_EXTRAORDINARIA_PRIMEIRA_CAMARA_CIVEL.mp3,05_02_2026,B9,SESSAO_EXTRAORDINARIA_PRIMEIRA_CAMARA_CIVEL,SESSAO,NAO,H:\Meu Drive\RADIO TJRN CONTEÚDO\00_PRODUCAO_2026\01_BOLETINS_DIARIOS\03_AUDIOS_RADIO\02 - FEV - 26\05 02 - QUI
FEVEREIRO,NJUD 1819,BOLETIM_RADIO_TJRN_05_02_2026_B10_ACAO_NACIONAL_CONTRA_FEMINICIDIO.mp3,05_02_2026,B10,ACAO_NACIONAL_CONTRA_FEMINICIDIO,ACAO,NAO,H:\Meu Drive\RADIO TJRN CONTEÚDO\00_PRODUCAO_2026\01_BOLETINS_DIARIOS\03_AUDIOS_RADIO\02 - FEV - 26\05 02 - QUI
FEVEREIRO,NJUD 1819,BOLETIM_RADIO_TJRN_05_02_2026_B7_TRTRN_BANCO_DANOS_MORAIS_ADOECIMENTO_MENTAL.mp3,05_02_2026,B7,TRTRN_BANCO_DANOS_MORAIS_ADOECIMENTO_MENTAL,TRTRN,SIM,H:\Meu Drive\RADIO TJRN CONTEÚDO\00_PRODUCAO_2026\01_BOLETINS_DIARIOS\03_AUDIOS_RADIO\02 - FEV - 26\05 02 - QUI
FEVEREIRO,NJUD 1819,BOLETIM_RADIO_TJRN_05_02_2026_B8_OABRN_ALERTA_GOLPE_EXAME_ORDEM.mp3,05_02_2026,B8,OABRN_ALERTA_GOLPE_EXAME_ORDEM,OABRN,SIM,H:\Meu Drive\RADIO TJRN CONTEÚDO\00_PRODUCAO_2026\01_BOLETINS_DIARIOS\03_AUDIOS_RADIO\02 - FEV - 26\05 02 - QUI
FEVEREIRO,NJUD 1820,BOLETIM_RADIO_TJRN_06_02_2026_B7_TJRN_IDOSA_CAPITALIZACAO_.mp3,06_02_2026,B7,TJRN_IDOSA_CAPITALIZACAO_,TJRN,NAO,H:\Meu Drive\RADIO TJRN CONTEÚDO\00_PRODUCAO_2026\01_BOLETINS_DIARIOS\03_AUDIOS_RADIO\02 - FEV - 26\06 02 - SEX
FEVEREIRO,NJUD 1820,BOLETIM_RADIO_TJRN_06_02_2026_B8_TJRN_RECONHECE_DESVIO_FUNCAO_.mp3,06_02_2026,B8,TJRN_RECONHECE_DESVIO_FUNCAO_,TJRN,NAO,H:\Meu Drive\RADIO TJRN CONTEÚDO\00_PRODUCAO_2026\01_BOLETINS_DIARIOS\03_AUDIOS_RADIO\02 - FEV - 26\06 02 - SEX
FEVEREIRO,NJUD 1820,BOLETIM_RADIO_TJRN_06_02_2026_B9_TJRN_CUSTO_OBRAS_ACESSIBILIDADE.mp3,06_02_2026,B9,TJRN_CUSTO_OBRAS_ACESSIBILIDADE,TJRN,NAO,H:\Meu Drive\RADIO TJRN CONTEÚDO\00_PRODUCAO_2026\01_BOLETINS_DIARIOS\03_AUDIOS_RADIO\02 - FEV - 26\06 02 - SEX
FEVEREIRO,NJUD 1820,BOLETIM_RADIO_TJRN_06_02_2026_B10_TJRN_EMPRESA_TRANSPORTE_CONDENADA.mp3,06_02_2026,B10,TJRN_EMPRESA_TRANSPORTE_CONDENADA,TJRN,NAO,H:\Meu Drive\RADIO TJRN CONTEÚDO\00_PRODUCAO_2026\01_BOLETINS_DIARIOS\03_AUDIOS_RADIO\02 - FEV - 26\06 02 - SEX
FEVEREIRO,NJUD 1821,BOLETIM_RADIO_TJRN_06_02_2026_B2_ALRN_ABRE_TRABALHOS_LEGISLATIVO_.mp3,06_02_2026,B2,ALRN_ABRE_TRABALHOS_LEGISLATIVO_,ALRN,NAO,H:\Meu Drive\RADIO TJRN CONTEÚDO\00_PRODUCAO_2026\01_BOLETINS_DIARIOS\03_AUDIOS_RADIO\02 - FEV - 26\06 02 - SEX
FEVEREIRO,NJUD 1821,BOLETIM_RADIO_TJRN_06_02_2026_B6_ESMARN_CURSO_INTELIGENCIA_ARTIFICIAL_.mp3,06_02_2026,B6,ESMARN_CURSO_INTELIGENCIA_ARTIFICIAL_,ESMARN,NAO,H:\Meu Drive\RADIO TJRN CONTEÚDO\00_PRODUCAO_2026\01_BOLETINS_DIARIOS\03_AUDIOS_RADIO\02 - FEV - 26\06 02 - SEX
FEVEREIRO,NJUD 1821,BOLETIM_RADIO_TJRN_06_02_2026_B1_MPRN_CONDENACAO_EMPRESARIOS_.mp3,06_02_2026,B1,MPRN_CONDENACAO_EMPRESARIOS_,MPRN,SIM,H:\Meu Drive\RADIO TJRN CONTEÚDO\00_PRODUCAO_2026\01_BOLETINS_DIARIOS\03_AUDIOS_RADIO\02 - FEV - 26\06 02 - SEX
FEVEREIRO,NJUD 1821,BOLETIM_RADIO_TJRN_06_02_2026_B3_DPERN_CRIACAO_CARGOS_APOIO_ESCOLAR_.mp3,06_02_2026,B3,DPERN_CRIACAO_CARGOS_APOIO_ESCOLAR_,DPERN,SIM,H:\Meu Drive\RADIO TJRN CONTEÚDO\00_PRODUCAO_2026\01_BOLETINS_DIARIOS\03_AUDIOS_RADIO\02 - FEV - 26\06 02 - SEX
FEVEREIRO,NJUD 1822,BOLETIM_RADIO_TJRN_06_02_2026_B4_TRTRN_DOA_VEICULOS_INSTITUTO_CEGOS.mp3,06_02_2026,B4,TRTRN_DOA_VEICULOS_INSTITUTO_CEGOS,TRTRN,SIM,H:\Meu Drive\RADIO TJRN CONTEÚDO\00_PRODUCAO_2026\01_BOLETINS_DIARIOS\03_AUDIOS_RADIO\02 - FEV - 26\06 02 - SEX
FEVEREIRO,NJUD 1822,BOLETIM_RADIO_TJRN_06_02_2026_B5_CNJ_INSCRICOES_CIENCIAS_DE_DADOS_.mp3,06_02_2026,B5,CNJ_INSCRICOES_CIENCIAS_DE_DADOS_,CNJ,SIM,H:\Meu Drive\RADIO TJRN CONTEÚDO\00_PRODUCAO_2026\01_BOLETINS_DIARIOS\03_AUDIOS_RADIO\02 - FEV - 26\06 02 - SEX
FEVEREIRO,NJUD 1822,BOLETIM_RADIO_TJRN_09_02_2026_B1_TJRN_BALANCO_ACOES_EXECUTADAS.mp3,09_02_2026,B1,TJRN_BALANCO_ACOES_EXECUTADAS,TJRN,NAO,H:\Meu Drive\RADIO TJRN CONTEÚDO\00_PRODUCAO_2026\01_BOLETINS_DIARIOS\03_AUDIOS_RADIO\02 - FEV - 26\09 02 - SEG
FEVEREIRO,NJUD 1822,BOLETIM_RADIO_TJRN_09_02_2026_B3_REGULARIZACAO_CUSTAS_JUDICIAIS.mp3,09_02_2026,B3,REGULARIZACAO_CUSTAS_JUDICIAIS,REGULARIZACAO,NAO,H:\Meu Drive\RADIO TJRN CONTEÚDO\00_PRODUCAO_2026\01_BOLETINS_DIARIOS\03_AUDIOS_RADIO\02 - FEV - 26\09 02 - SEG
FEVEREIRO,NJUD 1823,BOLETIM_RADIO_TJRN_09_02_2026_B4_RECUPERACAO_CANAL_VIDEOS.mp3,09_02_2026,B4,RECUPERACAO_CANAL_VIDEOS,RECUPERACAO,NAO,H:\Meu Drive\RADIO TJRN CONTEÚDO\00_PRODUCAO_2026\01_BOLETINS_DIARIOS\03_AUDIOS_RADIO\02 - FEV - 26\09 02 - SEG
FEVEREIRO,NJUD 1823,BOLETIM_RADIO_TJRN_09_02_2026_B5_RECUPERACAO_CANAL_VIDEOS.mp3,09_02_2026,B5,RECUPERACAO_CANAL_VIDEOS,RECUPERACAO,NAO,H:\Meu Drive\RADIO TJRN CONTEÚDO\00_PRODUCAO_2026\01_BOLETINS_DIARIOS\03_AUDIOS_RADIO\02 - FEV - 26\09 02 - SEG
FEVEREIRO,NJUD 1823,BOLETIM_RADIO_TJRN_09_02_2026_B6_COMITES_MES_CONSUMIDOR.mp3,09_02_2026,B6,COMITES_MES_CONSUMIDOR,COMITES,NAO,H:\Meu Drive\RADIO TJRN CONTEÚDO\00_PRODUCAO_2026\01_BOLETINS_DIARIOS\03_AUDIOS_RADIO\02 - FEV - 26\09 02 - SEG
FEVEREIRO,NJUD 1823,BOLETIM_RADIO_TJRN_09_02_2026_B7_ESTAGIO_POS_MOSSORO_DIREITO.mp3,09_02_2026,B7,ESTAGIO_POS_MOSSORO_DIREITO,ESTAGIO,NAO,H:\Meu Drive\RADIO TJRN CONTEÚDO\00_PRODUCAO_2026\01_BOLETINS_DIARIOS\03_AUDIOS_RADIO\02 - FEV - 26\09 02 - SEG
FEVEREIRO,NJUD 1824,BOLETIM_RADIO_TJRN_09_02_2026_B8_INDENIZACAO_PACIENTE_DEPRESSIVO.mp3,09_02_2026,B8,INDENIZACAO_PACIENTE_DEPRESSIVO,INDENIZACAO,NAO,H:\Meu Drive\RADIO TJRN CONTEÚDO\00_PRODUCAO_2026\01_BOLETINS_DIARIOS\03_AUDIOS_RADIO\02 - FEV - 26\09 02 - SEG
FEVEREIRO,NJUD 1824,BOLETIM_RADIO_TJRN_09_02_2026_B9_AUSENCIA_ANULACAO_SENTENCA.mp3,09_02_2026,B9,AUSENCIA_ANULACAO_SENTENCA,AUSENCIA,NAO,H:\Meu Drive\RADIO TJRN CONTEÚDO\00_PRODUCAO_2026\01_BOLETINS_DIARIOS\03_AUDIOS_RADIO\02 - FEV - 26\09 02 - SEG
FEVEREIRO,NJUD 1824,BOLETIM_RADIO_TJRN_09_02_2026_B10_REMUNERACAO_PM_CURSO_FORMACAO.mp3,09_02_2026,B10,REMUNERACAO_PM_CURSO_FORMACAO,REMUNERACAO,NAO,H:\Meu Drive\RADIO TJRN CONTEÚDO\00_PRODUCAO_2026\01_BOLETINS_DIARIOS\03_AUDIOS_RADIO\02 - FEV - 26\09 02 - SEG
FEVEREIRO,NJUD 1824,BOLETIM_RADIO_TJRN_09_02_2026_B2_MPRN_COMBATE_POLUICAO_SONORA_.mp3,09_02_2026,B2,MPRN_COMBATE_POLUICAO_SONORA_,MPRN,SIM,H:\Meu Drive\RADIO TJRN CONTEÚDO\00_PRODUCAO_2026\01_BOLETINS_DIARIOS\03_AUDIOS_RADIO\02 - FEV - 26\09 02 - SEG
FEVEREIRO,NJUD 1825,BOLETIM_RADIO_TJRN_10_02_2026_B1_TJRN_CONDENA_MUNICIPIO_ALUGUEIS_ATRASADOS_.mp3,10_02_2026,B1,TJRN_CONDENA_MUNICIPIO_ALUGUEIS_ATRASADOS_,TJRN,NAO,H:\Meu Drive\RADIO TJRN CONTEÚDO\00_PRODUCAO_2026\01_BOLETINS_DIARIOS\03_AUDIOS_RADIO\02 - FEV - 26\10 02 - TER
FEVEREIRO,NJUD 1825,BOLETIM_RADIO_TJRN_10_02_2026_B2_TJRN_RISCO_DESABAMENTO_MURO_NATAL.mp3,10_02_2026,B2,TJRN_RISCO_DESABAMENTO_MURO_NATAL,TJRN,NAO,H:\Meu Drive\RADIO TJRN CONTEÚDO\00_PRODUCAO_2026\01_BOLETINS_DIARIOS\03_AUDIOS_RADIO\02 - FEV - 26\10 02 - TER
FEVEREIRO,NJUD 1825,BOLETIM_RADIO_TJRN_10_02_2026_B3_TJRN_CONSUMIDORA_INDENIZADA_INADIMPLENTES_.mp3,10_02_2026,B3,TJRN_CONSUMIDORA_INDENIZADA_INADIMPLENTES_,TJRN,NAO,H:\Meu Drive\RADIO TJRN CONTEÚDO\00_PRODUCAO_2026\01_BOLETINS_DIARIOS\03_AUDIOS_RADIO\02 - FEV - 26\10 02 - TER
FEVEREIRO,NJUD 1825,BOLETIM_RADIO_TJRN_10_02_2026_B4_TJRN_REALIZA_MUTIRAO_.mp3,10_02_2026,B4,TJRN_REALIZA_MUTIRAO_,TJRN,NAO,H:\Meu Drive\RADIO TJRN CONTEÚDO\00_PRODUCAO_2026\01_BOLETINS_DIARIOS\03_AUDIOS_RADIO\02 - FEV - 26\10 02 - TER
FEVEREIRO,NJUD 1826,BOLETIM_RADIO_TJRN_10_02_2026_B5_TJRN_COMARCA_PORTALEGRE_INSCRICOES_.mp3,10_02_2026,B5,TJRN_COMARCA_PORTALEGRE_INSCRICOES_,TJRN,NAO,H:\Meu Drive\RADIO TJRN CONTEÚDO\00_PRODUCAO_2026\01_BOLETINS_DIARIOS\03_AUDIOS_RADIO\02 - FEV - 26\10 02 - TER
FEVEREIRO,NJUD 1826,BOLETIM_RADIO_TJRN_10_02_2026_B6_TJRN_ORIENTA_PARTICIPACAO_CRIANCAS_.mp3,10_02_2026,B6,TJRN_ORIENTA_PARTICIPACAO_CRIANCAS_,TJRN,NAO,H:\Meu Drive\RADIO TJRN CONTEÚDO\00_PRODUCAO_2026\01_BOLETINS_DIARIOS\03_AUDIOS_RADIO\02 - FEV - 26\10 02 - TER
FEVEREIRO,NJUD 1826,BOLETIM_RADIO_TJRN_10_02_2026_B7_TJRN_ALERTA_SOBRE_SMS_FALSO.mp3,10_02_2026,B7,TJRN_ALERTA_SOBRE_SMS_FALSO,TJRN,NAO,H:\Meu Drive\RADIO TJRN CONTEÚDO\00_PRODUCAO_2026\01_BOLETINS_DIARIOS\03_AUDIOS_RADIO\02 - FEV - 26\10 02 - TER
FEVEREIRO,NJUD 1826,BOLETIM_RADIO_TJRN_10_02_2026_B8_OABRN_CENSO_DIFICULDADES_JOVENS_BRASIL.mp3,10_02_2026,B8,OABRN_CENSO_DIFICULDADES_JOVENS_BRASIL,OABRN,SIM,H:\Meu Drive\RADIO TJRN CONTEÚDO\00_PRODUCAO_2026\01_BOLETINS_DIARIOS\03_AUDIOS_RADIO\02 - FEV - 26\10 02 - TER
JANEIRO,NJUD 1792,BOLETIM_RADIO_TJRN_07_01_2026_B1_SELECAO_CARTORIOS_PAU_DOS_FERROS.mp3,07_01_2026,B1,SELECAO_CARTORIOS_PAU_DOS_FERROS,SELECAO,NAO,H:\Meu Drive\RADIO TJRN CONTEÚDO\00_PRODUCAO_2026\01_BOLETINS_DIARIOS\03_AUDIOS_RADIO\01 - JAN - 26\07 01 - QUA
JANEIRO,NJUD 1792,BOLETIM_RADIO_TJRN_07_01_2026_B2_INDENIZACAO_FALHA_AIRBAGS.mp3,07_01_2026,B2,INDENIZACAO_FALHA_AIRBAGS,INDENIZACAO,NAO,H:\Meu Drive\RADIO TJRN CONTEÚDO\00_PRODUCAO_2026\01_BOLETINS_DIARIOS\03_AUDIOS_RADIO\01 - JAN - 26\07 01 - QUA
JANEIRO,NJUD 1792,BOLETIM_RADIO_TJRN_07_01_2026_B3_JURI_POPULAR_GRUPO_DE_EXTERMINIO.mp3,07_01_2026,B3,JURI_POPULAR_GRUPO_DE_EXTERMINIO,JURI,NAO,H:\Meu Drive\RADIO TJRN CONTEÚDO\00_PRODUCAO_2026\01_BOLETINS_DIARIOS\03_AUDIOS_RADIO\01 - JAN - 26\07 01 - QUA
JANEIRO,NJUD 1792,BOLETIM_RADIO_TJRN_07_01_2026_B4_FALHA_DE_ENTREGA_LOJA_ONLINE.mp3,07_01_2026,B4,FALHA_DE_ENTREGA_LOJA_ONLINE,FALHA,NAO,H:\Meu Drive\RADIO TJRN CONTEÚDO\00_PRODUCAO_2026\01_BOLETINS_DIARIOS\03_AUDIOS_RADIO\01 - JAN - 26\07 01 - QUA
JANEIRO,NJUD 1793,BOLETIM_RADIO_TJRN_07_01_2026_B5_VENDA_CASADA_OTICA.mp3,07_01_2026,B5,VENDA_CASADA_OTICA,VENDA,NAO,H:\Meu Drive\RADIO TJRN CONTEÚDO\00_PRODUCAO_2026\01_BOLETINS_DIARIOS\03_AUDIOS_RADIO\01 - JAN - 26\07 01 - QUA
JANEIRO,NJUD 1793,BOLETIM_RADIO_TJRN_07_01_2026_B6_JURI_COMERCIANTE.mp3,07_01_2026,B6,JURI_COMERCIANTE,JURI,NAO,H:\Meu Drive\RADIO TJRN CONTEÚDO\00_PRODUCAO_2026\01_BOLETINS_DIARIOS\03_AUDIOS_RADIO\01 - JAN - 26\07 01 - QUA
JANEIRO,NJUD 1793,BOLETIM_RADIO_TJRN_07_01_2026_B7_EMPRESA_DEVE_ENTREGAR_BRINDE.mp3,07_01_2026,B7,EMPRESA_DEVE_ENTREGAR_BRINDE,EMPRESA,NAO,H:\Meu Drive\RADIO TJRN CONTEÚDO\00_PRODUCAO_2026\01_BOLETINS_DIARIOS\03_AUDIOS_RADIO\01 - JAN - 26\07 01 - QUA
JANEIRO,NJUD 1793,BOLETIM_RADIO_TJRN_07_01_2026_B8_INDENIZACAO_COMPRA_DE_BERCO.mp3,07_01_2026,B8,INDENIZACAO_COMPRA_DE_BERCO,INDENIZACAO,NAO,H:\Meu Drive\RADIO TJRN CONTEÚDO\00_PRODUCAO_2026\01_BOLETINS_DIARIOS\03_AUDIOS_RADIO\01 - JAN - 26\07 01 - QUA
JANEIRO,NJUD 1794,BOLETIM_RADIO_TJRN_07_01_2026_B9_LIGACAO_DE_ENERGIA_PARAU.mp3,07_01_2026,B9,LIGACAO_DE_ENERGIA_PARAU,LIGACAO,NAO,H:\Meu Drive\RADIO TJRN CONTEÚDO\00_PRODUCAO_2026\01_BOLETINS_DIARIOS\03_AUDIOS_RADIO\01 - JAN - 26\07 01 - QUA
JANEIRO,NJUD 1794,BOLETIM_RADIO_TJRN_07_01_2026_B10_CAERN_DEVE_PAGAR_DANOS_MORAIS.mp3,07_01_2026,B10,CAERN_DEVE_PAGAR_DANOS_MORAIS,CAERN,NAO,H:\Meu Drive\RADIO TJRN CONTEÚDO\00_PRODUCAO_2026\01_BOLETINS_DIARIOS\03_AUDIOS_RADIO\01 - JAN - 26\07 01 - QUA
JANEIRO,NJUD 1794,BOLETIM_RADIO_TJRN_08_01_2026_B1_RESPONSAVEL_INTERINO_AFONSO_BEZERRA.mp3,08_01_2026,B1,RESPONSAVEL_INTERINO_AFONSO_BEZERRA,RESPONSAVEL,NAO,H:\Meu Drive\RADIO TJRN CONTEÚDO\00_PRODUCAO_2026\01_BOLETINS_DIARIOS\03_AUDIOS_RADIO\01 - JAN - 26\08 01 - QUI
JANEIRO,NJUD 1794,BOLETIM_RADIO_TJRN_08_01_2026_B4_INDENIZACAO_VOO_CANCELADO_1782542961.mp3,08_01_2026,B4,INDENIZACAO_VOO_CANCELADO_1782542961,INDENIZACAO,NAO,H:\Meu Drive\RADIO TJRN CONTEÚDO\00_PRODUCAO_2026\01_BOLETINS_DIARIOS\03_AUDIOS_RADIO\01 - JAN - 26\08 01 - QUI
JANEIRO,NJUD 1795,BOLETIM_RADIO_TJRN_08_01_2026_B5_EMPRESA_CONTRATADA_TARCISIO_MAIA_1782542961.mp3,08_01_2026,B5,EMPRESA_CONTRATADA_TARCISIO_MAIA_1782542961,EMPRESA,NAO,H:\Meu Drive\RADIO TJRN CONTEÚDO\00_PRODUCAO_2026\01_BOLETINS_DIARIOS\03_AUDIOS_RADIO\01 - JAN - 26\08 01 - QUI
JANEIRO,NJUD 1795,BOLETIM_RADIO_TJRN_08_01_2026_B6_TRIO_CONDENADO_ESTELIONATO_ELETRONICO_1782542961.mp3,08_01_2026,B6,TRIO_CONDENADO_ESTELIONATO_ELETRONICO_1782542961,TRIO,NAO,H:\Meu Drive\RADIO TJRN CONTEÚDO\00_PRODUCAO_2026\01_BOLETINS_DIARIOS\03_AUDIOS_RADIO\01 - JAN - 26\08 01 - QUI
JANEIRO,NJUD 1795,BOLETIM_RADIO_TJRN_08_01_2026_B7_NULIDADE_CONTRATO_PREFEITURA_MONTE_ALEGRE_1782542961.mp3,08_01_2026,B7,NULIDADE_CONTRATO_PREFEITURA_MONTE_ALEGRE_1782542961,NULIDADE,NAO,H:\Meu Drive\RADIO TJRN CONTEÚDO\00_PRODUCAO_2026\01_BOLETINS_DIARIOS\03_AUDIOS_RADIO\01 - JAN - 26\08 01 - QUI
JANEIRO,NJUD 1795,BOLETIM_RADIO_TJRN_08_01_2026_B8_PROGRESSAO_PENA_CURSO_SUPERIOR_1782542961.mp3,08_01_2026,B8,PROGRESSAO_PENA_CURSO_SUPERIOR_1782542961,PROGRESSAO,NAO,H:\Meu Drive\RADIO TJRN CONTEÚDO\00_PRODUCAO_2026\01_BOLETINS_DIARIOS\03_AUDIOS_RADIO\01 - JAN - 26\08 01 - QUI
JANEIRO,NJUD 1796,BOLETIM_RADIO_TJRN_08_01_2026_B9_HOMEM_CONDENADO_VIOLENCIA_PSICOLOGICA_1782542961.mp3,08_01_2026,B9,HOMEM_CONDENADO_VIOLENCIA_PSICOLOGICA_1782542961,HOMEM,NAO,H:\Meu Drive\RADIO TJRN CONTEÚDO\00_PRODUCAO_2026\01_BOLETINS_DIARIOS\03_AUDIOS_RADIO\01 - JAN - 26\08 01 - QUI
JANEIRO,NJUD 1796,BOLETIM_RADIO_TJRN_08_01_2026_B10_CHAPA_ELEICOES_ESCOLARES_LAGOA_NOVA_1782542961.mp3,08_01_2026,B10,CHAPA_ELEICOES_ESCOLARES_LAGOA_NOVA_1782542961,CHAPA,NAO,H:\Meu Drive\RADIO TJRN CONTEÚDO\00_PRODUCAO_2026\01_BOLETINS_DIARIOS\03_AUDIOS_RADIO\01 - JAN - 26\08 01 - QUI
JANEIRO,NJUD 1796,BOLETIM_RADIO_TJRN_08_01_2026_B2_TRTRN_RETOMA_ATIVIDADES_1782542960.mp3,08_01_2026,B2,TRTRN_RETOMA_ATIVIDADES_1782542960,TRTRN,SIM,H:\Meu Drive\RADIO TJRN CONTEÚDO\00_PRODUCAO_2026\01_BOLETINS_DIARIOS\03_AUDIOS_RADIO\01 - JAN - 26\08 01 - QUI
JANEIRO,NJUD 1796,BOLETIM_RADIO_TJRN_08_01_2026_B3_CNJ_SISTEMA_NOVA_VERSAO_1782542960.mp3,08_01_2026,B3,CNJ_SISTEMA_NOVA_VERSAO_1782542960,CNJ,SIM,H:\Meu Drive\RADIO TJRN CONTEÚDO\00_PRODUCAO_2026\01_BOLETINS_DIARIOS\03_AUDIOS_RADIO\01 - JAN - 26\08 01 - QUI
JANEIRO,NJUD 1797,BOLETIM_RADIO_TJRN_09_01_2026_B1_TJRN_SESSAO_ABERTURA__RESTORED.mp3,09_01_2026,B1,TJRN_SESSAO_ABERTURA__RESTORED,TJRN,NAO,H:\Meu Drive\RADIO TJRN CONTEÚDO\00_PRODUCAO_2026\01_BOLETINS_DIARIOS\03_AUDIOS_RADIO\01 - JAN - 26\09 01 - SEX
JANEIRO,NJUD 1797,BOLETIM_RADIO_TJRN_09_01_2026_B4_TJRN_JUSTICA_RECONHECE_DIVIDA_IRMAOS_.mp3,09_01_2026,B4,TJRN_JUSTICA_RECONHECE_DIVIDA_IRMAOS_,TJRN,NAO,H:\Meu Drive\RADIO TJRN CONTEÚDO\00_PRODUCAO_2026\01_BOLETINS_DIARIOS\03_AUDIOS_RADIO\01 - JAN - 26\09 01 - SEX
JANEIRO,NJUD 1797,BOLETIM_RADIO_TJRN_09_01_2026_B7_TJRN_VICE_PRESIDENCIA_PROCESSO_SELETIVO__RESTORED.mp3,09_01_2026,B7,TJRN_VICE_PRESIDENCIA_PROCESSO_SELETIVO__RESTORED,TJRN,NAO,H:\Meu Drive\RADIO TJRN CONTEÚDO\00_PRODUCAO_2026\01_BOLETINS_DIARIOS\03_AUDIOS_RADIO\01 - JAN - 26\09 01 - SEX
JANEIRO,NJUD 1797,BOLETIM_RADIO_TJRN_09_01_2026_B8_TJRN_EXCLUSAO_EMPRESA_LICITACAO__RESTORED.mp3,09_01_2026,B8,TJRN_EXCLUSAO_EMPRESA_LICITACAO__RESTORED,TJRN,NAO,H:\Meu Drive\RADIO TJRN CONTEÚDO\00_PRODUCAO_2026\01_BOLETINS_DIARIOS\03_AUDIOS_RADIO\01 - JAN - 26\09 01 - SEX
JANEIRO,NJUD 1798,BOLETIM_RADIO_TJRN_09_01_2026_B9_TJRN_JUSTICA_PROIBE_COSERN_AREZ_RESTORED.mp3,09_01_2026,B9,TJRN_JUSTICA_PROIBE_COSERN_AREZ_RESTORED,TJRN,NAO,H:\Meu Drive\RADIO TJRN CONTEÚDO\00_PRODUCAO_2026\01_BOLETINS_DIARIOS\03_AUDIOS_RADIO\01 - JAN - 26\09 01 - SEX
JANEIRO,NJUD 1798,BOLETIM_RADIO_TJRN_09_01_2026_B10_TJRN_AGRESSOR_PAIS_INDENIZAR_ATAQUE_FISICO__RESTORED.mp3,09_01_2026,B10,TJRN_AGRESSOR_PAIS_INDENIZAR_ATAQUE_FISICO__RESTORED,TJRN,NAO,H:\Meu Drive\RADIO TJRN CONTEÚDO\00_PRODUCAO_2026\01_BOLETINS_DIARIOS\03_AUDIOS_RADIO\01 - JAN - 26\09 01 - SEX
JANEIRO,NJUD 1798,BOLETIM_RADIO_TJRN_09_01_2026_B3_JUIZADOS_ESPECIAIS_SELECAO_.mp3,09_01_2026,B3,JUIZADOS_ESPECIAIS_SELECAO_,JUIZADOS,NAO,H:\Meu Drive\RADIO TJRN CONTEÚDO\00_PRODUCAO_2026\01_BOLETINS_DIARIOS\03_AUDIOS_RADIO\01 - JAN - 26\09 01 - SEX
JANEIRO,NJUD 1798,BOLETIM_RADIO_TJRN_09_01_2026_B5_PERICIA_DOCUMENTO_DIGITAL_CONSUMIDOR_.mp3,09_01_2026,B5,PERICIA_DOCUMENTO_DIGITAL_CONSUMIDOR_,PERICIA,NAO,H:\Meu Drive\RADIO TJRN CONTEÚDO\00_PRODUCAO_2026\01_BOLETINS_DIARIOS\03_AUDIOS_RADIO\01 - JAN - 26\09 01 - SEX
JANEIRO,NJUD 1799,BOLETIM_RADIO_TJRN_09_01_2026_B6_CONCESSIONARIA_ENERGIA_CONDENADA_RESTORED.mp3,09_01_2026,B6,CONCESSIONARIA_ENERGIA_CONDENADA_RESTORED,CONCESSIONARIA,NAO,H:\Meu Drive\RADIO TJRN CONTEÚDO\00_PRODUCAO_2026\01_BOLETINS_DIARIOS\03_AUDIOS_RADIO\01 - JAN - 26\09 01 - SEX
JANEIRO,NJUD 1799,BOLETIM_RADIO_TJRN_09_01_2026_B2_CNJ_PROTECAO_MULHERES_JUDICIARIO.mp3,09_01_2026,B2,CNJ_PROTECAO_MULHERES_JUDICIARIO,CNJ,SIM,H:\Meu Drive\RADIO TJRN CONTEÚDO\00_PRODUCAO_2026\01_BOLETINS_DIARIOS\03_AUDIOS_RADIO\01 - JAN - 26\09 01 - SEX
JANEIRO,NJUD 1799,BOLETIM_RADIO_TJRN_12_01_2026_B2_TJRN_MULHER_PROVOCA_ACIDENTE_.mp3,12_01_2026,B2,TJRN_MULHER_PROVOCA_ACIDENTE_,TJRN,NAO,H:\Meu Drive\RADIO TJRN CONTEÚDO\00_PRODUCAO_2026\01_BOLETINS_DIARIOS\03_AUDIOS_RADIO\01 - JAN - 26\12 01 - SEG
JANEIRO,NJUD 1799,BOLETIM_RADIO_TJRN_12_01_2026_B3_TJRN_PLANO_SAUDE_TEA_CRIANCA.mp3,12_01_2026,B3,TJRN_PLANO_SAUDE_TEA_CRIANCA,TJRN,NAO,H:\Meu Drive\RADIO TJRN CONTEÚDO\00_PRODUCAO_2026\01_BOLETINS_DIARIOS\03_AUDIOS_RADIO\01 - JAN - 26\12 01 - SEG
JANEIRO,NJUD 1800,BOLETIM_RADIO_TJRN_12_01_2026_B4_TJRN_JUIZADO_VIOLENCIA_DOMESTICA_.mp3,12_01_2026,B4,TJRN_JUIZADO_VIOLENCIA_DOMESTICA_,TJRN,NAO,H:\Meu Drive\RADIO TJRN CONTEÚDO\00_PRODUCAO_2026\01_BOLETINS_DIARIOS\03_AUDIOS_RADIO\01 - JAN - 26\12 01 - SEG
JANEIRO,NJUD 1800,BOLETIM_RADIO_TJRN_12_01_2026_B5_TJRN_EMPRESA_ELETRONICOS_DEFEITOS.mp3,12_01_2026,B5,TJRN_EMPRESA_ELETRONICOS_DEFEITOS,TJRN,NAO,H:\Meu Drive\RADIO TJRN CONTEÚDO\00_PRODUCAO_2026\01_BOLETINS_DIARIOS\03_AUDIOS_RADIO\01 - JAN - 26\12 01 - SEG
JANEIRO,NJUD 1800,BOLETIM_RADIO_TJRN_12_01_2026_B1_JUIZADO_ESPECIAL_PARNAMIRIM_ESTAGIO_.mp3,12_01_2026,B1,JUIZADO_ESPECIAL_PARNAMIRIM_ESTAGIO_,JUIZADO,NAO,H:\Meu Drive\RADIO TJRN CONTEÚDO\00_PRODUCAO_2026\01_BOLETINS_DIARIOS\03_AUDIOS_RADIO\01 - JAN - 26\12 01 - SEG
JANEIRO,NJUD 1800,BOLETIM_RADIO_TJRN_12_01_2026_B9_DOIS_ANOS_PROJETO_NOVOS_CAMINHOS.mp3,12_01_2026,B9,DOIS_ANOS_PROJETO_NOVOS_CAMINHOS,DOIS,NAO,H:\Meu Drive\RADIO TJRN CONTEÚDO\00_PRODUCAO_2026\01_BOLETINS_DIARIOS\03_AUDIOS_RADIO\01 - JAN - 26\12 01 - SEG
JANEIRO,NJUD 1801,BOLETIM_RADIO_TJRN_12_01_2026_B10_BANCO_TALENTOS_CNJ.mp3,12_01_2026,B10,BANCO_TALENTOS_CNJ,BANCO,NAO,H:\Meu Drive\RADIO TJRN CONTEÚDO\00_PRODUCAO_2026\01_BOLETINS_DIARIOS\03_AUDIOS_RADIO\01 - JAN - 26\12 01 - SEG
JANEIRO,NJUD 1801,BOLETIM_RADIO_TJRN_12_01_2026_B6_DPERN_RESULTADOS_BIENIOS_.mp3,12_01_2026,B6,DPERN_RESULTADOS_BIENIOS_,DPERN,SIM,H:\Meu Drive\RADIO TJRN CONTEÚDO\00_PRODUCAO_2026\01_BOLETINS_DIARIOS\03_AUDIOS_RADIO\01 - JAN - 26\12 01 - SEG
JANEIRO,NJUD 1801,BOLETIM_RADIO_TJRN_12_01_2026_B7_MPRN_CONVOCACAO_PROFESSORES_ESTADO.mp3,12_01_2026,B7,MPRN_CONVOCACAO_PROFESSORES_ESTADO,MPRN,SIM,H:\Meu Drive\RADIO TJRN CONTEÚDO\00_PRODUCAO_2026\01_BOLETINS_DIARIOS\03_AUDIOS_RADIO\01 - JAN - 26\12 01 - SEG
JANEIRO,NJUD 1801,BOLETIM_RADIO_TJRN_12_01_2026_B8_MPRN_APURACAO_APOLOGIA_NAZISMO.mp3,12_01_2026,B8,MPRN_APURACAO_APOLOGIA_NAZISMO,MPRN,SIM,H:\Meu Drive\RADIO TJRN CONTEÚDO\00_PRODUCAO_2026\01_BOLETINS_DIARIOS\03_AUDIOS_RADIO\01 - JAN - 26\12 01 - SEG
JANEIRO,NJUD 1802,BOLETIM_RADIO_TJRN_13_01_2026_B1_CAERN_SUBSTITUICAO_ADVOGADOS_CONCURSO.mp3,13_01_2026,B1,CAERN_SUBSTITUICAO_ADVOGADOS_CONCURSO,CAERN,NAO,H:\Meu Drive\RADIO TJRN CONTEÚDO\00_PRODUCAO_2026\01_BOLETINS_DIARIOS\03_AUDIOS_RADIO\01 - JAN - 26\13 01 - TER
JANEIRO,NJUD 1802,BOLETIM_RADIO_TJRN_13_01_2026_B2_CONDENACAO_VANDALISMO_AGRESSOES.mp3,13_01_2026,B2,CONDENACAO_VANDALISMO_AGRESSOES,CONDENACAO,NAO,H:\Meu Drive\RADIO TJRN CONTEÚDO\00_PRODUCAO_2026\01_BOLETINS_DIARIOS\03_AUDIOS_RADIO\01 - JAN - 26\13 01 - TER
JANEIRO,NJUD 1802,BOLETIM_RADIO_TJRN_13_01_2026_B3_DEVOLVER_REPARAR_ANGICOS.mp3,13_01_2026,B3,DEVOLVER_REPARAR_ANGICOS,DEVOLVER,NAO,H:\Meu Drive\RADIO TJRN CONTEÚDO\00_PRODUCAO_2026\01_BOLETINS_DIARIOS\03_AUDIOS_RADIO\01 - JAN - 26\13 01 - TER
JANEIRO,NJUD 1802,BOLETIM_RADIO_TJRN_13_01_2026_B4_INDENIZACAO_BAGAGEM_DANIFICADA.mp3,13_01_2026,B4,INDENIZACAO_BAGAGEM_DANIFICADA,INDENIZACAO,NAO,H:\Meu Drive\RADIO TJRN CONTEÚDO\00_PRODUCAO_2026\01_BOLETINS_DIARIOS\03_AUDIOS_RADIO\01 - JAN - 26\13 01 - TER
JANEIRO,NJUD 1803,BOLETIM_RADIO_TJRN_13_01_2026_B5_TRT_CAMPANHA_NACIONAL_JANEIRO_BRANCO.mp3,13_01_2026,B5,TRT_CAMPANHA_NACIONAL_JANEIRO_BRANCO,TRT,NAO,H:\Meu Drive\RADIO TJRN CONTEÚDO\00_PRODUCAO_2026\01_BOLETINS_DIARIOS\03_AUDIOS_RADIO\01 - JAN - 26\13 01 - TER
JANEIRO,NJUD 1803,BOLETIM_RADIO_TJRN_13_01_2026_B6_ACORDO_CEJUSC_FUTEBOL_ASSU.mp3,13_01_2026,B6,ACORDO_CEJUSC_FUTEBOL_ASSU,ACORDO,NAO,H:\Meu Drive\RADIO TJRN CONTEÚDO\00_PRODUCAO_2026\01_BOLETINS_DIARIOS\03_AUDIOS_RADIO\01 - JAN - 26\13 01 - TER
JANEIRO,NJUD 1803,BOLETIM_RADIO_TJRN_13_01_2026_B7_TRT_CARTILHA_DADOS_PESSOAIS.mp3,13_01_2026,B7,TRT_CARTILHA_DADOS_PESSOAIS,TRT,NAO,H:\Meu Drive\RADIO TJRN CONTEÚDO\00_PRODUCAO_2026\01_BOLETINS_DIARIOS\03_AUDIOS_RADIO\01 - JAN - 26\13 01 - TER
JANEIRO,NJUD 1803,BOLETIM_RADIO_TJRN_13_01_2026_B8_CENTRO_ESTUDOS_STF.mp3,13_01_2026,B8,CENTRO_ESTUDOS_STF,CENTRO,NAO,H:\Meu Drive\RADIO TJRN CONTEÚDO\00_PRODUCAO_2026\01_BOLETINS_DIARIOS\03_AUDIOS_RADIO\01 - JAN - 26\13 01 - TER
JANEIRO,NJUD 1804,BOLETIM_RADIO_TJRN_13_01_2026_B9_DOUTORADO_ESMARN.mp3,13_01_2026,B9,DOUTORADO_ESMARN,DOUTORADO,NAO,H:\Meu Drive\RADIO TJRN CONTEÚDO\00_PRODUCAO_2026\01_BOLETINS_DIARIOS\03_AUDIOS_RADIO\01 - JAN - 26\13 01 - TER
JANEIRO,NJUD 1804,BOLETIM_RADIO_TJRN_13_01_2026_B10_ESMARN_INSCRICOES_CURSO_IDIOMAS.mp3,13_01_2026,B10,ESMARN_INSCRICOES_CURSO_IDIOMAS,ESMARN,NAO,H:\Meu Drive\RADIO TJRN CONTEÚDO\00_PRODUCAO_2026\01_BOLETINS_DIARIOS\03_AUDIOS_RADIO\01 - JAN - 26\13 01 - TER
JANEIRO,NJUD 1804,BOLETIM_RADIO_TJRN_14_01_2026_B8_TJRN_POSSE_GESTAO_DEFENSORIA_PUBLICA.mp3,14_01_2026,B8,TJRN_POSSE_GESTAO_DEFENSORIA_PUBLICA,TJRN,NAO,H:\Meu Drive\RADIO TJRN CONTEÚDO\00_PRODUCAO_2026\01_BOLETINS_DIARIOS\03_AUDIOS_RADIO\01 - JAN - 26\14 01 - QUA
JANEIRO,NJUD 1804,BOLETIM_RADIO_TJRN_14_01_2026_B2_IPERN_CONVOCA_APOSENTADOS_.mp3,14_01_2026,B2,IPERN_CONVOCA_APOSENTADOS_,IPERN,NAO,H:\Meu Drive\RADIO TJRN CONTEÚDO\00_PRODUCAO_2026\01_BOLETINS_DIARIOS\03_AUDIOS_RADIO\01 - JAN - 26\14 01 - QUA
JANEIRO,NJUD 1805,BOLETIM_RADIO_TJRN_14_01_2026_B4_CONDENACAO_JOALHEIRO_INDENIZACAO_CLIENTE.mp3,14_01_2026,B4,CONDENACAO_JOALHEIRO_INDENIZACAO_CLIENTE,CONDENACAO,NAO,H:\Meu Drive\RADIO TJRN CONTEÚDO\00_PRODUCAO_2026\01_BOLETINS_DIARIOS\03_AUDIOS_RADIO\01 - JAN - 26\14 01 - QUA
JANEIRO,NJUD 1805,BOLETIM_RADIO_TJRN_14_01_2026_B5_DOCUMENTO_POS_MORTE.mp3,14_01_2026,B5,DOCUMENTO_POS_MORTE,DOCUMENTO,NAO,H:\Meu Drive\RADIO TJRN CONTEÚDO\00_PRODUCAO_2026\01_BOLETINS_DIARIOS\03_AUDIOS_RADIO\01 - JAN - 26\14 01 - QUA
JANEIRO,NJUD 1805,BOLETIM_RADIO_TJRN_14_01_2026_B6_INDENIZACAO_USO_IMAGEM_SEM_AUTORIZACAO.mp3,14_01_2026,B6,INDENIZACAO_USO_IMAGEM_SEM_AUTORIZACAO,INDENIZACAO,NAO,H:\Meu Drive\RADIO TJRN CONTEÚDO\00_PRODUCAO_2026\01_BOLETINS_DIARIOS\03_AUDIOS_RADIO\01 - JAN - 26\14 01 - QUA
JANEIRO,NJUD 1805,BOLETIM_RADIO_TJRN_14_01_2026_B7_PENAS_PECUNIARIAS.mp3,14_01_2026,B7,PENAS_PECUNIARIAS,PENAS,NAO,H:\Meu Drive\RADIO TJRN CONTEÚDO\00_PRODUCAO_2026\01_BOLETINS_DIARIOS\03_AUDIOS_RADIO\01 - JAN - 26\14 01 - QUA
JANEIRO,NJUD 1806,BOLETIM_RADIO_TJRN_14_01_2026_B9_PAPEL_TJRN_OUVIDORIA.mp3,14_01_2026,B9,PAPEL_TJRN_OUVIDORIA,PAPEL,NAO,H:\Meu Drive\RADIO TJRN CONTEÚDO\00_PRODUCAO_2026\01_BOLETINS_DIARIOS\03_AUDIOS_RADIO\01 - JAN - 26\14 01 - QUA
JANEIRO,NJUD 1806,BOLETIM_RADIO_TJRN_14_01_2026_B10_CARTILHA_ENTREGA_ADOCAO.mp3,14_01_2026,B10,CARTILHA_ENTREGA_ADOCAO,CARTILHA,NAO,H:\Meu Drive\RADIO TJRN CONTEÚDO\00_PRODUCAO_2026\01_BOLETINS_DIARIOS\03_AUDIOS_RADIO\01 - JAN - 26\14 01 - QUA
JANEIRO,NJUD 1806,BOLETIM_RADIO_TJRN_14_01_2026_B1_TCERN_MUNICIPIOS_CUSTEAR_DIARIAS_.mp3,14_01_2026,B1,TCERN_MUNICIPIOS_CUSTEAR_DIARIAS_,TCERN,SIM,H:\Meu Drive\RADIO TJRN CONTEÚDO\00_PRODUCAO_2026\01_BOLETINS_DIARIOS\03_AUDIOS_RADIO\01 - JAN - 26\14 01 - QUA
JANEIRO,NJUD 1806,BOLETIM_RADIO_TJRN_14_01_2026_B3_DPERN_SANTO_ANTONIO_EDITAL.mp3,14_01_2026,B3,DPERN_SANTO_ANTONIO_EDITAL,DPERN,SIM,H:\Meu Drive\RADIO TJRN CONTEÚDO\00_PRODUCAO_2026\01_BOLETINS_DIARIOS\03_AUDIOS_RADIO\01 - JAN - 26\14 01 - QUA
JANEIRO,NJUD 1807,BOLETIM_RADIO_TJRN_15_01_2026_B1_IPEM_FISCALIZA_INSTRUMENTOS_MEDICAO_.mp3,15_01_2026,B1,IPEM_FISCALIZA_INSTRUMENTOS_MEDICAO_,IPEM,NAO,H:\Meu Drive\RADIO TJRN CONTEÚDO\00_PRODUCAO_2026\01_BOLETINS_DIARIOS\03_AUDIOS_RADIO\01 - JAN - 26\15 01 - QUI
JANEIRO,NJUD 1807,BOLETIM_RADIO_TJRN_15_01_2026_B5_REPOJURN_QUALIS_CAPES_.mp3,15_01_2026,B5,REPOJURN_QUALIS_CAPES_,REPOJURN,NAO,H:\Meu Drive\RADIO TJRN CONTEÚDO\00_PRODUCAO_2026\01_BOLETINS_DIARIOS\03_AUDIOS_RADIO\01 - JAN - 26\15 01 - QUI
JANEIRO,NJUD 1807,BOLETIM_RADIO_TJRN_15_01_2026_B6_ESCOLA_NEGATIVACAO_INDEVIDA.mp3,15_01_2026,B6,ESCOLA_NEGATIVACAO_INDEVIDA,ESCOLA,NAO,H:\Meu Drive\RADIO TJRN CONTEÚDO\00_PRODUCAO_2026\01_BOLETINS_DIARIOS\03_AUDIOS_RADIO\01 - JAN - 26\15 01 - QUI
JANEIRO,NJUD 1807,BOLETIM_RADIO_TJRN_15_01_2026_B7_ASSADOR_PIZZA_DEFEITO.mp3,15_01_2026,B7,ASSADOR_PIZZA_DEFEITO,ASSADOR,NAO,H:\Meu Drive\RADIO TJRN CONTEÚDO\00_PRODUCAO_2026\01_BOLETINS_DIARIOS\03_AUDIOS_RADIO\01 - JAN - 26\15 01 - QUI
JANEIRO,NJUD 1808,BOLETIM_RADIO_TJRN_15_01_2026_B8_CAERN_ACIDENTE_BUEIRO.mp3,15_01_2026,B8,CAERN_ACIDENTE_BUEIRO,CAERN,NAO,H:\Meu Drive\RADIO TJRN CONTEÚDO\00_PRODUCAO_2026\01_BOLETINS_DIARIOS\03_AUDIOS_RADIO\01 - JAN - 26\15 01 - QUI
JANEIRO,NJUD 1808,BOLETIM_RADIO_TJRN_15_01_2026_B9_PREMIO_CNJ_QUALIDADE.mp3,15_01_2026,B9,PREMIO_CNJ_QUALIDADE,PREMIO,NAO,H:\Meu Drive\RADIO TJRN CONTEÚDO\00_PRODUCAO_2026\01_BOLETINS_DIARIOS\03_AUDIOS_RADIO\01 - JAN - 26\15 01 - QUI
JANEIRO,NJUD 1808,BOLETIM_RADIO_TJRN_15_01_2026_B2_TRTRN_INVENTARIO_PROCESSOS_ORGANIZACIONAIS_.mp3,15_01_2026,B2,TRTRN_INVENTARIO_PROCESSOS_ORGANIZACIONAIS_,TRTRN,SIM,H:\Meu Drive\RADIO TJRN CONTEÚDO\00_PRODUCAO_2026\01_BOLETINS_DIARIOS\03_AUDIOS_RADIO\01 - JAN - 26\15 01 - QUI
JANEIRO,NJUD 1808,BOLETIM_RADIO_TJRN_15_01_2026_B3_DPERN_NOVO_DEFENSOR_.mp3,15_01_2026,B3,DPERN_NOVO_DEFENSOR_,DPERN,SIM,H:\Meu Drive\RADIO TJRN CONTEÚDO\00_PRODUCAO_2026\01_BOLETINS_DIARIOS\03_AUDIOS_RADIO\01 - JAN - 26\15 01 - QUI
JANEIRO,NJUD 1809,BOLETIM_RADIO_TJRN_15_01_2026_B4_MPRN_REGULARIZACAO_EXAMES_TARCISIO_MAIA_.mp3,15_01_2026,B4,MPRN_REGULARIZACAO_EXAMES_TARCISIO_MAIA_,MPRN,SIM,H:\Meu Drive\RADIO TJRN CONTEÚDO\00_PRODUCAO_2026\01_BOLETINS_DIARIOS\03_AUDIOS_RADIO\01 - JAN - 26\15 01 - QUI
JANEIRO,NJUD 1809,BOLETIM_RADIO_TJRN_15_01_2026_B10_MPRN_DIALOGO_EDUCACAO_COVID_19.mp3,15_01_2026,B10,MPRN_DIALOGO_EDUCACAO_COVID_19,MPRN,SIM,H:\Meu Drive\RADIO TJRN CONTEÚDO\00_PRODUCAO_2026\01_BOLETINS_DIARIOS\03_AUDIOS_RADIO\01 - JAN - 26\15 01 - QUI
JANEIRO,NJUD 1809,BOLETIM_RADIO_TJRN_16_01_2026_B1_PLANTAO_JUDICIARIO_SABADO_.mp3,16_01_2026,B1,PLANTAO_JUDICIARIO_SABADO_,PLANTAO,NAO,H:\Meu Drive\RADIO TJRN CONTEÚDO\00_PRODUCAO_2026\01_BOLETINS_DIARIOS\03_AUDIOS_RADIO\01 - JAN - 26\16 01 - SEX
JANEIRO,NJUD 1809,BOLETIM_RADIO_TJRN_16_01_2026_B2_ESMARN_2026_NOVAS_PARCERIAS_.mp3,16_01_2026,B2,ESMARN_2026_NOVAS_PARCERIAS_,ESMARN,NAO,H:\Meu Drive\RADIO TJRN CONTEÚDO\00_PRODUCAO_2026\01_BOLETINS_DIARIOS\03_AUDIOS_RADIO\01 - JAN - 26\16 01 - SEX
JULHO,NJUD 1900,BOLETIM_RADIO_TJRN_26_07_2026_B1_TJRN_SUSPENSAO_AGENTES_SAO_GONCALO.mp3,26_07_2026,B1,TJRN_SUSPENSAO_AGENTES_SAO_GONCALO,TJRN,NAO,H:\Meu Drive\RADIO TJRN CONTEÚDO\00_PRODUCAO_2026\01_BOLETINS_DIARIOS\03_AUDIOS_RADIO\07 - JUL - 26\07 07 - TER
JULHO,NJUD 1900,BOLETIM_RADIO_TJRN_26_07_2026_B2_TJRN_APLICATIVO_JUSTIC_NJUD.mp3,26_07_2026,B2,TJRN_APLICATIVO_JUSTIC_NJUD,TJRN,NAO,H:\Meu Drive\RADIO TJRN CONTEÚDO\00_PRODUCAO_2026\01_BOLETINS_DIARIOS\03_AUDIOS_RADIO\07 - JUL - 26\07 07 - TER
JULHO,NJUD 1900,BOLETIM_RADIO_TJRN_26_07_2026_B3_TJRN_COMARCA_ALMINO_AFONSO_TABELIAO_.mp3,26_07_2026,B3,TJRN_COMARCA_ALMINO_AFONSO_TABELIAO_,TJRN,NAO,H:\Meu Drive\RADIO TJRN CONTEÚDO\00_PRODUCAO_2026\01_BOLETINS_DIARIOS\03_AUDIOS_RADIO\07 - JUL - 26\07 07 - TER
JULHO,NJUD 1900,BOLETIM_RADIO_TJRN_26_07_2026_B4_TJRN_ESTADO_INCORPORAR_GRATIFICACAO_NJUD.mp3,26_07_2026,B4,TJRN_ESTADO_INCORPORAR_GRATIFICACAO_NJUD,TJRN,NAO,H:\Meu Drive\RADIO TJRN CONTEÚDO\00_PRODUCAO_2026\01_BOLETINS_DIARIOS\03_AUDIOS_RADIO\07 - JUL - 26\07 07 - TER
JULHO,NJUD 1901,BOLETIM_RADIO_TJRN_26_07_2026_B5_TJRN_HOMEM_CONDENADO_VIOLENCIA_DOMESTICA_NJUD.mp3,26_07_2026,B5,TJRN_HOMEM_CONDENADO_VIOLENCIA_DOMESTICA_NJUD,TJRN,NAO,H:\Meu Drive\RADIO TJRN CONTEÚDO\00_PRODUCAO_2026\01_BOLETINS_DIARIOS\03_AUDIOS_RADIO\07 - JUL - 26\07 07 - TER
JULHO,NJUD 1901,BOLETIM_RADIO_TJRN_26_07_2026_B6_TJRN_PACIENTE_INDENIZADA_BIOPSIA_NJUD.mp3,26_07_2026,B6,TJRN_PACIENTE_INDENIZADA_BIOPSIA_NJUD,TJRN,NAO,H:\Meu Drive\RADIO TJRN CONTEÚDO\00_PRODUCAO_2026\01_BOLETINS_DIARIOS\03_AUDIOS_RADIO\07 - JUL - 26\07 07 - TER
JULHO,NJUD 1901,BOLETIM_RADIO_TJRN_26_07_2026_B7_TJRN_INSCRICOES_ACOLHIMENTO_SERVIDORES.mp3,26_07_2026,B7,TJRN_INSCRICOES_ACOLHIMENTO_SERVIDORES,TJRN,NAO,H:\Meu Drive\RADIO TJRN CONTEÚDO\00_PRODUCAO_2026\01_BOLETINS_DIARIOS\03_AUDIOS_RADIO\07 - JUL - 26\07 07 - TER
JULHO,NJUD 1901,BOLETIM_RADIO_TJRN_26_07_2026_B8_TJRN_FALTA_DOCUMENTACAO_CARRO_VENDIDO_.mp3,26_07_2026,B8,TJRN_FALTA_DOCUMENTACAO_CARRO_VENDIDO_,TJRN,NAO,H:\Meu Drive\RADIO TJRN CONTEÚDO\00_PRODUCAO_2026\01_BOLETINS_DIARIOS\03_AUDIOS_RADIO\07 - JUL - 26\07 07 - TER
JULHO,NJUD 1902,BOLETIM_RADIO_TJRN_26_07_2026_B9_ESMARN_CURSO_PREVENCAO_.mp3,26_07_2026,B9,ESMARN_CURSO_PREVENCAO_,ESMARN,NAO,H:\Meu Drive\RADIO TJRN CONTEÚDO\00_PRODUCAO_2026\01_BOLETINS_DIARIOS\03_AUDIOS_RADIO\07 - JUL - 26\07 07 - TER
JULHO,NJUD 1902,BOLETIM_RADIO_TJRN_26_07_2026_B10_TRTRN_CEJUS_NATAL_ACORDO_EMPRESA_CONCECAO_.mp3,26_07_2026,B10,TRTRN_CEJUS_NATAL_ACORDO_EMPRESA_CONCECAO_,TRTRN,SIM,H:\Meu Drive\RADIO TJRN CONTEÚDO\00_PRODUCAO_2026\01_BOLETINS_DIARIOS\03_AUDIOS_RADIO\07 - JUL - 26\07 07 - TER
JULHO,NJUD 1902,BOLETIM_RADIO_TJRN_16_04_2026_B9_TJRN_ACAO_INTEGRADA_EMISSAO_DOCUMENTOS_.mp3,16_04_2026,B9,TJRN_ACAO_INTEGRADA_EMISSAO_DOCUMENTOS_,TJRN,NAO,H:\Meu Drive\RADIO TJRN CONTEÚDO\00_PRODUCAO_2026\01_BOLETINS_DIARIOS\03_AUDIOS_RADIO\04 - ABR - 26\16 04 - QUI
JULHO,NJUD 1902,BOLETIM_RADIO_TJRN_16_04_2026_B8_CMN_PACOTE_GRATUIDADE_TRANSPORTE_PUBLICO_.mp3,16_04_2026,B8,CMN_PACOTE_GRATUIDADE_TRANSPORTE_PUBLICO_,CMN,NAO,H:\Meu Drive\RADIO TJRN CONTEÚDO\00_PRODUCAO_2026\01_BOLETINS_DIARIOS\03_AUDIOS_RADIO\04 - ABR - 26\16 04 - QUI
JULHO,NJUD 1903,BOLETIM_RADIO_TJRN_16_04_2026_B7_MPRN_VERBAS_PECUNIARIAS_.mp3,16_04_2026,B7,MPRN_VERBAS_PECUNIARIAS_,MPRN,SIM,H:\Meu Drive\RADIO TJRN CONTEÚDO\00_PRODUCAO_2026\01_BOLETINS_DIARIOS\03_AUDIOS_RADIO\04 - ABR - 26\16 04 - QUI
JULHO,NJUD 1903,BOLETIM_RADIO_TJRN_16_04_2026_B10_OABRN_PADRONIZACAO_PROCESSOS_.mp3,16_04_2026,B10,OABRN_PADRONIZACAO_PROCESSOS_,OABRN,SIM,H:\Meu Drive\RADIO TJRN CONTEÚDO\00_PRODUCAO_2026\01_BOLETINS_DIARIOS\03_AUDIOS_RADIO\04 - ABR - 26\16 04 - QUI
JULHO,NJUD 1903,BOLETIM_RADIO_TJRN_17_04_2026_B1_TJRN_PACIENTE_INDENIZADO_FALHA_PLANO.mp3,17_04_2026,B1,TJRN_PACIENTE_INDENIZADO_FALHA_PLANO,TJRN,NAO,H:\Meu Drive\RADIO TJRN CONTEÚDO\00_PRODUCAO_2026\01_BOLETINS_DIARIOS\03_AUDIOS_RADIO\04 - ABR - 26\17 04 - SEX
JULHO,NJUD 1903,BOLETIM_RADIO_TJRN_17_04_2026_B2_TJRN_RECONHECE_COMPETENCIA_IELMO_MARINHO_TAXA_.mp3,17_04_2026,B2,TJRN_RECONHECE_COMPETENCIA_IELMO_MARINHO_TAXA_,TJRN,NAO,H:\Meu Drive\RADIO TJRN CONTEÚDO\00_PRODUCAO_2026\01_BOLETINS_DIARIOS\03_AUDIOS_RADIO\04 - ABR - 26\17 04 - SEX
JULHO,NJUD 1904,BOLETIM_RADIO_TJRN_17_04_2026_B3_TJRN_DETERMINA_EXCLUSAO_48_HORAS_.mp3,17_04_2026,B3,TJRN_DETERMINA_EXCLUSAO_48_HORAS_,TJRN,NAO,H:\Meu Drive\RADIO TJRN CONTEÚDO\00_PRODUCAO_2026\01_BOLETINS_DIARIOS\03_AUDIOS_RADIO\04 - ABR - 26\17 04 - SEX
JULHO,NJUD 1904,BOLETIM_RADIO_TJRN_17_04_2026_B4_TJRN_PARTICIPA_EXPANSAO_PLATAFORMA_.mp3,17_04_2026,B4,TJRN_PARTICIPA_EXPANSAO_PLATAFORMA_,TJRN,NAO,H:\Meu Drive\RADIO TJRN CONTEÚDO\00_PRODUCAO_2026\01_BOLETINS_DIARIOS\03_AUDIOS_RADIO\04 - ABR - 26\17 04 - SEX
JULHO,NJUD 1904,BOLETIM_RADIO_TJRN_17_04_2026_B7_FUNDO_INFANCIA_GROSSOS.mp3,17_04_2026,B7,FUNDO_INFANCIA_GROSSOS,FUNDO,NAO,H:\Meu Drive\RADIO TJRN CONTEÚDO\00_PRODUCAO_2026\01_BOLETINS_DIARIOS\03_AUDIOS_RADIO\04 - ABR - 26\17 04 - SEX
JULHO,NJUD 1904,BOLETIM_RADIO_TJRN_17_04_2026_B8_CONDENACAO_PAGAMENTO_FUNCARTE.mp3,17_04_2026,B8,CONDENACAO_PAGAMENTO_FUNCARTE,CONDENACAO,NAO,H:\Meu Drive\RADIO TJRN CONTEÚDO\00_PRODUCAO_2026\01_BOLETINS_DIARIOS\03_AUDIOS_RADIO\04 - ABR - 26\17 04 - SEX
JULHO,NJUD 1905,BOLETIM_RADIO_TJRN_17_04_2026_B9_CONDENACAO_COSERN_INDENIZACAO.mp3,17_04_2026,B9,CONDENACAO_COSERN_INDENIZACAO,CONDENACAO,NAO,H:\Meu Drive\RADIO TJRN CONTEÚDO\00_PRODUCAO_2026\01_BOLETINS_DIARIOS\03_AUDIOS_RADIO\04 - ABR - 26\17 04 - SEX
JULHO,NJUD 1905,BOLETIM_RADIO_TJRN_17_04_2026_B10_ACUMULO_FUNCOES_POLICIAL_CIVIL.mp3,17_04_2026,B10,ACUMULO_FUNCOES_POLICIAL_CIVIL,ACUMULO,NAO,H:\Meu Drive\RADIO TJRN CONTEÚDO\00_PRODUCAO_2026\01_BOLETINS_DIARIOS\03_AUDIOS_RADIO\04 - ABR - 26\17 04 - SEX
JULHO,NJUD 1905,BOLETIM_RADIO_TJRN_17_04_2026_B5_TRTRN_PROJETO_ACESSIBILIDADE_ATITUDINAL_.mp3,17_04_2026,B5,TRTRN_PROJETO_ACESSIBILIDADE_ATITUDINAL_,TRTRN,SIM,H:\Meu Drive\RADIO TJRN CONTEÚDO\00_PRODUCAO_2026\01_BOLETINS_DIARIOS\03_AUDIOS_RADIO\04 - ABR - 26\17 04 - SEX
JULHO,NJUD 1905,BOLETIM_RADIO_TJRN_17_04_2026_B6_MPRN_JURI_CONDENACAO_HOMEM_MORTE.mp3,17_04_2026,B6,MPRN_JURI_CONDENACAO_HOMEM_MORTE,MPRN,SIM,H:\Meu Drive\RADIO TJRN CONTEÚDO\00_PRODUCAO_2026\01_BOLETINS_DIARIOS\03_AUDIOS_RADIO\04 - ABR - 26\17 04 - SEX
JULHO,NJUD 1906,BOLETIM_RADIO_TJRN_22_04_2026_B1_FORUM_NACIONAL_MEDIACAO.mp3,22_04_2026,B1,FORUM_NACIONAL_MEDIACAO,FORUM,NAO,H:\Meu Drive\RADIO TJRN CONTEÚDO\00_PRODUCAO_2026\01_BOLETINS_DIARIOS\03_AUDIOS_RADIO\04 - ABR - 26
JULHO,NJUD 1906,BOLETIM_RADIO_TJRN_22_04_2026_B2_ENCERRAMENTO_REGISTRE_SE.mp3,22_04_2026,B2,ENCERRAMENTO_REGISTRE_SE,ENCERRAMENTO,NAO,H:\Meu Drive\RADIO TJRN CONTEÚDO\00_PRODUCAO_2026\01_BOLETINS_DIARIOS\03_AUDIOS_RADIO\04 - ABR - 26
JULHO,NJUD 1906,BOLETIM_RADIO_TJRN_22_04_2026_B3_PENAS_PECUNIARIAS_ACARI.mp3,22_04_2026,B3,PENAS_PECUNIARIAS_ACARI,PENAS,NAO,H:\Meu Drive\RADIO TJRN CONTEÚDO\00_PRODUCAO_2026\01_BOLETINS_DIARIOS\03_AUDIOS_RADIO\04 - ABR - 26
JULHO,NJUD 1906,BOLETIM_RADIO_TJRN_22_04_2026_B4_INDENIZACAO_ENERGIA.mp3,22_04_2026,B4,INDENIZACAO_ENERGIA,INDENIZACAO,NAO,H:\Meu Drive\RADIO TJRN CONTEÚDO\00_PRODUCAO_2026\01_BOLETINS_DIARIOS\03_AUDIOS_RADIO\04 - ABR - 26
JULHO,NJUD 1907,BOLETIM_RADIO_TJRN_22_04_2026_B5_PAGAMENTO_ADICIONAL_RISCO_VIDA.mp3,22_04_2026,B5,PAGAMENTO_ADICIONAL_RISCO_VIDA,PAGAMENTO,NAO,H:\Meu Drive\RADIO TJRN CONTEÚDO\00_PRODUCAO_2026\01_BOLETINS_DIARIOS\03_AUDIOS_RADIO\04 - ABR - 26
JULHO,NJUD 1907,BOLETIM_RADIO_TJRN_22_04_2026_B6_USUCAPIAO_NEGADO.mp3,22_04_2026,B6,USUCAPIAO_NEGADO,USUCAPIAO,NAO,H:\Meu Drive\RADIO TJRN CONTEÚDO\00_PRODUCAO_2026\01_BOLETINS_DIARIOS\03_AUDIOS_RADIO\04 - ABR - 26
JULHO,NJUD 1907,BOLETIM_RADIO_TJRN_22_04_2026_B7_GARANTIA_TRATAMENTO_PACIENTE.mp3,22_04_2026,B7,GARANTIA_TRATAMENTO_PACIENTE,GARANTIA,NAO,H:\Meu Drive\RADIO TJRN CONTEÚDO\00_PRODUCAO_2026\01_BOLETINS_DIARIOS\03_AUDIOS_RADIO\04 - ABR - 26
JULHO,NJUD 1907,BOLETIM_RADIO_TJRN_22_04_2026_B8_ESTAGIO_POS_JOAO_CAMARA.mp3,22_04_2026,B8,ESTAGIO_POS_JOAO_CAMARA,ESTAGIO,NAO,H:\Meu Drive\RADIO TJRN CONTEÚDO\00_PRODUCAO_2026\01_BOLETINS_DIARIOS\03_AUDIOS_RADIO\04 - ABR - 26
JULHO,NJUD 1908,BOLETIM_RADIO_TJRN_22_04_2026_B9_TRTRN_CONTRATO_INTERMITENTE_FALHA_CTPS.mp3,22_04_2026,B9,TRTRN_CONTRATO_INTERMITENTE_FALHA_CTPS,TRTRN,SIM,H:\Meu Drive\RADIO TJRN CONTEÚDO\00_PRODUCAO_2026\01_BOLETINS_DIARIOS\03_AUDIOS_RADIO\04 - ABR - 26
JULHO,NJUD 1908,BOLETIM_RADIO_TJRN_22_04_2026_B10_MPRN_RECOMENDA_RETIRADA_PLACAS_AREZ.mp3,22_04_2026,B10,MPRN_RECOMENDA_RETIRADA_PLACAS_AREZ,MPRN,SIM,H:\Meu Drive\RADIO TJRN CONTEÚDO\00_PRODUCAO_2026\01_BOLETINS_DIARIOS\03_AUDIOS_RADIO\04 - ABR - 26
JULHO,NJUD 1908,BOLETIM_RADIO_TJRN_23_04_2026_B1_ROUBO_MAJORADO_CONDENACAO.mp3,23_04_2026,B1,ROUBO_MAJORADO_CONDENACAO,ROUBO,NAO,H:\Meu Drive\RADIO TJRN CONTEÚDO\00_PRODUCAO_2026\01_BOLETINS_DIARIOS\03_AUDIOS_RADIO\04 - ABR - 26
JULHO,NJUD 1908,BOLETIM_RADIO_TJRN_23_04_2026_B2_DANOS_MORAIS_MESA_MADEIRA.mp3,23_04_2026,B2,DANOS_MORAIS_MESA_MADEIRA,DANOS,NAO,H:\Meu Drive\RADIO TJRN CONTEÚDO\00_PRODUCAO_2026\01_BOLETINS_DIARIOS\03_AUDIOS_RADIO\04 - ABR - 26
JULHO,NJUD 1909,BOLETIM_RADIO_TJRN_23_04_2026_B3_IRREGULARIDADE_LEILAO.mp3,23_04_2026,B3,IRREGULARIDADE_LEILAO,IRREGULARIDADE,NAO,H:\Meu Drive\RADIO TJRN CONTEÚDO\00_PRODUCAO_2026\01_BOLETINS_DIARIOS\03_AUDIOS_RADIO\04 - ABR - 26
JULHO,NJUD 1909,BOLETIM_RADIO_TJRN_23_04_2026_B4_FALHA_SEGURANCA_DADOS.mp3,23_04_2026,B4,FALHA_SEGURANCA_DADOS,FALHA,NAO,H:\Meu Drive\RADIO TJRN CONTEÚDO\00_PRODUCAO_2026\01_BOLETINS_DIARIOS\03_AUDIOS_RADIO\04 - ABR - 26
JULHO,NJUD 1909,BOLETIM_RADIO_TJRN_23_04_2026_B5_EMPRESA_ONIBUS_CONDENACAO.mp3,23_04_2026,B5,EMPRESA_ONIBUS_CONDENACAO,EMPRESA,NAO,H:\Meu Drive\RADIO TJRN CONTEÚDO\00_PRODUCAO_2026\01_BOLETINS_DIARIOS\03_AUDIOS_RADIO\04 - ABR - 26
JULHO,NJUD 1909,BOLETIM_RADIO_TJRN_23_04_2026_B6_GRUPO_APOIO_METAS_ESTAGIO.mp3,23_04_2026,B6,GRUPO_APOIO_METAS_ESTAGIO,GRUPO,NAO,H:\Meu Drive\RADIO TJRN CONTEÚDO\00_PRODUCAO_2026\01_BOLETINS_DIARIOS\03_AUDIOS_RADIO\04 - ABR - 26
JULHO,NJUD 1910,BOLETIM_RADIO_TJRN_23_04_2026_B10_TRT_RN_LEILAO_2026.mp3,23_04_2026,B10,TRT_RN_LEILAO_2026,TRT,NAO,H:\Meu Drive\RADIO TJRN CONTEÚDO\00_PRODUCAO_2026\01_BOLETINS_DIARIOS\03_AUDIOS_RADIO\04 - ABR - 26
JULHO,NJUD 1910,BOLETIM_RADIO_TJRN_23_04_2026_B7_TCE_RN_TREINAMENTO_GESTORES_TRANSPARENCIA_.mp3,23_04_2026,B7,TCE_RN_TREINAMENTO_GESTORES_TRANSPARENCIA_,TCE,SIM,H:\Meu Drive\RADIO TJRN CONTEÚDO\00_PRODUCAO_2026\01_BOLETINS_DIARIOS\03_AUDIOS_RADIO\04 - ABR - 26
JULHO,NJUD 1910,BOLETIM_RADIO_TJRN_23_04_2026_B8_MPRN_RECOMENDA_REGULARIZACAO_LIXO.mp3,23_04_2026,B8,MPRN_RECOMENDA_REGULARIZACAO_LIXO,MPRN,SIM,H:\Meu Drive\RADIO TJRN CONTEÚDO\00_PRODUCAO_2026\01_BOLETINS_DIARIOS\03_AUDIOS_RADIO\04 - ABR - 26
JULHO,NJUD 1910,BOLETIM_RADIO_TJRN_23_04_2026_B9_TRE_RN_APERFEICOAMENTO_MAGISTRATURA_.mp3,23_04_2026,B9,TRE_RN_APERFEICOAMENTO_MAGISTRATURA_,TRE,SIM,H:\Meu Drive\RADIO TJRN CONTEÚDO\00_PRODUCAO_2026\01_BOLETINS_DIARIOS\03_AUDIOS_RADIO\04 - ABR - 26
JULHO,NJUD 1911,BOLETIM_RADIO_TJRN_24_04_2026_B1_ATRASO_TRANSPORTE_INDENIZACAO.mp3,24_04_2026,B1,ATRASO_TRANSPORTE_INDENIZACAO,ATRASO,NAO,H:\Meu Drive\RADIO TJRN CONTEÚDO\00_PRODUCAO_2026\01_BOLETINS_DIARIOS\03_AUDIOS_RADIO\04 - ABR - 26
JULHO,NJUD 1911,BOLETIM_RADIO_TJRN_24_04_2026_B2_BLOQUEIO_INDEVIDO_APLICATIVO.mp3,24_04_2026,B2,BLOQUEIO_INDEVIDO_APLICATIVO,BLOQUEIO,NAO,H:\Meu Drive\RADIO TJRN CONTEÚDO\00_PRODUCAO_2026\01_BOLETINS_DIARIOS\03_AUDIOS_RADIO\04 - ABR - 26
JULHO,NJUD 1911,BOLETIM_RADIO_TJRN_24_04_2026_B3_PERDA_AUDITIVA_MOTORISTA_AMBULANCIA.mp3,24_04_2026,B3,PERDA_AUDITIVA_MOTORISTA_AMBULANCIA,PERDA,NAO,H:\Meu Drive\RADIO TJRN CONTEÚDO\00_PRODUCAO_2026\01_BOLETINS_DIARIOS\03_AUDIOS_RADIO\04 - ABR - 26
JULHO,NJUD 1911,BOLETIM_RADIO_TJRN_24_04_2026_B4_RETROATIVO_GRATIFICACAO_DENTISTA.mp3,24_04_2026,B4,RETROATIVO_GRATIFICACAO_DENTISTA,RETROATIVO,NAO,H:\Meu Drive\RADIO TJRN CONTEÚDO\00_PRODUCAO_2026\01_BOLETINS_DIARIOS\03_AUDIOS_RADIO\04 - ABR - 26
JULHO,NJUD 1912,BOLETIM_RADIO_TJRN_24_04_2026_B5_REGULARIZACAO_EMPREENDIMENTO_PONTA_NEGRA.mp3,24_04_2026,B5,REGULARIZACAO_EMPREENDIMENTO_PONTA_NEGRA,REGULARIZACAO,NAO,H:\Meu Drive\RADIO TJRN CONTEÚDO\00_PRODUCAO_2026\01_BOLETINS_DIARIOS\03_AUDIOS_RADIO\04 - ABR - 26
JULHO,NJUD 1912,BOLETIM_RADIO_TJRN_24_04_2026_B6_ESTAGIO_DIREITO_VARA_CIVEL.mp3,24_04_2026,B6,ESTAGIO_DIREITO_VARA_CIVEL,ESTAGIO,NAO,H:\Meu Drive\RADIO TJRN CONTEÚDO\00_PRODUCAO_2026\01_BOLETINS_DIARIOS\03_AUDIOS_RADIO\04 - ABR - 26
JULHO,NJUD 1912,BOLETIM_RADIO_TJRN_24_04_2026_B7_TRT_DIALOGO_CONCILIACAO.mp3,24_04_2026,B7,TRT_DIALOGO_CONCILIACAO,TRT,NAO,H:\Meu Drive\RADIO TJRN CONTEÚDO\00_PRODUCAO_2026\01_BOLETINS_DIARIOS\03_AUDIOS_RADIO\04 - ABR - 26
JULHO,NJUD 1912,BOLETIM_RADIO_TJRN_24_04_2026_B8_LIBERACAO_1_MILHAO_HENRIQUE_LAJES.mp3,24_04_2026,B8,LIBERACAO_1_MILHAO_HENRIQUE_LAJES,LIBERACAO,NAO,H:\Meu Drive\RADIO TJRN CONTEÚDO\00_PRODUCAO_2026\01_BOLETINS_DIARIOS\03_AUDIOS_RADIO\04 - ABR - 26
JULHO,NJUD 1913,BOLETIM_RADIO_TJRN_24_04_2026_B9_CENTRAL_ESTADUAL_LIBRAS.mp3,24_04_2026,B9,CENTRAL_ESTADUAL_LIBRAS,CENTRAL,NAO,H:\Meu Drive\RADIO TJRN CONTEÚDO\00_PRODUCAO_2026\01_BOLETINS_DIARIOS\03_AUDIOS_RADIO\04 - ABR - 26
JULHO,NJUD 1913,BOLETIM_RADIO_TJRN_24_04_2026_B10_PROJETO_LAIS_SAUDE.mp3,24_04_2026,B10,PROJETO_LAIS_SAUDE,PROJETO,NAO,H:\Meu Drive\RADIO TJRN CONTEÚDO\00_PRODUCAO_2026\01_BOLETINS_DIARIOS\03_AUDIOS_RADIO\04 - ABR - 26
JULHO,NJUD 1913,BOLETIM_RADIO_TJRN_26_04_2026_B1_TJRN_CAICO_INTERINO_OFICIO_UNICO_.mp3,26_04_2026,B1,TJRN_CAICO_INTERINO_OFICIO_UNICO_,TJRN,NAO,H:\Meu Drive\RADIO TJRN CONTEÚDO\00_PRODUCAO_2026\01_BOLETINS_DIARIOS\03_AUDIOS_RADIO\07 - JUL - 26\16 07 - QUI
JULHO,NJUD 1913,BOLETIM_RADIO_TJRN_26_04_2026_B2_TJRN_ERRO_CALCULO_PROFESSORA_NJUD_1916.mp3,26_04_2026,B2,TJRN_ERRO_CALCULO_PROFESSORA_NJUD_1916,TJRN,NAO,H:\Meu Drive\RADIO TJRN CONTEÚDO\00_PRODUCAO_2026\01_BOLETINS_DIARIOS\03_AUDIOS_RADIO\07 - JUL - 26\16 07 - QUI
JULHO,NJUD 1914,BOLETIM_RADIO_TJRN_26_04_2026_B3_TJRN_MISSAO_PENA_JUSTA.mp3,26_04_2026,B3,TJRN_MISSAO_PENA_JUSTA,TJRN,NAO,H:\Meu Drive\RADIO TJRN CONTEÚDO\00_PRODUCAO_2026\01_BOLETINS_DIARIOS\03_AUDIOS_RADIO\07 - JUL - 26\16 07 - QUI
JULHO,NJUD 1914,BOLETIM_RADIO_TJRN_26_04_2026_B4_TJRN_DETERMINA_DEVOLUCAO_VALOR_CELULAR_NJUD_1916.mp3,26_04_2026,B4,TJRN_DETERMINA_DEVOLUCAO_VALOR_CELULAR_NJUD_1916,TJRN,NAO,H:\Meu Drive\RADIO TJRN CONTEÚDO\00_PRODUCAO_2026\01_BOLETINS_DIARIOS\03_AUDIOS_RADIO\07 - JUL - 26\16 07 - QUI
JULHO,NJUD 1914,BOLETIM_RADIO_TJRN_26_04_2026_B5_TJRN_RECONHECE_FALHA_FORNO_NJUD_1916.mp3,26_04_2026,B5,TJRN_RECONHECE_FALHA_FORNO_NJUD_1916,TJRN,NAO,H:\Meu Drive\RADIO TJRN CONTEÚDO\00_PRODUCAO_2026\01_BOLETINS_DIARIOS\03_AUDIOS_RADIO\07 - JUL - 26\16 07 - QUI
JULHO,NJUD 1914,BOLETIM_RADIO_TJRN_26_04_2026_B6_TJRN_CONSUMIDOR_REEMBOLSADO_VIDEOGAME_NJUD_1916.mp3,26_04_2026,B6,TJRN_CONSUMIDOR_REEMBOLSADO_VIDEOGAME_NJUD_1916,TJRN,NAO,H:\Meu Drive\RADIO TJRN CONTEÚDO\00_PRODUCAO_2026\01_BOLETINS_DIARIOS\03_AUDIOS_RADIO\07 - JUL - 26\16 07 - QUI
JULHO,NJUD 1915,BOLETIM_RADIO_TJRN_26_04_2026_B7_TJRN_TURMA_JURISPRUDENCIA_.mp3,26_04_2026,B7,TJRN_TURMA_JURISPRUDENCIA_,TJRN,NAO,H:\Meu Drive\RADIO TJRN CONTEÚDO\00_PRODUCAO_2026\01_BOLETINS_DIARIOS\03_AUDIOS_RADIO\07 - JUL - 26\16 07 - QUI
JULHO,NJUD 1915,BOLETIM_RADIO_TJRN_26_04_2026_B8_TJRN_INSTALA_PONTO_COLETA.mp3,26_04_2026,B8,TJRN_INSTALA_PONTO_COLETA,TJRN,NAO,H:\Meu Drive\RADIO TJRN CONTEÚDO\00_PRODUCAO_2026\01_BOLETINS_DIARIOS\03_AUDIOS_RADIO\07 - JUL - 26\16 07 - QUI
JULHO,NJUD 1915,BOLETIM_RADIO_TJRN_26_04_2026_B9_TJRN_EXTINGUE_COBRANCA_CAMPO_REDONDO_.mp3,26_04_2026,B9,TJRN_EXTINGUE_COBRANCA_CAMPO_REDONDO_,TJRN,NAO,H:\Meu Drive\RADIO TJRN CONTEÚDO\00_PRODUCAO_2026\01_BOLETINS_DIARIOS\03_AUDIOS_RADIO\07 - JUL - 26\16 07 - QUI
JULHO,NJUD 1915,BOLETIM_RADIO_TJRN_26_04_2026_B10_ESMARN_FORMA_PRIMEIRA_TURMA_RESTAURATIVA_.mp3,26_04_2026,B10,ESMARN_FORMA_PRIMEIRA_TURMA_RESTAURATIVA_,ESMARN,NAO,H:\Meu Drive\RADIO TJRN CONTEÚDO\00_PRODUCAO_2026\01_BOLETINS_DIARIOS\03_AUDIOS_RADIO\07 - JUL - 26\16 07 - QUI
JULHO,NJUD 1916,BOLETIM_RADIO_TJRN_27_04_2026_B8_TJRN_SESSAO_ORDINARIA_HIBRIDA_.mp3,27_04_2026,B8,TJRN_SESSAO_ORDINARIA_HIBRIDA_,TJRN,NAO,H:\Meu Drive\RADIO TJRN CONTEÚDO\00_PRODUCAO_2026\01_BOLETINS_DIARIOS\03_AUDIOS_RADIO\04 - ABR - 26
JULHO,NJUD 1916,BOLETIM_RADIO_TJRN_27_04_2026_B1_PLANO_SAUDE_CIRURGIA_BARIATRICA.mp3,27_04_2026,B1,PLANO_SAUDE_CIRURGIA_BARIATRICA,PLANO,NAO,H:\Meu Drive\RADIO TJRN CONTEÚDO\00_PRODUCAO_2026\01_BOLETINS_DIARIOS\03_AUDIOS_RADIO\04 - ABR - 26
JULHO,NJUD 1916,BOLETIM_RADIO_TJRN_27_04_2026_B2_CONDOMINIO_LICENCAS_LEGAIS.mp3,27_04_2026,B2,CONDOMINIO_LICENCAS_LEGAIS,CONDOMINIO,NAO,H:\Meu Drive\RADIO TJRN CONTEÚDO\00_PRODUCAO_2026\01_BOLETINS_DIARIOS\03_AUDIOS_RADIO\04 - ABR - 26
JULHO,NJUD 1916,BOLETIM_RADIO_TJRN_27_04_2026_B3_TERAPIAS_CRIANCA_TEA.mp3,27_04_2026,B3,TERAPIAS_CRIANCA_TEA,TERAPIAS,NAO,H:\Meu Drive\RADIO TJRN CONTEÚDO\00_PRODUCAO_2026\01_BOLETINS_DIARIOS\03_AUDIOS_RADIO\04 - ABR - 26
JULHO,NJUD 1917,BOLETIM_RADIO_TJRN_27_04_2026_B4_CORTE_LUZ_SISTEMA_SOLAR.mp3,27_04_2026,B4,CORTE_LUZ_SISTEMA_SOLAR,CORTE,NAO,H:\Meu Drive\RADIO TJRN CONTEÚDO\00_PRODUCAO_2026\01_BOLETINS_DIARIOS\03_AUDIOS_RADIO\04 - ABR - 26
JULHO,NJUD 1917,BOLETIM_RADIO_TJRN_27_04_2026_B5_ADICIONAL_INSALUBRIDADE_TECNICO_SAMU.mp3,27_04_2026,B5,ADICIONAL_INSALUBRIDADE_TECNICO_SAMU,ADICIONAL,NAO,H:\Meu Drive\RADIO TJRN CONTEÚDO\00_PRODUCAO_2026\01_BOLETINS_DIARIOS\03_AUDIOS_RADIO\04 - ABR - 26
JULHO,NJUD 1917,BOLETIM_RADIO_TJRN_27_04_2026_B6_ESTAGIO_JARDIM_PIRANHAS.mp3,27_04_2026,B6,ESTAGIO_JARDIM_PIRANHAS,ESTAGIO,NAO,H:\Meu Drive\RADIO TJRN CONTEÚDO\00_PRODUCAO_2026\01_BOLETINS_DIARIOS\03_AUDIOS_RADIO\04 - ABR - 26
JULHO,NJUD 1917,BOLETIM_RADIO_TJRN_27_04_2026_B7_CONVOCACAO_HETEROIDENTIFICACAO_ENAM.mp3,27_04_2026,B7,CONVOCACAO_HETEROIDENTIFICACAO_ENAM,CONVOCACAO,NAO,H:\Meu Drive\RADIO TJRN CONTEÚDO\00_PRODUCAO_2026\01_BOLETINS_DIARIOS\03_AUDIOS_RADIO\04 - ABR - 26
JULHO,NJUD 1918,BOLETIM_RADIO_TJRN_27_04_2026_B9_MPRN_BLOQUEIO_PARNAMIRIM_.mp3,27_04_2026,B9,MPRN_BLOQUEIO_PARNAMIRIM_,MPRN,SIM,H:\Meu Drive\RADIO TJRN CONTEÚDO\00_PRODUCAO_2026\01_BOLETINS_DIARIOS\03_AUDIOS_RADIO\04 - ABR - 26
JULHO,NJUD 1918,BOLETIM_RADIO_TJRN_27_04_2026_B10_TRTRN_EVENTO_PREPARATORIO_CONCILIACAO_.mp3,27_04_2026,B10,TRTRN_EVENTO_PREPARATORIO_CONCILIACAO_,TRTRN,SIM,H:\Meu Drive\RADIO TJRN CONTEÚDO\00_PRODUCAO_2026\01_BOLETINS_DIARIOS\03_AUDIOS_RADIO\04 - ABR - 26
JULHO,NJUD 1918,BOLETIM_RADIO_TJRN_28_04_2026_B1_TJRN_CASO_POLLYANA_.mp3,28_04_2026,B1,TJRN_CASO_POLLYANA_,TJRN,NAO,H:\Meu Drive\RADIO TJRN CONTEÚDO\00_PRODUCAO_2026\01_BOLETINS_DIARIOS\03_AUDIOS_RADIO\04 - ABR - 26
JULHO,NJUD 1918,BOLETIM_RADIO_TJRN_28_04_2026_B2_TJRN_3_CAMARA_INGRESSOS_COOPERADOS_.mp3,28_04_2026,B2,TJRN_3_CAMARA_INGRESSOS_COOPERADOS_,TJRN,NAO,H:\Meu Drive\RADIO TJRN CONTEÚDO\00_PRODUCAO_2026\01_BOLETINS_DIARIOS\03_AUDIOS_RADIO\04 - ABR - 26
JULHO,NJUD 1919,BOLETIM_RADIO_TJRN_28_04_2026_B3_TJRN_EMPRESA_VESTUARIO_INDENIZACAO_.mp3,28_04_2026,B3,TJRN_EMPRESA_VESTUARIO_INDENIZACAO_,TJRN,NAO,H:\Meu Drive\RADIO TJRN CONTEÚDO\00_PRODUCAO_2026\01_BOLETINS_DIARIOS\03_AUDIOS_RADIO\04 - ABR - 26
JULHO,NJUD 1919,BOLETIM_RADIO_TJRN_28_04_2026_B4_TJRN_CITACAO_CONJUGE_.mp3,28_04_2026,B4,TJRN_CITACAO_CONJUGE_,TJRN,NAO,H:\Meu Drive\RADIO TJRN CONTEÚDO\00_PRODUCAO_2026\01_BOLETINS_DIARIOS\03_AUDIOS_RADIO\04 - ABR - 26
JULHO,NJUD 1919,BOLETIM_RADIO_TJRN_28_04_2026_B5_TJRN_JUSTICA_POTIGUAR_NESGA_ISENCAO_.mp3,28_04_2026,B5,TJRN_JUSTICA_POTIGUAR_NESGA_ISENCAO_,TJRN,NAO,H:\Meu Drive\RADIO TJRN CONTEÚDO\00_PRODUCAO_2026\01_BOLETINS_DIARIOS\03_AUDIOS_RADIO\04 - ABR - 26
JULHO,NJUD 1919,BOLETIM_RADIO_TJRN_28_04_2026_B6_TJRN_OPERACAO_RECEPTOR_.mp3,28_04_2026,B6,TJRN_OPERACAO_RECEPTOR_,TJRN,NAO,H:\Meu Drive\RADIO TJRN CONTEÚDO\00_PRODUCAO_2026\01_BOLETINS_DIARIOS\03_AUDIOS_RADIO\04 - ABR - 26
JULHO,NJUD 1920,BOLETIM_RADIO_TJRN_28_04_2026_B10_TJRN_COOPERACAO_TECNICA.mp3,28_04_2026,B10,TJRN_COOPERACAO_TECNICA,TJRN,NAO,H:\Meu Drive\RADIO TJRN CONTEÚDO\00_PRODUCAO_2026\01_BOLETINS_DIARIOS\03_AUDIOS_RADIO\04 - ABR - 26
JULHO,NJUD 1920,BOLETIM_RADIO_TJRN_28_04_2026_B7_MPRN_MANUNTENCAO_SERVICOS_SUS_.mp3,28_04_2026,B7,MPRN_MANUNTENCAO_SERVICOS_SUS_,MPRN,SIM,H:\Meu Drive\RADIO TJRN CONTEÚDO\00_PRODUCAO_2026\01_BOLETINS_DIARIOS\03_AUDIOS_RADIO\04 - ABR - 26
JULHO,NJUD 1920,BOLETIM_RADIO_TJRN_28_04_2026_B8_OABRN_LOCAIS_PROVA_ENAM.mp3,28_04_2026,B8,OABRN_LOCAIS_PROVA_ENAM,OABRN,SIM,H:\Meu Drive\RADIO TJRN CONTEÚDO\00_PRODUCAO_2026\01_BOLETINS_DIARIOS\03_AUDIOS_RADIO\04 - ABR - 26
JULHO,NJUD 1920,BOLETIM_RADIO_TJRN_28_04_2026_B9_DPERN_DECISAO_INDIGENAS_WARAO.mp3,28_04_2026,B9,DPERN_DECISAO_INDIGENAS_WARAO,DPERN,SIM,H:\Meu Drive\RADIO TJRN CONTEÚDO\00_PRODUCAO_2026\01_BOLETINS_DIARIOS\03_AUDIOS_RADIO\04 - ABR - 26
JULHO,NJUD 1921,BOLETIM_RADIO_TJRN_29_04_2026_B8_TJRN_PROGRAMA_JUSTICA_E_ESCOLA_.mp3,29_04_2026,B8,TJRN_PROGRAMA_JUSTICA_E_ESCOLA_,TJRN,NAO,H:\Meu Drive\RADIO TJRN CONTEÚDO\00_PRODUCAO_2026\01_BOLETINS_DIARIOS\03_AUDIOS_RADIO\04 - ABR - 26
JULHO,NJUD 1921,BOLETIM_RADIO_TJRN_29_04_2026_B1_INSCRICOES_PREMIO_INNOVARE.mp3,29_04_2026,B1,INSCRICOES_PREMIO_INNOVARE,INSCRICOES,NAO,H:\Meu Drive\RADIO TJRN CONTEÚDO\00_PRODUCAO_2026\01_BOLETINS_DIARIOS\03_AUDIOS_RADIO\04 - ABR - 26
JULHO,NJUD 1921,BOLETIM_RADIO_TJRN_29_04_2026_B2_CUSTEIO_MATERIAIS_CIRURGICOS.mp3,29_04_2026,B2,CUSTEIO_MATERIAIS_CIRURGICOS,CUSTEIO,NAO,H:\Meu Drive\RADIO TJRN CONTEÚDO\00_PRODUCAO_2026\01_BOLETINS_DIARIOS\03_AUDIOS_RADIO\04 - ABR - 26
JULHO,NJUD 1921,BOLETIM_RADIO_TJRN_29_04_2026_B3_INDENIZACAO_GELADEIRA_DEFEITUOSA.mp3,29_04_2026,B3,INDENIZACAO_GELADEIRA_DEFEITUOSA,INDENIZACAO,NAO,H:\Meu Drive\RADIO TJRN CONTEÚDO\00_PRODUCAO_2026\01_BOLETINS_DIARIOS\03_AUDIOS_RADIO\04 - ABR - 26
JULHO,NJUD 1922,BOLETIM_RADIO_TJRN_29_04_2026_B4_EMPRESA_PENDENCIAS_TRIBUTARIAS.mp3,29_04_2026,B4,EMPRESA_PENDENCIAS_TRIBUTARIAS,EMPRESA,NAO,H:\Meu Drive\RADIO TJRN CONTEÚDO\00_PRODUCAO_2026\01_BOLETINS_DIARIOS\03_AUDIOS_RADIO\04 - ABR - 26
JULHO,NJUD 1922,BOLETIM_RADIO_TJRN_29_04_2026_B5_HOMICIDIO_CULPOSO_NEGADO_RECURSO.mp3,29_04_2026,B5,HOMICIDIO_CULPOSO_NEGADO_RECURSO,HOMICIDIO,NAO,H:\Meu Drive\RADIO TJRN CONTEÚDO\00_PRODUCAO_2026\01_BOLETINS_DIARIOS\03_AUDIOS_RADIO\04 - ABR - 26
JULHO,NJUD 1922,BOLETIM_RADIO_TJRN_29_04_2026_B6_DANOS_MORAIS_FOGAO_DEFEITUOSO.mp3,29_04_2026,B6,DANOS_MORAIS_FOGAO_DEFEITUOSO,DANOS,NAO,H:\Meu Drive\RADIO TJRN CONTEÚDO\00_PRODUCAO_2026\01_BOLETINS_DIARIOS\03_AUDIOS_RADIO\04 - ABR - 26
JULHO,NJUD 1922,BOLETIM_RADIO_TJRN_29_04_2026_B7_SEGUNDA_SEMANA_PAUTA_VERDE.mp3,29_04_2026,B7,SEGUNDA_SEMANA_PAUTA_VERDE,SEGUNDA,NAO,H:\Meu Drive\RADIO TJRN CONTEÚDO\00_PRODUCAO_2026\01_BOLETINS_DIARIOS\03_AUDIOS_RADIO\04 - ABR - 26
JUNHO,NJUD 1886,BOLETIM_RADIO_TJRN_01_06_2026_B1_TJRN_CONSUMIDORA_INDENIZADA_PARTO_.mp3,01_06_2026,B1,TJRN_CONSUMIDORA_INDENIZADA_PARTO_,TJRN,NAO,H:\Meu Drive\RADIO TJRN CONTEÚDO\00_PRODUCAO_2026\01_BOLETINS_DIARIOS\03_AUDIOS_RADIO\06 - JUN - 26\01 06 - SEG
JUNHO,NJUD 1886,BOLETIM_RADIO_TJRN_01_06_2026_B2_TJRN_PERMISSAO_USO_IMOVEL.mp3,01_06_2026,B2,TJRN_PERMISSAO_USO_IMOVEL,TJRN,NAO,H:\Meu Drive\RADIO TJRN CONTEÚDO\00_PRODUCAO_2026\01_BOLETINS_DIARIOS\03_AUDIOS_RADIO\06 - JUN - 26\01 06 - SEG
JUNHO,NJUD 1886,BOLETIM_RADIO_TJRN_01_06_2026_B3_TJRN_PLANO_SAUDE_FORNECER_CIRURGIA.mp3,01_06_2026,B3,TJRN_PLANO_SAUDE_FORNECER_CIRURGIA,TJRN,NAO,H:\Meu Drive\RADIO TJRN CONTEÚDO\00_PRODUCAO_2026\01_BOLETINS_DIARIOS\03_AUDIOS_RADIO\06 - JUN - 26\01 06 - SEG
JUNHO,NJUD 1886,BOLETIM_RADIO_TJRN_01_06_2026_B4_TJRN_FALHA_SERVICO_AROMATIZACAO_.mp3,01_06_2026,B4,TJRN_FALHA_SERVICO_AROMATIZACAO_,TJRN,NAO,H:\Meu Drive\RADIO TJRN CONTEÚDO\00_PRODUCAO_2026\01_BOLETINS_DIARIOS\03_AUDIOS_RADIO\06 - JUN - 26\01 06 - SEG
JUNHO,NJUD 1887,BOLETIM_RADIO_TJRN_01_06_2026_B5_TJRN_HOMEM_ACUSADO_AGRESSAO_.mp3,01_06_2026,B5,TJRN_HOMEM_ACUSADO_AGRESSAO_,TJRN,NAO,H:\Meu Drive\RADIO TJRN CONTEÚDO\00_PRODUCAO_2026\01_BOLETINS_DIARIOS\03_AUDIOS_RADIO\06 - JUN - 26\01 06 - SEG
JUNHO,NJUD 1887,BOLETIM_RADIO_TJRN_01_06_2026_B6_TJRN_MANTEM_CONDENACAO_HOMEM_.mp3,01_06_2026,B6,TJRN_MANTEM_CONDENACAO_HOMEM_,TJRN,NAO,H:\Meu Drive\RADIO TJRN CONTEÚDO\00_PRODUCAO_2026\01_BOLETINS_DIARIOS\03_AUDIOS_RADIO\06 - JUN - 26\01 06 - SEG
JUNHO,NJUD 1887,BOLETIM_RADIO_TJRN_01_06_2026_B7_TJRN_COBRANCA_INDEVIDA_LOCACAO_.mp3,01_06_2026,B7,TJRN_COBRANCA_INDEVIDA_LOCACAO_,TJRN,NAO,H:\Meu Drive\RADIO TJRN CONTEÚDO\00_PRODUCAO_2026\01_BOLETINS_DIARIOS\03_AUDIOS_RADIO\06 - JUN - 26\01 06 - SEG
JUNHO,NJUD 1887,BOLETIM_RADIO_TJRN_01_06_2026_B8_TJRN_INSCRICOES_ACOLHIMENTO_SERVIDORES.mp3,01_06_2026,B8,TJRN_INSCRICOES_ACOLHIMENTO_SERVIDORES,TJRN,NAO,H:\Meu Drive\RADIO TJRN CONTEÚDO\00_PRODUCAO_2026\01_BOLETINS_DIARIOS\03_AUDIOS_RADIO\06 - JUN - 26\01 06 - SEG
JUNHO,NJUD 1888,BOLETIM_RADIO_TJRN_01_06_2026_B9_TJRN_OFICIALIZA_UNIAO_CIVIL.mp3,01_06_2026,B9,TJRN_OFICIALIZA_UNIAO_CIVIL,TJRN,NAO,H:\Meu Drive\RADIO TJRN CONTEÚDO\00_PRODUCAO_2026\01_BOLETINS_DIARIOS\03_AUDIOS_RADIO\06 - JUN - 26\01 06 - SEG
JUNHO,NJUD 1888,BOLETIM_RADIO_TJRN_01_06_2026_B10_TJRN_CAMPANHA_MES_PROTEGIDA.mp3,01_06_2026,B10,TJRN_CAMPANHA_MES_PROTEGIDA,TJRN,NAO,H:\Meu Drive\RADIO TJRN CONTEÚDO\00_PRODUCAO_2026\01_BOLETINS_DIARIOS\03_AUDIOS_RADIO\06 - JUN - 26\01 06 - SEG
JUNHO,NJUD 1888,BOLETIM_RADIO_TJRN_02_06_2026_B1_TJRN_ARTIGO_REPOJURN.mp3,02_06_2026,B1,TJRN_ARTIGO_REPOJURN,TJRN,NAO,H:\Meu Drive\RADIO TJRN CONTEÚDO\00_PRODUCAO_2026\01_BOLETINS_DIARIOS\03_AUDIOS_RADIO\06 - JUN - 26\02 06 - TER
JUNHO,NJUD 1888,BOLETIM_RADIO_TJRN_02_06_2026_B2_TJRN_SUSPENDE_EDITAIS_.mp3,02_06_2026,B2,TJRN_SUSPENDE_EDITAIS_,TJRN,NAO,H:\Meu Drive\RADIO TJRN CONTEÚDO\00_PRODUCAO_2026\01_BOLETINS_DIARIOS\03_AUDIOS_RADIO\06 - JUN - 26\02 06 - TER
JUNHO,NJUD 1889,BOLETIM_RADIO_TJRN_02_06_2026_B3_TJRN_SAAE_EXTREMOZ_INDENIZAR.mp3,02_06_2026,B3,TJRN_SAAE_EXTREMOZ_INDENIZAR,TJRN,NAO,H:\Meu Drive\RADIO TJRN CONTEÚDO\00_PRODUCAO_2026\01_BOLETINS_DIARIOS\03_AUDIOS_RADIO\06 - JUN - 26\02 06 - TER
JUNHO,NJUD 1889,BOLETIM_RADIO_TJRN_02_06_2026_B4_TJRN_JULGADO_IMPROCEDENTE_PEDIDO_PAGAMENTO.mp3,02_06_2026,B4,TJRN_JULGADO_IMPROCEDENTE_PEDIDO_PAGAMENTO,TJRN,NAO,H:\Meu Drive\RADIO TJRN CONTEÚDO\00_PRODUCAO_2026\01_BOLETINS_DIARIOS\03_AUDIOS_RADIO\06 - JUN - 26\02 06 - TER
JUNHO,NJUD 1889,BOLETIM_RADIO_TJRN_02_06_2026_B5_TJRN_MANTIDA_PRISAO_ACUSADO_FACCAO_.mp3,02_06_2026,B5,TJRN_MANTIDA_PRISAO_ACUSADO_FACCAO_,TJRN,NAO,H:\Meu Drive\RADIO TJRN CONTEÚDO\00_PRODUCAO_2026\01_BOLETINS_DIARIOS\03_AUDIOS_RADIO\06 - JUN - 26\02 06 - TER
JUNHO,NJUD 1889,BOLETIM_RADIO_TJRN_02_06_2026_B6_TJRN_PENAS_PECUNIARIAS_JUCURUTU_.mp3,02_06_2026,B6,TJRN_PENAS_PECUNIARIAS_JUCURUTU_,TJRN,NAO,H:\Meu Drive\RADIO TJRN CONTEÚDO\00_PRODUCAO_2026\01_BOLETINS_DIARIOS\03_AUDIOS_RADIO\06 - JUN - 26\02 06 - TER
JUNHO,NJUD 1890,BOLETIM_RADIO_TJRN_02_06_2026_B7_TJRN_JUIZADO_VIOLENCIA_DOMESTICA_.mp3,02_06_2026,B7,TJRN_JUIZADO_VIOLENCIA_DOMESTICA_,TJRN,NAO,H:\Meu Drive\RADIO TJRN CONTEÚDO\00_PRODUCAO_2026\01_BOLETINS_DIARIOS\03_AUDIOS_RADIO\06 - JUN - 26\02 06 - TER
JUNHO,NJUD 1890,BOLETIM_RADIO_TJRN_02_06_2026_B8_TJRN_DECISAO_DESCARTA_SUPOSTO_FISHING.mp3,02_06_2026,B8,TJRN_DECISAO_DESCARTA_SUPOSTO_FISHING,TJRN,NAO,H:\Meu Drive\RADIO TJRN CONTEÚDO\00_PRODUCAO_2026\01_BOLETINS_DIARIOS\03_AUDIOS_RADIO\06 - JUN - 26\02 06 - TER
JUNHO,NJUD 1890,BOLETIM_RADIO_TJRN_02_06_2026_B9_TJRN_DECISAO_REVOGADA_EX_PREFEITO.mp3,02_06_2026,B9,TJRN_DECISAO_REVOGADA_EX_PREFEITO,TJRN,NAO,H:\Meu Drive\RADIO TJRN CONTEÚDO\00_PRODUCAO_2026\01_BOLETINS_DIARIOS\03_AUDIOS_RADIO\06 - JUN - 26\02 06 - TER
JUNHO,NJUD 1890,BOLETIM_RADIO_TJRN_02_06_2026_B10_TJRN_JUIZADO_NATAL_ESTAGIO_.mp3,02_06_2026,B10,TJRN_JUIZADO_NATAL_ESTAGIO_,TJRN,NAO,H:\Meu Drive\RADIO TJRN CONTEÚDO\00_PRODUCAO_2026\01_BOLETINS_DIARIOS\03_AUDIOS_RADIO\06 - JUN - 26\02 06 - TER
JUNHO,NJUD 1891,BOLETIM_RADIO_TJRN_03_06_2026_B1_TJRN_HOMEM_CONDENADO_COLISAO_CARRO.mp3,03_06_2026,B1,TJRN_HOMEM_CONDENADO_COLISAO_CARRO,TJRN,NAO,H:\Meu Drive\RADIO TJRN CONTEÚDO\00_PRODUCAO_2026\01_BOLETINS_DIARIOS\03_AUDIOS_RADIO\06 - JUN - 26\03 06 - QUA
JUNHO,NJUD 1891,BOLETIM_RADIO_TJRN_03_06_2026_B2_TJRN_CASAMENTO_COMUNITARIO_TOUROS.mp3,03_06_2026,B2,TJRN_CASAMENTO_COMUNITARIO_TOUROS,TJRN,NAO,H:\Meu Drive\RADIO TJRN CONTEÚDO\00_PRODUCAO_2026\01_BOLETINS_DIARIOS\03_AUDIOS_RADIO\06 - JUN - 26\03 06 - QUA
JUNHO,NJUD 1891,BOLETIM_RADIO_TJRN_03_06_2026_B3_TJRN_RESULTADO_DEFINITIVO_HETEROIDENTIFICACAO_.mp3,03_06_2026,B3,TJRN_RESULTADO_DEFINITIVO_HETEROIDENTIFICACAO_,TJRN,NAO,H:\Meu Drive\RADIO TJRN CONTEÚDO\00_PRODUCAO_2026\01_BOLETINS_DIARIOS\03_AUDIOS_RADIO\06 - JUN - 26\03 06 - QUA
JUNHO,NJUD 1891,BOLETIM_RADIO_TJRN_03_06_2026_B4_TJRN_PROJETO_COLHENDO_PALAVRAS_.mp3,03_06_2026,B4,TJRN_PROJETO_COLHENDO_PALAVRAS_,TJRN,NAO,H:\Meu Drive\RADIO TJRN CONTEÚDO\00_PRODUCAO_2026\01_BOLETINS_DIARIOS\03_AUDIOS_RADIO\06 - JUN - 26\03 06 - QUA
JUNHO,NJUD 1892,BOLETIM_RADIO_TJRN_03_06_2026_B5_TJRN_CONSIDERA_LEGAL_REVERSAO_NOGUEIRAO_.mp3,03_06_2026,B5,TJRN_CONSIDERA_LEGAL_REVERSAO_NOGUEIRAO_,TJRN,NAO,H:\Meu Drive\RADIO TJRN CONTEÚDO\00_PRODUCAO_2026\01_BOLETINS_DIARIOS\03_AUDIOS_RADIO\06 - JUN - 26\03 06 - QUA
JUNHO,NJUD 1892,BOLETIM_RADIO_TJRN_03_06_2026_B6_TJRN_ANALISE_FORO.mp3,03_06_2026,B6,TJRN_ANALISE_FORO,TJRN,NAO,H:\Meu Drive\RADIO TJRN CONTEÚDO\00_PRODUCAO_2026\01_BOLETINS_DIARIOS\03_AUDIOS_RADIO\06 - JUN - 26\03 06 - QUA
JUNHO,NJUD 1892,BOLETIM_RADIO_TJRN_03_06_2026_B7_TJRN_PEDIDO_SUSPENDER_LICITACAO_NISIA_.mp3,03_06_2026,B7,TJRN_PEDIDO_SUSPENDER_LICITACAO_NISIA_,TJRN,NAO,H:\Meu Drive\RADIO TJRN CONTEÚDO\00_PRODUCAO_2026\01_BOLETINS_DIARIOS\03_AUDIOS_RADIO\06 - JUN - 26\03 06 - QUA
JUNHO,NJUD 1892,BOLETIM_RADIO_TJRN_03_06_2026_B8_TJRN_APLICATIVO_ENTREGA_CONDENADO_.mp3,03_06_2026,B8,TJRN_APLICATIVO_ENTREGA_CONDENADO_,TJRN,NAO,H:\Meu Drive\RADIO TJRN CONTEÚDO\00_PRODUCAO_2026\01_BOLETINS_DIARIOS\03_AUDIOS_RADIO\06 - JUN - 26\03 06 - QUA
JUNHO,NJUD 1893,BOLETIM_RADIO_TJRN_03_06_2026_B9_TJRN_ACUSADO_HOMICIDIO_CASA_JOGOS_.mp3,03_06_2026,B9,TJRN_ACUSADO_HOMICIDIO_CASA_JOGOS_,TJRN,NAO,H:\Meu Drive\RADIO TJRN CONTEÚDO\00_PRODUCAO_2026\01_BOLETINS_DIARIOS\03_AUDIOS_RADIO\06 - JUN - 26\03 06 - QUA
JUNHO,NJUD 1893,BOLETIM_RADIO_TJRN_03_06_2026_B10_TRTRN_PUBLICACAO_INCIDENTES_DADOS_PESSOAIS_.mp3,03_06_2026,B10,TRTRN_PUBLICACAO_INCIDENTES_DADOS_PESSOAIS_,TRTRN,SIM,H:\Meu Drive\RADIO TJRN CONTEÚDO\00_PRODUCAO_2026\01_BOLETINS_DIARIOS\03_AUDIOS_RADIO\06 - JUN - 26\03 06 - QUA
JUNHO,NJUD 1893,BOLETIM_RADIO_TJRN_08_06_2026_B1_TJRN_CONDENA_PORTAL_DE_NOTICIAS_.mp3,08_06_2026,B1,TJRN_CONDENA_PORTAL_DE_NOTICIAS_,TJRN,NAO,H:\Meu Drive\RADIO TJRN CONTEÚDO\00_PRODUCAO_2026\01_BOLETINS_DIARIOS\03_AUDIOS_RADIO\06 - JUN - 26\08 06 - SEG
JUNHO,NJUD 1893,BOLETIM_RADIO_TJRN_08_06_2026_B2_TJRN_AUDIENCIA_METAS_NACIONAIS_PODER_JUDICIARIO_.mp3,08_06_2026,B2,TJRN_AUDIENCIA_METAS_NACIONAIS_PODER_JUDICIARIO_,TJRN,NAO,H:\Meu Drive\RADIO TJRN CONTEÚDO\00_PRODUCAO_2026\01_BOLETINS_DIARIOS\03_AUDIOS_RADIO\06 - JUN - 26\08 06 - SEG
JUNHO,NJUD 1894,BOLETIM_RADIO_TJRN_08_06_2026_B3_TJRN_CIA_AEREA_CONDENADA.mp3,08_06_2026,B3,TJRN_CIA_AEREA_CONDENADA,TJRN,NAO,H:\Meu Drive\RADIO TJRN CONTEÚDO\00_PRODUCAO_2026\01_BOLETINS_DIARIOS\03_AUDIOS_RADIO\06 - JUN - 26\08 06 - SEG
JUNHO,NJUD 1894,BOLETIM_RADIO_TJRN_08_06_2026_B4_TJRN_TURMA_RECURSAL_ESTAGIO.mp3,08_06_2026,B4,TJRN_TURMA_RECURSAL_ESTAGIO,TJRN,NAO,H:\Meu Drive\RADIO TJRN CONTEÚDO\00_PRODUCAO_2026\01_BOLETINS_DIARIOS\03_AUDIOS_RADIO\06 - JUN - 26\08 06 - SEG
JUNHO,NJUD 1894,BOLETIM_RADIO_TJRN_08_06_2026_B5_TJRN_ERRO_MEDICO_ATENDIMENTO_.mp3,08_06_2026,B5,TJRN_ERRO_MEDICO_ATENDIMENTO_,TJRN,NAO,H:\Meu Drive\RADIO TJRN CONTEÚDO\00_PRODUCAO_2026\01_BOLETINS_DIARIOS\03_AUDIOS_RADIO\06 - JUN - 26\08 06 - SEG
JUNHO,NJUD 1894,BOLETIM_RADIO_TJRN_08_06_2026_B6_TJRN_FRAUDE_EMPRESTIMOS_PIX_.mp3,08_06_2026,B6,TJRN_FRAUDE_EMPRESTIMOS_PIX_,TJRN,NAO,H:\Meu Drive\RADIO TJRN CONTEÚDO\00_PRODUCAO_2026\01_BOLETINS_DIARIOS\03_AUDIOS_RADIO\06 - JUN - 26\08 06 - SEG
JUNHO,NJUD 1895,BOLETIM_RADIO_TJRN_08_06_2026_B7_TJRN_EMPRESA_INDENIZAR_MORADOR.mp3,08_06_2026,B7,TJRN_EMPRESA_INDENIZAR_MORADOR,TJRN,NAO,H:\Meu Drive\RADIO TJRN CONTEÚDO\00_PRODUCAO_2026\01_BOLETINS_DIARIOS\03_AUDIOS_RADIO\06 - JUN - 26\08 06 - SEG
JUNHO,NJUD 1895,BOLETIM_RADIO_TJRN_08_06_2026_B8_TJRN_DECLARA_LEGAIS_MULTAS_CAERN.mp3,08_06_2026,B8,TJRN_DECLARA_LEGAIS_MULTAS_CAERN,TJRN,NAO,H:\Meu Drive\RADIO TJRN CONTEÚDO\00_PRODUCAO_2026\01_BOLETINS_DIARIOS\03_AUDIOS_RADIO\06 - JUN - 26\08 06 - SEG
JUNHO,NJUD 1895,BOLETIM_RADIO_TJRN_08_06_2026_B9_TJRN_COMISSAO_SOLUCOES_FUNDIARIAS_.mp3,08_06_2026,B9,TJRN_COMISSAO_SOLUCOES_FUNDIARIAS_,TJRN,NAO,H:\Meu Drive\RADIO TJRN CONTEÚDO\00_PRODUCAO_2026\01_BOLETINS_DIARIOS\03_AUDIOS_RADIO\06 - JUN - 26\08 06 - SEG
JUNHO,NJUD 1895,BOLETIM_RADIO_TJRN_08_06_2026_B10_MPRN_MULTIRAO_EXAMES_CNH.mp3,08_06_2026,B10,MPRN_MULTIRAO_EXAMES_CNH,MPRN,SIM,H:\Meu Drive\RADIO TJRN CONTEÚDO\00_PRODUCAO_2026\01_BOLETINS_DIARIOS\03_AUDIOS_RADIO\06 - JUN - 26\08 06 - SEG
JUNHO,NJUD 1896,BOLETIM_RADIO_TJRN_08_06_2026_B11_MPRN_PROJETO_ADOCAO_E_LEGAL.mp3,08_06_2026,B11,MPRN_PROJETO_ADOCAO_E_LEGAL,MPRN,SIM,H:\Meu Drive\RADIO TJRN CONTEÚDO\00_PRODUCAO_2026\01_BOLETINS_DIARIOS\03_AUDIOS_RADIO\06 - JUN - 26\08 06 - SEG
JUNHO,NJUD 1896,BOLETIM_RADIO_TJRN_09_06_2026_B1_TJRN_DESEMBARGADORES_INDICADOS_.mp3,09_06_2026,B1,TJRN_DESEMBARGADORES_INDICADOS_,TJRN,NAO,H:\Meu Drive\RADIO TJRN CONTEÚDO\00_PRODUCAO_2026\01_BOLETINS_DIARIOS\03_AUDIOS_RADIO\06 - JUN - 26\09 06 - TER
JUNHO,NJUD 1896,BOLETIM_RADIO_TJRN_09_06_2026_B2_TJRN_ALEXANDRIA_EVENTO_ESTUPRO_VUNERAVEL_.mp3,09_06_2026,B2,TJRN_ALEXANDRIA_EVENTO_ESTUPRO_VUNERAVEL_,TJRN,NAO,H:\Meu Drive\RADIO TJRN CONTEÚDO\00_PRODUCAO_2026\01_BOLETINS_DIARIOS\03_AUDIOS_RADIO\06 - JUN - 26\09 06 - TER
JUNHO,NJUD 1896,BOLETIM_RADIO_TJRN_09_06_2026_B3_TJRN_REPOJURN_ARTIGOS_INTELIGENCIA_ARTIFICIAL_.mp3,09_06_2026,B3,TJRN_REPOJURN_ARTIGOS_INTELIGENCIA_ARTIFICIAL_,TJRN,NAO,H:\Meu Drive\RADIO TJRN CONTEÚDO\00_PRODUCAO_2026\01_BOLETINS_DIARIOS\03_AUDIOS_RADIO\06 - JUN - 26\09 06 - TER
JUNHO,NJUD 1897,BOLETIM_RADIO_TJRN_09_06_2026_B4_TJRN_VAGA_ESTAGIO_JORNALISMO_.mp3,09_06_2026,B4,TJRN_VAGA_ESTAGIO_JORNALISMO_,TJRN,NAO,H:\Meu Drive\RADIO TJRN CONTEÚDO\00_PRODUCAO_2026\01_BOLETINS_DIARIOS\03_AUDIOS_RADIO\06 - JUN - 26\09 06 - TER
JUNHO,NJUD 1897,BOLETIM_RADIO_TJRN_09_06_2026_B5_TJRN_SUSPENSAO_MONITORACAO_ELETRONICA_.mp3,09_06_2026,B5,TJRN_SUSPENSAO_MONITORACAO_ELETRONICA_,TJRN,NAO,H:\Meu Drive\RADIO TJRN CONTEÚDO\00_PRODUCAO_2026\01_BOLETINS_DIARIOS\03_AUDIOS_RADIO\06 - JUN - 26\09 06 - TER
JUNHO,NJUD 1897,BOLETIM_RADIO_TJRN_09_06_2026_B6_TJRN_VARA_FAMILIA_ESTAGIO_.mp3,09_06_2026,B6,TJRN_VARA_FAMILIA_ESTAGIO_,TJRN,NAO,H:\Meu Drive\RADIO TJRN CONTEÚDO\00_PRODUCAO_2026\01_BOLETINS_DIARIOS\03_AUDIOS_RADIO\06 - JUN - 26\09 06 - TER
JUNHO,NJUD 1897,BOLETIM_RADIO_TJRN_09_06_2026_B7_TJRN_EMPRESA_VIAGEM_APLICATIVO_INDENIZACAO_.mp3,09_06_2026,B7,TJRN_EMPRESA_VIAGEM_APLICATIVO_INDENIZACAO_,TJRN,NAO,H:\Meu Drive\RADIO TJRN CONTEÚDO\00_PRODUCAO_2026\01_BOLETINS_DIARIOS\03_AUDIOS_RADIO\06 - JUN - 26\09 06 - TER
JUNHO,NJUD 1898,BOLETIM_RADIO_TJRN_09_06_2026_B8_ESMARN_COMPROMISSO_AMBIENTAL.mp3,09_06_2026,B8,ESMARN_COMPROMISSO_AMBIENTAL,ESMARN,NAO,H:\Meu Drive\RADIO TJRN CONTEÚDO\00_PRODUCAO_2026\01_BOLETINS_DIARIOS\03_AUDIOS_RADIO\06 - JUN - 26\09 06 - TER
JUNHO,NJUD 1898,BOLETIM_RADIO_TJRN_09_06_2026_B9_OABRN_ESA_ESPECIALISTAS_IA_ADVOCACIA_.mp3,09_06_2026,B9,OABRN_ESA_ESPECIALISTAS_IA_ADVOCACIA_,OABRN,SIM,H:\Meu Drive\RADIO TJRN CONTEÚDO\00_PRODUCAO_2026\01_BOLETINS_DIARIOS\03_AUDIOS_RADIO\06 - JUN - 26\09 06 - TER
JUNHO,NJUD 1898,BOLETIM_RADIO_TJRN_09_06_2026_B10_DPERN_DEFENSORES_MIRINS_.mp3,09_06_2026,B10,DPERN_DEFENSORES_MIRINS_,DPERN,SIM,H:\Meu Drive\RADIO TJRN CONTEÚDO\00_PRODUCAO_2026\01_BOLETINS_DIARIOS\03_AUDIOS_RADIO\06 - JUN - 26\09 06 - TER
JUNHO,NJUD 1898,BOLETIM_RADIO_TJRN_09_06_2026_B11_MPRN_EVENTO_AGENTES_SEGURANCA_.mp3,09_06_2026,B11,MPRN_EVENTO_AGENTES_SEGURANCA_,MPRN,SIM,H:\Meu Drive\RADIO TJRN CONTEÚDO\00_PRODUCAO_2026\01_BOLETINS_DIARIOS\03_AUDIOS_RADIO\06 - JUN - 26\09 06 - TER
JUNHO,NJUD 1899,BOLETIM_RADIO_TJRN_10_06_2026_B1_TJRN_MUNICIPIO_REGULARIZAR_PAGAMENTO_ESTADIO_.mp3,10_06_2026,B1,TJRN_MUNICIPIO_REGULARIZAR_PAGAMENTO_ESTADIO_,TJRN,NAO,H:\Meu Drive\RADIO TJRN CONTEÚDO\00_PRODUCAO_2026\01_BOLETINS_DIARIOS\03_AUDIOS_RADIO\06 - JUN - 26\10 06 - QUA
JUNHO,NJUD 1899,BOLETIM_RADIO_TJRN_10_06_2026_B2_TJRN_VARA_FAMILIA_RETIFICA_EDITAL.mp3,10_06_2026,B2,TJRN_VARA_FAMILIA_RETIFICA_EDITAL,TJRN,NAO,H:\Meu Drive\RADIO TJRN CONTEÚDO\00_PRODUCAO_2026\01_BOLETINS_DIARIOS\03_AUDIOS_RADIO\06 - JUN - 26\10 06 - QUA
JUNHO,NJUD 1899,BOLETIM_RADIO_TJRN_10_06_2026_B3_TJRN_FERRAMENTA_DESENVOLVIDA_.mp3,10_06_2026,B3,TJRN_FERRAMENTA_DESENVOLVIDA_,TJRN,NAO,H:\Meu Drive\RADIO TJRN CONTEÚDO\00_PRODUCAO_2026\01_BOLETINS_DIARIOS\03_AUDIOS_RADIO\06 - JUN - 26\10 06 - QUA
JUNHO,NJUD 1899,BOLETIM_RADIO_TJRN_10_06_2026_B4_TJRN_MAIS_22_MIL_PESSOAS_ENAM.mp3,10_06_2026,B4,TJRN_MAIS_22_MIL_PESSOAS_ENAM,TJRN,NAO,H:\Meu Drive\RADIO TJRN CONTEÚDO\00_PRODUCAO_2026\01_BOLETINS_DIARIOS\03_AUDIOS_RADIO\06 - JUN - 26\10 06 - QUA
MAIO,NJUD 1866,BOLETIM_RADIO_TJRN_04_05_2026_B1_TJRN_VISITA_ALUNOS_UFRN__1782542565.mp3,04_05_2026,B1,TJRN_VISITA_ALUNOS_UFRN__1782542565,TJRN,NAO,H:\Meu Drive\RADIO TJRN CONTEÚDO\00_PRODUCAO_2026\01_BOLETINS_DIARIOS\03_AUDIOS_RADIO\05 - MAI - 26\04 05 - SEG
MAIO,NJUD 1866,BOLETIM_RADIO_TJRN_04_05_2026_B2_TJRN_JURI_ACUSADO_MATAR_PERSONAL__1782542565.mp3,04_05_2026,B2,TJRN_JURI_ACUSADO_MATAR_PERSONAL__1782542565,TJRN,NAO,H:\Meu Drive\RADIO TJRN CONTEÚDO\00_PRODUCAO_2026\01_BOLETINS_DIARIOS\03_AUDIOS_RADIO\05 - MAI - 26\04 05 - SEG
MAIO,NJUD 1866,BOLETIM_RADIO_TJRN_04_05_2026_B3_TJRN_INVESTE_GOVERNANCA_1782542565.mp3,04_05_2026,B3,TJRN_INVESTE_GOVERNANCA_1782542565,TJRN,NAO,H:\Meu Drive\RADIO TJRN CONTEÚDO\00_PRODUCAO_2026\01_BOLETINS_DIARIOS\03_AUDIOS_RADIO\05 - MAI - 26\04 05 - SEG
MAIO,NJUD 1866,BOLETIM_RADIO_TJRN_04_05_2026_B4_TJRN_CONDUZ_MEDIACAO__1782542565.mp3,04_05_2026,B4,TJRN_CONDUZ_MEDIACAO__1782542565,TJRN,NAO,H:\Meu Drive\RADIO TJRN CONTEÚDO\00_PRODUCAO_2026\01_BOLETINS_DIARIOS\03_AUDIOS_RADIO\05 - MAI - 26\04 05 - SEG
MAIO,NJUD 1867,BOLETIM_RADIO_TJRN_04_05_2026_B5_RESTITUICAO_FALHA_PRODUTO_1782542565.mp3,04_05_2026,B5,RESTITUICAO_FALHA_PRODUTO_1782542565,RESTITUICAO,NAO,H:\Meu Drive\RADIO TJRN CONTEÚDO\00_PRODUCAO_2026\01_BOLETINS_DIARIOS\03_AUDIOS_RADIO\05 - MAI - 26\04 05 - SEG
MAIO,NJUD 1867,BOLETIM_RADIO_TJRN_04_05_2026_B6_MAIO_TECNOLOGICO_1782542565.mp3,04_05_2026,B6,MAIO_TECNOLOGICO_1782542565,MAIO,NAO,H:\Meu Drive\RADIO TJRN CONTEÚDO\00_PRODUCAO_2026\01_BOLETINS_DIARIOS\03_AUDIOS_RADIO\05 - MAI - 26\04 05 - SEG
MAIO,NJUD 1867,BOLETIM_RADIO_TJRN_04_05_2026_B7_IPTU_NATAL_TAXA_SELIC_1782542565.mp3,04_05_2026,B7,IPTU_NATAL_TAXA_SELIC_1782542565,IPTU,NAO,H:\Meu Drive\RADIO TJRN CONTEÚDO\00_PRODUCAO_2026\01_BOLETINS_DIARIOS\03_AUDIOS_RADIO\05 - MAI - 26\04 05 - SEG
MAIO,NJUD 1867,BOLETIM_RADIO_TJRN_04_05_2026_B8_CONCENTRACAO_EXECUCAO_PENAL_RN_1782542565.mp3,04_05_2026,B8,CONCENTRACAO_EXECUCAO_PENAL_RN_1782542565,CONCENTRACAO,NAO,H:\Meu Drive\RADIO TJRN CONTEÚDO\00_PRODUCAO_2026\01_BOLETINS_DIARIOS\03_AUDIOS_RADIO\05 - MAI - 26\04 05 - SEG
MAIO,NJUD 1868,BOLETIM_RADIO_TJRN_04_05_2026_B9_SEMANA_COMBATE_ASSEDIO_1782542565.mp3,04_05_2026,B9,SEMANA_COMBATE_ASSEDIO_1782542565,SEMANA,NAO,H:\Meu Drive\RADIO TJRN CONTEÚDO\00_PRODUCAO_2026\01_BOLETINS_DIARIOS\03_AUDIOS_RADIO\05 - MAI - 26\04 05 - SEG
MAIO,NJUD 1868,BOLETIM_RADIO_TJRN_04_05_2026_B10_ESTAGIO_POS_VICE_PRESIDENCIA_1782542565.mp3,04_05_2026,B10,ESTAGIO_POS_VICE_PRESIDENCIA_1782542565,ESTAGIO,NAO,H:\Meu Drive\RADIO TJRN CONTEÚDO\00_PRODUCAO_2026\01_BOLETINS_DIARIOS\03_AUDIOS_RADIO\05 - MAI - 26\04 05 - SEG
MAIO,NJUD 1868,BOLETIM_RADIO_TJRN_05_05_2026_B1_ETAPA_HETEROIDENTIFICACAO_ENAM_1782542565.mp3,05_05_2026,B1,ETAPA_HETEROIDENTIFICACAO_ENAM_1782542565,ETAPA,NAO,H:\Meu Drive\RADIO TJRN CONTEÚDO\00_PRODUCAO_2026\01_BOLETINS_DIARIOS\03_AUDIOS_RADIO\05 - MAI - 26\05 05 - TER
MAIO,NJUD 1868,BOLETIM_RADIO_TJRN_05_05_2026_B2_POLICIAL_MILITAR_CONDENADO_TRIBUNAL_JURI_1782542565.mp3,05_05_2026,B2,POLICIAL_MILITAR_CONDENADO_TRIBUNAL_JURI_1782542565,POLICIAL,NAO,H:\Meu Drive\RADIO TJRN CONTEÚDO\00_PRODUCAO_2026\01_BOLETINS_DIARIOS\03_AUDIOS_RADIO\05 - MAI - 26\05 05 - TER
MAIO,NJUD 1869,BOLETIM_RADIO_TJRN_05_05_2026_B3_INDENIZACAO_ALAGAMENTO_CHUVAS_1782542565.mp3,05_05_2026,B3,INDENIZACAO_ALAGAMENTO_CHUVAS_1782542565,INDENIZACAO,NAO,H:\Meu Drive\RADIO TJRN CONTEÚDO\00_PRODUCAO_2026\01_BOLETINS_DIARIOS\03_AUDIOS_RADIO\05 - MAI - 26\05 05 - TER
MAIO,NJUD 1869,BOLETIM_RADIO_TJRN_05_05_2026_B4_CONDENACAO_ENTREGA_ERRADA_1782542565.mp3,05_05_2026,B4,CONDENACAO_ENTREGA_ERRADA_1782542565,CONDENACAO,NAO,H:\Meu Drive\RADIO TJRN CONTEÚDO\00_PRODUCAO_2026\01_BOLETINS_DIARIOS\03_AUDIOS_RADIO\05 - MAI - 26\05 05 - TER
MAIO,NJUD 1869,BOLETIM_RADIO_TJRN_05_05_2026_B5_CONDENACAO_NEGATIVACAO_INDEVIDA_1782542565.mp3,05_05_2026,B5,CONDENACAO_NEGATIVACAO_INDEVIDA_1782542565,CONDENACAO,NAO,H:\Meu Drive\RADIO TJRN CONTEÚDO\00_PRODUCAO_2026\01_BOLETINS_DIARIOS\03_AUDIOS_RADIO\05 - MAI - 26\05 05 - TER
MAIO,NJUD 1869,BOLETIM_RADIO_TJRN_05_05_2026_B6_DADOS_PORTAL_TRANSPARENCIA_1782542565.mp3,05_05_2026,B6,DADOS_PORTAL_TRANSPARENCIA_1782542565,DADOS,NAO,H:\Meu Drive\RADIO TJRN CONTEÚDO\00_PRODUCAO_2026\01_BOLETINS_DIARIOS\03_AUDIOS_RADIO\05 - MAI - 26\05 05 - TER
MAIO,NJUD 1870,BOLETIM_RADIO_TJRN_05_05_2026_B7_LITIGANCIA_MA_FE_1782542565.mp3,05_05_2026,B7,LITIGANCIA_MA_FE_1782542565,LITIGANCIA,NAO,H:\Meu Drive\RADIO TJRN CONTEÚDO\00_PRODUCAO_2026\01_BOLETINS_DIARIOS\03_AUDIOS_RADIO\05 - MAI - 26\05 05 - TER
MAIO,NJUD 1870,BOLETIM_RADIO_TJRN_05_05_2026_B8_MES_INFANCIA_PROTEGIDA_1782542565.mp3,05_05_2026,B8,MES_INFANCIA_PROTEGIDA_1782542565,MES,NAO,H:\Meu Drive\RADIO TJRN CONTEÚDO\00_PRODUCAO_2026\01_BOLETINS_DIARIOS\03_AUDIOS_RADIO\05 - MAI - 26\05 05 - TER
MAIO,NJUD 1870,BOLETIM_RADIO_TJRN_05_05_2026_B9_BATE_PAPO_RACISMO_ASSU_1782542565.mp3,05_05_2026,B9,BATE_PAPO_RACISMO_ASSU_1782542565,BATE,NAO,H:\Meu Drive\RADIO TJRN CONTEÚDO\00_PRODUCAO_2026\01_BOLETINS_DIARIOS\03_AUDIOS_RADIO\05 - MAI - 26\05 05 - TER
MAIO,NJUD 1870,BOLETIM_RADIO_TJRN_05_05_2026_B10_VISITA_UNIVERSITARIOS_TJRN_1782542565.mp3,05_05_2026,B10,VISITA_UNIVERSITARIOS_TJRN_1782542565,VISITA,NAO,H:\Meu Drive\RADIO TJRN CONTEÚDO\00_PRODUCAO_2026\01_BOLETINS_DIARIOS\03_AUDIOS_RADIO\05 - MAI - 26\05 05 - TER
MAIO,NJUD 1871,BOLETIM_RADIO_TJRN_06_05_2026_B1_RESTRICAO_MATERIAL_CIRURGICO_1782542565.mp3,06_05_2026,B1,RESTRICAO_MATERIAL_CIRURGICO_1782542565,RESTRICAO,NAO,H:\Meu Drive\RADIO TJRN CONTEÚDO\00_PRODUCAO_2026\01_BOLETINS_DIARIOS\03_AUDIOS_RADIO\05 - MAI - 26\06 05 - QUA
MAIO,NJUD 1871,BOLETIM_RADIO_TJRN_06_05_2026_B2_AGRESSAO_SEGURANCA_DUPLA_SERTANEJA_1782542565.mp3,06_05_2026,B2,AGRESSAO_SEGURANCA_DUPLA_SERTANEJA_1782542565,AGRESSAO,NAO,H:\Meu Drive\RADIO TJRN CONTEÚDO\00_PRODUCAO_2026\01_BOLETINS_DIARIOS\03_AUDIOS_RADIO\05 - MAI - 26\06 05 - QUA
MAIO,NJUD 1871,BOLETIM_RADIO_TJRN_06_05_2026_B3_PENA_REDEFINIDA_TRAFICO_1782542565.mp3,06_05_2026,B3,PENA_REDEFINIDA_TRAFICO_1782542565,PENA,NAO,H:\Meu Drive\RADIO TJRN CONTEÚDO\00_PRODUCAO_2026\01_BOLETINS_DIARIOS\03_AUDIOS_RADIO\05 - MAI - 26\06 05 - QUA
MAIO,NJUD 1871,BOLETIM_RADIO_TJRN_06_05_2026_B4_CONDENACAO_REDE_SOCIAL_DESATIVADA_1782542565.mp3,06_05_2026,B4,CONDENACAO_REDE_SOCIAL_DESATIVADA_1782542565,CONDENACAO,NAO,H:\Meu Drive\RADIO TJRN CONTEÚDO\00_PRODUCAO_2026\01_BOLETINS_DIARIOS\03_AUDIOS_RADIO\05 - MAI - 26\06 05 - QUA
MAIO,NJUD 1872,BOLETIM_RADIO_TJRN_06_05_2026_B5_TEMPO_MINIMO_CARTEIRA_ESTUDANTES_1782542565.mp3,06_05_2026,B5,TEMPO_MINIMO_CARTEIRA_ESTUDANTES_1782542565,TEMPO,NAO,H:\Meu Drive\RADIO TJRN CONTEÚDO\00_PRODUCAO_2026\01_BOLETINS_DIARIOS\03_AUDIOS_RADIO\05 - MAI - 26\06 05 - QUA
MAIO,NJUD 1872,BOLETIM_RADIO_TJRN_06_05_2026_B6_ENCONTRO_NACIONAL_SERIDO_1782542565.mp3,06_05_2026,B6,ENCONTRO_NACIONAL_SERIDO_1782542565,ENCONTRO,NAO,H:\Meu Drive\RADIO TJRN CONTEÚDO\00_PRODUCAO_2026\01_BOLETINS_DIARIOS\03_AUDIOS_RADIO\05 - MAI - 26\06 05 - QUA
MAIO,NJUD 1872,BOLETIM_RADIO_TJRN_06_05_2026_B7_TABELIAO_ALMINO_AFONSO_1782542565.mp3,06_05_2026,B7,TABELIAO_ALMINO_AFONSO_1782542565,TABELIAO,NAO,H:\Meu Drive\RADIO TJRN CONTEÚDO\00_PRODUCAO_2026\01_BOLETINS_DIARIOS\03_AUDIOS_RADIO\05 - MAI - 26\06 05 - QUA
MAIO,NJUD 1872,BOLETIM_RADIO_TJRN_06_05_2026_B8_PROCURADORIA_MULHER_PARNAMIRIM_1782542565.mp3,06_05_2026,B8,PROCURADORIA_MULHER_PARNAMIRIM_1782542565,PROCURADORIA,NAO,H:\Meu Drive\RADIO TJRN CONTEÚDO\00_PRODUCAO_2026\01_BOLETINS_DIARIOS\03_AUDIOS_RADIO\05 - MAI - 26\06 05 - QUA
MAIO,NJUD 1873,BOLETIM_RADIO_TJRN_06_05_2026_B9_MPRN_RECOMENDA_RECONSTRUCAO_RUAS_1782542565.mp3,06_05_2026,B9,MPRN_RECOMENDA_RECONSTRUCAO_RUAS_1782542565,MPRN,SIM,H:\Meu Drive\RADIO TJRN CONTEÚDO\00_PRODUCAO_2026\01_BOLETINS_DIARIOS\03_AUDIOS_RADIO\05 - MAI - 26\06 05 - QUA
MAIO,NJUD 1873,BOLETIM_RADIO_TJRN_06_05_2026_B10_DPERN_IDOSA_DEFICIENCIA_VISUAL__1782542565.mp3,06_05_2026,B10,DPERN_IDOSA_DEFICIENCIA_VISUAL__1782542565,DPERN,SIM,H:\Meu Drive\RADIO TJRN CONTEÚDO\00_PRODUCAO_2026\01_BOLETINS_DIARIOS\03_AUDIOS_RADIO\05 - MAI - 26\06 05 - QUA
MAIO,NJUD 1873,BOLETIM_RADIO_TJRN_07_05_2026_B1_INDENIZACAO_PROFESSORA_REMUNERACAO_1782542565.mp3,07_05_2026,B1,INDENIZACAO_PROFESSORA_REMUNERACAO_1782542565,INDENIZACAO,NAO,H:\Meu Drive\RADIO TJRN CONTEÚDO\00_PRODUCAO_2026\01_BOLETINS_DIARIOS\03_AUDIOS_RADIO\05 - MAI - 26\07 05 - QUI
MAIO,NJUD 1873,BOLETIM_RADIO_TJRN_07_05_2026_B2_JURI_ACUSADO_DISPARO_BRIGAS_1782542565.mp3,07_05_2026,B2,JURI_ACUSADO_DISPARO_BRIGAS_1782542565,JURI,NAO,H:\Meu Drive\RADIO TJRN CONTEÚDO\00_PRODUCAO_2026\01_BOLETINS_DIARIOS\03_AUDIOS_RADIO\05 - MAI - 26\07 05 - QUI
MAIO,NJUD 1874,BOLETIM_RADIO_TJRN_07_05_2026_B3_ENFERMIDADE_ADVOGADO_1782542565.mp3,07_05_2026,B3,ENFERMIDADE_ADVOGADO_1782542565,ENFERMIDADE,NAO,H:\Meu Drive\RADIO TJRN CONTEÚDO\00_PRODUCAO_2026\01_BOLETINS_DIARIOS\03_AUDIOS_RADIO\05 - MAI - 26\07 05 - QUI
MAIO,NJUD 1874,BOLETIM_RADIO_TJRN_07_05_2026_B4_INDENIZACAO_DEFEITO_CELULAR_1782542565.mp3,07_05_2026,B4,INDENIZACAO_DEFEITO_CELULAR_1782542565,INDENIZACAO,NAO,H:\Meu Drive\RADIO TJRN CONTEÚDO\00_PRODUCAO_2026\01_BOLETINS_DIARIOS\03_AUDIOS_RADIO\05 - MAI - 26\07 05 - QUI
MAIO,NJUD 1874,BOLETIM_RADIO_TJRN_07_05_2026_B5_CONDENACAO_TRAFICO_E_ARMAS_1782542565.mp3,07_05_2026,B5,CONDENACAO_TRAFICO_E_ARMAS_1782542565,CONDENACAO,NAO,H:\Meu Drive\RADIO TJRN CONTEÚDO\00_PRODUCAO_2026\01_BOLETINS_DIARIOS\03_AUDIOS_RADIO\05 - MAI - 26\07 05 - QUI
MAIO,NJUD 1874,BOLETIM_RADIO_TJRN_07_05_2026_B6_IRREGULARIDADES_MATADOURO_1782542565.mp3,07_05_2026,B6,IRREGULARIDADES_MATADOURO_1782542565,IRREGULARIDADES,NAO,H:\Meu Drive\RADIO TJRN CONTEÚDO\00_PRODUCAO_2026\01_BOLETINS_DIARIOS\03_AUDIOS_RADIO\05 - MAI - 26\07 05 - QUI
MAIO,NJUD 1875,BOLETIM_RADIO_TJRN_07_05_2026_B7_EBOOK_SOCIOEDUCACAO_1782542565.mp3,07_05_2026,B7,EBOOK_SOCIOEDUCACAO_1782542565,EBOOK,NAO,H:\Meu Drive\RADIO TJRN CONTEÚDO\00_PRODUCAO_2026\01_BOLETINS_DIARIOS\03_AUDIOS_RADIO\05 - MAI - 26\07 05 - QUI
MAIO,NJUD 1875,BOLETIM_RADIO_TJRN_07_05_2026_B8_ASSEDIO_AMBIENTE_TRABALHO_1782542565.mp3,07_05_2026,B8,ASSEDIO_AMBIENTE_TRABALHO_1782542565,ASSEDIO,NAO,H:\Meu Drive\RADIO TJRN CONTEÚDO\00_PRODUCAO_2026\01_BOLETINS_DIARIOS\03_AUDIOS_RADIO\05 - MAI - 26\07 05 - QUI
MAIO,NJUD 1875,BOLETIM_RADIO_TJRN_07_05_2026_B9_MPRN_RECOMENDACAO_CORRECAO_PRISIONAL_FEMININO__1782542565.mp3,07_05_2026,B9,MPRN_RECOMENDACAO_CORRECAO_PRISIONAL_FEMININO__1782542565,MPRN,SIM,H:\Meu Drive\RADIO TJRN CONTEÚDO\00_PRODUCAO_2026\01_BOLETINS_DIARIOS\03_AUDIOS_RADIO\05 - MAI - 26\07 05 - QUI
MAIO,NJUD 1875,BOLETIM_RADIO_TJRN_07_05_2026_B10_MPRN_ACOES_CONTROLE_ANIMAIS__1782542565.mp3,07_05_2026,B10,MPRN_ACOES_CONTROLE_ANIMAIS__1782542565,MPRN,SIM,H:\Meu Drive\RADIO TJRN CONTEÚDO\00_PRODUCAO_2026\01_BOLETINS_DIARIOS\03_AUDIOS_RADIO\05 - MAI - 26\07 05 - QUI
MAIO,NJUD 1876,BOLETIM_RADIO_TJRN_08_05_2026_B8_TJRN_LANCA_NOVO_SISTEMA__1782542566.mp3,08_05_2026,B8,TJRN_LANCA_NOVO_SISTEMA__1782542566,TJRN,NAO,H:\Meu Drive\RADIO TJRN CONTEÚDO\00_PRODUCAO_2026\01_BOLETINS_DIARIOS\03_AUDIOS_RADIO\05 - MAI - 26\08 05 - SEX
MAIO,NJUD 1876,BOLETIM_RADIO_TJRN_08_05_2026_B9_TJRN_CURSO_INEDITO_GESTAO_RISCOS__1782542566.mp3,08_05_2026,B9,TJRN_CURSO_INEDITO_GESTAO_RISCOS__1782542566,TJRN,NAO,H:\Meu Drive\RADIO TJRN CONTEÚDO\00_PRODUCAO_2026\01_BOLETINS_DIARIOS\03_AUDIOS_RADIO\05 - MAI - 26\08 05 - SEX
MAIO,NJUD 1876,BOLETIM_RADIO_TJRN_08_05_2026_B1_INDENIZACAO_TAXAS_INDEVIDAS_1782542565.mp3,08_05_2026,B1,INDENIZACAO_TAXAS_INDEVIDAS_1782542565,INDENIZACAO,NAO,H:\Meu Drive\RADIO TJRN CONTEÚDO\00_PRODUCAO_2026\01_BOLETINS_DIARIOS\03_AUDIOS_RADIO\05 - MAI - 26\08 05 - SEX
MAIO,NJUD 1876,BOLETIM_RADIO_TJRN_08_05_2026_B2_USO_INDEVIDO_JAZIGO_1782542565.mp3,08_05_2026,B2,USO_INDEVIDO_JAZIGO_1782542565,USO,NAO,H:\Meu Drive\RADIO TJRN CONTEÚDO\00_PRODUCAO_2026\01_BOLETINS_DIARIOS\03_AUDIOS_RADIO\05 - MAI - 26\08 05 - SEX
MAIO,NJUD 1877,BOLETIM_RADIO_TJRN_08_05_2026_B3_COBRANCA_INDEVIDA_EMPLACAMENTO_1782542565.mp3,08_05_2026,B3,COBRANCA_INDEVIDA_EMPLACAMENTO_1782542565,COBRANCA,NAO,H:\Meu Drive\RADIO TJRN CONTEÚDO\00_PRODUCAO_2026\01_BOLETINS_DIARIOS\03_AUDIOS_RADIO\05 - MAI - 26\08 05 - SEX
MAIO,NJUD 1877,BOLETIM_RADIO_TJRN_08_05_2026_B4_CONDENACAO_DEMORA_EXAME_URGENTE_1782542565.mp3,08_05_2026,B4,CONDENACAO_DEMORA_EXAME_URGENTE_1782542565,CONDENACAO,NAO,H:\Meu Drive\RADIO TJRN CONTEÚDO\00_PRODUCAO_2026\01_BOLETINS_DIARIOS\03_AUDIOS_RADIO\05 - MAI - 26\08 05 - SEX
MAIO,NJUD 1877,BOLETIM_RADIO_TJRN_08_05_2026_B5_FISCALIZACAO_CONDOMINIO_1782542565.mp3,08_05_2026,B5,FISCALIZACAO_CONDOMINIO_1782542565,FISCALIZACAO,NAO,H:\Meu Drive\RADIO TJRN CONTEÚDO\00_PRODUCAO_2026\01_BOLETINS_DIARIOS\03_AUDIOS_RADIO\05 - MAI - 26\08 05 - SEX
MAIO,NJUD 1877,BOLETIM_RADIO_TJRN_08_05_2026_B6_VIOLENCIA_DOMESTICA_MANTIDA_PRISAO_1782542565.mp3,08_05_2026,B6,VIOLENCIA_DOMESTICA_MANTIDA_PRISAO_1782542565,VIOLENCIA,NAO,H:\Meu Drive\RADIO TJRN CONTEÚDO\00_PRODUCAO_2026\01_BOLETINS_DIARIOS\03_AUDIOS_RADIO\05 - MAI - 26\08 05 - SEX
MAIO,NJUD 1878,BOLETIM_RADIO_TJRN_08_05_2026_B7_COBRANCA_IPTU_TAXA_LIMPEZA_1782542566.mp3,08_05_2026,B7,COBRANCA_IPTU_TAXA_LIMPEZA_1782542566,COBRANCA,NAO,H:\Meu Drive\RADIO TJRN CONTEÚDO\00_PRODUCAO_2026\01_BOLETINS_DIARIOS\03_AUDIOS_RADIO\05 - MAI - 26\08 05 - SEX
MAIO,NJUD 1878,BOLETIM_RADIO_TJRN_08_05_2026_B10_TRTRN_REGISTRO_POSTO_SAUDE_1782542566.mp3,08_05_2026,B10,TRTRN_REGISTRO_POSTO_SAUDE_1782542566,TRTRN,SIM,H:\Meu Drive\RADIO TJRN CONTEÚDO\00_PRODUCAO_2026\01_BOLETINS_DIARIOS\03_AUDIOS_RADIO\05 - MAI - 26\08 05 - SEX
MAIO,NJUD 1878,BOLETIM_RADIO_TJRN_11_05_2026_B2_TJRN_FORTALECE_PRESERVACAO_JUSTICA__1782542566.mp3,11_05_2026,B2,TJRN_FORTALECE_PRESERVACAO_JUSTICA__1782542566,TJRN,NAO,H:\Meu Drive\RADIO TJRN CONTEÚDO\00_PRODUCAO_2026\01_BOLETINS_DIARIOS\03_AUDIOS_RADIO\05 - MAI - 26\11 05 - SEG
MAIO,NJUD 1878,BOLETIM_RADIO_TJRN_11_05_2026_B3_TJRN_CEARA_MIRIM_ESTAGIO_1782542566.mp3,11_05_2026,B3,TJRN_CEARA_MIRIM_ESTAGIO_1782542566,TJRN,NAO,H:\Meu Drive\RADIO TJRN CONTEÚDO\00_PRODUCAO_2026\01_BOLETINS_DIARIOS\03_AUDIOS_RADIO\05 - MAI - 26\11 05 - SEG
MAIO,NJUD 1879,BOLETIM_RADIO_TJRN_11_05_2026_B4_TJRN_RECONHECE_FRAUDE_TRANSACOES_DIGITAIS_1782542566.mp3,11_05_2026,B4,TJRN_RECONHECE_FRAUDE_TRANSACOES_DIGITAIS_1782542566,TJRN,NAO,H:\Meu Drive\RADIO TJRN CONTEÚDO\00_PRODUCAO_2026\01_BOLETINS_DIARIOS\03_AUDIOS_RADIO\05 - MAI - 26\11 05 - SEG
MAIO,NJUD 1879,BOLETIM_RADIO_TJRN_11_05_2026_B5_TJRN_AREIA_BRANCA_SELECAO_PROJETOS__1782542566.mp3,11_05_2026,B5,TJRN_AREIA_BRANCA_SELECAO_PROJETOS__1782542566,TJRN,NAO,H:\Meu Drive\RADIO TJRN CONTEÚDO\00_PRODUCAO_2026\01_BOLETINS_DIARIOS\03_AUDIOS_RADIO\05 - MAI - 26\11 05 - SEG
MAIO,NJUD 1879,BOLETIM_RADIO_TJRN_11_05_2026_B6_TJRN_COSERN_INDENIZADA__1782542566.mp3,11_05_2026,B6,TJRN_COSERN_INDENIZADA__1782542566,TJRN,NAO,H:\Meu Drive\RADIO TJRN CONTEÚDO\00_PRODUCAO_2026\01_BOLETINS_DIARIOS\03_AUDIOS_RADIO\05 - MAI - 26\11 05 - SEG
MAIO,NJUD 1879,BOLETIM_RADIO_TJRN_11_05_2026_B7_TJRN_CANGUARETAMA_ESTAGIO_POS_1782542566.mp3,11_05_2026,B7,TJRN_CANGUARETAMA_ESTAGIO_POS_1782542566,TJRN,NAO,H:\Meu Drive\RADIO TJRN CONTEÚDO\00_PRODUCAO_2026\01_BOLETINS_DIARIOS\03_AUDIOS_RADIO\05 - MAI - 26\11 05 - SEG
MAIO,NJUD 1880,BOLETIM_RADIO_TJRN_11_05_2026_B8_TJRN_CONDENA_EMPRESA_ONIBUS__1782542566.mp3,11_05_2026,B8,TJRN_CONDENA_EMPRESA_ONIBUS__1782542566,TJRN,NAO,H:\Meu Drive\RADIO TJRN CONTEÚDO\00_PRODUCAO_2026\01_BOLETINS_DIARIOS\03_AUDIOS_RADIO\05 - MAI - 26\11 05 - SEG
MAIO,NJUD 1880,BOLETIM_RADIO_TJRN_11_05_2026_B1_TRE_RN_ATENDIMENTOS_AGENDADOS__1782542566.mp3,11_05_2026,B1,TRE_RN_ATENDIMENTOS_AGENDADOS__1782542566,TRE,SIM,H:\Meu Drive\RADIO TJRN CONTEÚDO\00_PRODUCAO_2026\01_BOLETINS_DIARIOS\03_AUDIOS_RADIO\05 - MAI - 26\11 05 - SEG
MAIO,NJUD 1880,BOLETIM_RADIO_TJRN_11_05_2026_B9_OABRN_EXCLUSAO_ADVOGADA__1782542566.mp3,11_05_2026,B9,OABRN_EXCLUSAO_ADVOGADA__1782542566,OABRN,SIM,H:\Meu Drive\RADIO TJRN CONTEÚDO\00_PRODUCAO_2026\01_BOLETINS_DIARIOS\03_AUDIOS_RADIO\05 - MAI - 26\11 05 - SEG
MAIO,NJUD 1880,BOLETIM_RADIO_TJRN_11_05_2026_B10_MPRN_RECOMENDA_CONTRATACAO_AMBULATORIO__1782542566.mp3,11_05_2026,B10,MPRN_RECOMENDA_CONTRATACAO_AMBULATORIO__1782542566,MPRN,SIM,H:\Meu Drive\RADIO TJRN CONTEÚDO\00_PRODUCAO_2026\01_BOLETINS_DIARIOS\03_AUDIOS_RADIO\05 - MAI - 26\11 05 - SEG
MAIO,NJUD 1881,BOLETIM_RADIO_TJRN_12_05_2026_B1_TJRN_NUCLEO_APOIO_ESTAGIO_1782542566.mp3,12_05_2026,B1,TJRN_NUCLEO_APOIO_ESTAGIO_1782542566,TJRN,NAO,H:\Meu Drive\RADIO TJRN CONTEÚDO\00_PRODUCAO_2026\01_BOLETINS_DIARIOS\03_AUDIOS_RADIO\05 - MAI - 26\12 05 - TER
MAIO,NJUD 1881,BOLETIM_RADIO_TJRN_12_05_2026_B2_TJRN_EMPRESA_RESTABELECE_AGUA__1782542566.mp3,12_05_2026,B2,TJRN_EMPRESA_RESTABELECE_AGUA__1782542566,TJRN,NAO,H:\Meu Drive\RADIO TJRN CONTEÚDO\00_PRODUCAO_2026\01_BOLETINS_DIARIOS\03_AUDIOS_RADIO\05 - MAI - 26\12 05 - TER
MAIO,NJUD 1881,BOLETIM_RADIO_TJRN_12_05_2026_B3_TJRN_PLATAFORMA_COLABORATIVA_PROMPTS_1782542566.mp3,12_05_2026,B3,TJRN_PLATAFORMA_COLABORATIVA_PROMPTS_1782542566,TJRN,NAO,H:\Meu Drive\RADIO TJRN CONTEÚDO\00_PRODUCAO_2026\01_BOLETINS_DIARIOS\03_AUDIOS_RADIO\05 - MAI - 26\12 05 - TER
MAIO,NJUD 1881,BOLETIM_RADIO_TJRN_12_05_2026_B4_TJRN_VARA_EXECUCAO_FISCAL_RESULTADO_ESTAGIO__1782542566.mp3,12_05_2026,B4,TJRN_VARA_EXECUCAO_FISCAL_RESULTADO_ESTAGIO__1782542566,TJRN,NAO,H:\Meu Drive\RADIO TJRN CONTEÚDO\00_PRODUCAO_2026\01_BOLETINS_DIARIOS\03_AUDIOS_RADIO\05 - MAI - 26\12 05 - TER
MAIO,NJUD 1882,BOLETIM_RADIO_TJRN_12_05_2026_B5_TJRN_FALHA_SERVICO_RASTREAMENTO_1782542566.mp3,12_05_2026,B5,TJRN_FALHA_SERVICO_RASTREAMENTO_1782542566,TJRN,NAO,H:\Meu Drive\RADIO TJRN CONTEÚDO\00_PRODUCAO_2026\01_BOLETINS_DIARIOS\03_AUDIOS_RADIO\05 - MAI - 26\12 05 - TER
MAIO,NJUD 1882,BOLETIM_RADIO_TJRN_12_05_2026_B6_TJRN_SERVIDOR_SOFRE_ASSEDIO_1782542566.mp3,12_05_2026,B6,TJRN_SERVIDOR_SOFRE_ASSEDIO_1782542566,TJRN,NAO,H:\Meu Drive\RADIO TJRN CONTEÚDO\00_PRODUCAO_2026\01_BOLETINS_DIARIOS\03_AUDIOS_RADIO\05 - MAI - 26\12 05 - TER
MAIO,NJUD 1882,BOLETIM_RADIO_TJRN_12_05_2026_B7_TJRN_PARELHAS_INDENIZACAO_PACIENTE__1782542566.mp3,12_05_2026,B7,TJRN_PARELHAS_INDENIZACAO_PACIENTE__1782542566,TJRN,NAO,H:\Meu Drive\RADIO TJRN CONTEÚDO\00_PRODUCAO_2026\01_BOLETINS_DIARIOS\03_AUDIOS_RADIO\05 - MAI - 26\12 05 - TER
MAIO,NJUD 1882,BOLETIM_RADIO_TJRN_12_05_2026_B8_TJRN_DETERMINA_INDISPONIBILIDADE_LOTES_1782542566.mp3,12_05_2026,B8,TJRN_DETERMINA_INDISPONIBILIDADE_LOTES_1782542566,TJRN,NAO,H:\Meu Drive\RADIO TJRN CONTEÚDO\00_PRODUCAO_2026\01_BOLETINS_DIARIOS\03_AUDIOS_RADIO\05 - MAI - 26\12 05 - TER
MAIO,NJUD 1883,BOLETIM_RADIO_TJRN_12_05_2026_B9_TJRN_PLANO_SAUDE_CONDENADO_1782542566.mp3,12_05_2026,B9,TJRN_PLANO_SAUDE_CONDENADO_1782542566,TJRN,NAO,H:\Meu Drive\RADIO TJRN CONTEÚDO\00_PRODUCAO_2026\01_BOLETINS_DIARIOS\03_AUDIOS_RADIO\05 - MAI - 26\12 05 - TER
MAIO,NJUD 1883,BOLETIM_RADIO_TJRN_12_05_2026_B10_TJRN_RESULTADO_PRELIMINAR_ENAM__1782542566.mp3,12_05_2026,B10,TJRN_RESULTADO_PRELIMINAR_ENAM__1782542566,TJRN,NAO,H:\Meu Drive\RADIO TJRN CONTEÚDO\00_PRODUCAO_2026\01_BOLETINS_DIARIOS\03_AUDIOS_RADIO\05 - MAI - 26\12 05 - TER
MAIO,NJUD 1883,BOLETIM_RADIO_TJRN_13_05_2026_B1_INDENIZACAO_DEBITO_IPTU_1782542566.mp3,13_05_2026,B1,INDENIZACAO_DEBITO_IPTU_1782542566,INDENIZACAO,NAO,H:\Meu Drive\RADIO TJRN CONTEÚDO\00_PRODUCAO_2026\01_BOLETINS_DIARIOS\03_AUDIOS_RADIO\05 - MAI - 26\13 05 - QUA
MAIO,NJUD 1883,BOLETIM_RADIO_TJRN_13_05_2026_B2_FATURAMENTO_CONTA_ENERGIA_1782542566.mp3,13_05_2026,B2,FATURAMENTO_CONTA_ENERGIA_1782542566,FATURAMENTO,NAO,H:\Meu Drive\RADIO TJRN CONTEÚDO\00_PRODUCAO_2026\01_BOLETINS_DIARIOS\03_AUDIOS_RADIO\05 - MAI - 26\13 05 - QUA
MAIO,NJUD 1884,BOLETIM_RADIO_TJRN_13_05_2026_B3_EMPRESA_TRANSPORTE_CONDENADA_QUEDA_IDOSA_1782542566.mp3,13_05_2026,B3,EMPRESA_TRANSPORTE_CONDENADA_QUEDA_IDOSA_1782542566,EMPRESA,NAO,H:\Meu Drive\RADIO TJRN CONTEÚDO\00_PRODUCAO_2026\01_BOLETINS_DIARIOS\03_AUDIOS_RADIO\05 - MAI - 26\13 05 - QUA
MAIO,NJUD 1884,BOLETIM_RADIO_TJRN_13_05_2026_B4_ISENCAO_IPVA_DEFICIENCIA_VISUAL_1782542566.mp3,13_05_2026,B4,ISENCAO_IPVA_DEFICIENCIA_VISUAL_1782542566,ISENCAO,NAO,H:\Meu Drive\RADIO TJRN CONTEÚDO\00_PRODUCAO_2026\01_BOLETINS_DIARIOS\03_AUDIOS_RADIO\05 - MAI - 26\13 05 - QUA
MAIO,NJUD 1884,BOLETIM_RADIO_TJRN_13_05_2026_B5_SEMANA_ESTADUAL_ADOCAO_1782542566.mp3,13_05_2026,B5,SEMANA_ESTADUAL_ADOCAO_1782542566,SEMANA,NAO,H:\Meu Drive\RADIO TJRN CONTEÚDO\00_PRODUCAO_2026\01_BOLETINS_DIARIOS\03_AUDIOS_RADIO\05 - MAI - 26\13 05 - QUA
MAIO,NJUD 1884,BOLETIM_RADIO_TJRN_13_05_2026_B6_PESQUISA_VIOLENCIA_DOMESTICA_RN_1782542566.mp3,13_05_2026,B6,PESQUISA_VIOLENCIA_DOMESTICA_RN_1782542566,PESQUISA,NAO,H:\Meu Drive\RADIO TJRN CONTEÚDO\00_PRODUCAO_2026\01_BOLETINS_DIARIOS\03_AUDIOS_RADIO\05 - MAI - 26\13 05 - QUA
MAIO,NJUD 1885,BOLETIM_RADIO_TJRN_13_05_2026_B7_PROJETO_EXPRESSO_MOSSORO_1782542566.mp3,13_05_2026,B7,PROJETO_EXPRESSO_MOSSORO_1782542566,PROJETO,NAO,H:\Meu Drive\RADIO TJRN CONTEÚDO\00_PRODUCAO_2026\01_BOLETINS_DIARIOS\03_AUDIOS_RADIO\05 - MAI - 26\13 05 - QUA
MAIO,NJUD 1885,BOLETIM_RADIO_TJRN_13_05_2026_B8_ENCONTRO_NACIONAL_PECUNIARIAS_1782542566.mp3,13_05_2026,B8,ENCONTRO_NACIONAL_PECUNIARIAS_1782542566,ENCONTRO,NAO,H:\Meu Drive\RADIO TJRN CONTEÚDO\00_PRODUCAO_2026\01_BOLETINS_DIARIOS\03_AUDIOS_RADIO\05 - MAI - 26\13 05 - QUA
MAIO,NJUD 1885,BOLETIM_RADIO_TJRN_13_05_2026_B9_TJ_ACADEMICO_1782542566.mp3,13_05_2026,B9,TJ_ACADEMICO_1782542566,TJ,NAO,H:\Meu Drive\RADIO TJRN CONTEÚDO\00_PRODUCAO_2026\01_BOLETINS_DIARIOS\03_AUDIOS_RADIO\05 - MAI - 26\13 05 - QUA
MAIO,NJUD 1885,BOLETIM_RADIO_TJRN_13_05_2026_B10_FRAUDE_FAST_FOOD_1782542566.mp3,13_05_2026,B10,FRAUDE_FAST_FOOD_1782542566,FRAUDE,NAO,H:\Meu Drive\RADIO TJRN CONTEÚDO\00_PRODUCAO_2026\01_BOLETINS_DIARIOS\03_AUDIOS_RADIO\05 - MAI - 26\13 05 - QUA
MARÇO,NJUD 1827,BOLETIM_RADIO_TJRN_02_03_2026_B8_TJRN_2_VARA_PARNAMIRIM_ESTAGIO.mp3,02_03_2026,B8,TJRN_2_VARA_PARNAMIRIM_ESTAGIO,TJRN,NAO,H:\Meu Drive\RADIO TJRN CONTEÚDO\00_PRODUCAO_2026\01_BOLETINS_DIARIOS\03_AUDIOS_RADIO\03 - MAR - 26\02 03 - SEG
MARÇO,NJUD 1827,BOLETIM_RADIO_TJRN_02_03_2026_B9_TJRN_JUSTICA_ELEVA_PERCENTUAL_ALIMENTOS_.mp3,02_03_2026,B9,TJRN_JUSTICA_ELEVA_PERCENTUAL_ALIMENTOS_,TJRN,NAO,H:\Meu Drive\RADIO TJRN CONTEÚDO\00_PRODUCAO_2026\01_BOLETINS_DIARIOS\03_AUDIOS_RADIO\03 - MAR - 26\02 03 - SEG
MARÇO,NJUD 1827,BOLETIM_RADIO_TJRN_02_03_2026_B10_TJRN_PRIMEIRO_TECNOLOGIA_FOCO_2026.mp3,02_03_2026,B10,TJRN_PRIMEIRO_TECNOLOGIA_FOCO_2026,TJRN,NAO,H:\Meu Drive\RADIO TJRN CONTEÚDO\00_PRODUCAO_2026\01_BOLETINS_DIARIOS\03_AUDIOS_RADIO\03 - MAR - 26\02 03 - SEG
MARÇO,NJUD 1827,BOLETIM_RADIO_TJRN_02_03_2026_B1_TRERN_ADQUIRE_NOVAS_CADEIRAS_.mp3,02_03_2026,B1,TRERN_ADQUIRE_NOVAS_CADEIRAS_,TRERN,NAO,H:\Meu Drive\RADIO TJRN CONTEÚDO\00_PRODUCAO_2026\01_BOLETINS_DIARIOS\03_AUDIOS_RADIO\03 - MAR - 26\02 03 - SEG
MARÇO,NJUD 1828,BOLETIM_RADIO_TJRN_02_03_2026_B2_ACESSIBILIDADE_CAPS_PARNAMIRIM.mp3,02_03_2026,B2,ACESSIBILIDADE_CAPS_PARNAMIRIM,ACESSIBILIDADE,NAO,H:\Meu Drive\RADIO TJRN CONTEÚDO\00_PRODUCAO_2026\01_BOLETINS_DIARIOS\03_AUDIOS_RADIO\03 - MAR - 26\02 03 - SEG
MARÇO,NJUD 1828,BOLETIM_RADIO_TJRN_02_03_2026_B3_SUSPENSAO_DESCONTO_PENSAO.mp3,02_03_2026,B3,SUSPENSAO_DESCONTO_PENSAO,SUSPENSAO,NAO,H:\Meu Drive\RADIO TJRN CONTEÚDO\00_PRODUCAO_2026\01_BOLETINS_DIARIOS\03_AUDIOS_RADIO\03 - MAR - 26\02 03 - SEG
MARÇO,NJUD 1828,BOLETIM_RADIO_TJRN_02_03_2026_B4_CONDENACAO_SALARIO_SEM_EXERCER_FUNCAO.mp3,02_03_2026,B4,CONDENACAO_SALARIO_SEM_EXERCER_FUNCAO,CONDENACAO,NAO,H:\Meu Drive\RADIO TJRN CONTEÚDO\00_PRODUCAO_2026\01_BOLETINS_DIARIOS\03_AUDIOS_RADIO\03 - MAR - 26\02 03 - SEG
MARÇO,NJUD 1828,BOLETIM_RADIO_TJRN_02_03_2026_B5_LICENCA_REMUNERADA_JOAO_CAMARA.mp3,02_03_2026,B5,LICENCA_REMUNERADA_JOAO_CAMARA,LICENCA,NAO,H:\Meu Drive\RADIO TJRN CONTEÚDO\00_PRODUCAO_2026\01_BOLETINS_DIARIOS\03_AUDIOS_RADIO\03 - MAR - 26\02 03 - SEG
MARÇO,NJUD 1829,BOLETIM_RADIO_TJRN_02_03_2026_B6_CONDENACAO_EXTRAVIO_BAGAGEM.mp3,02_03_2026,B6,CONDENACAO_EXTRAVIO_BAGAGEM,CONDENACAO,NAO,H:\Meu Drive\RADIO TJRN CONTEÚDO\00_PRODUCAO_2026\01_BOLETINS_DIARIOS\03_AUDIOS_RADIO\03 - MAR - 26\02 03 - SEG
MARÇO,NJUD 1829,BOLETIM_RADIO_TJRN_02_03_2026_B7_RESPONSAVEL_INTERINO_CANGUARETAMA.mp3,02_03_2026,B7,RESPONSAVEL_INTERINO_CANGUARETAMA,RESPONSAVEL,NAO,H:\Meu Drive\RADIO TJRN CONTEÚDO\00_PRODUCAO_2026\01_BOLETINS_DIARIOS\03_AUDIOS_RADIO\03 - MAR - 26\02 03 - SEG
MARÇO,NJUD 1829,BOLETIM_RADIO_TJRN_03_03_2026_B10_TJRN_CURSO_ESTRATEGICO_SEGURANCA_.mp3,03_03_2026,B10,TJRN_CURSO_ESTRATEGICO_SEGURANCA_,TJRN,NAO,H:\Meu Drive\RADIO TJRN CONTEÚDO\00_PRODUCAO_2026\01_BOLETINS_DIARIOS\03_AUDIOS_RADIO\03 - MAR - 26\03 03 - TER
MARÇO,NJUD 1829,BOLETIM_RADIO_TJRN_03_03_2026_B1_MINICURSO_COMITE_SAUDE.mp3,03_03_2026,B1,MINICURSO_COMITE_SAUDE,MINICURSO,NAO,H:\Meu Drive\RADIO TJRN CONTEÚDO\00_PRODUCAO_2026\01_BOLETINS_DIARIOS\03_AUDIOS_RADIO\03 - MAR - 26\03 03 - TER
MARÇO,NJUD 1830,BOLETIM_RADIO_TJRN_03_03_2026_B2_CONVENIO_DEBITO_PRECATORIOS.mp3,03_03_2026,B2,CONVENIO_DEBITO_PRECATORIOS,CONVENIO,NAO,H:\Meu Drive\RADIO TJRN CONTEÚDO\00_PRODUCAO_2026\01_BOLETINS_DIARIOS\03_AUDIOS_RADIO\03 - MAR - 26\03 03 - TER
MARÇO,NJUD 1830,BOLETIM_RADIO_TJRN_03_03_2026_B3_CONDENACAO_FABRICANTE_PNEUS.mp3,03_03_2026,B3,CONDENACAO_FABRICANTE_PNEUS,CONDENACAO,NAO,H:\Meu Drive\RADIO TJRN CONTEÚDO\00_PRODUCAO_2026\01_BOLETINS_DIARIOS\03_AUDIOS_RADIO\03 - MAR - 26\03 03 - TER
MARÇO,NJUD 1830,BOLETIM_RADIO_TJRN_03_03_2026_B4_ESTAGIO_ENSINO_MEDIO.mp3,03_03_2026,B4,ESTAGIO_ENSINO_MEDIO,ESTAGIO,NAO,H:\Meu Drive\RADIO TJRN CONTEÚDO\00_PRODUCAO_2026\01_BOLETINS_DIARIOS\03_AUDIOS_RADIO\03 - MAR - 26\03 03 - TER
MARÇO,NJUD 1830,BOLETIM_RADIO_TJRN_03_03_2026_B5_CONVOCACAO_CONCURSO_CAERN.mp3,03_03_2026,B5,CONVOCACAO_CONCURSO_CAERN,CONVOCACAO,NAO,H:\Meu Drive\RADIO TJRN CONTEÚDO\00_PRODUCAO_2026\01_BOLETINS_DIARIOS\03_AUDIOS_RADIO\03 - MAR - 26\03 03 - TER
MARÇO,NJUD 1831,BOLETIM_RADIO_TJRN_03_03_2026_B6_CONDENACAO_FRAUDE_LICITACAO.mp3,03_03_2026,B6,CONDENACAO_FRAUDE_LICITACAO,CONDENACAO,NAO,H:\Meu Drive\RADIO TJRN CONTEÚDO\00_PRODUCAO_2026\01_BOLETINS_DIARIOS\03_AUDIOS_RADIO\03 - MAR - 26\03 03 - TER
MARÇO,NJUD 1831,BOLETIM_RADIO_TJRN_03_03_2026_B7_CONDENACAO_RESPONSABILIDADE_SOLIDARIA.mp3,03_03_2026,B7,CONDENACAO_RESPONSABILIDADE_SOLIDARIA,CONDENACAO,NAO,H:\Meu Drive\RADIO TJRN CONTEÚDO\00_PRODUCAO_2026\01_BOLETINS_DIARIOS\03_AUDIOS_RADIO\03 - MAR - 26\03 03 - TER
MARÇO,NJUD 1831,BOLETIM_RADIO_TJRN_03_03_2026_B8_AMPLIACAO_SALAS_DEPOIMENTO_ESPECIAL.mp3,03_03_2026,B8,AMPLIACAO_SALAS_DEPOIMENTO_ESPECIAL,AMPLIACAO,NAO,H:\Meu Drive\RADIO TJRN CONTEÚDO\00_PRODUCAO_2026\01_BOLETINS_DIARIOS\03_AUDIOS_RADIO\03 - MAR - 26\03 03 - TER
MARÇO,NJUD 1831,BOLETIM_RADIO_TJRN_03_03_2026_B9_PAGAMENTO_PASSAGENS_INTERMUNICIPAL.mp3,03_03_2026,B9,PAGAMENTO_PASSAGENS_INTERMUNICIPAL,PAGAMENTO,NAO,H:\Meu Drive\RADIO TJRN CONTEÚDO\00_PRODUCAO_2026\01_BOLETINS_DIARIOS\03_AUDIOS_RADIO\03 - MAR - 26\03 03 - TER
MARÇO,NJUD 1832,BOLETIM_RADIO_TJRN_04_03_2026_B1_CAERN_CONDENADA_POR_SUSPENSAO_DE_AGUA.mp3,04_03_2026,B1,CAERN_CONDENADA_POR_SUSPENSAO_DE_AGUA,CAERN,NAO,H:\Meu Drive\RADIO TJRN CONTEÚDO\00_PRODUCAO_2026\01_BOLETINS_DIARIOS\03_AUDIOS_RADIO\03 - MAR - 26\04 03 - QUA
MARÇO,NJUD 1832,BOLETIM_RADIO_TJRN_04_03_2026_B2_COSERN_DEVE_AUMENTAR_CARGA_ENERGETICA.mp3,04_03_2026,B2,COSERN_DEVE_AUMENTAR_CARGA_ENERGETICA,COSERN,NAO,H:\Meu Drive\RADIO TJRN CONTEÚDO\00_PRODUCAO_2026\01_BOLETINS_DIARIOS\03_AUDIOS_RADIO\03 - MAR - 26\04 03 - QUA
MARÇO,NJUD 1832,BOLETIM_RADIO_TJRN_04_03_2026_B3_PARNAMIRIM_DEVE_PAGAR_ALUGUEIS.mp3,04_03_2026,B3,PARNAMIRIM_DEVE_PAGAR_ALUGUEIS,PARNAMIRIM,NAO,H:\Meu Drive\RADIO TJRN CONTEÚDO\00_PRODUCAO_2026\01_BOLETINS_DIARIOS\03_AUDIOS_RADIO\03 - MAR - 26\04 03 - QUA
MARÇO,NJUD 1832,BOLETIM_RADIO_TJRN_04_03_2026_B4_REDE_SOCIAL_DEVE_INDENIZAR_USUARIA.mp3,04_03_2026,B4,REDE_SOCIAL_DEVE_INDENIZAR_USUARIA,REDE,NAO,H:\Meu Drive\RADIO TJRN CONTEÚDO\00_PRODUCAO_2026\01_BOLETINS_DIARIOS\03_AUDIOS_RADIO\03 - MAR - 26\04 03 - QUA
MARÇO,NJUD 1833,BOLETIM_RADIO_TJRN_04_03_2026_B5_COSERN_DEVE_INDENIZAR_USUARIA.mp3,04_03_2026,B5,COSERN_DEVE_INDENIZAR_USUARIA,COSERN,NAO,H:\Meu Drive\RADIO TJRN CONTEÚDO\00_PRODUCAO_2026\01_BOLETINS_DIARIOS\03_AUDIOS_RADIO\03 - MAR - 26\04 03 - QUA
MARÇO,NJUD 1833,BOLETIM_RADIO_TJRN_04_03_2026_B6_PENAS_PECUNIARIAS_CANGUARETAMA.mp3,04_03_2026,B6,PENAS_PECUNIARIAS_CANGUARETAMA,PENAS,NAO,H:\Meu Drive\RADIO TJRN CONTEÚDO\00_PRODUCAO_2026\01_BOLETINS_DIARIOS\03_AUDIOS_RADIO\03 - MAR - 26
MARÇO,NJUD 1833,BOLETIM_RADIO_TJRN_04_03_2026_B7_TRTRN_SOCIO_RESPONSABILIZADO_.mp3,04_03_2026,B7,TRTRN_SOCIO_RESPONSABILIZADO_,TRTRN,SIM,H:\Meu Drive\RADIO TJRN CONTEÚDO\00_PRODUCAO_2026\01_BOLETINS_DIARIOS\03_AUDIOS_RADIO\03 - MAR - 26
MARÇO,NJUD 1833,BOLETIM_RADIO_TJRN_04_03_2026_B9_CNJ_NOTA_TECNICA_COMBATE_FALSO_ADVOGADO_.mp3,04_03_2026,B9,CNJ_NOTA_TECNICA_COMBATE_FALSO_ADVOGADO_,CNJ,SIM,H:\Meu Drive\RADIO TJRN CONTEÚDO\00_PRODUCAO_2026\01_BOLETINS_DIARIOS\03_AUDIOS_RADIO\03 - MAR - 26
MARÇO,NJUD 1834,BOLETIM_RADIO_TJRN_04_03_2026_B10_MPRN_FIRMA_ACORDO_INTERINSTITUCIONAL_.mp3,04_03_2026,B10,MPRN_FIRMA_ACORDO_INTERINSTITUCIONAL_,MPRN,SIM,H:\Meu Drive\RADIO TJRN CONTEÚDO\00_PRODUCAO_2026\01_BOLETINS_DIARIOS\03_AUDIOS_RADIO\03 - MAR - 26
MARÇO,NJUD 1834,BOLETIM_RADIO_TJRN_05_03_2026_B1_TJRN_ATO_IMPROBIDADE_LICITATORIO__1782542915.mp3,05_03_2026,B1,TJRN_ATO_IMPROBIDADE_LICITATORIO__1782542915,TJRN,NAO,H:\Meu Drive\RADIO TJRN CONTEÚDO\00_PRODUCAO_2026\01_BOLETINS_DIARIOS\03_AUDIOS_RADIO\03 - MAR - 26\05 03 - QUI
MARÇO,NJUD 1834,BOLETIM_RADIO_TJRN_05_03_2026_B2_TJRN_CONDENA_COMERCIANTES_REVENDA__1782542916.mp3,05_03_2026,B2,TJRN_CONDENA_COMERCIANTES_REVENDA__1782542916,TJRN,NAO,H:\Meu Drive\RADIO TJRN CONTEÚDO\00_PRODUCAO_2026\01_BOLETINS_DIARIOS\03_AUDIOS_RADIO\03 - MAR - 26\05 03 - QUI
MARÇO,NJUD 1834,BOLETIM_RADIO_TJRN_05_03_2026_B3_TJRN_ANPP_NEGADO_NOVA_DECISAO_1782542916.mp3,05_03_2026,B3,TJRN_ANPP_NEGADO_NOVA_DECISAO_1782542916,TJRN,NAO,H:\Meu Drive\RADIO TJRN CONTEÚDO\00_PRODUCAO_2026\01_BOLETINS_DIARIOS\03_AUDIOS_RADIO\03 - MAR - 26\05 03 - QUI
MARÇO,NJUD 1835,BOLETIM_RADIO_TJRN_05_03_2026_B4_TJRN_MANTEM_LICITACAO_CABEAMENTO__1782542916.mp3,05_03_2026,B4,TJRN_MANTEM_LICITACAO_CABEAMENTO__1782542916,TJRN,NAO,H:\Meu Drive\RADIO TJRN CONTEÚDO\00_PRODUCAO_2026\01_BOLETINS_DIARIOS\03_AUDIOS_RADIO\03 - MAR - 26\05 03 - QUI
MARÇO,NJUD 1835,BOLETIM_RADIO_TJRN_05_03_2026_B5_TJRN_HOMEM_CONDENADO_ESTELIONATO_1782542916.mp3,05_03_2026,B5,TJRN_HOMEM_CONDENADO_ESTELIONATO_1782542916,TJRN,NAO,H:\Meu Drive\RADIO TJRN CONTEÚDO\00_PRODUCAO_2026\01_BOLETINS_DIARIOS\03_AUDIOS_RADIO\03 - MAR - 26\05 03 - QUI
MARÇO,NJUD 1835,BOLETIM_RADIO_TJRN_05_03_2026_B6_TJRN_RESPOSABILIDADE_REDE_SOCIAL__1782542916.mp3,05_03_2026,B6,TJRN_RESPOSABILIDADE_REDE_SOCIAL__1782542916,TJRN,NAO,H:\Meu Drive\RADIO TJRN CONTEÚDO\00_PRODUCAO_2026\01_BOLETINS_DIARIOS\03_AUDIOS_RADIO\03 - MAR - 26\05 03 - QUI
MARÇO,NJUD 1835,BOLETIM_RADIO_TJRN_05_03_2026_B7_TJRN_NOMEIA_13_APROVADOS__1782542916.mp3,05_03_2026,B7,TJRN_NOMEIA_13_APROVADOS__1782542916,TJRN,NAO,H:\Meu Drive\RADIO TJRN CONTEÚDO\00_PRODUCAO_2026\01_BOLETINS_DIARIOS\03_AUDIOS_RADIO\03 - MAR - 26\05 03 - QUI
MARÇO,NJUD 1836,BOLETIM_RADIO_TJRN_05_03_2026_B10_ESMARN_EDITAL_PROVA_PRATICA_1782542916.mp3,05_03_2026,B10,ESMARN_EDITAL_PROVA_PRATICA_1782542916,ESMARN,NAO,H:\Meu Drive\RADIO TJRN CONTEÚDO\00_PRODUCAO_2026\01_BOLETINS_DIARIOS\03_AUDIOS_RADIO\03 - MAR - 26\05 03 - QUI
MARÇO,NJUD 1836,BOLETIM_RADIO_TJRN_05_03_2026_B8_DPERN_JARDIM_PRIMAVERA__1782542916.mp3,05_03_2026,B8,DPERN_JARDIM_PRIMAVERA__1782542916,DPERN,SIM,H:\Meu Drive\RADIO TJRN CONTEÚDO\00_PRODUCAO_2026\01_BOLETINS_DIARIOS\03_AUDIOS_RADIO\03 - MAR - 26\05 03 - QUI
MARÇO,NJUD 1836,BOLETIM_RADIO_TJRN_05_03_2026_B9_TRTRN_ASSISTENTE_VIRTUAL_1782542916.mp3,05_03_2026,B9,TRTRN_ASSISTENTE_VIRTUAL_1782542916,TRTRN,SIM,H:\Meu Drive\RADIO TJRN CONTEÚDO\00_PRODUCAO_2026\01_BOLETINS_DIARIOS\03_AUDIOS_RADIO\03 - MAR - 26\05 03 - QUI
MARÇO,NJUD 1836,BOLETIM_RADIO_TJRN_06_03_2026_B1_TJRN_DETERMINA_RESTITUICAO_DOBRO.mp3,06_03_2026,B1,TJRN_DETERMINA_RESTITUICAO_DOBRO,TJRN,NAO,H:\Meu Drive\RADIO TJRN CONTEÚDO\00_PRODUCAO_2026\01_BOLETINS_DIARIOS\03_AUDIOS_RADIO\03 - MAR - 26\06 03 - SEX
MARÇO,NJUD 1837,BOLETIM_RADIO_TJRN_06_03_2026_B2_TJRN_VALOR_COPARTICIPACAO_.mp3,06_03_2026,B2,TJRN_VALOR_COPARTICIPACAO_,TJRN,NAO,H:\Meu Drive\RADIO TJRN CONTEÚDO\00_PRODUCAO_2026\01_BOLETINS_DIARIOS\03_AUDIOS_RADIO\03 - MAR - 26\06 03 - SEX
MARÇO,NJUD 1837,BOLETIM_RADIO_TJRN_06_03_2026_B3_TJRN_CAMPESTRE_PROCESSO_SELETIVO_.mp3,06_03_2026,B3,TJRN_CAMPESTRE_PROCESSO_SELETIVO_,TJRN,NAO,H:\Meu Drive\RADIO TJRN CONTEÚDO\00_PRODUCAO_2026\01_BOLETINS_DIARIOS\03_AUDIOS_RADIO\03 - MAR - 26\06 03 - SEX
MARÇO,NJUD 1837,BOLETIM_RADIO_TJRN_06_03_2026_B4_TJRN_REDE_SOCIAL_DECISAO_.mp3,06_03_2026,B4,TJRN_REDE_SOCIAL_DECISAO_,TJRN,NAO,H:\Meu Drive\RADIO TJRN CONTEÚDO\00_PRODUCAO_2026\01_BOLETINS_DIARIOS\03_AUDIOS_RADIO\03 - MAR - 26\06 03 - SEX
MARÇO,NJUD 1837,BOLETIM_RADIO_TJRN_06_03_2026_B5_TJRN_HOMEM_CONDENADO_ROUBO.mp3,06_03_2026,B5,TJRN_HOMEM_CONDENADO_ROUBO,TJRN,NAO,H:\Meu Drive\RADIO TJRN CONTEÚDO\00_PRODUCAO_2026\01_BOLETINS_DIARIOS\03_AUDIOS_RADIO\03 - MAR - 26\06 03 - SEX
MARÇO,NJUD 1838,BOLETIM_RADIO_TJRN_06_03_2026_B6_TJRN_FUNDACAO_EX_EMPREGADOS_TELERN_.mp3,06_03_2026,B6,TJRN_FUNDACAO_EX_EMPREGADOS_TELERN_,TJRN,NAO,H:\Meu Drive\RADIO TJRN CONTEÚDO\00_PRODUCAO_2026\01_BOLETINS_DIARIOS\03_AUDIOS_RADIO\03 - MAR - 26\06 03 - SEX
MARÇO,NJUD 1838,BOLETIM_RADIO_TJRN_06_03_2026_B7_TJRN_DESOCUPACAO_IMOVEIS_FELIPE_CAMARAO_.mp3,06_03_2026,B7,TJRN_DESOCUPACAO_IMOVEIS_FELIPE_CAMARAO_,TJRN,NAO,H:\Meu Drive\RADIO TJRN CONTEÚDO\00_PRODUCAO_2026\01_BOLETINS_DIARIOS\03_AUDIOS_RADIO\03 - MAR - 26\06 03 - SEX
MARÇO,NJUD 1838,BOLETIM_RADIO_TJRN_06_03_2026_B8_TJRN_PAU_FERROS_PROCESSO_SELETIVO_.mp3,06_03_2026,B8,TJRN_PAU_FERROS_PROCESSO_SELETIVO_,TJRN,NAO,H:\Meu Drive\RADIO TJRN CONTEÚDO\00_PRODUCAO_2026\01_BOLETINS_DIARIOS\03_AUDIOS_RADIO\03 - MAR - 26\06 03 - SEX
MARÇO,NJUD 1838,BOLETIM_RADIO_TJRN_06_03_2026_B9_TRTRN_PROCURADORA_CHEFE_UNIAO.mp3,06_03_2026,B9,TRTRN_PROCURADORA_CHEFE_UNIAO,TRTRN,SIM,H:\Meu Drive\RADIO TJRN CONTEÚDO\00_PRODUCAO_2026\01_BOLETINS_DIARIOS\03_AUDIOS_RADIO\03 - MAR - 26\06 03 - SEX
MARÇO,NJUD 1839,BOLETIM_RADIO_TJRN_06_03_2026_B10_DPERN_MEDICAMENTO_ALTO_CUSTO.mp3,06_03_2026,B10,DPERN_MEDICAMENTO_ALTO_CUSTO,DPERN,SIM,H:\Meu Drive\RADIO TJRN CONTEÚDO\00_PRODUCAO_2026\01_BOLETINS_DIARIOS\03_AUDIOS_RADIO\03 - MAR - 26\06 03 - SEX
MARÇO,NJUD 1839,BOLETIM_RADIO_TJRN_09_03_2026_B5_TJRN_SUSPENDE_ATO_PARELHAS.mp3,09_03_2026,B5,TJRN_SUSPENDE_ATO_PARELHAS,TJRN,NAO,H:\Meu Drive\RADIO TJRN CONTEÚDO\00_PRODUCAO_2026\01_BOLETINS_DIARIOS\03_AUDIOS_RADIO\03 - MAR - 26\09 03 - SEG
MARÇO,NJUD 1839,BOLETIM_RADIO_TJRN_09_03_2026_B6_TJRN_ENCONTRO_JUIZES_VIRTUAL_.mp3,09_03_2026,B6,TJRN_ENCONTRO_JUIZES_VIRTUAL_,TJRN,NAO,H:\Meu Drive\RADIO TJRN CONTEÚDO\00_PRODUCAO_2026\01_BOLETINS_DIARIOS\03_AUDIOS_RADIO\03 - MAR - 26\09 03 - SEG
MARÇO,NJUD 1839,BOLETIM_RADIO_TJRN_09_03_2026_B7_TJRN_MUTIRAO_CONCILIACAO_.mp3,09_03_2026,B7,TJRN_MUTIRAO_CONCILIACAO_,TJRN,NAO,H:\Meu Drive\RADIO TJRN CONTEÚDO\00_PRODUCAO_2026\01_BOLETINS_DIARIOS\03_AUDIOS_RADIO\03 - MAR - 26\09 03 - SEG
MARÇO,NJUD 1840,BOLETIM_RADIO_TJRN_09_03_2026_B9_TJRN_EMPRESAS_CONDENADAS_RESTITUIR_VALORES.mp3,09_03_2026,B9,TJRN_EMPRESAS_CONDENADAS_RESTITUIR_VALORES,TJRN,NAO,H:\Meu Drive\RADIO TJRN CONTEÚDO\00_PRODUCAO_2026\01_BOLETINS_DIARIOS\03_AUDIOS_RADIO\03 - MAR - 26\09 03 - SEG
MARÇO,NJUD 1840,BOLETIM_RADIO_TJRN_09_03_2026_B1_DESCREDENCIAMENTO_PLANO_SAUDE.mp3,09_03_2026,B1,DESCREDENCIAMENTO_PLANO_SAUDE,DESCREDENCIAMENTO,NAO,H:\Meu Drive\RADIO TJRN CONTEÚDO\00_PRODUCAO_2026\01_BOLETINS_DIARIOS\03_AUDIOS_RADIO\03 - MAR - 26\09 03 - SEG
MARÇO,NJUD 1840,BOLETIM_RADIO_TJRN_09_03_2026_B2_INDENIZACAO_FAMILIA_MORTE_IDOSA.mp3,09_03_2026,B2,INDENIZACAO_FAMILIA_MORTE_IDOSA,INDENIZACAO,NAO,H:\Meu Drive\RADIO TJRN CONTEÚDO\00_PRODUCAO_2026\01_BOLETINS_DIARIOS\03_AUDIOS_RADIO\03 - MAR - 26\09 03 - SEG
MARÇO,NJUD 1840,BOLETIM_RADIO_TJRN_09_03_2026_B3_CIRURGIA_GLAUCOMA_AVANCADO.mp3,09_03_2026,B3,CIRURGIA_GLAUCOMA_AVANCADO,CIRURGIA,NAO,H:\Meu Drive\RADIO TJRN CONTEÚDO\00_PRODUCAO_2026\01_BOLETINS_DIARIOS\03_AUDIOS_RADIO\03 - MAR - 26\09 03 - SEG
MARÇO,NJUD 1841,BOLETIM_RADIO_TJRN_09_03_2026_B4_ANULACAO_ATO_POSSE_CONCURSO.mp3,09_03_2026,B4,ANULACAO_ATO_POSSE_CONCURSO,ANULACAO,NAO,H:\Meu Drive\RADIO TJRN CONTEÚDO\00_PRODUCAO_2026\01_BOLETINS_DIARIOS\03_AUDIOS_RADIO\03 - MAR - 26\09 03 - SEG
MARÇO,NJUD 1841,BOLETIM_RADIO_TJRN_09_03_2026_B8_FURTO_ESTACIONAMENTO_INDENIZACAO.mp3,09_03_2026,B8,FURTO_ESTACIONAMENTO_INDENIZACAO,FURTO,NAO,H:\Meu Drive\RADIO TJRN CONTEÚDO\00_PRODUCAO_2026\01_BOLETINS_DIARIOS\03_AUDIOS_RADIO\03 - MAR - 26\09 03 - SEG
MARÇO,NJUD 1841,BOLETIM_RADIO_TJRN_09_03_2026_B10_TRTRN_ACORDO_CEJUSC_MOSSORO_.mp3,09_03_2026,B10,TRTRN_ACORDO_CEJUSC_MOSSORO_,TRTRN,SIM,H:\Meu Drive\RADIO TJRN CONTEÚDO\00_PRODUCAO_2026\01_BOLETINS_DIARIOS\03_AUDIOS_RADIO\03 - MAR - 26\09 03 - SEG
MARÇO,NJUD 1841,BOLETIM_RADIO_TJRN_10_03_2026_B1_TJRN_DEFEITO_MAQUINA_VENDAS_PREJUIZO.mp3,10_03_2026,B1,TJRN_DEFEITO_MAQUINA_VENDAS_PREJUIZO,TJRN,NAO,H:\Meu Drive\RADIO TJRN CONTEÚDO\00_PRODUCAO_2026\01_BOLETINS_DIARIOS\03_AUDIOS_RADIO\03 - MAR - 26\10 03 - TER
MARÇO,NJUD 1842,BOLETIM_RADIO_TJRN_10_03_2026_B2_TJRN_FURTO_ESTACIONAMENTO_.mp3,10_03_2026,B2,TJRN_FURTO_ESTACIONAMENTO_,TJRN,NAO,H:\Meu Drive\RADIO TJRN CONTEÚDO\00_PRODUCAO_2026\01_BOLETINS_DIARIOS\03_AUDIOS_RADIO\03 - MAR - 26\10 03 - TER
MARÇO,NJUD 1842,BOLETIM_RADIO_TJRN_10_03_2026_B3_TJRN_PLANO_SAUDE_SENSOR_GLICOSE.mp3,10_03_2026,B3,TJRN_PLANO_SAUDE_SENSOR_GLICOSE,TJRN,NAO,H:\Meu Drive\RADIO TJRN CONTEÚDO\00_PRODUCAO_2026\01_BOLETINS_DIARIOS\03_AUDIOS_RADIO\03 - MAR - 26\10 03 - TER
MARÇO,NJUD 1842,BOLETIM_RADIO_TJRN_10_03_2026_B4_TJRN_NEGA_BLOQUEIO_VERBAS_.mp3,10_03_2026,B4,TJRN_NEGA_BLOQUEIO_VERBAS_,TJRN,NAO,H:\Meu Drive\RADIO TJRN CONTEÚDO\00_PRODUCAO_2026\01_BOLETINS_DIARIOS\03_AUDIOS_RADIO\03 - MAR - 26\10 03 - TER
MARÇO,NJUD 1842,BOLETIM_RADIO_TJRN_10_03_2026_B5_TJRN_COMARCA_SAO_MIGUEL_.mp3,10_03_2026,B5,TJRN_COMARCA_SAO_MIGUEL_,TJRN,NAO,H:\Meu Drive\RADIO TJRN CONTEÚDO\00_PRODUCAO_2026\01_BOLETINS_DIARIOS\03_AUDIOS_RADIO\03 - MAR - 26\10 03 - TER
MARÇO,NJUD 1843,BOLETIM_RADIO_TJRN_10_03_2026_B6_TJRN_PARTICIPACAO_ATLETA_CAMPEONATO.mp3,10_03_2026,B6,TJRN_PARTICIPACAO_ATLETA_CAMPEONATO,TJRN,NAO,H:\Meu Drive\RADIO TJRN CONTEÚDO\00_PRODUCAO_2026\01_BOLETINS_DIARIOS\03_AUDIOS_RADIO\03 - MAR - 26
MARÇO,NJUD 1843,BOLETIM_RADIO_TJRN_10_03_2026_B7_TJRN_PARNAMIRIM_ESTAGIO_DIREITO_.mp3,10_03_2026,B7,TJRN_PARNAMIRIM_ESTAGIO_DIREITO_,TJRN,NAO,H:\Meu Drive\RADIO TJRN CONTEÚDO\00_PRODUCAO_2026\01_BOLETINS_DIARIOS\03_AUDIOS_RADIO\03 - MAR - 26
MARÇO,NJUD 1843,BOLETIM_RADIO_TJRN_10_03_2026_B8_TJRN_EMPRESA_SETOR_INFORMATICA_.mp3,10_03_2026,B8,TJRN_EMPRESA_SETOR_INFORMATICA_,TJRN,NAO,H:\Meu Drive\RADIO TJRN CONTEÚDO\00_PRODUCAO_2026\01_BOLETINS_DIARIOS\03_AUDIOS_RADIO\03 - MAR - 26
MARÇO,NJUD 1843,BOLETIM_RADIO_TJRN_10_03_2026_B9_TJRN_PRESTADOR_SERVICOS_ACUSADO_.mp3,10_03_2026,B9,TJRN_PRESTADOR_SERVICOS_ACUSADO_,TJRN,NAO,H:\Meu Drive\RADIO TJRN CONTEÚDO\00_PRODUCAO_2026\01_BOLETINS_DIARIOS\03_AUDIOS_RADIO\03 - MAR - 26
MARÇO,NJUD 1844,BOLETIM_RADIO_TJRN_10_03_2026_B10_TJRN_TERMO_GUIA_UNICA_ARRECADACAO_.mp3,10_03_2026,B10,TJRN_TERMO_GUIA_UNICA_ARRECADACAO_,TJRN,NAO,H:\Meu Drive\RADIO TJRN CONTEÚDO\00_PRODUCAO_2026\01_BOLETINS_DIARIOS\03_AUDIOS_RADIO\03 - MAR - 26
MARÇO,NJUD 1844,BOLETIM_RADIO_TJRN_11_03_2026_B1_TJRN_NEGLIGENCIA_MEDICA_ (1).mp3,11_03_2026,B1,TJRN_NEGLIGENCIA_MEDICA_ (1),TJRN,NAO,H:\Meu Drive\RADIO TJRN CONTEÚDO\00_PRODUCAO_2026\01_BOLETINS_DIARIOS\03_AUDIOS_RADIO\03 - MAR - 26\11 03 - QUA
MARÇO,NJUD 1844,BOLETIM_RADIO_TJRN_11_03_2026_B2_TJRN_EMPRESA_ONIBUS_CONDENADA_ (1).mp3,11_03_2026,B2,TJRN_EMPRESA_ONIBUS_CONDENADA_ (1),TJRN,NAO,H:\Meu Drive\RADIO TJRN CONTEÚDO\00_PRODUCAO_2026\01_BOLETINS_DIARIOS\03_AUDIOS_RADIO\03 - MAR - 26\11 03 - QUA
MARÇO,NJUD 1844,BOLETIM_RADIO_TJRN_11_03_2026_B3_TJRN_ACUSADO_MATAR_PREFEITO_ (1).mp3,11_03_2026,B3,TJRN_ACUSADO_MATAR_PREFEITO_ (1),TJRN,NAO,H:\Meu Drive\RADIO TJRN CONTEÚDO\00_PRODUCAO_2026\01_BOLETINS_DIARIOS\03_AUDIOS_RADIO\03 - MAR - 26\11 03 - QUA
MARÇO,NJUD 1845,BOLETIM_RADIO_TJRN_11_03_2026_B4_TJRN_JUIZADO_VIOLENCIA_DOMESTICA (1).mp3,11_03_2026,B4,TJRN_JUIZADO_VIOLENCIA_DOMESTICA (1),TJRN,NAO,H:\Meu Drive\RADIO TJRN CONTEÚDO\00_PRODUCAO_2026\01_BOLETINS_DIARIOS\03_AUDIOS_RADIO\03 - MAR - 26\11 03 - QUA
MARÇO,NJUD 1845,BOLETIM_RADIO_TJRN_11_03_2026_B5_TJRN_LIVRO_IMPACTOS_FEMINICIDIOS_ (1).mp3,11_03_2026,B5,TJRN_LIVRO_IMPACTOS_FEMINICIDIOS_ (1),TJRN,NAO,H:\Meu Drive\RADIO TJRN CONTEÚDO\00_PRODUCAO_2026\01_BOLETINS_DIARIOS\03_AUDIOS_RADIO\03 - MAR - 26\11 03 - QUA
MARÇO,NJUD 1845,BOLETIM_RADIO_TJRN_11_03_2026_B6_TRERN_82_ATENDIMENTOS_.mp3,11_03_2026,B6,TRERN_82_ATENDIMENTOS_,TRERN,NAO,H:\Meu Drive\RADIO TJRN CONTEÚDO\00_PRODUCAO_2026\01_BOLETINS_DIARIOS\03_AUDIOS_RADIO\03 - MAR - 26\11 03 - QUA
MARÇO,NJUD 1845,BOLETIM_RADIO_TJRN_11_03_2026_B8_ESTAGIO_POS_ALEXANDRIA.mp3,11_03_2026,B8,ESTAGIO_POS_ALEXANDRIA,ESTAGIO,NAO,H:\Meu Drive\RADIO TJRN CONTEÚDO\00_PRODUCAO_2026\01_BOLETINS_DIARIOS\03_AUDIOS_RADIO\03 - MAR - 26\11 03 - QUA
MARÇO,NJUD 1846,BOLETIM_RADIO_TJRN_11_03_2026_B9_AFASTAMENTO_CURSO_FORMACAO.mp3,11_03_2026,B9,AFASTAMENTO_CURSO_FORMACAO,AFASTAMENTO,NAO,H:\Meu Drive\RADIO TJRN CONTEÚDO\00_PRODUCAO_2026\01_BOLETINS_DIARIOS\03_AUDIOS_RADIO\03 - MAR - 26\11 03 - QUA
MARÇO,NJUD 1846,BOLETIM_RADIO_TJRN_11_03_2026_B10_CRONOGRAMA_OBRAS.mp3,11_03_2026,B10,CRONOGRAMA_OBRAS,CRONOGRAMA,NAO,H:\Meu Drive\RADIO TJRN CONTEÚDO\00_PRODUCAO_2026\01_BOLETINS_DIARIOS\03_AUDIOS_RADIO\03 - MAR - 26\11 03 - QUA
MARÇO,NJUD 1846,BOLETIM_RADIO_TJRN_11_03_2026_B7_CNJ_TRIBUNAIS_FERRAMENTA_IA_.mp3,11_03_2026,B7,CNJ_TRIBUNAIS_FERRAMENTA_IA_,CNJ,SIM,H:\Meu Drive\RADIO TJRN CONTEÚDO\00_PRODUCAO_2026\01_BOLETINS_DIARIOS\03_AUDIOS_RADIO\03 - MAR - 26\11 03 - QUA
MARÇO,NJUD 1846,BOLETIM_RADIO_TJRN_12_03_2026_B1_TJRN_MANTIDA_LEGALIDADE_NOMEACOES_.mp3,12_03_2026,B1,TJRN_MANTIDA_LEGALIDADE_NOMEACOES_,TJRN,NAO,H:\Meu Drive\RADIO TJRN CONTEÚDO\00_PRODUCAO_2026\01_BOLETINS_DIARIOS\03_AUDIOS_RADIO\03 - MAR - 26\12 03 - QUI
MARÇO,NJUD 1847,BOLETIM_RADIO_TJRN_12_03_2026_B2_TJRN_EMPRESA_BLACK_FRIDAY.mp3,12_03_2026,B2,TJRN_EMPRESA_BLACK_FRIDAY,TJRN,NAO,H:\Meu Drive\RADIO TJRN CONTEÚDO\00_PRODUCAO_2026\01_BOLETINS_DIARIOS\03_AUDIOS_RADIO\03 - MAR - 26\12 03 - QUI
MARÇO,NJUD 1847,BOLETIM_RADIO_TJRN_12_03_2026_B3_TJRN_EDITAL_FORMACAO_MANUTENCAO_.mp3,12_03_2026,B3,TJRN_EDITAL_FORMACAO_MANUTENCAO_,TJRN,NAO,H:\Meu Drive\RADIO TJRN CONTEÚDO\00_PRODUCAO_2026\01_BOLETINS_DIARIOS\03_AUDIOS_RADIO\03 - MAR - 26\12 03 - QUI
MARÇO,NJUD 1847,BOLETIM_RADIO_TJRN_12_03_2026_B4_TJRN_TOUROS_PROCESSO_SELETIVO_.mp3,12_03_2026,B4,TJRN_TOUROS_PROCESSO_SELETIVO_,TJRN,NAO,H:\Meu Drive\RADIO TJRN CONTEÚDO\00_PRODUCAO_2026\01_BOLETINS_DIARIOS\03_AUDIOS_RADIO\03 - MAR - 26\12 03 - QUI
MARÇO,NJUD 1847,BOLETIM_RADIO_TJRN_12_03_2026_B5_TJRN_COMITE_GESTOR_PENAS_PECUNIARIAS_.mp3,12_03_2026,B5,TJRN_COMITE_GESTOR_PENAS_PECUNIARIAS_,TJRN,NAO,H:\Meu Drive\RADIO TJRN CONTEÚDO\00_PRODUCAO_2026\01_BOLETINS_DIARIOS\03_AUDIOS_RADIO\03 - MAR - 26\12 03 - QUI
MARÇO,NJUD 1848,BOLETIM_RADIO_TJRN_12_03_2026_B6_TJRN_CEJUSC_CEARA_MIRIM_ACORDO_.mp3,12_03_2026,B6,TJRN_CEJUSC_CEARA_MIRIM_ACORDO_,TJRN,NAO,H:\Meu Drive\RADIO TJRN CONTEÚDO\00_PRODUCAO_2026\01_BOLETINS_DIARIOS\03_AUDIOS_RADIO\03 - MAR - 26\12 03 - QUI
MARÇO,NJUD 1848,BOLETIM_RADIO_TJRN_12_03_2026_B7_TJRN_EDITAL_PROJETOS_SOCIAIS_.mp3,12_03_2026,B7,TJRN_EDITAL_PROJETOS_SOCIAIS_,TJRN,NAO,H:\Meu Drive\RADIO TJRN CONTEÚDO\00_PRODUCAO_2026\01_BOLETINS_DIARIOS\03_AUDIOS_RADIO\03 - MAR - 26\12 03 - QUI
MARÇO,NJUD 1848,BOLETIM_RADIO_TJRN_12_03_2026_B8_TJRN_VARA_ANGICOS_EDITAL_.mp3,12_03_2026,B8,TJRN_VARA_ANGICOS_EDITAL_,TJRN,NAO,H:\Meu Drive\RADIO TJRN CONTEÚDO\00_PRODUCAO_2026\01_BOLETINS_DIARIOS\03_AUDIOS_RADIO\03 - MAR - 26\12 03 - QUI
MARÇO,NJUD 1848,BOLETIM_RADIO_TJRN_12_03_2026_B9_DPERN_EDITAL_DOACAO_VEICULOS_.mp3,12_03_2026,B9,DPERN_EDITAL_DOACAO_VEICULOS_,DPERN,SIM,H:\Meu Drive\RADIO TJRN CONTEÚDO\00_PRODUCAO_2026\01_BOLETINS_DIARIOS\03_AUDIOS_RADIO\03 - MAR - 26\12 03 - QUI
