arquivo,data,num_projetado,status
F:\Projetos\DIVISOR\data\processed\JORNAIS_DIVIDIDOS\JORNAIS_DIVIDIDOS\NJUD 1854\BOLETIM_RADIO_TJRN_08_04_2026_B4_TJRN_PLANO_SAUDE_CONDENADO_CIRURGIA_OCULAR__CABECA.mp3,08/04/2026,1846,pronto_renomear
F:\Projetos\DIVISOR\data\processed\JORNAIS_DIVIDIDOS\JORNAIS_DIVIDIDOS\NJUD 1854\BOLETIM_RADIO_TJRN_08_04_2026_B4_TJRN_PLANO_SAUDE_CONDENADO_CIRURGIA_OCULAR__CORPO.mp3,08/04/2026,1846,pronto_renomear
F:\Projetos\DIVISOR\data\processed\JORNAIS_DIVIDIDOS\JORNAIS_DIVIDIDOS\NJUD 1876\BOLETIM_RADIO_TJRN_08_05_2026_B9_TJRN_CURSO_INEDITO_GESTAO_RISCOS__1782542566_CABECA.mp3,08/05/2026,1866,pronto_renomear
F:\Projetos\DIVISOR\data\processed\JORNAIS_DIVIDIDOS\JORNAIS_DIVIDIDOS\NJUD 1876\BOLETIM_RADIO_TJRN_08_05_2026_B9_TJRN_CURSO_INEDITO_GESTAO_RISCOS__1782542566_CORPO.mp3,08/05/2026,1866,pronto_renomear
F:\Projetos\DIVISOR\data\processed\JORNAIS_DIVIDIDOS\JORNAIS_DIVIDIDOS\NJUD 1877\BOLETIM_RADIO_TJRN_08_05_2026_B6_VIOLENCIA_DOMESTICA_MANTIDA_PRISAO_1782542565_CABECA.mp3,08/05/2026,1866,pronto_renomear
F:\Projetos\DIVISOR\data\processed\JORNAIS_DIVIDIDOS\JORNAIS_DIVIDIDOS\NJUD 1877\BOLETIM_RADIO_TJRN_08_05_2026_B6_VIOLENCIA_DOMESTICA_MANTIDA_PRISAO_1782542565_CORPO.mp3,08/05/2026,1866,pronto_renomear
F:\Projetos\DIVISOR\data\processed\JORNAIS_DIVIDIDOS\JORNAIS_DIVIDIDOS\NJUD 1878\BOLETIM_RADIO_TJRN_08_05_2026_B10_TRTRN_REGISTRO_POSTO_SAUDE_1782542566_CABECA.mp3,08/05/2026,1866,pronto_renomear
F:\Projetos\DIVISOR\data\processed\JORNAIS_DIVIDIDOS\JORNAIS_DIVIDIDOS\NJUD 1878\BOLETIM_RADIO_TJRN_08_05_2026_B10_TRTRN_REGISTRO_POSTO_SAUDE_1782542566_CORPO.mp3,08/05/2026,1866,pronto_renomear
F:\Projetos\DIVISOR\data\processed\JORNAIS_DIVIDIDOS\_trabalho\BOLETIM_RADIO_TJRN_14_04_2026_B10_INDENIZACAO_ALAGAMENTO_RESIDENCIA.mp3,14/04/2026,1850,pronto_renomear
F:\Projetos\DIVISOR\data\processed\JORNAIS_DIVIDIDOS\_trabalho\BOLETIM_RADIO_TJRN_14_04_2026_B9_CONDENACAO_GOLPE_IDOSA.mp3,14/04/2026,1850,pronto_renomear
F:\Projetos\DIVISOR\data\processed\JORNAIS_DIVIDIDOS_JUN_JUL_AGO_2026\BOLETIM_RADIO_TJRN_26_03_2026_B10_MPRN_FOTOTERAPIA_PAU_DOS_FERROS_CABECA.mp3,26/03/2026,1838,pronto_renomear
F:\Projetos\DIVISOR\data\processed\JORNAIS_DIVIDIDOS_JUN_JUL_AGO_2026\BOLETIM_RADIO_TJRN_26_03_2026_B10_MPRN_FOTOTERAPIA_PAU_DOS_FERROS_CORPO.mp3,26/03/2026,1838,pronto_renomear
F:\Projetos\DIVISOR\data\processed\JORNAIS_DIVIDIDOS_JUN_JUL_AGO_2026\BOLETIM_RADIO_TJRN_26_03_2026_B10_TRTRN_MOBILIZACAO_RODOVIARIA__CABECA.mp3,26/03/2026,1838,pronto_renomear
F:\Projetos\DIVISOR\data\processed\JORNAIS_DIVIDIDOS_JUN_JUL_AGO_2026\BOLETIM_RADIO_TJRN_26_03_2026_B10_TRTRN_MOBILIZACAO_RODOVIARIA__CORPO.mp3,26/03/2026,1838,pronto_renomear
F:\Projetos\DIVISOR\data\processed\JORNAIS_DIVIDIDOS_JUN_JUL_AGO_2026\BOLETIM_RADIO_TJRN_26_03_2026_B1_INDENIZACAO_FALTA_ENERGIA_MAE_NJUD_CABECA.mp3,26/03/2026,1838,pronto_renomear
F:\Projetos\DIVISOR\data\processed\JORNAIS_DIVIDIDOS_JUN_JUL_AGO_2026\BOLETIM_RADIO_TJRN_26_03_2026_B1_INDENIZACAO_FALTA_ENERGIA_MAE_NJUD_CORPO.mp3,26/03/2026,1838,pronto_renomear
F:\Projetos\DIVISOR\data\processed\JORNAIS_DIVIDIDOS_JUN_JUL_AGO_2026\BOLETIM_RADIO_TJRN_26_03_2026_B1_INDENIZACAO_SERVICOS_TELEFONIA_NJUD_1915_CABECA.mp3,26/03/2026,1838,pronto_renomear
F:\Projetos\DIVISOR\data\processed\JORNAIS_DIVIDIDOS_JUN_JUL_AGO_2026\BOLETIM_RADIO_TJRN_26_03_2026_B1_INDENIZACAO_SERVICOS_TELEFONIA_NJUD_1915_CORPO.mp3,26/03/2026,1838,pronto_renomear
F:\Projetos\DIVISOR\data\processed\JORNAIS_DIVIDIDOS_JUN_JUL_AGO_2026\BOLETIM_RADIO_TJRN_26_03_2026_B1_MUTIRAO_POP_RUA_JUD_NJUD_1929_CABECA.mp3,26/03/2026,1838,pronto_renomear
F:\Projetos\DIVISOR\data\processed\JORNAIS_DIVIDIDOS_JUN_JUL_AGO_2026\BOLETIM_RADIO_TJRN_26_03_2026_B1_MUTIRAO_POP_RUA_JUD_NJUD_1929_CORPO.mp3,26/03/2026,1838,pronto_renomear
F:\Projetos\DIVISOR\data\processed\JORNAIS_DIVIDIDOS_JUN_JUL_AGO_2026\BOLETIM_RADIO_TJRN_26_03_2026_B1_TJRN_MOTOCICLISTA_SERA_INDENIZADO_1923_CABECA.mp3,26/03/2026,1838,pronto_renomear
F:\Projetos\DIVISOR\data\processed\JORNAIS_DIVIDIDOS_JUN_JUL_AGO_2026\BOLETIM_RADIO_TJRN_26_03_2026_B1_TJRN_MOTOCICLISTA_SERA_INDENIZADO_1923_CORPO.mp3,26/03/2026,1838,pronto_renomear
F:\Projetos\DIVISOR\data\processed\JORNAIS_DIVIDIDOS_JUN_JUL_AGO_2026\BOLETIM_RADIO_TJRN_26_03_2026_B2_DEVOLUCAO_SINAL_PAGO_EMPRESA_NJUD_CABECA.mp3,26/03/2026,1838,pronto_renomear
F:\Projetos\DIVISOR\data\processed\JORNAIS_DIVIDIDOS_JUN_JUL_AGO_2026\BOLETIM_RADIO_TJRN_26_03_2026_B2_DEVOLUCAO_SINAL_PAGO_EMPRESA_NJUD_CORPO.mp3,26/03/2026,1838,pronto_renomear
F:\Projetos\DIVISOR\data\processed\JORNAIS_DIVIDIDOS_JUN_JUL_AGO_2026\BOLETIM_RADIO_TJRN_26_03_2026_B2_INCONSTITUCIONALIDADE_LOTERIA_ITAJA_CABECA.mp3,26/03/2026,1838,pronto_renomear
F:\Projetos\DIVISOR\data\processed\JORNAIS_DIVIDIDOS_JUN_JUL_AGO_2026\BOLETIM_RADIO_TJRN_26_03_2026_B2_INCONSTITUCIONALIDADE_LOTERIA_ITAJA_CORPO.mp3,26/03/2026,1838,pronto_renomear
F:\Projetos\DIVISOR\data\processed\JORNAIS_DIVIDIDOS_JUN_JUL_AGO_2026\BOLETIM_RADIO_TJRN_26_03_2026_B2_TJRN_JUIZES_POSSE_TJCE_CABECA.mp3,26/03/2026,1838,pronto_renomear
F:\Projetos\DIVISOR\data\processed\JORNAIS_DIVIDIDOS_JUN_JUL_AGO_2026\BOLETIM_RADIO_TJRN_26_03_2026_B2_TJRN_JUIZES_POSSE_TJCE_CORPO.mp3,26/03/2026,1838,pronto_renomear
F:\Projetos\DIVISOR\data\processed\JORNAIS_DIVIDIDOS_JUN_JUL_AGO_2026\BOLETIM_RADIO_TJRN_26_03_2026_B2_TJRN_PENAS_PECUNIARIAS_NISIA_FLORESTA_NJUD_1929_CABECA.mp3,26/03/2026,1838,pronto_renomear
F:\Projetos\DIVISOR\data\processed\JORNAIS_DIVIDIDOS_JUN_JUL_AGO_2026\BOLETIM_RADIO_TJRN_26_03_2026_B2_TJRN_PENAS_PECUNIARIAS_NISIA_FLORESTA_NJUD_1929_CORPO.mp3,26/03/2026,1838,pronto_renomear
F:\Projetos\DIVISOR\data\processed\JORNAIS_DIVIDIDOS_JUN_JUL_AGO_2026\BOLETIM_RADIO_TJRN_26_03_2026_B3_CONDENACAO_HOMEM_AMEACA_VIZINHA_NJUD_CABECA.mp3,26/03/2026,1838,pronto_renomear
F:\Projetos\DIVISOR\data\processed\JORNAIS_DIVIDIDOS_JUN_JUL_AGO_2026\BOLETIM_RADIO_TJRN_26_03_2026_B3_CONDENACAO_HOMEM_AMEACA_VIZINHA_NJUD_CORPO.mp3,26/03/2026,1838,pronto_renomear
F:\Projetos\DIVISOR\data\processed\JORNAIS_DIVIDIDOS_JUN_JUL_AGO_2026\BOLETIM_RADIO_TJRN_26_03_2026_B3_REDUCAO_MULTA_CONTRATO_NJUD_1915_CABECA.mp3,26/03/2026,1838,pronto_renomear
F:\Projetos\DIVISOR\data\processed\JORNAIS_DIVIDIDOS_JUN_JUL_AGO_2026\BOLETIM_RADIO_TJRN_26_03_2026_B3_REDUCAO_MULTA_CONTRATO_NJUD_1915_CORPO.mp3,26/03/2026,1838,pronto_renomear
F:\Projetos\DIVISOR\data\processed\JORNAIS_DIVIDIDOS_JUN_JUL_AGO_2026\BOLETIM_RADIO_TJRN_26_03_2026_B3_TJRN_CEJUSC_NOVA_CRUZ_PROCESSO_SELETIVO__CABECA.mp3,26/03/2026,1838,pronto_renomear
F:\Projetos\DIVISOR\data\processed\JORNAIS_DIVIDIDOS_JUN_JUL_AGO_2026\BOLETIM_RADIO_TJRN_26_03_2026_B3_TJRN_CEJUSC_NOVA_CRUZ_PROCESSO_SELETIVO__CORPO.mp3,26/03/2026,1838,pronto_renomear
F:\Projetos\DIVISOR\data\processed\JORNAIS_DIVIDIDOS_JUN_JUL_AGO_2026\BOLETIM_RADIO_TJRN_26_03_2026_B3_TJRN_LITERATURA_CARCERE_FLIP_2026_CABECA.mp3,26/03/2026,1838,pronto_renomear
F:\Projetos\DIVISOR\data\processed\JORNAIS_DIVIDIDOS_JUN_JUL_AGO_2026\BOLETIM_RADIO_TJRN_26_03_2026_B3_TJRN_LITERATURA_CARCERE_FLIP_2026_CORPO.mp3,26/03/2026,1838,pronto_renomear
F:\Projetos\DIVISOR\data\processed\JORNAIS_DIVIDIDOS_JUN_JUL_AGO_2026\BOLETIM_RADIO_TJRN_26_03_2026_B4_COBRANCA_INDENIVA_TRANSPORTE_APLICATIVO_NJUD_1915_CABECA.mp3,26/03/2026,1838,pronto_renomear
F:\Projetos\DIVISOR\data\processed\JORNAIS_DIVIDIDOS_JUN_JUL_AGO_2026\BOLETIM_RADIO_TJRN_26_03_2026_B4_COBRANCA_INDENIVA_TRANSPORTE_APLICATIVO_NJUD_1915_CORPO.mp3,26/03/2026,1838,pronto_renomear
F:\Projetos\DIVISOR\data\processed\JORNAIS_DIVIDIDOS_JUN_JUL_AGO_2026\BOLETIM_RADIO_TJRN_26_03_2026_B4_TJRN_MANTIDA_REMUNERACAO_PM_NJUD_1923_CABECA.mp3,26/03/2026,1838,pronto_renomear
F:\Projetos\DIVISOR\data\processed\JORNAIS_DIVIDIDOS_JUN_JUL_AGO_2026\BOLETIM_RADIO_TJRN_26_03_2026_B4_TJRN_MANTIDA_REMUNERACAO_PM_NJUD_1923_CORPO.mp3,26/03/2026,1838,pronto_renomear
F:\Projetos\DIVISOR\data\processed\JORNAIS_DIVIDIDOS_JUN_JUL_AGO_2026\BOLETIM_RADIO_TJRN_26_05_2026_B10_MPRN_ORIENTA_JARDIM_SERIDO_TAXI_CABECA.mp3,26/05/2026,1878,pronto_renomear
F:\Projetos\DIVISOR\data\processed\JORNAIS_DIVIDIDOS_JUN_JUL_AGO_2026\BOLETIM_RADIO_TJRN_26_05_2026_B10_MPRN_ORIENTA_JARDIM_SERIDO_TAXI_CORPO.mp3,26/05/2026,1878,pronto_renomear
F:\Projetos\DIVISOR\data\processed\JORNAIS_DIVIDIDOS_JUN_JUL_AGO_2026\BOLETIM_RADIO_TJRN_26_05_2026_B1_TJRN_EMPRESA_VAREJISTA_CONDENADA_NJUD_1917_CABECA.mp3,26/05/2026,1878,pronto_renomear
F:\Projetos\DIVISOR\data\processed\JORNAIS_DIVIDIDOS_JUN_JUL_AGO_2026\BOLETIM_RADIO_TJRN_26_05_2026_B1_TJRN_EMPRESA_VAREJISTA_CONDENADA_NJUD_1917_CORPO.mp3,26/05/2026,1878,pronto_renomear
F:\Projetos\DIVISOR\data\processed\JORNAIS_DIVIDIDOS_JUN_JUL_AGO_2026\BOLETIM_RADIO_TJRN_26_05_2026_B1_TJRN_NOVO_ARTIGO_REPORJURN_NJUD_1925_CABECA.mp3,26/05/2026,1878,pronto_renomear
F:\Projetos\DIVISOR\data\processed\JORNAIS_DIVIDIDOS_JUN_JUL_AGO_2026\BOLETIM_RADIO_TJRN_26_05_2026_B1_TJRN_NOVO_ARTIGO_REPORJURN_NJUD_1925_CORPO.mp3,26/05/2026,1878,pronto_renomear
F:\Projetos\DIVISOR\data\processed\JORNAIS_DIVIDIDOS_JUN_JUL_AGO_2026\BOLETIM_RADIO_TJRN_26_05_2026_B1_TJRN_PROJETO_ACESSIBILIDADE_FORUNS_NJUD_1930_CABECA.mp3,26/05/2026,1878,pronto_renomear
F:\Projetos\DIVISOR\data\processed\JORNAIS_DIVIDIDOS_JUN_JUL_AGO_2026\BOLETIM_RADIO_TJRN_26_05_2026_B1_TJRN_PROJETO_ACESSIBILIDADE_FORUNS_NJUD_1930_CORPO.mp3,26/05/2026,1878,pronto_renomear
F:\Projetos\DIVISOR\data\processed\JORNAIS_DIVIDIDOS_JUN_JUL_AGO_2026\BOLETIM_RADIO_TJRN_26_05_2026_B2_TJRN_CONSUMIDOR_GUINCHO_NOITE_NJUD_1917_CABECA.mp3,26/05/2026,1878,pronto_renomear
F:\Projetos\DIVISOR\data\processed\JORNAIS_DIVIDIDOS_JUN_JUL_AGO_2026\BOLETIM_RADIO_TJRN_26_05_2026_B2_TJRN_CONSUMIDOR_GUINCHO_NOITE_NJUD_1917_CORPO.mp3,26/05/2026,1878,pronto_renomear
F:\Projetos\DIVISOR\data\processed\JORNAIS_DIVIDIDOS_JUN_JUL_AGO_2026\BOLETIM_RADIO_TJRN_26_05_2026_B2_TJRN_ETAPAS_DO_CONCURSO_CABECA.mp3,26/05/2026,1878,pronto_renomear
F:\Projetos\DIVISOR\data\processed\JORNAIS_DIVIDIDOS_JUN_JUL_AGO_2026\BOLETIM_RADIO_TJRN_26_05_2026_B2_TJRN_ETAPAS_DO_CONCURSO_CORPO.mp3,26/05/2026,1878,pronto_renomear
F:\Projetos\DIVISOR\data\processed\JORNAIS_DIVIDIDOS_JUN_JUL_AGO_2026\BOLETIM_RADIO_TJRN_26_05_2026_B2_TJRN_INDISPONIBILIDADE_BENS_EX_PREFEITO_NJUD_1925_CABECA.mp3,26/05/2026,1878,pronto_renomear
F:\Projetos\DIVISOR\data\processed\JORNAIS_DIVIDIDOS_JUN_JUL_AGO_2026\BOLETIM_RADIO_TJRN_26_05_2026_B2_TJRN_INDISPONIBILIDADE_BENS_EX_PREFEITO_NJUD_1925_CORPO.mp3,26/05/2026,1878,pronto_renomear
F:\Projetos\DIVISOR\data\processed\JORNAIS_DIVIDIDOS_JUN_JUL_AGO_2026\BOLETIM_RADIO_TJRN_26_05_2026_B3_TJRN_1_VARA_PROCESSO_SELETIVO_NJUD_1925_CABECA.mp3,26/05/2026,1878,pronto_renomear
F:\Projetos\DIVISOR\data\processed\JORNAIS_DIVIDIDOS_JUN_JUL_AGO_2026\BOLETIM_RADIO_TJRN_26_05_2026_B3_TJRN_1_VARA_PROCESSO_SELETIVO_NJUD_1925_CORPO.mp3,26/05/2026,1878,pronto_renomear
F:\Projetos\DIVISOR\data\processed\JORNAIS_DIVIDIDOS_JUN_JUL_AGO_2026\BOLETIM_RADIO_TJRN_26_05_2026_B3_TJRN_COSERN_INDENIZA_MORADORA_INSTALACAO_NJUD_1917_CABECA.mp3,26/05/2026,1878,pronto_renomear
F:\Projetos\DIVISOR\data\processed\JORNAIS_DIVIDIDOS_JUN_JUL_AGO_2026\BOLETIM_RADIO_TJRN_26_05_2026_B3_TJRN_COSERN_INDENIZA_MORADORA_INSTALACAO_NJUD_1917_CORPO.mp3,26/05/2026,1878,pronto_renomear
F:\Projetos\DIVISOR\data\processed\JORNAIS_DIVIDIDOS_JUN_JUL_AGO_2026\BOLETIM_RADIO_TJRN_26_05_2026_B3_TJRN_MANTEM_CONDENACAO_APODI_NJUD_1930_CABECA.mp3,26/05/2026,1878,pronto_renomear
F:\Projetos\DIVISOR\data\processed\JORNAIS_DIVIDIDOS_JUN_JUL_AGO_2026\BOLETIM_RADIO_TJRN_26_05_2026_B3_TJRN_MANTEM_CONDENACAO_APODI_NJUD_1930_CORPO.mp3,26/05/2026,1878,pronto_renomear
F:\Projetos\DIVISOR\data\processed\JORNAIS_DIVIDIDOS_JUN_JUL_AGO_2026\BOLETIM_RADIO_TJRN_26_05_2026_B4_TJRN_AJUIZAMENTO_NOVO_NUMERO_NJUD_1925_CABECA.mp3,26/05/2026,1878,pronto_renomear
F:\Projetos\DIVISOR\data\processed\JORNAIS_DIVIDIDOS_JUN_JUL_AGO_2026\BOLETIM_RADIO_TJRN_26_05_2026_B4_TJRN_AJUIZAMENTO_NOVO_NUMERO_NJUD_1925_CORPO.mp3,26/05/2026,1878,pronto_renomear
F:\Projetos\DIVISOR\data\processed\JORNAIS_DIVIDIDOS_JUN_JUL_AGO_2026\BOLETIM_RADIO_TJRN_26_05_2026_B4_TJRN_INSCRICOES_FORMACAO_LISTA__CABECA.mp3,26/05/2026,1878,pronto_renomear
F:\Projetos\DIVISOR\data\processed\JORNAIS_DIVIDIDOS_JUN_JUL_AGO_2026\BOLETIM_RADIO_TJRN_26_05_2026_B4_TJRN_INSCRICOES_FORMACAO_LISTA__CORPO.mp3,26/05/2026,1878,pronto_renomear
F:\Projetos\DIVISOR\data\processed\JORNAIS_DIVIDIDOS_JUN_JUL_AGO_2026\BOLETIM_RADIO_TJRN_26_06_2026_B10_DPERN_ACAO_CONCESSIONARIA_COBRANCAS_CABECA.mp3,26/06/2026,1900,pronto_renomear
F:\Projetos\DIVISOR\data\processed\JORNAIS_DIVIDIDOS_JUN_JUL_AGO_2026\BOLETIM_RADIO_TJRN_26_06_2026_B10_DPERN_ACAO_CONCESSIONARIA_COBRANCAS_CORPO.mp3,26/06/2026,1900,pronto_renomear
F:\Projetos\DIVISOR\data\processed\JORNAIS_DIVIDIDOS_JUN_JUL_AGO_2026\BOLETIM_RADIO_TJRN_26_06_2026_B10_DPERN_QUILOMBOLAS_SAO_TOME_CABECA.mp3,26/06/2026,1900,pronto_renomear
F:\Projetos\DIVISOR\data\processed\JORNAIS_DIVIDIDOS_JUN_JUL_AGO_2026\BOLETIM_RADIO_TJRN_26_06_2026_B10_DPERN_QUILOMBOLAS_SAO_TOME_CORPO.mp3,26/06/2026,1900,pronto_renomear
F:\Projetos\DIVISOR\data\processed\JORNAIS_DIVIDIDOS_JUN_JUL_AGO_2026\BOLETIM_RADIO_TJRN_26_06_2026_B1_TJRN_5_VARA_ESTAGIO_DIREITO_CABECA.mp3,26/06/2026,1900,pronto_renomear
F:\Projetos\DIVISOR\data\processed\JORNAIS_DIVIDIDOS_JUN_JUL_AGO_2026\BOLETIM_RADIO_TJRN_26_06_2026_B1_TJRN_5_VARA_ESTAGIO_DIREITO_CORPO.mp3,26/06/2026,1900,pronto_renomear
F:\Projetos\DIVISOR\data\processed\JORNAIS_DIVIDIDOS_JUN_JUL_AGO_2026\BOLETIM_RADIO_TJRN_26_06_2026_B1_TJRN_COMARCA_MARTINS_EDITAL_PENAS_PECUNIARIAS__CABECA.mp3,26/06/2026,1900,pronto_renomear
F:\Projetos\DIVISOR\data\processed\JORNAIS_DIVIDIDOS_JUN_JUL_AGO_2026\BOLETIM_RADIO_TJRN_26_06_2026_B1_TJRN_COMARCA_MARTINS_EDITAL_PENAS_PECUNIARIAS__CORPO.mp3,26/06/2026,1900,pronto_renomear
F:\Projetos\DIVISOR\data\processed\JORNAIS_DIVIDIDOS_JUN_JUL_AGO_2026\BOLETIM_RADIO_TJRN_26_06_2026_B1_TJRN_TANGARA_RESPONSAVEL_INTERINO__CABECA.mp3,26/06/2026,1900,pronto_renomear
F:\Projetos\DIVISOR\data\processed\JORNAIS_DIVIDIDOS_JUN_JUL_AGO_2026\BOLETIM_RADIO_TJRN_26_06_2026_B1_TJRN_TANGARA_RESPONSAVEL_INTERINO__CORPO.mp3,26/06/2026,1900,pronto_renomear
F:\Projetos\DIVISOR\data\processed\JORNAIS_DIVIDIDOS_JUN_JUL_AGO_2026\BOLETIM_RADIO_TJRN_26_06_2026_B2_CONDENACAO_LEILAO_MOTOCICLETA_NJUD_CABECA.mp3,26/06/2026,1900,pronto_renomear
F:\Projetos\DIVISOR\data\processed\JORNAIS_DIVIDIDOS_JUN_JUL_AGO_2026\BOLETIM_RADIO_TJRN_26_06_2026_B2_CONDENACAO_LEILAO_MOTOCICLETA_NJUD_CORPO.mp3,26/06/2026,1900,pronto_renomear
F:\Projetos\DIVISOR\data\processed\JORNAIS_DIVIDIDOS_JUN_JUL_AGO_2026\BOLETIM_RADIO_TJRN_26_06_2026_B2_TJRN_CONDENA_FRANQUIA_ODONTOLOGICA_NJUD_1931_CABECA.mp3,26/06/2026,1900,pronto_renomear
F:\Projetos\DIVISOR\data\processed\JORNAIS_DIVIDIDOS_JUN_JUL_AGO_2026\BOLETIM_RADIO_TJRN_26_06_2026_B2_TJRN_CONDENA_FRANQUIA_ODONTOLOGICA_NJUD_1931_CORPO.mp3,26/06/2026,1900,pronto_renomear
F:\Projetos\DIVISOR\data\processed\JORNAIS_DIVIDIDOS_JUN_JUL_AGO_2026\BOLETIM_RADIO_TJRN_26_06_2026_B2_TJRN_REUNIAO_DEBATE_FINANCIAMENTO_PENA_JUSTA__CABECA.mp3,26/06/2026,1900,pronto_renomear
F:\Projetos\DIVISOR\data\processed\JORNAIS_DIVIDIDOS_JUN_JUL_AGO_2026\BOLETIM_RADIO_TJRN_26_06_2026_B2_TJRN_REUNIAO_DEBATE_FINANCIAMENTO_PENA_JUSTA__CORPO.mp3,26/06/2026,1900,pronto_renomear
F:\Projetos\DIVISOR\data\processed\JORNAIS_DIVIDIDOS_JUN_JUL_AGO_2026\BOLETIM_RADIO_TJRN_26_06_2026_B3_INDENIZACAO_PATINETE_NJUD_CABECA.mp3,26/06/2026,1900,pronto_renomear
F:\Projetos\DIVISOR\data\processed\JORNAIS_DIVIDIDOS_JUN_JUL_AGO_2026\BOLETIM_RADIO_TJRN_26_06_2026_B3_INDENIZACAO_PATINETE_NJUD_CORPO.mp3,26/06/2026,1900,pronto_renomear
F:\Projetos\DIVISOR\data\processed\JORNAIS_DIVIDIDOS_JUN_JUL_AGO_2026\BOLETIM_RADIO_TJRN_26_06_2026_B3_TJRN_FORMALIZACAO_48_CASAIS_NJUD_1926_CABECA.mp3,26/06/2026,1900,pronto_renomear
F:\Projetos\DIVISOR\data\processed\JORNAIS_DIVIDIDOS_JUN_JUL_AGO_2026\BOLETIM_RADIO_TJRN_26_06_2026_B3_TJRN_FORMALIZACAO_48_CASAIS_NJUD_1926_CORPO.mp3,26/06/2026,1900,pronto_renomear
F:\Projetos\DIVISOR\data\processed\JORNAIS_DIVIDIDOS_JUN_JUL_AGO_2026\BOLETIM_RADIO_TJRN_26_06_2026_B3_TJRN_LOCACAO_IMOVEL_PRECARIA_NJUD_1931_CABECA.mp3,26/06/2026,1900,pronto_renomear
F:\Projetos\DIVISOR\data\processed\JORNAIS_DIVIDIDOS_JUN_JUL_AGO_2026\BOLETIM_RADIO_TJRN_26_06_2026_B3_TJRN_LOCACAO_IMOVEL_PRECARIA_NJUD_1931_CORPO.mp3,26/06/2026,1900,pronto_renomear
F:\Projetos\DIVISOR\data\processed\JORNAIS_DIVIDIDOS_JUN_JUL_AGO_2026\BOLETIM_RADIO_TJRN_26_06_2026_B4_TJRN_PLANO_SAUDE_INTERFERE_TRATAMENTO_NJUD_1926_CABECA.mp3,26/06/2026,1900,pronto_renomear
F:\Projetos\DIVISOR\data\processed\JORNAIS_DIVIDIDOS_JUN_JUL_AGO_2026\BOLETIM_RADIO_TJRN_26_06_2026_B4_TJRN_PLANO_SAUDE_INTERFERE_TRATAMENTO_NJUD_1926_CORPO.mp3,26/06/2026,1900,pronto_renomear
F:\Projetos\DIVISOR\data\processed\JORNAIS_DIVIDIDOS\JORNAIS_DIVIDIDOS\NJUD 1792\BOLETIM_RADIO_TJRN_07_01_2026_B1_SELECAO_CARTORIOS_PAU_DOS_FERROS_CABECA.mp3,07/01/2026,1784,conflito_njud_existe
F:\Projetos\DIVISOR\data\processed\JORNAIS_DIVIDIDOS\JORNAIS_DIVIDIDOS\NJUD 1792\BOLETIM_RADIO_TJRN_07_01_2026_B1_SELECAO_CARTORIOS_PAU_DOS_FERROS_CORPO.mp3,07/01/2026,1784,conflito_njud_existe
F:\Projetos\DIVISOR\data\processed\JORNAIS_DIVIDIDOS\JORNAIS_DIVIDIDOS\NJUD 1792\BOLETIM_RADIO_TJRN_07_01_2026_B2_INDENIZACAO_FALHA_AIRBAGS_CABECA.mp3,07/01/2026,1784,conflito_njud_existe
F:\Projetos\DIVISOR\data\processed\JORNAIS_DIVIDIDOS\JORNAIS_DIVIDIDOS\NJUD 1792\BOLETIM_RADIO_TJRN_07_01_2026_B2_INDENIZACAO_FALHA_AIRBAGS_CORPO.mp3,07/01/2026,1784,conflito_njud_existe
F:\Projetos\DIVISOR\data\processed\JORNAIS_DIVIDIDOS\JORNAIS_DIVIDIDOS\NJUD 1792\BOLETIM_RADIO_TJRN_07_01_2026_B3_JURI_POPULAR_GRUPO_DE_EXTERMINIO_CABECA.mp3,07/01/2026,1784,conflito_njud_existe
F:\Projetos\DIVISOR\data\processed\JORNAIS_DIVIDIDOS\JORNAIS_DIVIDIDOS\NJUD 1792\BOLETIM_RADIO_TJRN_07_01_2026_B3_JURI_POPULAR_GRUPO_DE_EXTERMINIO_CORPO.mp3,07/01/2026,1784,conflito_njud_existe
F:\Projetos\DIVISOR\data\processed\JORNAIS_DIVIDIDOS\JORNAIS_DIVIDIDOS\NJUD 1792\BOLETIM_RADIO_TJRN_07_01_2026_B4_FALHA_DE_ENTREGA_LOJA_ONLINE_CABECA.mp3,07/01/2026,1784,conflito_njud_existe
F:\Projetos\DIVISOR\data\processed\JORNAIS_DIVIDIDOS\JORNAIS_DIVIDIDOS\NJUD 1792\BOLETIM_RADIO_TJRN_07_01_2026_B4_FALHA_DE_ENTREGA_LOJA_ONLINE_CORPO.mp3,07/01/2026,1784,conflito_njud_existe
F:\Projetos\DIVISOR\data\processed\JORNAIS_DIVIDIDOS\JORNAIS_DIVIDIDOS\NJUD 1793\BOLETIM_RADIO_TJRN_07_01_2026_B5_VENDA_CASADA_OTICA_CABECA.mp3,07/01/2026,1784,conflito_njud_existe
F:\Projetos\DIVISOR\data\processed\JORNAIS_DIVIDIDOS\JORNAIS_DIVIDIDOS\NJUD 1793\BOLETIM_RADIO_TJRN_07_01_2026_B5_VENDA_CASADA_OTICA_CORPO.mp3,07/01/2026,1784,conflito_njud_existe
F:\Projetos\DIVISOR\data\processed\JORNAIS_DIVIDIDOS\JORNAIS_DIVIDIDOS\NJUD 1793\BOLETIM_RADIO_TJRN_07_01_2026_B6_JURI_COMERCIANTE_CABECA.mp3,07/01/2026,1784,conflito_njud_existe
F:\Projetos\DIVISOR\data\processed\JORNAIS_DIVIDIDOS\JORNAIS_DIVIDIDOS\NJUD 1793\BOLETIM_RADIO_TJRN_07_01_2026_B6_JURI_COMERCIANTE_CORPO.mp3,07/01/2026,1784,conflito_njud_existe
F:\Projetos\DIVISOR\data\processed\JORNAIS_DIVIDIDOS\JORNAIS_DIVIDIDOS\NJUD 1793\BOLETIM_RADIO_TJRN_07_01_2026_B7_EMPRESA_DEVE_ENTREGAR_BRINDE_CABECA.mp3,07/01/2026,1784,conflito_njud_existe
F:\Projetos\DIVISOR\data\processed\JORNAIS_DIVIDIDOS\JORNAIS_DIVIDIDOS\NJUD 1793\BOLETIM_RADIO_TJRN_07_01_2026_B7_EMPRESA_DEVE_ENTREGAR_BRINDE_CORPO.mp3,07/01/2026,1784,conflito_njud_existe
F:\Projetos\DIVISOR\data\processed\JORNAIS_DIVIDIDOS\JORNAIS_DIVIDIDOS\NJUD 1793\BOLETIM_RADIO_TJRN_07_01_2026_B8_INDENIZACAO_COMPRA_DE_BERCO_CABECA.mp3,07/01/2026,1784,conflito_njud_existe
F:\Projetos\DIVISOR\data\processed\JORNAIS_DIVIDIDOS\JORNAIS_DIVIDIDOS\NJUD 1793\BOLETIM_RADIO_TJRN_07_01_2026_B8_INDENIZACAO_COMPRA_DE_BERCO_CORPO.mp3,07/01/2026,1784,conflito_njud_existe
F:\Projetos\DIVISOR\data\processed\JORNAIS_DIVIDIDOS\JORNAIS_DIVIDIDOS\NJUD 1794\BOLETIM_RADIO_TJRN_07_01_2026_B10_CAERN_DEVE_PAGAR_DANOS_MORAIS_CABECA.mp3,07/01/2026,1784,conflito_njud_existe
F:\Projetos\DIVISOR\data\processed\JORNAIS_DIVIDIDOS\JORNAIS_DIVIDIDOS\NJUD 1794\BOLETIM_RADIO_TJRN_07_01_2026_B10_CAERN_DEVE_PAGAR_DANOS_MORAIS_CORPO.mp3,07/01/2026,1784,conflito_njud_existe
F:\Projetos\DIVISOR\data\processed\JORNAIS_DIVIDIDOS\JORNAIS_DIVIDIDOS\NJUD 1794\BOLETIM_RADIO_TJRN_07_01_2026_B9_LIGACAO_DE_ENERGIA_PARAU_CABECA.mp3,07/01/2026,1784,conflito_njud_existe
F:\Projetos\DIVISOR\data\processed\JORNAIS_DIVIDIDOS\JORNAIS_DIVIDIDOS\NJUD 1794\BOLETIM_RADIO_TJRN_07_01_2026_B9_LIGACAO_DE_ENERGIA_PARAU_CORPO.mp3,07/01/2026,1784,conflito_njud_existe
F:\Projetos\DIVISOR\data\processed\JORNAIS_DIVIDIDOS\JORNAIS_DIVIDIDOS\NJUD 1794\BOLETIM_RADIO_TJRN_08_01_2026_B1_RESPONSAVEL_INTERINO_AFONSO_BEZERRA_CABECA.mp3,08/01/2026,1785,conflito_njud_existe
F:\Projetos\DIVISOR\data\processed\JORNAIS_DIVIDIDOS\JORNAIS_DIVIDIDOS\NJUD 1794\BOLETIM_RADIO_TJRN_08_01_2026_B1_RESPONSAVEL_INTERINO_AFONSO_BEZERRA_CORPO.mp3,08/01/2026,1785,conflito_njud_existe
F:\Projetos\DIVISOR\data\processed\JORNAIS_DIVIDIDOS\JORNAIS_DIVIDIDOS\NJUD 1794\BOLETIM_RADIO_TJRN_08_01_2026_B4_INDENIZACAO_VOO_CANCELADO_1782542961_CABECA.mp3,08/01/2026,1785,conflito_njud_existe
F:\Projetos\DIVISOR\data\processed\JORNAIS_DIVIDIDOS\JORNAIS_DIVIDIDOS\NJUD 1794\BOLETIM_RADIO_TJRN_08_01_2026_B4_INDENIZACAO_VOO_CANCELADO_1782542961_CORPO.mp3,08/01/2026,1785,conflito_njud_existe
F:\Projetos\DIVISOR\data\processed\JORNAIS_DIVIDIDOS\JORNAIS_DIVIDIDOS\NJUD 1795\BOLETIM_RADIO_TJRN_08_01_2026_B5_EMPRESA_CONTRATADA_TARCISIO_MAIA_1782542961_CABECA.mp3,08/01/2026,1785,conflito_njud_existe
F:\Projetos\DIVISOR\data\processed\JORNAIS_DIVIDIDOS\JORNAIS_DIVIDIDOS\NJUD 1795\BOLETIM_RADIO_TJRN_08_01_2026_B5_EMPRESA_CONTRATADA_TARCISIO_MAIA_1782542961_CORPO.mp3,08/01/2026,1785,conflito_njud_existe
F:\Projetos\DIVISOR\data\processed\JORNAIS_DIVIDIDOS\JORNAIS_DIVIDIDOS\NJUD 1795\BOLETIM_RADIO_TJRN_08_01_2026_B6_TRIO_CONDENADO_ESTELIONATO_ELETRONICO_1782542961_CABECA.mp3,08/01/2026,1785,conflito_njud_existe
F:\Projetos\DIVISOR\data\processed\JORNAIS_DIVIDIDOS\JORNAIS_DIVIDIDOS\NJUD 1795\BOLETIM_RADIO_TJRN_08_01_2026_B6_TRIO_CONDENADO_ESTELIONATO_ELETRONICO_1782542961_CORPO.mp3,08/01/2026,1785,conflito_njud_existe
F:\Projetos\DIVISOR\data\processed\JORNAIS_DIVIDIDOS\JORNAIS_DIVIDIDOS\NJUD 1795\BOLETIM_RADIO_TJRN_08_01_2026_B7_NULIDADE_CONTRATO_PREFEITURA_MONTE_ALEGRE_1782542961_CABECA.mp3,08/01/2026,1785,conflito_njud_existe
F:\Projetos\DIVISOR\data\processed\JORNAIS_DIVIDIDOS\JORNAIS_DIVIDIDOS\NJUD 1795\BOLETIM_RADIO_TJRN_08_01_2026_B7_NULIDADE_CONTRATO_PREFEITURA_MONTE_ALEGRE_1782542961_CORPO.mp3,08/01/2026,1785,conflito_njud_existe
F:\Projetos\DIVISOR\data\processed\JORNAIS_DIVIDIDOS\JORNAIS_DIVIDIDOS\NJUD 1795\BOLETIM_RADIO_TJRN_08_01_2026_B8_PROGRESSAO_PENA_CURSO_SUPERIOR_1782542961_CABECA.mp3,08/01/2026,1785,conflito_njud_existe
F:\Projetos\DIVISOR\data\processed\JORNAIS_DIVIDIDOS\JORNAIS_DIVIDIDOS\NJUD 1795\BOLETIM_RADIO_TJRN_08_01_2026_B8_PROGRESSAO_PENA_CURSO_SUPERIOR_1782542961_CORPO.mp3,08/01/2026,1785,conflito_njud_existe
F:\Projetos\DIVISOR\data\processed\JORNAIS_DIVIDIDOS\JORNAIS_DIVIDIDOS\NJUD 1796\BOLETIM_RADIO_TJRN_08_01_2026_B10_CHAPA_ELEICOES_ESCOLARES_LAGOA_NOVA_1782542961_CABECA.mp3,08/01/2026,1785,conflito_njud_existe
F:\Projetos\DIVISOR\data\processed\JORNAIS_DIVIDIDOS\JORNAIS_DIVIDIDOS\NJUD 1796\BOLETIM_RADIO_TJRN_08_01_2026_B10_CHAPA_ELEICOES_ESCOLARES_LAGOA_NOVA_1782542961_CORPO.mp3,08/01/2026,1785,conflito_njud_existe
F:\Projetos\DIVISOR\data\processed\JORNAIS_DIVIDIDOS\JORNAIS_DIVIDIDOS\NJUD 1796\BOLETIM_RADIO_TJRN_08_01_2026_B2_TRTRN_RETOMA_ATIVIDADES_1782542960_CABECA.mp3,08/01/2026,1785,conflito_njud_existe
F:\Projetos\DIVISOR\data\processed\JORNAIS_DIVIDIDOS\JORNAIS_DIVIDIDOS\NJUD 1796\BOLETIM_RADIO_TJRN_08_01_2026_B2_TRTRN_RETOMA_ATIVIDADES_1782542960_CORPO.mp3,08/01/2026,1785,conflito_njud_existe
F:\Projetos\DIVISOR\data\processed\JORNAIS_DIVIDIDOS\JORNAIS_DIVIDIDOS\NJUD 1796\BOLETIM_RADIO_TJRN_08_01_2026_B3_CNJ_SISTEMA_NOVA_VERSAO_1782542960_CABECA.mp3,08/01/2026,1785,conflito_njud_existe
F:\Projetos\DIVISOR\data\processed\JORNAIS_DIVIDIDOS\JORNAIS_DIVIDIDOS\NJUD 1796\BOLETIM_RADIO_TJRN_08_01_2026_B3_CNJ_SISTEMA_NOVA_VERSAO_1782542960_CORPO.mp3,08/01/2026,1785,conflito_njud_existe
F:\Projetos\DIVISOR\data\processed\JORNAIS_DIVIDIDOS\JORNAIS_DIVIDIDOS\NJUD 1796\BOLETIM_RADIO_TJRN_08_01_2026_B9_HOMEM_CONDENADO_VIOLENCIA_PSICOLOGICA_1782542961_CABECA.mp3,08/01/2026,1785,conflito_njud_existe
F:\Projetos\DIVISOR\data\processed\JORNAIS_DIVIDIDOS\JORNAIS_DIVIDIDOS\NJUD 1796\BOLETIM_RADIO_TJRN_08_01_2026_B9_HOMEM_CONDENADO_VIOLENCIA_PSICOLOGICA_1782542961_CORPO.mp3,08/01/2026,1785,conflito_njud_existe
F:\Projetos\DIVISOR\data\processed\JORNAIS_DIVIDIDOS\JORNAIS_DIVIDIDOS\NJUD 1797\BOLETIM_RADIO_TJRN_09_01_2026_B1_TJRN_SESSAO_ABERTURA__RESTORED_CABECA.mp3,09/01/2026,1786,conflito_njud_existe
F:\Projetos\DIVISOR\data\processed\JORNAIS_DIVIDIDOS\JORNAIS_DIVIDIDOS\NJUD 1797\BOLETIM_RADIO_TJRN_09_01_2026_B1_TJRN_SESSAO_ABERTURA__RESTORED_CORPO.mp3,09/01/2026,1786,conflito_njud_existe
F:\Projetos\DIVISOR\data\processed\JORNAIS_DIVIDIDOS\JORNAIS_DIVIDIDOS\NJUD 1797\BOLETIM_RADIO_TJRN_09_01_2026_B4_TJRN_JUSTICA_RECONHECE_DIVIDA_IRMAOS__CABECA.mp3,09/01/2026,1786,conflito_njud_existe
F:\Projetos\DIVISOR\data\processed\JORNAIS_DIVIDIDOS\JORNAIS_DIVIDIDOS\NJUD 1797\BOLETIM_RADIO_TJRN_09_01_2026_B4_TJRN_JUSTICA_RECONHECE_DIVIDA_IRMAOS__CORPO.mp3,09/01/2026,1786,conflito_njud_existe
F:\Projetos\DIVISOR\data\processed\JORNAIS_DIVIDIDOS\JORNAIS_DIVIDIDOS\NJUD 1797\BOLETIM_RADIO_TJRN_09_01_2026_B7_TJRN_VICE_PRESIDENCIA_PROCESSO_SELETIVO__RESTORED_CABECA.mp3,09/01/2026,1786,conflito_njud_existe
F:\Projetos\DIVISOR\data\processed\JORNAIS_DIVIDIDOS\JORNAIS_DIVIDIDOS\NJUD 1797\BOLETIM_RADIO_TJRN_09_01_2026_B7_TJRN_VICE_PRESIDENCIA_PROCESSO_SELETIVO__RESTORED_CORPO.mp3,09/01/2026,1786,conflito_njud_existe
F:\Projetos\DIVISOR\data\processed\JORNAIS_DIVIDIDOS\JORNAIS_DIVIDIDOS\NJUD 1797\BOLETIM_RADIO_TJRN_09_01_2026_B8_TJRN_EXCLUSAO_EMPRESA_LICITACAO__RESTORED_CABECA.mp3,09/01/2026,1786,conflito_njud_existe
F:\Projetos\DIVISOR\data\processed\JORNAIS_DIVIDIDOS\JORNAIS_DIVIDIDOS\NJUD 1797\BOLETIM_RADIO_TJRN_09_01_2026_B8_TJRN_EXCLUSAO_EMPRESA_LICITACAO__RESTORED_CORPO.mp3,09/01/2026,1786,conflito_njud_existe
F:\Projetos\DIVISOR\data\processed\JORNAIS_DIVIDIDOS\JORNAIS_DIVIDIDOS\NJUD 1798\BOLETIM_RADIO_TJRN_09_01_2026_B10_TJRN_AGRESSOR_PAIS_INDENIZAR_ATAQUE_FISICO__RESTORED_CABECA.mp3,09/01/2026,1786,conflito_njud_existe
F:\Projetos\DIVISOR\data\processed\JORNAIS_DIVIDIDOS\JORNAIS_DIVIDIDOS\NJUD 1798\BOLETIM_RADIO_TJRN_09_01_2026_B10_TJRN_AGRESSOR_PAIS_INDENIZAR_ATAQUE_FISICO__RESTORED_CORPO.mp3,09/01/2026,1786,conflito_njud_existe
F:\Projetos\DIVISOR\data\processed\JORNAIS_DIVIDIDOS\JORNAIS_DIVIDIDOS\NJUD 1798\BOLETIM_RADIO_TJRN_09_01_2026_B3_JUIZADOS_ESPECIAIS_SELECAO__CABECA.mp3,09/01/2026,1786,conflito_njud_existe
F:\Projetos\DIVISOR\data\processed\JORNAIS_DIVIDIDOS\JORNAIS_DIVIDIDOS\NJUD 1798\BOLETIM_RADIO_TJRN_09_01_2026_B3_JUIZADOS_ESPECIAIS_SELECAO__CORPO.mp3,09/01/2026,1786,conflito_njud_existe
F:\Projetos\DIVISOR\data\processed\JORNAIS_DIVIDIDOS\JORNAIS_DIVIDIDOS\NJUD 1798\BOLETIM_RADIO_TJRN_09_01_2026_B5_PERICIA_DOCUMENTO_DIGITAL_CONSUMIDOR__CABECA.mp3,09/01/2026,1786,conflito_njud_existe
F:\Projetos\DIVISOR\data\processed\JORNAIS_DIVIDIDOS\JORNAIS_DIVIDIDOS\NJUD 1798\BOLETIM_RADIO_TJRN_09_01_2026_B5_PERICIA_DOCUMENTO_DIGITAL_CONSUMIDOR__CORPO.mp3,09/01/2026,1786,conflito_njud_existe
F:\Projetos\DIVISOR\data\processed\JORNAIS_DIVIDIDOS\JORNAIS_DIVIDIDOS\NJUD 1798\BOLETIM_RADIO_TJRN_09_01_2026_B9_TJRN_JUSTICA_PROIBE_COSERN_AREZ_RESTORED_CABECA.mp3,09/01/2026,1786,conflito_njud_existe
F:\Projetos\DIVISOR\data\processed\JORNAIS_DIVIDIDOS\JORNAIS_DIVIDIDOS\NJUD 1798\BOLETIM_RADIO_TJRN_09_01_2026_B9_TJRN_JUSTICA_PROIBE_COSERN_AREZ_RESTORED_CORPO.mp3,09/01/2026,1786,conflito_njud_existe
F:\Projetos\DIVISOR\data\processed\JORNAIS_DIVIDIDOS\JORNAIS_DIVIDIDOS\NJUD 1799\BOLETIM_RADIO_TJRN_09_01_2026_B2_CNJ_PROTECAO_MULHERES_JUDICIARIO_CABECA.mp3,09/01/2026,1786,conflito_njud_existe
F:\Projetos\DIVISOR\data\processed\JORNAIS_DIVIDIDOS\JORNAIS_DIVIDIDOS\NJUD 1799\BOLETIM_RADIO_TJRN_09_01_2026_B2_CNJ_PROTECAO_MULHERES_JUDICIARIO_CORPO.mp3,09/01/2026,1786,conflito_njud_existe
F:\Projetos\DIVISOR\data\processed\JORNAIS_DIVIDIDOS\JORNAIS_DIVIDIDOS\NJUD 1799\BOLETIM_RADIO_TJRN_09_01_2026_B6_CONCESSIONARIA_ENERGIA_CONDENADA_RESTORED_CABECA.mp3,09/01/2026,1786,conflito_njud_existe
F:\Projetos\DIVISOR\data\processed\JORNAIS_DIVIDIDOS\JORNAIS_DIVIDIDOS\NJUD 1799\BOLETIM_RADIO_TJRN_09_01_2026_B6_CONCESSIONARIA_ENERGIA_CONDENADA_RESTORED_CORPO.mp3,09/01/2026,1786,conflito_njud_existe
F:\Projetos\DIVISOR\data\processed\JORNAIS_DIVIDIDOS\JORNAIS_DIVIDIDOS\NJUD 1799\BOLETIM_RADIO_TJRN_12_01_2026_B2_TJRN_MULHER_PROVOCA_ACIDENTE__CABECA.mp3,12/01/2026,1787,conflito_njud_existe
F:\Projetos\DIVISOR\data\processed\JORNAIS_DIVIDIDOS\JORNAIS_DIVIDIDOS\NJUD 1799\BOLETIM_RADIO_TJRN_12_01_2026_B2_TJRN_MULHER_PROVOCA_ACIDENTE__CORPO.mp3,12/01/2026,1787,conflito_njud_existe
F:\Projetos\DIVISOR\data\processed\JORNAIS_DIVIDIDOS\JORNAIS_DIVIDIDOS\NJUD 1799\BOLETIM_RADIO_TJRN_12_01_2026_B3_TJRN_PLANO_SAUDE_TEA_CRIANCA_CABECA.mp3,12/01/2026,1787,conflito_njud_existe
F:\Projetos\DIVISOR\data\processed\JORNAIS_DIVIDIDOS\JORNAIS_DIVIDIDOS\NJUD 1799\BOLETIM_RADIO_TJRN_12_01_2026_B3_TJRN_PLANO_SAUDE_TEA_CRIANCA_CORPO.mp3,12/01/2026,1787,conflito_njud_existe
F:\Projetos\DIVISOR\data\processed\JORNAIS_DIVIDIDOS\JORNAIS_DIVIDIDOS\NJUD 1800\BOLETIM_RADIO_TJRN_12_01_2026_B1_JUIZADO_ESPECIAL_PARNAMIRIM_ESTAGIO__CABECA.mp3,12/01/2026,1787,conflito_njud_existe
F:\Projetos\DIVISOR\data\processed\JORNAIS_DIVIDIDOS\JORNAIS_DIVIDIDOS\NJUD 1800\BOLETIM_RADIO_TJRN_12_01_2026_B1_JUIZADO_ESPECIAL_PARNAMIRIM_ESTAGIO__CORPO.mp3,12/01/2026,1787,conflito_njud_existe
F:\Projetos\DIVISOR\data\processed\JORNAIS_DIVIDIDOS\JORNAIS_DIVIDIDOS\NJUD 1800\BOLETIM_RADIO_TJRN_12_01_2026_B4_TJRN_JUIZADO_VIOLENCIA_DOMESTICA__CABECA.mp3,12/01/2026,1787,conflito_njud_existe
F:\Projetos\DIVISOR\data\processed\JORNAIS_DIVIDIDOS\JORNAIS_DIVIDIDOS\NJUD 1800\BOLETIM_RADIO_TJRN_12_01_2026_B4_TJRN_JUIZADO_VIOLENCIA_DOMESTICA__CORPO.mp3,12/01/2026,1787,conflito_njud_existe
F:\Projetos\DIVISOR\data\processed\JORNAIS_DIVIDIDOS\JORNAIS_DIVIDIDOS\NJUD 1800\BOLETIM_RADIO_TJRN_12_01_2026_B5_TJRN_EMPRESA_ELETRONICOS_DEFEITOS_CABECA.mp3,12/01/2026,1787,conflito_njud_existe
F:\Projetos\DIVISOR\data\processed\JORNAIS_DIVIDIDOS\JORNAIS_DIVIDIDOS\NJUD 1800\BOLETIM_RADIO_TJRN_12_01_2026_B5_TJRN_EMPRESA_ELETRONICOS_DEFEITOS_CORPO.mp3,12/01/2026,1787,conflito_njud_existe
F:\Projetos\DIVISOR\data\processed\JORNAIS_DIVIDIDOS\JORNAIS_DIVIDIDOS\NJUD 1800\BOLETIM_RADIO_TJRN_12_01_2026_B9_DOIS_ANOS_PROJETO_NOVOS_CAMINHOS_CABECA.mp3,12/01/2026,1787,conflito_njud_existe
F:\Projetos\DIVISOR\data\processed\JORNAIS_DIVIDIDOS\JORNAIS_DIVIDIDOS\NJUD 1800\BOLETIM_RADIO_TJRN_12_01_2026_B9_DOIS_ANOS_PROJETO_NOVOS_CAMINHOS_CORPO.mp3,12/01/2026,1787,conflito_njud_existe
F:\Projetos\DIVISOR\data\processed\JORNAIS_DIVIDIDOS\JORNAIS_DIVIDIDOS\NJUD 1801\BOLETIM_RADIO_TJRN_12_01_2026_B10_BANCO_TALENTOS_CNJ_CABECA.mp3,12/01/2026,1787,conflito_njud_existe
F:\Projetos\DIVISOR\data\processed\JORNAIS_DIVIDIDOS\JORNAIS_DIVIDIDOS\NJUD 1801\BOLETIM_RADIO_TJRN_12_01_2026_B10_BANCO_TALENTOS_CNJ_CORPO.mp3,12/01/2026,1787,conflito_njud_existe
F:\Projetos\DIVISOR\data\processed\JORNAIS_DIVIDIDOS\JORNAIS_DIVIDIDOS\NJUD 1801\BOLETIM_RADIO_TJRN_12_01_2026_B6_DPERN_RESULTADOS_BIENIOS__CABECA.mp3,12/01/2026,1787,conflito_njud_existe
F:\Projetos\DIVISOR\data\processed\JORNAIS_DIVIDIDOS\JORNAIS_DIVIDIDOS\NJUD 1801\BOLETIM_RADIO_TJRN_12_01_2026_B6_DPERN_RESULTADOS_BIENIOS__CORPO.mp3,12/01/2026,1787,conflito_njud_existe
F:\Projetos\DIVISOR\data\processed\JORNAIS_DIVIDIDOS\JORNAIS_DIVIDIDOS\NJUD 1801\BOLETIM_RADIO_TJRN_12_01_2026_B7_MPRN_CONVOCACAO_PROFESSORES_ESTADO_CABECA.mp3,12/01/2026,1787,conflito_njud_existe
F:\Projetos\DIVISOR\data\processed\JORNAIS_DIVIDIDOS\JORNAIS_DIVIDIDOS\NJUD 1801\BOLETIM_RADIO_TJRN_12_01_2026_B7_MPRN_CONVOCACAO_PROFESSORES_ESTADO_CORPO.mp3,12/01/2026,1787,conflito_njud_existe
F:\Projetos\DIVISOR\data\processed\JORNAIS_DIVIDIDOS\JORNAIS_DIVIDIDOS\NJUD 1801\BOLETIM_RADIO_TJRN_12_01_2026_B8_MPRN_APURACAO_APOLOGIA_NAZISMO_CABECA.mp3,12/01/2026,1787,conflito_njud_existe
F:\Projetos\DIVISOR\data\processed\JORNAIS_DIVIDIDOS\JORNAIS_DIVIDIDOS\NJUD 1801\BOLETIM_RADIO_TJRN_12_01_2026_B8_MPRN_APURACAO_APOLOGIA_NAZISMO_CORPO.mp3,12/01/2026,1787,conflito_njud_existe
F:\Projetos\DIVISOR\data\processed\JORNAIS_DIVIDIDOS\JORNAIS_DIVIDIDOS\NJUD 1802\BOLETIM_RADIO_TJRN_13_01_2026_B1_CAERN_SUBSTITUICAO_ADVOGADOS_CONCURSO_CABECA.mp3,13/01/2026,1788,conflito_njud_existe
F:\Projetos\DIVISOR\data\processed\JORNAIS_DIVIDIDOS\JORNAIS_DIVIDIDOS\NJUD 1802\BOLETIM_RADIO_TJRN_13_01_2026_B1_CAERN_SUBSTITUICAO_ADVOGADOS_CONCURSO_CORPO.mp3,13/01/2026,1788,conflito_njud_existe
F:\Projetos\DIVISOR\data\processed\JORNAIS_DIVIDIDOS\JORNAIS_DIVIDIDOS\NJUD 1802\BOLETIM_RADIO_TJRN_13_01_2026_B2_CONDENACAO_VANDALISMO_AGRESSOES_CABECA.mp3,13/01/2026,1788,conflito_njud_existe
F:\Projetos\DIVISOR\data\processed\JORNAIS_DIVIDIDOS\JORNAIS_DIVIDIDOS\NJUD 1802\BOLETIM_RADIO_TJRN_13_01_2026_B2_CONDENACAO_VANDALISMO_AGRESSOES_CORPO.mp3,13/01/2026,1788,conflito_njud_existe
F:\Projetos\DIVISOR\data\processed\JORNAIS_DIVIDIDOS\JORNAIS_DIVIDIDOS\NJUD 1802\BOLETIM_RADIO_TJRN_13_01_2026_B3_DEVOLVER_REPARAR_ANGICOS_CABECA.mp3,13/01/2026,1788,conflito_njud_existe
F:\Projetos\DIVISOR\data\processed\JORNAIS_DIVIDIDOS\JORNAIS_DIVIDIDOS\NJUD 1802\BOLETIM_RADIO_TJRN_13_01_2026_B3_DEVOLVER_REPARAR_ANGICOS_CORPO.mp3,13/01/2026,1788,conflito_njud_existe
F:\Projetos\DIVISOR\data\processed\JORNAIS_DIVIDIDOS\JORNAIS_DIVIDIDOS\NJUD 1802\BOLETIM_RADIO_TJRN_13_01_2026_B4_INDENIZACAO_BAGAGEM_DANIFICADA_CABECA.mp3,13/01/2026,1788,conflito_njud_existe
F:\Projetos\DIVISOR\data\processed\JORNAIS_DIVIDIDOS\JORNAIS_DIVIDIDOS\NJUD 1802\BOLETIM_RADIO_TJRN_13_01_2026_B4_INDENIZACAO_BAGAGEM_DANIFICADA_CORPO.mp3,13/01/2026,1788,conflito_njud_existe
F:\Projetos\DIVISOR\data\processed\JORNAIS_DIVIDIDOS\JORNAIS_DIVIDIDOS\NJUD 1803\BOLETIM_RADIO_TJRN_13_01_2026_B5_TRT_CAMPANHA_NACIONAL_JANEIRO_BRANCO_CABECA.mp3,13/01/2026,1788,conflito_njud_existe
F:\Projetos\DIVISOR\data\processed\JORNAIS_DIVIDIDOS\JORNAIS_DIVIDIDOS\NJUD 1803\BOLETIM_RADIO_TJRN_13_01_2026_B5_TRT_CAMPANHA_NACIONAL_JANEIRO_BRANCO_CORPO.mp3,13/01/2026,1788,conflito_njud_existe
F:\Projetos\DIVISOR\data\processed\JORNAIS_DIVIDIDOS\JORNAIS_DIVIDIDOS\NJUD 1803\BOLETIM_RADIO_TJRN_13_01_2026_B6_ACORDO_CEJUSC_FUTEBOL_ASSU_CABECA.mp3,13/01/2026,1788,conflito_njud_existe
F:\Projetos\DIVISOR\data\processed\JORNAIS_DIVIDIDOS\JORNAIS_DIVIDIDOS\NJUD 1803\BOLETIM_RADIO_TJRN_13_01_2026_B6_ACORDO_CEJUSC_FUTEBOL_ASSU_CORPO.mp3,13/01/2026,1788,conflito_njud_existe
F:\Projetos\DIVISOR\data\processed\JORNAIS_DIVIDIDOS\JORNAIS_DIVIDIDOS\NJUD 1803\BOLETIM_RADIO_TJRN_13_01_2026_B7_TRT_CARTILHA_DADOS_PESSOAIS_CABECA.mp3,13/01/2026,1788,conflito_njud_existe
F:\Projetos\DIVISOR\data\processed\JORNAIS_DIVIDIDOS\JORNAIS_DIVIDIDOS\NJUD 1803\BOLETIM_RADIO_TJRN_13_01_2026_B7_TRT_CARTILHA_DADOS_PESSOAIS_CORPO.mp3,13/01/2026,1788,conflito_njud_existe
F:\Projetos\DIVISOR\data\processed\JORNAIS_DIVIDIDOS\JORNAIS_DIVIDIDOS\NJUD 1803\BOLETIM_RADIO_TJRN_13_01_2026_B8_CENTRO_ESTUDOS_STF_CABECA.mp3,13/01/2026,1788,conflito_njud_existe
F:\Projetos\DIVISOR\data\processed\JORNAIS_DIVIDIDOS\JORNAIS_DIVIDIDOS\NJUD 1803\BOLETIM_RADIO_TJRN_13_01_2026_B8_CENTRO_ESTUDOS_STF_CORPO.mp3,13/01/2026,1788,conflito_njud_existe
F:\Projetos\DIVISOR\data\processed\JORNAIS_DIVIDIDOS\JORNAIS_DIVIDIDOS\NJUD 1804\BOLETIM_RADIO_TJRN_13_01_2026_B10_ESMARN_INSCRICOES_CURSO_IDIOMAS_CABECA.mp3,13/01/2026,1788,conflito_njud_existe
F:\Projetos\DIVISOR\data\processed\JORNAIS_DIVIDIDOS\JORNAIS_DIVIDIDOS\NJUD 1804\BOLETIM_RADIO_TJRN_13_01_2026_B10_ESMARN_INSCRICOES_CURSO_IDIOMAS_CORPO.mp3,13/01/2026,1788,conflito_njud_existe
F:\Projetos\DIVISOR\data\processed\JORNAIS_DIVIDIDOS\JORNAIS_DIVIDIDOS\NJUD 1804\BOLETIM_RADIO_TJRN_13_01_2026_B9_DOUTORADO_ESMARN_CABECA.mp3,13/01/2026,1788,conflito_njud_existe
F:\Projetos\DIVISOR\data\processed\JORNAIS_DIVIDIDOS\JORNAIS_DIVIDIDOS\NJUD 1804\BOLETIM_RADIO_TJRN_13_01_2026_B9_DOUTORADO_ESMARN_CORPO.mp3,13/01/2026,1788,conflito_njud_existe
F:\Projetos\DIVISOR\data\processed\JORNAIS_DIVIDIDOS\JORNAIS_DIVIDIDOS\NJUD 1804\BOLETIM_RADIO_TJRN_14_01_2026_B2_IPERN_CONVOCA_APOSENTADOS__CABECA.mp3,14/01/2026,1789,conflito_njud_existe
F:\Projetos\DIVISOR\data\processed\JORNAIS_DIVIDIDOS\JORNAIS_DIVIDIDOS\NJUD 1804\BOLETIM_RADIO_TJRN_14_01_2026_B2_IPERN_CONVOCA_APOSENTADOS__CORPO.mp3,14/01/2026,1789,conflito_njud_existe
F:\Projetos\DIVISOR\data\processed\JORNAIS_DIVIDIDOS\JORNAIS_DIVIDIDOS\NJUD 1804\BOLETIM_RADIO_TJRN_14_01_2026_B8_TJRN_POSSE_GESTAO_DEFENSORIA_PUBLICA_CABECA.mp3,14/01/2026,1789,conflito_njud_existe
F:\Projetos\DIVISOR\data\processed\JORNAIS_DIVIDIDOS\JORNAIS_DIVIDIDOS\NJUD 1804\BOLETIM_RADIO_TJRN_14_01_2026_B8_TJRN_POSSE_GESTAO_DEFENSORIA_PUBLICA_CORPO.mp3,14/01/2026,1789,conflito_njud_existe
F:\Projetos\DIVISOR\data\processed\JORNAIS_DIVIDIDOS\JORNAIS_DIVIDIDOS\NJUD 1805\BOLETIM_RADIO_TJRN_14_01_2026_B4_CONDENACAO_JOALHEIRO_INDENIZACAO_CLIENTE_CABECA.mp3,14/01/2026,1789,conflito_njud_existe
F:\Projetos\DIVISOR\data\processed\JORNAIS_DIVIDIDOS\JORNAIS_DIVIDIDOS\NJUD 1805\BOLETIM_RADIO_TJRN_14_01_2026_B4_CONDENACAO_JOALHEIRO_INDENIZACAO_CLIENTE_CORPO.mp3,14/01/2026,1789,conflito_njud_existe
F:\Projetos\DIVISOR\data\processed\JORNAIS_DIVIDIDOS\JORNAIS_DIVIDIDOS\NJUD 1805\BOLETIM_RADIO_TJRN_14_01_2026_B5_DOCUMENTO_POS_MORTE_CABECA.mp3,14/01/2026,1789,conflito_njud_existe
F:\Projetos\DIVISOR\data\processed\JORNAIS_DIVIDIDOS\JORNAIS_DIVIDIDOS\NJUD 1805\BOLETIM_RADIO_TJRN_14_01_2026_B5_DOCUMENTO_POS_MORTE_CORPO.mp3,14/01/2026,1789,conflito_njud_existe
F:\Projetos\DIVISOR\data\processed\JORNAIS_DIVIDIDOS\JORNAIS_DIVIDIDOS\NJUD 1805\BOLETIM_RADIO_TJRN_14_01_2026_B6_INDENIZACAO_USO_IMAGEM_SEM_AUTORIZACAO_CABECA.mp3,14/01/2026,1789,conflito_njud_existe
F:\Projetos\DIVISOR\data\processed\JORNAIS_DIVIDIDOS\JORNAIS_DIVIDIDOS\NJUD 1805\BOLETIM_RADIO_TJRN_14_01_2026_B6_INDENIZACAO_USO_IMAGEM_SEM_AUTORIZACAO_CORPO.mp3,14/01/2026,1789,conflito_njud_existe
F:\Projetos\DIVISOR\data\processed\JORNAIS_DIVIDIDOS\JORNAIS_DIVIDIDOS\NJUD 1805\BOLETIM_RADIO_TJRN_14_01_2026_B7_PENAS_PECUNIARIAS_CABECA.mp3,14/01/2026,1789,conflito_njud_existe
F:\Projetos\DIVISOR\data\processed\JORNAIS_DIVIDIDOS\JORNAIS_DIVIDIDOS\NJUD 1805\BOLETIM_RADIO_TJRN_14_01_2026_B7_PENAS_PECUNIARIAS_CORPO.mp3,14/01/2026,1789,conflito_njud_existe
F:\Projetos\DIVISOR\data\processed\JORNAIS_DIVIDIDOS\JORNAIS_DIVIDIDOS\NJUD 1806\BOLETIM_RADIO_TJRN_14_01_2026_B10_CARTILHA_ENTREGA_ADOCAO_CABECA.mp3,14/01/2026,1789,conflito_njud_existe
F:\Projetos\DIVISOR\data\processed\JORNAIS_DIVIDIDOS\JORNAIS_DIVIDIDOS\NJUD 1806\BOLETIM_RADIO_TJRN_14_01_2026_B10_CARTILHA_ENTREGA_ADOCAO_CORPO.mp3,14/01/2026,1789,conflito_njud_existe
F:\Projetos\DIVISOR\data\processed\JORNAIS_DIVIDIDOS\JORNAIS_DIVIDIDOS\NJUD 1806\BOLETIM_RADIO_TJRN_14_01_2026_B1_TCERN_MUNICIPIOS_CUSTEAR_DIARIAS__CABECA.mp3,14/01/2026,1789,conflito_njud_existe
F:\Projetos\DIVISOR\data\processed\JORNAIS_DIVIDIDOS\JORNAIS_DIVIDIDOS\NJUD 1806\BOLETIM_RADIO_TJRN_14_01_2026_B1_TCERN_MUNICIPIOS_CUSTEAR_DIARIAS__CORPO.mp3,14/01/2026,1789,conflito_njud_existe
F:\Projetos\DIVISOR\data\processed\JORNAIS_DIVIDIDOS\JORNAIS_DIVIDIDOS\NJUD 1806\BOLETIM_RADIO_TJRN_14_01_2026_B3_DPERN_SANTO_ANTONIO_EDITAL_CABECA.mp3,14/01/2026,1789,conflito_njud_existe
F:\Projetos\DIVISOR\data\processed\JORNAIS_DIVIDIDOS\JORNAIS_DIVIDIDOS\NJUD 1806\BOLETIM_RADIO_TJRN_14_01_2026_B3_DPERN_SANTO_ANTONIO_EDITAL_CORPO.mp3,14/01/2026,1789,conflito_njud_existe
F:\Projetos\DIVISOR\data\processed\JORNAIS_DIVIDIDOS\JORNAIS_DIVIDIDOS\NJUD 1806\BOLETIM_RADIO_TJRN_14_01_2026_B9_PAPEL_TJRN_OUVIDORIA_CABECA.mp3,14/01/2026,1789,conflito_njud_existe
F:\Projetos\DIVISOR\data\processed\JORNAIS_DIVIDIDOS\JORNAIS_DIVIDIDOS\NJUD 1806\BOLETIM_RADIO_TJRN_14_01_2026_B9_PAPEL_TJRN_OUVIDORIA_CORPO.mp3,14/01/2026,1789,conflito_njud_existe
F:\Projetos\DIVISOR\data\processed\JORNAIS_DIVIDIDOS\JORNAIS_DIVIDIDOS\NJUD 1807\BOLETIM_RADIO_TJRN_15_01_2026_B1_IPEM_FISCALIZA_INSTRUMENTOS_MEDICAO__CABECA.mp3,15/01/2026,1790,conflito_njud_existe
F:\Projetos\DIVISOR\data\processed\JORNAIS_DIVIDIDOS\JORNAIS_DIVIDIDOS\NJUD 1807\BOLETIM_RADIO_TJRN_15_01_2026_B1_IPEM_FISCALIZA_INSTRUMENTOS_MEDICAO__CORPO.mp3,15/01/2026,1790,conflito_njud_existe
F:\Projetos\DIVISOR\data\processed\JORNAIS_DIVIDIDOS\JORNAIS_DIVIDIDOS\NJUD 1807\BOLETIM_RADIO_TJRN_15_01_2026_B5_REPOJURN_QUALIS_CAPES__CABECA.mp3,15/01/2026,1790,conflito_njud_existe
F:\Projetos\DIVISOR\data\processed\JORNAIS_DIVIDIDOS\JORNAIS_DIVIDIDOS\NJUD 1807\BOLETIM_RADIO_TJRN_15_01_2026_B5_REPOJURN_QUALIS_CAPES__CORPO.mp3,15/01/2026,1790,conflito_njud_existe
F:\Projetos\DIVISOR\data\processed\JORNAIS_DIVIDIDOS\JORNAIS_DIVIDIDOS\NJUD 1807\BOLETIM_RADIO_TJRN_15_01_2026_B6_ESCOLA_NEGATIVACAO_INDEVIDA_CABECA.mp3,15/01/2026,1790,conflito_njud_existe
F:\Projetos\DIVISOR\data\processed\JORNAIS_DIVIDIDOS\JORNAIS_DIVIDIDOS\NJUD 1807\BOLETIM_RADIO_TJRN_15_01_2026_B6_ESCOLA_NEGATIVACAO_INDEVIDA_CORPO.mp3,15/01/2026,1790,conflito_njud_existe
F:\Projetos\DIVISOR\data\processed\JORNAIS_DIVIDIDOS\JORNAIS_DIVIDIDOS\NJUD 1807\BOLETIM_RADIO_TJRN_15_01_2026_B7_ASSADOR_PIZZA_DEFEITO_CABECA.mp3,15/01/2026,1790,conflito_njud_existe
F:\Projetos\DIVISOR\data\processed\JORNAIS_DIVIDIDOS\JORNAIS_DIVIDIDOS\NJUD 1807\BOLETIM_RADIO_TJRN_15_01_2026_B7_ASSADOR_PIZZA_DEFEITO_CORPO.mp3,15/01/2026,1790,conflito_njud_existe
F:\Projetos\DIVISOR\data\processed\JORNAIS_DIVIDIDOS\JORNAIS_DIVIDIDOS\NJUD 1808\BOLETIM_RADIO_TJRN_15_01_2026_B2_TRTRN_INVENTARIO_PROCESSOS_ORGANIZACIONAIS__CABECA.mp3,15/01/2026,1790,conflito_njud_existe
F:\Projetos\DIVISOR\data\processed\JORNAIS_DIVIDIDOS\JORNAIS_DIVIDIDOS\NJUD 1808\BOLETIM_RADIO_TJRN_15_01_2026_B2_TRTRN_INVENTARIO_PROCESSOS_ORGANIZACIONAIS__CORPO.mp3,15/01/2026,1790,conflito_njud_existe
F:\Projetos\DIVISOR\data\processed\JORNAIS_DIVIDIDOS\JORNAIS_DIVIDIDOS\NJUD 1808\BOLETIM_RADIO_TJRN_15_01_2026_B3_DPERN_NOVO_DEFENSOR__CABECA.mp3,15/01/2026,1790,conflito_njud_existe
F:\Projetos\DIVISOR\data\processed\JORNAIS_DIVIDIDOS\JORNAIS_DIVIDIDOS\NJUD 1808\BOLETIM_RADIO_TJRN_15_01_2026_B3_DPERN_NOVO_DEFENSOR__CORPO.mp3,15/01/2026,1790,conflito_njud_existe
F:\Projetos\DIVISOR\data\processed\JORNAIS_DIVIDIDOS\JORNAIS_DIVIDIDOS\NJUD 1808\BOLETIM_RADIO_TJRN_15_01_2026_B8_CAERN_ACIDENTE_BUEIRO_CABECA.mp3,15/01/2026,1790,conflito_njud_existe
F:\Projetos\DIVISOR\data\processed\JORNAIS_DIVIDIDOS\JORNAIS_DIVIDIDOS\NJUD 1808\BOLETIM_RADIO_TJRN_15_01_2026_B8_CAERN_ACIDENTE_BUEIRO_CORPO.mp3,15/01/2026,1790,conflito_njud_existe
F:\Projetos\DIVISOR\data\processed\JORNAIS_DIVIDIDOS\JORNAIS_DIVIDIDOS\NJUD 1808\BOLETIM_RADIO_TJRN_15_01_2026_B9_PREMIO_CNJ_QUALIDADE_CABECA.mp3,15/01/2026,1790,conflito_njud_existe
F:\Projetos\DIVISOR\data\processed\JORNAIS_DIVIDIDOS\JORNAIS_DIVIDIDOS\NJUD 1808\BOLETIM_RADIO_TJRN_15_01_2026_B9_PREMIO_CNJ_QUALIDADE_CORPO.mp3,15/01/2026,1790,conflito_njud_existe
F:\Projetos\DIVISOR\data\processed\JORNAIS_DIVIDIDOS\JORNAIS_DIVIDIDOS\NJUD 1809\BOLETIM_RADIO_TJRN_15_01_2026_B10_MPRN_DIALOGO_EDUCACAO_COVID_19_CABECA.mp3,15/01/2026,1790,conflito_njud_existe
F:\Projetos\DIVISOR\data\processed\JORNAIS_DIVIDIDOS\JORNAIS_DIVIDIDOS\NJUD 1809\BOLETIM_RADIO_TJRN_15_01_2026_B10_MPRN_DIALOGO_EDUCACAO_COVID_19_CORPO.mp3,15/01/2026,1790,conflito_njud_existe
F:\Projetos\DIVISOR\data\processed\JORNAIS_DIVIDIDOS\JORNAIS_DIVIDIDOS\NJUD 1809\BOLETIM_RADIO_TJRN_15_01_2026_B4_MPRN_REGULARIZACAO_EXAMES_TARCISIO_MAIA__CABECA.mp3,15/01/2026,1790,conflito_njud_existe
F:\Projetos\DIVISOR\data\processed\JORNAIS_DIVIDIDOS\JORNAIS_DIVIDIDOS\NJUD 1809\BOLETIM_RADIO_TJRN_15_01_2026_B4_MPRN_REGULARIZACAO_EXAMES_TARCISIO_MAIA__CORPO.mp3,15/01/2026,1790,conflito_njud_existe
F:\Projetos\DIVISOR\data\processed\JORNAIS_DIVIDIDOS\JORNAIS_DIVIDIDOS\NJUD 1809\BOLETIM_RADIO_TJRN_16_01_2026_B1_PLANTAO_JUDICIARIO_SABADO__CABECA.mp3,16/01/2026,1791,conflito_njud_existe
F:\Projetos\DIVISOR\data\processed\JORNAIS_DIVIDIDOS\JORNAIS_DIVIDIDOS\NJUD 1809\BOLETIM_RADIO_TJRN_16_01_2026_B1_PLANTAO_JUDICIARIO_SABADO__CORPO.mp3,16/01/2026,1791,conflito_njud_existe
F:\Projetos\DIVISOR\data\processed\JORNAIS_DIVIDIDOS\JORNAIS_DIVIDIDOS\NJUD 1809\BOLETIM_RADIO_TJRN_16_01_2026_B2_ESMARN_2026_NOVAS_PARCERIAS__CABECA.mp3,16/01/2026,1791,conflito_njud_existe
F:\Projetos\DIVISOR\data\processed\JORNAIS_DIVIDIDOS\JORNAIS_DIVIDIDOS\NJUD 1809\BOLETIM_RADIO_TJRN_16_01_2026_B2_ESMARN_2026_NOVAS_PARCERIAS__CORPO.mp3,16/01/2026,1791,conflito_njud_existe
F:\Projetos\DIVISOR\data\processed\JORNAIS_DIVIDIDOS\JORNAIS_DIVIDIDOS\NJUD 1810\BOLETIM_RADIO_TJRN_02_02_2026_B1_TJRN_ACAO_IMPROBIDADE_SERVIDOR_DETRAN_CABECA.mp3,02/02/2026,1802,conflito_njud_existe
F:\Projetos\DIVISOR\data\processed\JORNAIS_DIVIDIDOS\JORNAIS_DIVIDIDOS\NJUD 1810\BOLETIM_RADIO_TJRN_02_02_2026_B1_TJRN_ACAO_IMPROBIDADE_SERVIDOR_DETRAN_CORPO.mp3,02/02/2026,1802,conflito_njud_existe
F:\Projetos\DIVISOR\data\processed\JORNAIS_DIVIDIDOS\JORNAIS_DIVIDIDOS\NJUD 1810\BOLETIM_RADIO_TJRN_02_02_2026_B2_TJRN_CRESCIMENTO_CAMARA_CRIMINAL__CABECA.mp3,02/02/2026,1802,conflito_njud_existe
F:\Projetos\DIVISOR\data\processed\JORNAIS_DIVIDIDOS\JORNAIS_DIVIDIDOS\NJUD 1810\BOLETIM_RADIO_TJRN_02_02_2026_B2_TJRN_CRESCIMENTO_CAMARA_CRIMINAL__CORPO.mp3,02/02/2026,1802,conflito_njud_existe
F:\Projetos\DIVISOR\data\processed\JORNAIS_DIVIDIDOS\JORNAIS_DIVIDIDOS\NJUD 1810\BOLETIM_RADIO_TJRN_02_02_2026_B3_TJRN_ACOES_PENITENCIARIA_ALCACUZ__CABECA.mp3,02/02/2026,1802,conflito_njud_existe
F:\Projetos\DIVISOR\data\processed\JORNAIS_DIVIDIDOS\JORNAIS_DIVIDIDOS\NJUD 1810\BOLETIM_RADIO_TJRN_02_02_2026_B3_TJRN_ACOES_PENITENCIARIA_ALCACUZ__CORPO.mp3,02/02/2026,1802,conflito_njud_existe
F:\Projetos\DIVISOR\data\processed\JORNAIS_DIVIDIDOS\JORNAIS_DIVIDIDOS\NJUD 1810\BOLETIM_RADIO_TJRN_02_02_2026_B4_TJRN_FABRICANTE_REDE_FARMACIA__CABECA.mp3,02/02/2026,1802,conflito_njud_existe
F:\Projetos\DIVISOR\data\processed\JORNAIS_DIVIDIDOS\JORNAIS_DIVIDIDOS\NJUD 1810\BOLETIM_RADIO_TJRN_02_02_2026_B4_TJRN_FABRICANTE_REDE_FARMACIA__CORPO.mp3,02/02/2026,1802,conflito_njud_existe
F:\Projetos\DIVISOR\data\processed\JORNAIS_DIVIDIDOS\JORNAIS_DIVIDIDOS\NJUD 1811\BOLETIM_RADIO_TJRN_02_02_2026_B5_TJRN_ESTAGIO_GRUPO_METAS_CABECA.mp3,02/02/2026,1802,conflito_njud_existe
F:\Projetos\DIVISOR\data\processed\JORNAIS_DIVIDIDOS\JORNAIS_DIVIDIDOS\NJUD 1811\BOLETIM_RADIO_TJRN_02_02_2026_B5_TJRN_ESTAGIO_GRUPO_METAS_CORPO.mp3,02/02/2026,1802,conflito_njud_existe
F:\Projetos\DIVISOR\data\processed\JORNAIS_DIVIDIDOS\JORNAIS_DIVIDIDOS\NJUD 1811\BOLETIM_RADIO_TJRN_02_02_2026_B6_TJRN_CONDENA_HOMEM_MAUS_TRATOS_CABECA.mp3,02/02/2026,1802,conflito_njud_existe
F:\Projetos\DIVISOR\data\processed\JORNAIS_DIVIDIDOS\JORNAIS_DIVIDIDOS\NJUD 1811\BOLETIM_RADIO_TJRN_02_02_2026_B6_TJRN_CONDENA_HOMEM_MAUS_TRATOS_CORPO.mp3,02/02/2026,1802,conflito_njud_existe
F:\Projetos\DIVISOR\data\processed\JORNAIS_DIVIDIDOS\JORNAIS_DIVIDIDOS\NJUD 1811\BOLETIM_RADIO_TJRN_02_02_2026_B7_TJRN_ANULA_PREGAO_CONSORCIO__CABECA.mp3,02/02/2026,1802,conflito_njud_existe
F:\Projetos\DIVISOR\data\processed\JORNAIS_DIVIDIDOS\JORNAIS_DIVIDIDOS\NJUD 1811\BOLETIM_RADIO_TJRN_02_02_2026_B7_TJRN_ANULA_PREGAO_CONSORCIO__CORPO.mp3,02/02/2026,1802,conflito_njud_existe
F:\Projetos\DIVISOR\data\processed\JORNAIS_DIVIDIDOS\JORNAIS_DIVIDIDOS\NJUD 1811\BOLETIM_RADIO_TJRN_02_02_2026_B8_TJRN_INCONSTITUCIONALIDADE_LEI_ENEM__CABECA.mp3,02/02/2026,1802,conflito_njud_existe
F:\Projetos\DIVISOR\data\processed\JORNAIS_DIVIDIDOS\JORNAIS_DIVIDIDOS\NJUD 1811\BOLETIM_RADIO_TJRN_02_02_2026_B8_TJRN_INCONSTITUCIONALIDADE_LEI_ENEM__CORPO.mp3,02/02/2026,1802,conflito_njud_existe
F:\Projetos\DIVISOR\data\processed\JORNAIS_DIVIDIDOS\JORNAIS_DIVIDIDOS\NJUD 1812\BOLETIM_RADIO_TJRN_02_02_2026_B10_DPERN_PRAZO_INSCRICOES_SUSTENTABILIDADE_CABECA.mp3,02/02/2026,1802,conflito_njud_existe
F:\Projetos\DIVISOR\data\processed\JORNAIS_DIVIDIDOS\JORNAIS_DIVIDIDOS\NJUD 1812\BOLETIM_RADIO_TJRN_02_02_2026_B10_DPERN_PRAZO_INSCRICOES_SUSTENTABILIDADE_CORPO.mp3,02/02/2026,1802,conflito_njud_existe
F:\Projetos\DIVISOR\data\processed\JORNAIS_DIVIDIDOS\JORNAIS_DIVIDIDOS\NJUD 1812\BOLETIM_RADIO_TJRN_02_02_2026_B9_TRTRN_DESCARACTERIZA_TRABALHO_INTERMITENTE_CABECA.mp3,02/02/2026,1802,conflito_njud_existe
F:\Projetos\DIVISOR\data\processed\JORNAIS_DIVIDIDOS\JORNAIS_DIVIDIDOS\NJUD 1812\BOLETIM_RADIO_TJRN_02_02_2026_B9_TRTRN_DESCARACTERIZA_TRABALHO_INTERMITENTE_CORPO.mp3,02/02/2026,1802,conflito_njud_existe
F:\Projetos\DIVISOR\data\processed\JORNAIS_DIVIDIDOS\JORNAIS_DIVIDIDOS\NJUD 1812\BOLETIM_RADIO_TJRN_03_02_2026_B1_TJRN_SUSPENDE_LICITACAO_CANGUARETAMA__CABECA.mp3,03/02/2026,1803,conflito_njud_existe
F:\Projetos\DIVISOR\data\processed\JORNAIS_DIVIDIDOS\JORNAIS_DIVIDIDOS\NJUD 1812\BOLETIM_RADIO_TJRN_03_02_2026_B1_TJRN_SUSPENDE_LICITACAO_CANGUARETAMA__CORPO.mp3,03/02/2026,1803,conflito_njud_existe
F:\Projetos\DIVISOR\data\processed\JORNAIS_DIVIDIDOS\JORNAIS_DIVIDIDOS\NJUD 1812\BOLETIM_RADIO_TJRN_03_02_2026_B2_TJRN_IA_ROTINAS_PRESTACAO_JURISDICIONAL_CABECA.mp3,03/02/2026,1803,conflito_njud_existe
F:\Projetos\DIVISOR\data\processed\JORNAIS_DIVIDIDOS\JORNAIS_DIVIDIDOS\NJUD 1812\BOLETIM_RADIO_TJRN_03_02_2026_B2_TJRN_IA_ROTINAS_PRESTACAO_JURISDICIONAL_CORPO.mp3,03/02/2026,1803,conflito_njud_existe
F:\Projetos\DIVISOR\data\processed\JORNAIS_DIVIDIDOS\JORNAIS_DIVIDIDOS\NJUD 1813\BOLETIM_RADIO_TJRN_03_02_2026_B4_TJRN_COMARCA_EXTREMOZ_DEMANDAS_JUDICIAIS__CABECA.mp3,03/02/2026,1803,conflito_njud_existe
F:\Projetos\DIVISOR\data\processed\JORNAIS_DIVIDIDOS\JORNAIS_DIVIDIDOS\NJUD 1813\BOLETIM_RADIO_TJRN_03_02_2026_B4_TJRN_COMARCA_EXTREMOZ_DEMANDAS_JUDICIAIS__CORPO.mp3,03/02/2026,1803,conflito_njud_existe
F:\Projetos\DIVISOR\data\processed\JORNAIS_DIVIDIDOS\JORNAIS_DIVIDIDOS\NJUD 1813\BOLETIM_RADIO_TJRN_03_02_2026_B6_TJRN_PASSAGEIRO_INDENIZADO__CABECA.mp3,03/02/2026,1803,conflito_njud_existe
F:\Projetos\DIVISOR\data\processed\JORNAIS_DIVIDIDOS\JORNAIS_DIVIDIDOS\NJUD 1813\BOLETIM_RADIO_TJRN_03_02_2026_B6_TJRN_PASSAGEIRO_INDENIZADO__CORPO.mp3,03/02/2026,1803,conflito_njud_existe
F:\Projetos\DIVISOR\data\processed\JORNAIS_DIVIDIDOS\JORNAIS_DIVIDIDOS\NJUD 1813\BOLETIM_RADIO_TJRN_03_02_2026_B7_TJRN_MANTEM_INDEFERIMENTO_TRAILER_MOSSORO__CABECA.mp3,03/02/2026,1803,conflito_njud_existe
F:\Projetos\DIVISOR\data\processed\JORNAIS_DIVIDIDOS\JORNAIS_DIVIDIDOS\NJUD 1813\BOLETIM_RADIO_TJRN_03_02_2026_B7_TJRN_MANTEM_INDEFERIMENTO_TRAILER_MOSSORO__CORPO.mp3,03/02/2026,1803,conflito_njud_existe
F:\Projetos\DIVISOR\data\processed\JORNAIS_DIVIDIDOS\JORNAIS_DIVIDIDOS\NJUD 1813\BOLETIM_RADIO_TJRN_03_02_2026_B8_TJRN_OPERADORA_SAUDE_TRATAMENTO_AUTISMO__CABECA.mp3,03/02/2026,1803,conflito_njud_existe
F:\Projetos\DIVISOR\data\processed\JORNAIS_DIVIDIDOS\JORNAIS_DIVIDIDOS\NJUD 1813\BOLETIM_RADIO_TJRN_03_02_2026_B8_TJRN_OPERADORA_SAUDE_TRATAMENTO_AUTISMO__CORPO.mp3,03/02/2026,1803,conflito_njud_existe
F:\Projetos\DIVISOR\data\processed\JORNAIS_DIVIDIDOS\JORNAIS_DIVIDIDOS\NJUD 1814\BOLETIM_RADIO_TJRN_03_02_2026_B10_TJRN_REDE_SOCIAL_CONDENADA__CABECA.mp3,03/02/2026,1803,conflito_njud_existe
F:\Projetos\DIVISOR\data\processed\JORNAIS_DIVIDIDOS\JORNAIS_DIVIDIDOS\NJUD 1814\BOLETIM_RADIO_TJRN_03_02_2026_B10_TJRN_REDE_SOCIAL_CONDENADA__CORPO.mp3,03/02/2026,1803,conflito_njud_existe
F:\Projetos\DIVISOR\data\processed\JORNAIS_DIVIDIDOS\JORNAIS_DIVIDIDOS\NJUD 1814\BOLETIM_RADIO_TJRN_03_02_2026_B3_VARA_CRIMINAL_ESTAGIO__CABECA.mp3,03/02/2026,1803,conflito_njud_existe
F:\Projetos\DIVISOR\data\processed\JORNAIS_DIVIDIDOS\JORNAIS_DIVIDIDOS\NJUD 1814\BOLETIM_RADIO_TJRN_03_02_2026_B3_VARA_CRIMINAL_ESTAGIO__CORPO.mp3,03/02/2026,1803,conflito_njud_existe
F:\Projetos\DIVISOR\data\processed\JORNAIS_DIVIDIDOS\JORNAIS_DIVIDIDOS\NJUD 1814\BOLETIM_RADIO_TJRN_03_02_2026_B5_TRERN_CANAL_RECEBIMENTO_DENUNCIAS__CABECA.mp3,03/02/2026,1803,conflito_njud_existe
F:\Projetos\DIVISOR\data\processed\JORNAIS_DIVIDIDOS\JORNAIS_DIVIDIDOS\NJUD 1814\BOLETIM_RADIO_TJRN_03_02_2026_B5_TRERN_CANAL_RECEBIMENTO_DENUNCIAS__CORPO.mp3,03/02/2026,1803,conflito_njud_existe
F:\Projetos\DIVISOR\data\processed\JORNAIS_DIVIDIDOS\JORNAIS_DIVIDIDOS\NJUD 1814\BOLETIM_RADIO_TJRN_03_02_2026_B9_TJRN_COMARCA_SAO_BENTO_INTERINO__CABECA.mp3,03/02/2026,1803,conflito_njud_existe
F:\Projetos\DIVISOR\data\processed\JORNAIS_DIVIDIDOS\JORNAIS_DIVIDIDOS\NJUD 1814\BOLETIM_RADIO_TJRN_03_02_2026_B9_TJRN_COMARCA_SAO_BENTO_INTERINO__CORPO.mp3,03/02/2026,1803,conflito_njud_existe
F:\Projetos\DIVISOR\data\processed\JORNAIS_DIVIDIDOS\JORNAIS_DIVIDIDOS\NJUD 1815\BOLETIM_RADIO_TJRN_04_02_2026_B10_TJRN_NOMEACAO_CANDIDATO_CONCURSO__CABECA.mp3,04/02/2026,1804,conflito_njud_existe
F:\Projetos\DIVISOR\data\processed\JORNAIS_DIVIDIDOS\JORNAIS_DIVIDIDOS\NJUD 1815\BOLETIM_RADIO_TJRN_04_02_2026_B10_TJRN_NOMEACAO_CANDIDATO_CONCURSO__CORPO.mp3,04/02/2026,1804,conflito_njud_existe
F:\Projetos\DIVISOR\data\processed\JORNAIS_DIVIDIDOS\JORNAIS_DIVIDIDOS\NJUD 1815\BOLETIM_RADIO_TJRN_04_02_2026_B1_CONVOCACAO_JUIZES_LEIGOS_JUIZADOS_CABECA.mp3,04/02/2026,1804,conflito_njud_existe
F:\Projetos\DIVISOR\data\processed\JORNAIS_DIVIDIDOS\JORNAIS_DIVIDIDOS\NJUD 1815\BOLETIM_RADIO_TJRN_04_02_2026_B1_CONVOCACAO_JUIZES_LEIGOS_JUIZADOS_CORPO.mp3,04/02/2026,1804,conflito_njud_existe
F:\Projetos\DIVISOR\data\processed\JORNAIS_DIVIDIDOS\JORNAIS_DIVIDIDOS\NJUD 1815\BOLETIM_RADIO_TJRN_04_02_2026_B2_DOACAO_LIVROS_SISTEMA_PRISIONAL_CABECA.mp3,04/02/2026,1804,conflito_njud_existe
F:\Projetos\DIVISOR\data\processed\JORNAIS_DIVIDIDOS\JORNAIS_DIVIDIDOS\NJUD 1815\BOLETIM_RADIO_TJRN_04_02_2026_B2_DOACAO_LIVROS_SISTEMA_PRISIONAL_CORPO.mp3,04/02/2026,1804,conflito_njud_existe
F:\Projetos\DIVISOR\data\processed\JORNAIS_DIVIDIDOS\JORNAIS_DIVIDIDOS\NJUD 1815\BOLETIM_RADIO_TJRN_04_02_2026_B3_MANUAL_DE_GESTAO_PROCESSUAL_CABECA.mp3,04/02/2026,1804,conflito_njud_existe
F:\Projetos\DIVISOR\data\processed\JORNAIS_DIVIDIDOS\JORNAIS_DIVIDIDOS\NJUD 1815\BOLETIM_RADIO_TJRN_04_02_2026_B3_MANUAL_DE_GESTAO_PROCESSUAL_CORPO.mp3,04/02/2026,1804,conflito_njud_existe
F:\Projetos\DIVISOR\data\processed\JORNAIS_DIVIDIDOS\JORNAIS_DIVIDIDOS\NJUD 1816\BOLETIM_RADIO_TJRN_04_02_2026_B4_INDENIZACAO_MEDICAMENTOS_COSERN_CABECA.mp3,04/02/2026,1804,conflito_njud_existe
F:\Projetos\DIVISOR\data\processed\JORNAIS_DIVIDIDOS\JORNAIS_DIVIDIDOS\NJUD 1816\BOLETIM_RADIO_TJRN_04_02_2026_B4_INDENIZACAO_MEDICAMENTOS_COSERN_CORPO.mp3,04/02/2026,1804,conflito_njud_existe
F:\Projetos\DIVISOR\data\processed\JORNAIS_DIVIDIDOS\JORNAIS_DIVIDIDOS\NJUD 1816\BOLETIM_RADIO_TJRN_04_02_2026_B5_CONDENACAO_ROUBO_POLICIAL_MACAIBA_CABECA.mp3,04/02/2026,1804,conflito_njud_existe
F:\Projetos\DIVISOR\data\processed\JORNAIS_DIVIDIDOS\JORNAIS_DIVIDIDOS\NJUD 1816\BOLETIM_RADIO_TJRN_04_02_2026_B5_CONDENACAO_ROUBO_POLICIAL_MACAIBA_CORPO.mp3,04/02/2026,1804,conflito_njud_existe
F:\Projetos\DIVISOR\data\processed\JORNAIS_DIVIDIDOS\JORNAIS_DIVIDIDOS\NJUD 1816\BOLETIM_RADIO_TJRN_04_02_2026_B6_CONDENACAO_BANCO_GOLPE_VEICULO_CABECA.mp3,04/02/2026,1804,conflito_njud_existe
F:\Projetos\DIVISOR\data\processed\JORNAIS_DIVIDIDOS\JORNAIS_DIVIDIDOS\NJUD 1816\BOLETIM_RADIO_TJRN_04_02_2026_B6_CONDENACAO_BANCO_GOLPE_VEICULO_CORPO.mp3,04/02/2026,1804,conflito_njud_existe
F:\Projetos\DIVISOR\data\processed\JORNAIS_DIVIDIDOS\JORNAIS_DIVIDIDOS\NJUD 1816\BOLETIM_RADIO_TJRN_04_02_2026_B7_INDENIZACAO_EXTRAVIO_BAGAGEM_ASSU_CABECA.mp3,04/02/2026,1804,conflito_njud_existe
F:\Projetos\DIVISOR\data\processed\JORNAIS_DIVIDIDOS\JORNAIS_DIVIDIDOS\NJUD 1816\BOLETIM_RADIO_TJRN_04_02_2026_B7_INDENIZACAO_EXTRAVIO_BAGAGEM_ASSU_CORPO.mp3,04/02/2026,1804,conflito_njud_existe
F:\Projetos\DIVISOR\data\processed\JORNAIS_DIVIDIDOS\JORNAIS_DIVIDIDOS\NJUD 1817\BOLETIM_RADIO_TJRN_04_02_2026_B8_MEDICAMENTO_ESCLEROSE_PLANO_SAUDE_CABECA.mp3,04/02/2026,1804,conflito_njud_existe
F:\Projetos\DIVISOR\data\processed\JORNAIS_DIVIDIDOS\JORNAIS_DIVIDIDOS\NJUD 1817\BOLETIM_RADIO_TJRN_04_02_2026_B8_MEDICAMENTO_ESCLEROSE_PLANO_SAUDE_CORPO.mp3,04/02/2026,1804,conflito_njud_existe
F:\Projetos\DIVISOR\data\processed\JORNAIS_DIVIDIDOS\JORNAIS_DIVIDIDOS\NJUD 1817\BOLETIM_RADIO_TJRN_04_02_2026_B9_MUDANCA_HORARIO_SEGUNDA_CAMARA_CABECA.mp3,04/02/2026,1804,conflito_njud_existe
F:\Projetos\DIVISOR\data\processed\JORNAIS_DIVIDIDOS\JORNAIS_DIVIDIDOS\NJUD 1817\BOLETIM_RADIO_TJRN_04_02_2026_B9_MUDANCA_HORARIO_SEGUNDA_CAMARA_CORPO.mp3,04/02/2026,1804,conflito_njud_existe
F:\Projetos\DIVISOR\data\processed\JORNAIS_DIVIDIDOS\JORNAIS_DIVIDIDOS\NJUD 1817\BOLETIM_RADIO_TJRN_05_02_2026_B1_TJRN_INSTALACAO_MEDIDORES_ENERGIA_CABECA.mp3,05/02/2026,1805,conflito_njud_existe
F:\Projetos\DIVISOR\data\processed\JORNAIS_DIVIDIDOS\JORNAIS_DIVIDIDOS\NJUD 1817\BOLETIM_RADIO_TJRN_05_02_2026_B1_TJRN_INSTALACAO_MEDIDORES_ENERGIA_CORPO.mp3,05/02/2026,1805,conflito_njud_existe
F:\Projetos\DIVISOR\data\processed\JORNAIS_DIVIDIDOS\JORNAIS_DIVIDIDOS\NJUD 1817\BOLETIM_RADIO_TJRN_05_02_2026_B2_TJRN_MORADOR_MOSSORO_TRATAMENTO_MEDICO__CABECA.mp3,05/02/2026,1805,conflito_njud_existe
F:\Projetos\DIVISOR\data\processed\JORNAIS_DIVIDIDOS\JORNAIS_DIVIDIDOS\NJUD 1817\BOLETIM_RADIO_TJRN_05_02_2026_B2_TJRN_MORADOR_MOSSORO_TRATAMENTO_MEDICO__CORPO.mp3,05/02/2026,1805,conflito_njud_existe
F:\Projetos\DIVISOR\data\processed\JORNAIS_DIVIDIDOS\JORNAIS_DIVIDIDOS\NJUD 1818\BOLETIM_RADIO_TJRN_05_02_2026_B3_TJRN_CONDENA_EX_ASSESSORA_IMPROBIDADE_CABECA.mp3,05/02/2026,1805,conflito_njud_existe
F:\Projetos\DIVISOR\data\processed\JORNAIS_DIVIDIDOS\JORNAIS_DIVIDIDOS\NJUD 1818\BOLETIM_RADIO_TJRN_05_02_2026_B3_TJRN_CONDENA_EX_ASSESSORA_IMPROBIDADE_CORPO.mp3,05/02/2026,1805,conflito_njud_existe
F:\Projetos\DIVISOR\data\processed\JORNAIS_DIVIDIDOS\JORNAIS_DIVIDIDOS\NJUD 1818\BOLETIM_RADIO_TJRN_05_02_2026_B4_TJRN_HOMEM_CONDENADO_ROUBO__CABECA.mp3,05/02/2026,1805,conflito_njud_existe
F:\Projetos\DIVISOR\data\processed\JORNAIS_DIVIDIDOS\JORNAIS_DIVIDIDOS\NJUD 1818\BOLETIM_RADIO_TJRN_05_02_2026_B4_TJRN_HOMEM_CONDENADO_ROUBO__CORPO.mp3,05/02/2026,1805,conflito_njud_existe
F:\Projetos\DIVISOR\data\processed\JORNAIS_DIVIDIDOS\JORNAIS_DIVIDIDOS\NJUD 1818\BOLETIM_RADIO_TJRN_05_02_2026_B5_TJRN_REDE_SOCIAL_CONTA_PERFIL_CABECA.mp3,05/02/2026,1805,conflito_njud_existe
F:\Projetos\DIVISOR\data\processed\JORNAIS_DIVIDIDOS\JORNAIS_DIVIDIDOS\NJUD 1818\BOLETIM_RADIO_TJRN_05_02_2026_B5_TJRN_REDE_SOCIAL_CONTA_PERFIL_CORPO.mp3,05/02/2026,1805,conflito_njud_existe
F:\Projetos\DIVISOR\data\processed\JORNAIS_DIVIDIDOS\JORNAIS_DIVIDIDOS\NJUD 1818\BOLETIM_RADIO_TJRN_05_02_2026_B6_TJRN_CONDENA_BANCO_DIGITAL__CABECA.mp3,05/02/2026,1805,conflito_njud_existe
F:\Projetos\DIVISOR\data\processed\JORNAIS_DIVIDIDOS\JORNAIS_DIVIDIDOS\NJUD 1818\BOLETIM_RADIO_TJRN_05_02_2026_B6_TJRN_CONDENA_BANCO_DIGITAL__CORPO.mp3,05/02/2026,1805,conflito_njud_existe
F:\Projetos\DIVISOR\data\processed\JORNAIS_DIVIDIDOS\JORNAIS_DIVIDIDOS\NJUD 1819\BOLETIM_RADIO_TJRN_05_02_2026_B10_ACAO_NACIONAL_CONTRA_FEMINICIDIO_CABECA.mp3,05/02/2026,1805,conflito_njud_existe
F:\Projetos\DIVISOR\data\processed\JORNAIS_DIVIDIDOS\JORNAIS_DIVIDIDOS\NJUD 1819\BOLETIM_RADIO_TJRN_05_02_2026_B10_ACAO_NACIONAL_CONTRA_FEMINICIDIO_CORPO.mp3,05/02/2026,1805,conflito_njud_existe
F:\Projetos\DIVISOR\data\processed\JORNAIS_DIVIDIDOS\JORNAIS_DIVIDIDOS\NJUD 1819\BOLETIM_RADIO_TJRN_05_02_2026_B7_TRTRN_BANCO_DANOS_MORAIS_ADOECIMENTO_MENTAL_CABECA.mp3,05/02/2026,1805,conflito_njud_existe
F:\Projetos\DIVISOR\data\processed\JORNAIS_DIVIDIDOS\JORNAIS_DIVIDIDOS\NJUD 1819\BOLETIM_RADIO_TJRN_05_02_2026_B7_TRTRN_BANCO_DANOS_MORAIS_ADOECIMENTO_MENTAL_CORPO.mp3,05/02/2026,1805,conflito_njud_existe
F:\Projetos\DIVISOR\data\processed\JORNAIS_DIVIDIDOS\JORNAIS_DIVIDIDOS\NJUD 1819\BOLETIM_RADIO_TJRN_05_02_2026_B8_OABRN_ALERTA_GOLPE_EXAME_ORDEM_CABECA.mp3,05/02/2026,1805,conflito_njud_existe
F:\Projetos\DIVISOR\data\processed\JORNAIS_DIVIDIDOS\JORNAIS_DIVIDIDOS\NJUD 1819\BOLETIM_RADIO_TJRN_05_02_2026_B8_OABRN_ALERTA_GOLPE_EXAME_ORDEM_CORPO.mp3,05/02/2026,1805,conflito_njud_existe
F:\Projetos\DIVISOR\data\processed\JORNAIS_DIVIDIDOS\JORNAIS_DIVIDIDOS\NJUD 1819\BOLETIM_RADIO_TJRN_05_02_2026_B9_SESSAO_EXTRAORDINARIA_PRIMEIRA_CAMARA_CIVEL_CABECA.mp3,05/02/2026,1805,conflito_njud_existe
F:\Projetos\DIVISOR\data\processed\JORNAIS_DIVIDIDOS\JORNAIS_DIVIDIDOS\NJUD 1819\BOLETIM_RADIO_TJRN_05_02_2026_B9_SESSAO_EXTRAORDINARIA_PRIMEIRA_CAMARA_CIVEL_CORPO.mp3,05/02/2026,1805,conflito_njud_existe
F:\Projetos\DIVISOR\data\processed\JORNAIS_DIVIDIDOS\JORNAIS_DIVIDIDOS\NJUD 1820\BOLETIM_RADIO_TJRN_06_02_2026_B10_TJRN_EMPRESA_TRANSPORTE_CONDENADA_CABECA.mp3,06/02/2026,1806,conflito_njud_existe
F:\Projetos\DIVISOR\data\processed\JORNAIS_DIVIDIDOS\JORNAIS_DIVIDIDOS\NJUD 1820\BOLETIM_RADIO_TJRN_06_02_2026_B10_TJRN_EMPRESA_TRANSPORTE_CONDENADA_CORPO.mp3,06/02/2026,1806,conflito_njud_existe
F:\Projetos\DIVISOR\data\processed\JORNAIS_DIVIDIDOS\JORNAIS_DIVIDIDOS\NJUD 1820\BOLETIM_RADIO_TJRN_06_02_2026_B7_TJRN_IDOSA_CAPITALIZACAO__CABECA.mp3,06/02/2026,1806,conflito_njud_existe
F:\Projetos\DIVISOR\data\processed\JORNAIS_DIVIDIDOS\JORNAIS_DIVIDIDOS\NJUD 1820\BOLETIM_RADIO_TJRN_06_02_2026_B7_TJRN_IDOSA_CAPITALIZACAO__CORPO.mp3,06/02/2026,1806,conflito_njud_existe
F:\Projetos\DIVISOR\data\processed\JORNAIS_DIVIDIDOS\JORNAIS_DIVIDIDOS\NJUD 1820\BOLETIM_RADIO_TJRN_06_02_2026_B8_TJRN_RECONHECE_DESVIO_FUNCAO__CABECA.mp3,06/02/2026,1806,conflito_njud_existe
F:\Projetos\DIVISOR\data\processed\JORNAIS_DIVIDIDOS\JORNAIS_DIVIDIDOS\NJUD 1820\BOLETIM_RADIO_TJRN_06_02_2026_B8_TJRN_RECONHECE_DESVIO_FUNCAO__CORPO.mp3,06/02/2026,1806,conflito_njud_existe
F:\Projetos\DIVISOR\data\processed\JORNAIS_DIVIDIDOS\JORNAIS_DIVIDIDOS\NJUD 1820\BOLETIM_RADIO_TJRN_06_02_2026_B9_TJRN_CUSTO_OBRAS_ACESSIBILIDADE_CABECA.mp3,06/02/2026,1806,conflito_njud_existe
F:\Projetos\DIVISOR\data\processed\JORNAIS_DIVIDIDOS\JORNAIS_DIVIDIDOS\NJUD 1820\BOLETIM_RADIO_TJRN_06_02_2026_B9_TJRN_CUSTO_OBRAS_ACESSIBILIDADE_CORPO.mp3,06/02/2026,1806,conflito_njud_existe
F:\Projetos\DIVISOR\data\processed\JORNAIS_DIVIDIDOS\JORNAIS_DIVIDIDOS\NJUD 1821\BOLETIM_RADIO_TJRN_06_02_2026_B1_MPRN_CONDENACAO_EMPRESARIOS__CABECA.mp3,06/02/2026,1806,conflito_njud_existe
F:\Projetos\DIVISOR\data\processed\JORNAIS_DIVIDIDOS\JORNAIS_DIVIDIDOS\NJUD 1821\BOLETIM_RADIO_TJRN_06_02_2026_B1_MPRN_CONDENACAO_EMPRESARIOS__CORPO.mp3,06/02/2026,1806,conflito_njud_existe
F:\Projetos\DIVISOR\data\processed\JORNAIS_DIVIDIDOS\JORNAIS_DIVIDIDOS\NJUD 1821\BOLETIM_RADIO_TJRN_06_02_2026_B2_ALRN_ABRE_TRABALHOS_LEGISLATIVO__CABECA.mp3,06/02/2026,1806,conflito_njud_existe
F:\Projetos\DIVISOR\data\processed\JORNAIS_DIVIDIDOS\JORNAIS_DIVIDIDOS\NJUD 1821\BOLETIM_RADIO_TJRN_06_02_2026_B2_ALRN_ABRE_TRABALHOS_LEGISLATIVO__CORPO.mp3,06/02/2026,1806,conflito_njud_existe
F:\Projetos\DIVISOR\data\processed\JORNAIS_DIVIDIDOS\JORNAIS_DIVIDIDOS\NJUD 1821\BOLETIM_RADIO_TJRN_06_02_2026_B3_DPERN_CRIACAO_CARGOS_APOIO_ESCOLAR__CABECA.mp3,06/02/2026,1806,conflito_njud_existe
F:\Projetos\DIVISOR\data\processed\JORNAIS_DIVIDIDOS\JORNAIS_DIVIDIDOS\NJUD 1821\BOLETIM_RADIO_TJRN_06_02_2026_B3_DPERN_CRIACAO_CARGOS_APOIO_ESCOLAR__CORPO.mp3,06/02/2026,1806,conflito_njud_existe
F:\Projetos\DIVISOR\data\processed\JORNAIS_DIVIDIDOS\JORNAIS_DIVIDIDOS\NJUD 1821\BOLETIM_RADIO_TJRN_06_02_2026_B6_ESMARN_CURSO_INTELIGENCIA_ARTIFICIAL__CABECA.mp3,06/02/2026,1806,conflito_njud_existe
F:\Projetos\DIVISOR\data\processed\JORNAIS_DIVIDIDOS\JORNAIS_DIVIDIDOS\NJUD 1821\BOLETIM_RADIO_TJRN_06_02_2026_B6_ESMARN_CURSO_INTELIGENCIA_ARTIFICIAL__CORPO.mp3,06/02/2026,1806,conflito_njud_existe
F:\Projetos\DIVISOR\data\processed\JORNAIS_DIVIDIDOS\JORNAIS_DIVIDIDOS\NJUD 1822\BOLETIM_RADIO_TJRN_06_02_2026_B4_TRTRN_DOA_VEICULOS_INSTITUTO_CEGOS_CABECA.mp3,06/02/2026,1806,conflito_njud_existe
F:\Projetos\DIVISOR\data\processed\JORNAIS_DIVIDIDOS\JORNAIS_DIVIDIDOS\NJUD 1822\BOLETIM_RADIO_TJRN_06_02_2026_B4_TRTRN_DOA_VEICULOS_INSTITUTO_CEGOS_CORPO.mp3,06/02/2026,1806,conflito_njud_existe
F:\Projetos\DIVISOR\data\processed\JORNAIS_DIVIDIDOS\JORNAIS_DIVIDIDOS\NJUD 1822\BOLETIM_RADIO_TJRN_06_02_2026_B5_CNJ_INSCRICOES_CIENCIAS_DE_DADOS__CABECA.mp3,06/02/2026,1806,conflito_njud_existe
F:\Projetos\DIVISOR\data\processed\JORNAIS_DIVIDIDOS\JORNAIS_DIVIDIDOS\NJUD 1822\BOLETIM_RADIO_TJRN_06_02_2026_B5_CNJ_INSCRICOES_CIENCIAS_DE_DADOS__CORPO.mp3,06/02/2026,1806,conflito_njud_existe
F:\Projetos\DIVISOR\data\processed\JORNAIS_DIVIDIDOS\JORNAIS_DIVIDIDOS\NJUD 1822\BOLETIM_RADIO_TJRN_09_02_2026_B1_TJRN_BALANCO_ACOES_EXECUTADAS_CABECA.mp3,09/02/2026,1807,conflito_njud_existe
F:\Projetos\DIVISOR\data\processed\JORNAIS_DIVIDIDOS\JORNAIS_DIVIDIDOS\NJUD 1822\BOLETIM_RADIO_TJRN_09_02_2026_B1_TJRN_BALANCO_ACOES_EXECUTADAS_CORPO.mp3,09/02/2026,1807,conflito_njud_existe
F:\Projetos\DIVISOR\data\processed\JORNAIS_DIVIDIDOS\JORNAIS_DIVIDIDOS\NJUD 1822\BOLETIM_RADIO_TJRN_09_02_2026_B3_REGULARIZACAO_CUSTAS_JUDICIAIS_CABECA.mp3,09/02/2026,1807,conflito_njud_existe
F:\Projetos\DIVISOR\data\processed\JORNAIS_DIVIDIDOS\JORNAIS_DIVIDIDOS\NJUD 1822\BOLETIM_RADIO_TJRN_09_02_2026_B3_REGULARIZACAO_CUSTAS_JUDICIAIS_CORPO.mp3,09/02/2026,1807,conflito_njud_existe
F:\Projetos\DIVISOR\data\processed\JORNAIS_DIVIDIDOS\JORNAIS_DIVIDIDOS\NJUD 1823\BOLETIM_RADIO_TJRN_09_02_2026_B4_RECUPERACAO_CANAL_VIDEOS_CABECA.mp3,09/02/2026,1807,conflito_njud_existe
F:\Projetos\DIVISOR\data\processed\JORNAIS_DIVIDIDOS\JORNAIS_DIVIDIDOS\NJUD 1823\BOLETIM_RADIO_TJRN_09_02_2026_B4_RECUPERACAO_CANAL_VIDEOS_CORPO.mp3,09/02/2026,1807,conflito_njud_existe
F:\Projetos\DIVISOR\data\processed\JORNAIS_DIVIDIDOS\JORNAIS_DIVIDIDOS\NJUD 1823\BOLETIM_RADIO_TJRN_09_02_2026_B5_RECUPERACAO_CANAL_VIDEOS_CABECA.mp3,09/02/2026,1807,conflito_njud_existe
F:\Projetos\DIVISOR\data\processed\JORNAIS_DIVIDIDOS\JORNAIS_DIVIDIDOS\NJUD 1823\BOLETIM_RADIO_TJRN_09_02_2026_B5_RECUPERACAO_CANAL_VIDEOS_CORPO.mp3,09/02/2026,1807,conflito_njud_existe
F:\Projetos\DIVISOR\data\processed\JORNAIS_DIVIDIDOS\JORNAIS_DIVIDIDOS\NJUD 1823\BOLETIM_RADIO_TJRN_09_02_2026_B6_COMITES_MES_CONSUMIDOR_CABECA.mp3,09/02/2026,1807,conflito_njud_existe
F:\Projetos\DIVISOR\data\processed\JORNAIS_DIVIDIDOS\JORNAIS_DIVIDIDOS\NJUD 1823\BOLETIM_RADIO_TJRN_09_02_2026_B6_COMITES_MES_CONSUMIDOR_CORPO.mp3,09/02/2026,1807,conflito_njud_existe
F:\Projetos\DIVISOR\data\processed\JORNAIS_DIVIDIDOS\JORNAIS_DIVIDIDOS\NJUD 1823\BOLETIM_RADIO_TJRN_09_02_2026_B7_ESTAGIO_POS_MOSSORO_DIREITO_CABECA.mp3,09/02/2026,1807,conflito_njud_existe
F:\Projetos\DIVISOR\data\processed\JORNAIS_DIVIDIDOS\JORNAIS_DIVIDIDOS\NJUD 1823\BOLETIM_RADIO_TJRN_09_02_2026_B7_ESTAGIO_POS_MOSSORO_DIREITO_CORPO.mp3,09/02/2026,1807,conflito_njud_existe
F:\Projetos\DIVISOR\data\processed\JORNAIS_DIVIDIDOS\JORNAIS_DIVIDIDOS\NJUD 1824\BOLETIM_RADIO_TJRN_09_02_2026_B10_REMUNERACAO_PM_CURSO_FORMACAO_CABECA.mp3,09/02/2026,1807,conflito_njud_existe
F:\Projetos\DIVISOR\data\processed\JORNAIS_DIVIDIDOS\JORNAIS_DIVIDIDOS\NJUD 1824\BOLETIM_RADIO_TJRN_09_02_2026_B10_REMUNERACAO_PM_CURSO_FORMACAO_CORPO.mp3,09/02/2026,1807,conflito_njud_existe
F:\Projetos\DIVISOR\data\processed\JORNAIS_DIVIDIDOS\JORNAIS_DIVIDIDOS\NJUD 1824\BOLETIM_RADIO_TJRN_09_02_2026_B2_MPRN_COMBATE_POLUICAO_SONORA__CABECA.mp3,09/02/2026,1807,conflito_njud_existe
F:\Projetos\DIVISOR\data\processed\JORNAIS_DIVIDIDOS\JORNAIS_DIVIDIDOS\NJUD 1824\BOLETIM_RADIO_TJRN_09_02_2026_B2_MPRN_COMBATE_POLUICAO_SONORA__CORPO.mp3,09/02/2026,1807,conflito_njud_existe
F:\Projetos\DIVISOR\data\processed\JORNAIS_DIVIDIDOS\JORNAIS_DIVIDIDOS\NJUD 1824\BOLETIM_RADIO_TJRN_09_02_2026_B8_INDENIZACAO_PACIENTE_DEPRESSIVO_CABECA.mp3,09/02/2026,1807,conflito_njud_existe
F:\Projetos\DIVISOR\data\processed\JORNAIS_DIVIDIDOS\JORNAIS_DIVIDIDOS\NJUD 1824\BOLETIM_RADIO_TJRN_09_02_2026_B8_INDENIZACAO_PACIENTE_DEPRESSIVO_CORPO.mp3,09/02/2026,1807,conflito_njud_existe
F:\Projetos\DIVISOR\data\processed\JORNAIS_DIVIDIDOS\JORNAIS_DIVIDIDOS\NJUD 1824\BOLETIM_RADIO_TJRN_09_02_2026_B9_AUSENCIA_ANULACAO_SENTENCA_CABECA.mp3,09/02/2026,1807,conflito_njud_existe
F:\Projetos\DIVISOR\data\processed\JORNAIS_DIVIDIDOS\JORNAIS_DIVIDIDOS\NJUD 1824\BOLETIM_RADIO_TJRN_09_02_2026_B9_AUSENCIA_ANULACAO_SENTENCA_CORPO.mp3,09/02/2026,1807,conflito_njud_existe
F:\Projetos\DIVISOR\data\processed\JORNAIS_DIVIDIDOS\JORNAIS_DIVIDIDOS\NJUD 1825\BOLETIM_RADIO_TJRN_10_02_2026_B1_TJRN_CONDENA_MUNICIPIO_ALUGUEIS_ATRASADOS__CABECA.mp3,10/02/2026,1808,conflito_njud_existe
F:\Projetos\DIVISOR\data\processed\JORNAIS_DIVIDIDOS\JORNAIS_DIVIDIDOS\NJUD 1825\BOLETIM_RADIO_TJRN_10_02_2026_B1_TJRN_CONDENA_MUNICIPIO_ALUGUEIS_ATRASADOS__CORPO.mp3,10/02/2026,1808,conflito_njud_existe
F:\Projetos\DIVISOR\data\processed\JORNAIS_DIVIDIDOS\JORNAIS_DIVIDIDOS\NJUD 1825\BOLETIM_RADIO_TJRN_10_02_2026_B2_TJRN_RISCO_DESABAMENTO_MURO_NATAL_CABECA.mp3,10/02/2026,1808,conflito_njud_existe
F:\Projetos\DIVISOR\data\processed\JORNAIS_DIVIDIDOS\JORNAIS_DIVIDIDOS\NJUD 1825\BOLETIM_RADIO_TJRN_10_02_2026_B2_TJRN_RISCO_DESABAMENTO_MURO_NATAL_CORPO.mp3,10/02/2026,1808,conflito_njud_existe
F:\Projetos\DIVISOR\data\processed\JORNAIS_DIVIDIDOS\JORNAIS_DIVIDIDOS\NJUD 1825\BOLETIM_RADIO_TJRN_10_02_2026_B3_TJRN_CONSUMIDORA_INDENIZADA_INADIMPLENTES__CABECA.mp3,10/02/2026,1808,conflito_njud_existe
F:\Projetos\DIVISOR\data\processed\JORNAIS_DIVIDIDOS\JORNAIS_DIVIDIDOS\NJUD 1825\BOLETIM_RADIO_TJRN_10_02_2026_B3_TJRN_CONSUMIDORA_INDENIZADA_INADIMPLENTES__CORPO.mp3,10/02/2026,1808,conflito_njud_existe
F:\Projetos\DIVISOR\data\processed\JORNAIS_DIVIDIDOS\JORNAIS_DIVIDIDOS\NJUD 1825\BOLETIM_RADIO_TJRN_10_02_2026_B4_TJRN_REALIZA_MUTIRAO__CABECA.mp3,10/02/2026,1808,conflito_njud_existe
F:\Projetos\DIVISOR\data\processed\JORNAIS_DIVIDIDOS\JORNAIS_DIVIDIDOS\NJUD 1825\BOLETIM_RADIO_TJRN_10_02_2026_B4_TJRN_REALIZA_MUTIRAO__CORPO.mp3,10/02/2026,1808,conflito_njud_existe
F:\Projetos\DIVISOR\data\processed\JORNAIS_DIVIDIDOS\JORNAIS_DIVIDIDOS\NJUD 1826\BOLETIM_RADIO_TJRN_10_02_2026_B5_TJRN_COMARCA_PORTALEGRE_INSCRICOES__CABECA.mp3,10/02/2026,1808,conflito_njud_existe
F:\Projetos\DIVISOR\data\processed\JORNAIS_DIVIDIDOS\JORNAIS_DIVIDIDOS\NJUD 1826\BOLETIM_RADIO_TJRN_10_02_2026_B5_TJRN_COMARCA_PORTALEGRE_INSCRICOES__CORPO.mp3,10/02/2026,1808,conflito_njud_existe
F:\Projetos\DIVISOR\data\processed\JORNAIS_DIVIDIDOS\JORNAIS_DIVIDIDOS\NJUD 1826\BOLETIM_RADIO_TJRN_10_02_2026_B6_TJRN_ORIENTA_PARTICIPACAO_CRIANCAS__CABECA.mp3,10/02/2026,1808,conflito_njud_existe
F:\Projetos\DIVISOR\data\processed\JORNAIS_DIVIDIDOS\JORNAIS_DIVIDIDOS\NJUD 1826\BOLETIM_RADIO_TJRN_10_02_2026_B6_TJRN_ORIENTA_PARTICIPACAO_CRIANCAS__CORPO.mp3,10/02/2026,1808,conflito_njud_existe
F:\Projetos\DIVISOR\data\processed\JORNAIS_DIVIDIDOS\JORNAIS_DIVIDIDOS\NJUD 1826\BOLETIM_RADIO_TJRN_10_02_2026_B7_TJRN_ALERTA_SOBRE_SMS_FALSO_CABECA.mp3,10/02/2026,1808,conflito_njud_existe
F:\Projetos\DIVISOR\data\processed\JORNAIS_DIVIDIDOS\JORNAIS_DIVIDIDOS\NJUD 1826\BOLETIM_RADIO_TJRN_10_02_2026_B7_TJRN_ALERTA_SOBRE_SMS_FALSO_CORPO.mp3,10/02/2026,1808,conflito_njud_existe
F:\Projetos\DIVISOR\data\processed\JORNAIS_DIVIDIDOS\JORNAIS_DIVIDIDOS\NJUD 1826\BOLETIM_RADIO_TJRN_10_02_2026_B8_OABRN_CENSO_DIFICULDADES_JOVENS_BRASIL_CABECA.mp3,10/02/2026,1808,conflito_njud_existe
F:\Projetos\DIVISOR\data\processed\JORNAIS_DIVIDIDOS\JORNAIS_DIVIDIDOS\NJUD 1826\BOLETIM_RADIO_TJRN_10_02_2026_B8_OABRN_CENSO_DIFICULDADES_JOVENS_BRASIL_CORPO.mp3,10/02/2026,1808,conflito_njud_existe
F:\Projetos\DIVISOR\data\processed\JORNAIS_DIVIDIDOS\JORNAIS_DIVIDIDOS\NJUD 1827\BOLETIM_RADIO_TJRN_02_03_2026_B10_TJRN_PRIMEIRO_TECNOLOGIA_FOCO_2026_CABECA.mp3,02/03/2026,1820,conflito_njud_existe
F:\Projetos\DIVISOR\data\processed\JORNAIS_DIVIDIDOS\JORNAIS_DIVIDIDOS\NJUD 1827\BOLETIM_RADIO_TJRN_02_03_2026_B10_TJRN_PRIMEIRO_TECNOLOGIA_FOCO_2026_CORPO.mp3,02/03/2026,1820,conflito_njud_existe
F:\Projetos\DIVISOR\data\processed\JORNAIS_DIVIDIDOS\JORNAIS_DIVIDIDOS\NJUD 1827\BOLETIM_RADIO_TJRN_02_03_2026_B1_TRERN_ADQUIRE_NOVAS_CADEIRAS__CABECA.mp3,02/03/2026,1820,conflito_njud_existe
F:\Projetos\DIVISOR\data\processed\JORNAIS_DIVIDIDOS\JORNAIS_DIVIDIDOS\NJUD 1827\BOLETIM_RADIO_TJRN_02_03_2026_B1_TRERN_ADQUIRE_NOVAS_CADEIRAS__CORPO.mp3,02/03/2026,1820,conflito_njud_existe
F:\Projetos\DIVISOR\data\processed\JORNAIS_DIVIDIDOS\JORNAIS_DIVIDIDOS\NJUD 1827\BOLETIM_RADIO_TJRN_02_03_2026_B8_TJRN_2_VARA_PARNAMIRIM_ESTAGIO_CABECA.mp3,02/03/2026,1820,conflito_njud_existe
F:\Projetos\DIVISOR\data\processed\JORNAIS_DIVIDIDOS\JORNAIS_DIVIDIDOS\NJUD 1827\BOLETIM_RADIO_TJRN_02_03_2026_B8_TJRN_2_VARA_PARNAMIRIM_ESTAGIO_CORPO.mp3,02/03/2026,1820,conflito_njud_existe
F:\Projetos\DIVISOR\data\processed\JORNAIS_DIVIDIDOS\JORNAIS_DIVIDIDOS\NJUD 1827\BOLETIM_RADIO_TJRN_02_03_2026_B9_TJRN_JUSTICA_ELEVA_PERCENTUAL_ALIMENTOS__CABECA.mp3,02/03/2026,1820,conflito_njud_existe
F:\Projetos\DIVISOR\data\processed\JORNAIS_DIVIDIDOS\JORNAIS_DIVIDIDOS\NJUD 1827\BOLETIM_RADIO_TJRN_02_03_2026_B9_TJRN_JUSTICA_ELEVA_PERCENTUAL_ALIMENTOS__CORPO.mp3,02/03/2026,1820,conflito_njud_existe
F:\Projetos\DIVISOR\data\processed\JORNAIS_DIVIDIDOS\JORNAIS_DIVIDIDOS\NJUD 1828\BOLETIM_RADIO_TJRN_02_03_2026_B2_ACESSIBILIDADE_CAPS_PARNAMIRIM_CABECA.mp3,02/03/2026,1820,conflito_njud_existe
F:\Projetos\DIVISOR\data\processed\JORNAIS_DIVIDIDOS\JORNAIS_DIVIDIDOS\NJUD 1828\BOLETIM_RADIO_TJRN_02_03_2026_B2_ACESSIBILIDADE_CAPS_PARNAMIRIM_CORPO.mp3,02/03/2026,1820,conflito_njud_existe
F:\Projetos\DIVISOR\data\processed\JORNAIS_DIVIDIDOS\JORNAIS_DIVIDIDOS\NJUD 1828\BOLETIM_RADIO_TJRN_02_03_2026_B3_SUSPENSAO_DESCONTO_PENSAO_CABECA.mp3,02/03/2026,1820,conflito_njud_existe
F:\Projetos\DIVISOR\data\processed\JORNAIS_DIVIDIDOS\JORNAIS_DIVIDIDOS\NJUD 1828\BOLETIM_RADIO_TJRN_02_03_2026_B3_SUSPENSAO_DESCONTO_PENSAO_CORPO.mp3,02/03/2026,1820,conflito_njud_existe
F:\Projetos\DIVISOR\data\processed\JORNAIS_DIVIDIDOS\JORNAIS_DIVIDIDOS\NJUD 1828\BOLETIM_RADIO_TJRN_02_03_2026_B4_CONDENACAO_SALARIO_SEM_EXERCER_FUNCAO_CABECA.mp3,02/03/2026,1820,conflito_njud_existe
F:\Projetos\DIVISOR\data\processed\JORNAIS_DIVIDIDOS\JORNAIS_DIVIDIDOS\NJUD 1828\BOLETIM_RADIO_TJRN_02_03_2026_B4_CONDENACAO_SALARIO_SEM_EXERCER_FUNCAO_CORPO.mp3,02/03/2026,1820,conflito_njud_existe
F:\Projetos\DIVISOR\data\processed\JORNAIS_DIVIDIDOS\JORNAIS_DIVIDIDOS\NJUD 1828\BOLETIM_RADIO_TJRN_02_03_2026_B5_LICENCA_REMUNERADA_JOAO_CAMARA_CABECA.mp3,02/03/2026,1820,conflito_njud_existe
F:\Projetos\DIVISOR\data\processed\JORNAIS_DIVIDIDOS\JORNAIS_DIVIDIDOS\NJUD 1828\BOLETIM_RADIO_TJRN_02_03_2026_B5_LICENCA_REMUNERADA_JOAO_CAMARA_CORPO.mp3,02/03/2026,1820,conflito_njud_existe
F:\Projetos\DIVISOR\data\processed\JORNAIS_DIVIDIDOS\JORNAIS_DIVIDIDOS\NJUD 1829\BOLETIM_RADIO_TJRN_02_03_2026_B6_CONDENACAO_EXTRAVIO_BAGAGEM_CABECA.mp3,02/03/2026,1820,conflito_njud_existe
F:\Projetos\DIVISOR\data\processed\JORNAIS_DIVIDIDOS\JORNAIS_DIVIDIDOS\NJUD 1829\BOLETIM_RADIO_TJRN_02_03_2026_B6_CONDENACAO_EXTRAVIO_BAGAGEM_CORPO.mp3,02/03/2026,1820,conflito_njud_existe
F:\Projetos\DIVISOR\data\processed\JORNAIS_DIVIDIDOS\JORNAIS_DIVIDIDOS\NJUD 1829\BOLETIM_RADIO_TJRN_02_03_2026_B7_RESPONSAVEL_INTERINO_CANGUARETAMA_CABECA.mp3,02/03/2026,1820,conflito_njud_existe
F:\Projetos\DIVISOR\data\processed\JORNAIS_DIVIDIDOS\JORNAIS_DIVIDIDOS\NJUD 1829\BOLETIM_RADIO_TJRN_02_03_2026_B7_RESPONSAVEL_INTERINO_CANGUARETAMA_CORPO.mp3,02/03/2026,1820,conflito_njud_existe
F:\Projetos\DIVISOR\data\processed\JORNAIS_DIVIDIDOS\JORNAIS_DIVIDIDOS\NJUD 1829\BOLETIM_RADIO_TJRN_03_03_2026_B10_TJRN_CURSO_ESTRATEGICO_SEGURANCA__CABECA.mp3,03/03/2026,1821,conflito_njud_existe
F:\Projetos\DIVISOR\data\processed\JORNAIS_DIVIDIDOS\JORNAIS_DIVIDIDOS\NJUD 1829\BOLETIM_RADIO_TJRN_03_03_2026_B10_TJRN_CURSO_ESTRATEGICO_SEGURANCA__CORPO.mp3,03/03/2026,1821,conflito_njud_existe
F:\Projetos\DIVISOR\data\processed\JORNAIS_DIVIDIDOS\JORNAIS_DIVIDIDOS\NJUD 1829\BOLETIM_RADIO_TJRN_03_03_2026_B1_MINICURSO_COMITE_SAUDE_CABECA.mp3,03/03/2026,1821,conflito_njud_existe
F:\Projetos\DIVISOR\data\processed\JORNAIS_DIVIDIDOS\JORNAIS_DIVIDIDOS\NJUD 1829\BOLETIM_RADIO_TJRN_03_03_2026_B1_MINICURSO_COMITE_SAUDE_CORPO.mp3,03/03/2026,1821,conflito_njud_existe
F:\Projetos\DIVISOR\data\processed\JORNAIS_DIVIDIDOS\JORNAIS_DIVIDIDOS\NJUD 1830\BOLETIM_RADIO_TJRN_03_03_2026_B2_CONVENIO_DEBITO_PRECATORIOS_CABECA.mp3,03/03/2026,1821,conflito_njud_existe
F:\Projetos\DIVISOR\data\processed\JORNAIS_DIVIDIDOS\JORNAIS_DIVIDIDOS\NJUD 1830\BOLETIM_RADIO_TJRN_03_03_2026_B2_CONVENIO_DEBITO_PRECATORIOS_CORPO.mp3,03/03/2026,1821,conflito_njud_existe
F:\Projetos\DIVISOR\data\processed\JORNAIS_DIVIDIDOS\JORNAIS_DIVIDIDOS\NJUD 1830\BOLETIM_RADIO_TJRN_03_03_2026_B3_CONDENACAO_FABRICANTE_PNEUS_CABECA.mp3,03/03/2026,1821,conflito_njud_existe
F:\Projetos\DIVISOR\data\processed\JORNAIS_DIVIDIDOS\JORNAIS_DIVIDIDOS\NJUD 1830\BOLETIM_RADIO_TJRN_03_03_2026_B3_CONDENACAO_FABRICANTE_PNEUS_CORPO.mp3,03/03/2026,1821,conflito_njud_existe
F:\Projetos\DIVISOR\data\processed\JORNAIS_DIVIDIDOS\JORNAIS_DIVIDIDOS\NJUD 1830\BOLETIM_RADIO_TJRN_03_03_2026_B4_ESTAGIO_ENSINO_MEDIO_CABECA.mp3,03/03/2026,1821,conflito_njud_existe
F:\Projetos\DIVISOR\data\processed\JORNAIS_DIVIDIDOS\JORNAIS_DIVIDIDOS\NJUD 1830\BOLETIM_RADIO_TJRN_03_03_2026_B4_ESTAGIO_ENSINO_MEDIO_CORPO.mp3,03/03/2026,1821,conflito_njud_existe
F:\Projetos\DIVISOR\data\processed\JORNAIS_DIVIDIDOS\JORNAIS_DIVIDIDOS\NJUD 1830\BOLETIM_RADIO_TJRN_03_03_2026_B5_CONVOCACAO_CONCURSO_CAERN_CABECA.mp3,03/03/2026,1821,conflito_njud_existe
F:\Projetos\DIVISOR\data\processed\JORNAIS_DIVIDIDOS\JORNAIS_DIVIDIDOS\NJUD 1830\BOLETIM_RADIO_TJRN_03_03_2026_B5_CONVOCACAO_CONCURSO_CAERN_CORPO.mp3,03/03/2026,1821,conflito_njud_existe
F:\Projetos\DIVISOR\data\processed\JORNAIS_DIVIDIDOS\JORNAIS_DIVIDIDOS\NJUD 1831\BOLETIM_RADIO_TJRN_03_03_2026_B6_CONDENACAO_FRAUDE_LICITACAO_CABECA.mp3,03/03/2026,1821,conflito_njud_existe
F:\Projetos\DIVISOR\data\processed\JORNAIS_DIVIDIDOS\JORNAIS_DIVIDIDOS\NJUD 1831\BOLETIM_RADIO_TJRN_03_03_2026_B6_CONDENACAO_FRAUDE_LICITACAO_CORPO.mp3,03/03/2026,1821,conflito_njud_existe
F:\Projetos\DIVISOR\data\processed\JORNAIS_DIVIDIDOS\JORNAIS_DIVIDIDOS\NJUD 1831\BOLETIM_RADIO_TJRN_03_03_2026_B7_CONDENACAO_RESPONSABILIDADE_SOLIDARIA_CABECA.mp3,03/03/2026,1821,conflito_njud_existe
F:\Projetos\DIVISOR\data\processed\JORNAIS_DIVIDIDOS\JORNAIS_DIVIDIDOS\NJUD 1831\BOLETIM_RADIO_TJRN_03_03_2026_B7_CONDENACAO_RESPONSABILIDADE_SOLIDARIA_CORPO.mp3,03/03/2026,1821,conflito_njud_existe
F:\Projetos\DIVISOR\data\processed\JORNAIS_DIVIDIDOS\JORNAIS_DIVIDIDOS\NJUD 1831\BOLETIM_RADIO_TJRN_03_03_2026_B8_AMPLIACAO_SALAS_DEPOIMENTO_ESPECIAL_CABECA.mp3,03/03/2026,1821,conflito_njud_existe
F:\Projetos\DIVISOR\data\processed\JORNAIS_DIVIDIDOS\JORNAIS_DIVIDIDOS\NJUD 1831\BOLETIM_RADIO_TJRN_03_03_2026_B8_AMPLIACAO_SALAS_DEPOIMENTO_ESPECIAL_CORPO.mp3,03/03/2026,1821,conflito_njud_existe
F:\Projetos\DIVISOR\data\processed\JORNAIS_DIVIDIDOS\JORNAIS_DIVIDIDOS\NJUD 1831\BOLETIM_RADIO_TJRN_03_03_2026_B9_PAGAMENTO_PASSAGENS_INTERMUNICIPAL_CABECA.mp3,03/03/2026,1821,conflito_njud_existe
F:\Projetos\DIVISOR\data\processed\JORNAIS_DIVIDIDOS\JORNAIS_DIVIDIDOS\NJUD 1831\BOLETIM_RADIO_TJRN_03_03_2026_B9_PAGAMENTO_PASSAGENS_INTERMUNICIPAL_CORPO.mp3,03/03/2026,1821,conflito_njud_existe
F:\Projetos\DIVISOR\data\processed\JORNAIS_DIVIDIDOS\JORNAIS_DIVIDIDOS\NJUD 1832\BOLETIM_RADIO_TJRN_04_03_2026_B1_CAERN_CONDENADA_POR_SUSPENSAO_DE_AGUA_CABECA.mp3,04/03/2026,1822,conflito_njud_existe
F:\Projetos\DIVISOR\data\processed\JORNAIS_DIVIDIDOS\JORNAIS_DIVIDIDOS\NJUD 1832\BOLETIM_RADIO_TJRN_04_03_2026_B1_CAERN_CONDENADA_POR_SUSPENSAO_DE_AGUA_CORPO.mp3,04/03/2026,1822,conflito_njud_existe
F:\Projetos\DIVISOR\data\processed\JORNAIS_DIVIDIDOS\JORNAIS_DIVIDIDOS\NJUD 1832\BOLETIM_RADIO_TJRN_04_03_2026_B2_COSERN_DEVE_AUMENTAR_CARGA_ENERGETICA_CABECA.mp3,04/03/2026,1822,conflito_njud_existe
F:\Projetos\DIVISOR\data\processed\JORNAIS_DIVIDIDOS\JORNAIS_DIVIDIDOS\NJUD 1832\BOLETIM_RADIO_TJRN_04_03_2026_B2_COSERN_DEVE_AUMENTAR_CARGA_ENERGETICA_CORPO.mp3,04/03/2026,1822,conflito_njud_existe
F:\Projetos\DIVISOR\data\processed\JORNAIS_DIVIDIDOS\JORNAIS_DIVIDIDOS\NJUD 1832\BOLETIM_RADIO_TJRN_04_03_2026_B3_PARNAMIRIM_DEVE_PAGAR_ALUGUEIS_CABECA.mp3,04/03/2026,1822,conflito_njud_existe
F:\Projetos\DIVISOR\data\processed\JORNAIS_DIVIDIDOS\JORNAIS_DIVIDIDOS\NJUD 1832\BOLETIM_RADIO_TJRN_04_03_2026_B3_PARNAMIRIM_DEVE_PAGAR_ALUGUEIS_CORPO.mp3,04/03/2026,1822,conflito_njud_existe
F:\Projetos\DIVISOR\data\processed\JORNAIS_DIVIDIDOS\JORNAIS_DIVIDIDOS\NJUD 1832\BOLETIM_RADIO_TJRN_04_03_2026_B4_REDE_SOCIAL_DEVE_INDENIZAR_USUARIA_CABECA.mp3,04/03/2026,1822,conflito_njud_existe
F:\Projetos\DIVISOR\data\processed\JORNAIS_DIVIDIDOS\JORNAIS_DIVIDIDOS\NJUD 1832\BOLETIM_RADIO_TJRN_04_03_2026_B4_REDE_SOCIAL_DEVE_INDENIZAR_USUARIA_CORPO.mp3,04/03/2026,1822,conflito_njud_existe
F:\Projetos\DIVISOR\data\processed\JORNAIS_DIVIDIDOS\JORNAIS_DIVIDIDOS\NJUD 1833\BOLETIM_RADIO_TJRN_04_03_2026_B5_COSERN_DEVE_INDENIZAR_USUARIA_CABECA.mp3,04/03/2026,1822,conflito_njud_existe
F:\Projetos\DIVISOR\data\processed\JORNAIS_DIVIDIDOS\JORNAIS_DIVIDIDOS\NJUD 1833\BOLETIM_RADIO_TJRN_04_03_2026_B5_COSERN_DEVE_INDENIZAR_USUARIA_CORPO.mp3,04/03/2026,1822,conflito_njud_existe
F:\Projetos\DIVISOR\data\processed\JORNAIS_DIVIDIDOS\JORNAIS_DIVIDIDOS\NJUD 1833\BOLETIM_RADIO_TJRN_04_03_2026_B6_PENAS_PECUNIARIAS_CANGUARETAMA_CABECA.mp3,04/03/2026,1822,conflito_njud_existe
F:\Projetos\DIVISOR\data\processed\JORNAIS_DIVIDIDOS\JORNAIS_DIVIDIDOS\NJUD 1833\BOLETIM_RADIO_TJRN_04_03_2026_B6_PENAS_PECUNIARIAS_CANGUARETAMA_CORPO.mp3,04/03/2026,1822,conflito_njud_existe
F:\Projetos\DIVISOR\data\processed\JORNAIS_DIVIDIDOS\JORNAIS_DIVIDIDOS\NJUD 1833\BOLETIM_RADIO_TJRN_04_03_2026_B7_TRTRN_SOCIO_RESPONSABILIZADO__CABECA.mp3,04/03/2026,1822,conflito_njud_existe
F:\Projetos\DIVISOR\data\processed\JORNAIS_DIVIDIDOS\JORNAIS_DIVIDIDOS\NJUD 1833\BOLETIM_RADIO_TJRN_04_03_2026_B7_TRTRN_SOCIO_RESPONSABILIZADO__CORPO.mp3,04/03/2026,1822,conflito_njud_existe
F:\Projetos\DIVISOR\data\processed\JORNAIS_DIVIDIDOS\JORNAIS_DIVIDIDOS\NJUD 1833\BOLETIM_RADIO_TJRN_04_03_2026_B9_CNJ_NOTA_TECNICA_COMBATE_FALSO_ADVOGADO__CABECA.mp3,04/03/2026,1822,conflito_njud_existe
F:\Projetos\DIVISOR\data\processed\JORNAIS_DIVIDIDOS\JORNAIS_DIVIDIDOS\NJUD 1833\BOLETIM_RADIO_TJRN_04_03_2026_B9_CNJ_NOTA_TECNICA_COMBATE_FALSO_ADVOGADO__CORPO.mp3,04/03/2026,1822,conflito_njud_existe
F:\Projetos\DIVISOR\data\processed\JORNAIS_DIVIDIDOS\JORNAIS_DIVIDIDOS\NJUD 1834\BOLETIM_RADIO_TJRN_04_03_2026_B10_MPRN_FIRMA_ACORDO_INTERINSTITUCIONAL__CABECA.mp3,04/03/2026,1822,conflito_njud_existe
F:\Projetos\DIVISOR\data\processed\JORNAIS_DIVIDIDOS\JORNAIS_DIVIDIDOS\NJUD 1834\BOLETIM_RADIO_TJRN_04_03_2026_B10_MPRN_FIRMA_ACORDO_INTERINSTITUCIONAL__CORPO.mp3,04/03/2026,1822,conflito_njud_existe
F:\Projetos\DIVISOR\data\processed\JORNAIS_DIVIDIDOS\JORNAIS_DIVIDIDOS\NJUD 1834\BOLETIM_RADIO_TJRN_05_03_2026_B1_TJRN_ATO_IMPROBIDADE_LICITATORIO__1782542915_CABECA.mp3,05/03/2026,1823,conflito_njud_existe
F:\Projetos\DIVISOR\data\processed\JORNAIS_DIVIDIDOS\JORNAIS_DIVIDIDOS\NJUD 1834\BOLETIM_RADIO_TJRN_05_03_2026_B1_TJRN_ATO_IMPROBIDADE_LICITATORIO__1782542915_CORPO.mp3,05/03/2026,1823,conflito_njud_existe
F:\Projetos\DIVISOR\data\processed\JORNAIS_DIVIDIDOS\JORNAIS_DIVIDIDOS\NJUD 1834\BOLETIM_RADIO_TJRN_05_03_2026_B2_TJRN_CONDENA_COMERCIANTES_REVENDA__1782542916_CABECA.mp3,05/03/2026,1823,conflito_njud_existe
F:\Projetos\DIVISOR\data\processed\JORNAIS_DIVIDIDOS\JORNAIS_DIVIDIDOS\NJUD 1834\BOLETIM_RADIO_TJRN_05_03_2026_B2_TJRN_CONDENA_COMERCIANTES_REVENDA__1782542916_CORPO.mp3,05/03/2026,1823,conflito_njud_existe
F:\Projetos\DIVISOR\data\processed\JORNAIS_DIVIDIDOS\JORNAIS_DIVIDIDOS\NJUD 1834\BOLETIM_RADIO_TJRN_05_03_2026_B3_TJRN_ANPP_NEGADO_NOVA_DECISAO_1782542916_CABECA.mp3,05/03/2026,1823,conflito_njud_existe
F:\Projetos\DIVISOR\data\processed\JORNAIS_DIVIDIDOS\JORNAIS_DIVIDIDOS\NJUD 1834\BOLETIM_RADIO_TJRN_05_03_2026_B3_TJRN_ANPP_NEGADO_NOVA_DECISAO_1782542916_CORPO.mp3,05/03/2026,1823,conflito_njud_existe
F:\Projetos\DIVISOR\data\processed\JORNAIS_DIVIDIDOS\JORNAIS_DIVIDIDOS\NJUD 1835\BOLETIM_RADIO_TJRN_05_03_2026_B4_TJRN_MANTEM_LICITACAO_CABEAMENTO__1782542916_CABECA.mp3,05/03/2026,1823,conflito_njud_existe
F:\Projetos\DIVISOR\data\processed\JORNAIS_DIVIDIDOS\JORNAIS_DIVIDIDOS\NJUD 1835\BOLETIM_RADIO_TJRN_05_03_2026_B4_TJRN_MANTEM_LICITACAO_CABEAMENTO__1782542916_CORPO.mp3,05/03/2026,1823,conflito_njud_existe
F:\Projetos\DIVISOR\data\processed\JORNAIS_DIVIDIDOS\JORNAIS_DIVIDIDOS\NJUD 1835\BOLETIM_RADIO_TJRN_05_03_2026_B5_TJRN_HOMEM_CONDENADO_ESTELIONATO_1782542916_CABECA.mp3,05/03/2026,1823,conflito_njud_existe
F:\Projetos\DIVISOR\data\processed\JORNAIS_DIVIDIDOS\JORNAIS_DIVIDIDOS\NJUD 1835\BOLETIM_RADIO_TJRN_05_03_2026_B5_TJRN_HOMEM_CONDENADO_ESTELIONATO_1782542916_CORPO.mp3,05/03/2026,1823,conflito_njud_existe
F:\Projetos\DIVISOR\data\processed\JORNAIS_DIVIDIDOS\JORNAIS_DIVIDIDOS\NJUD 1835\BOLETIM_RADIO_TJRN_05_03_2026_B6_TJRN_RESPOSABILIDADE_REDE_SOCIAL__1782542916_CABECA.mp3,05/03/2026,1823,conflito_njud_existe
F:\Projetos\DIVISOR\data\processed\JORNAIS_DIVIDIDOS\JORNAIS_DIVIDIDOS\NJUD 1835\BOLETIM_RADIO_TJRN_05_03_2026_B6_TJRN_RESPOSABILIDADE_REDE_SOCIAL__1782542916_CORPO.mp3,05/03/2026,1823,conflito_njud_existe
F:\Projetos\DIVISOR\data\processed\JORNAIS_DIVIDIDOS\JORNAIS_DIVIDIDOS\NJUD 1835\BOLETIM_RADIO_TJRN_05_03_2026_B7_TJRN_NOMEIA_13_APROVADOS__1782542916_CABECA.mp3,05/03/2026,1823,conflito_njud_existe
F:\Projetos\DIVISOR\data\processed\JORNAIS_DIVIDIDOS\JORNAIS_DIVIDIDOS\NJUD 1835\BOLETIM_RADIO_TJRN_05_03_2026_B7_TJRN_NOMEIA_13_APROVADOS__1782542916_CORPO.mp3,05/03/2026,1823,conflito_njud_existe
F:\Projetos\DIVISOR\data\processed\JORNAIS_DIVIDIDOS\JORNAIS_DIVIDIDOS\NJUD 1836\BOLETIM_RADIO_TJRN_05_03_2026_B10_ESMARN_EDITAL_PROVA_PRATICA_1782542916_CABECA.mp3,05/03/2026,1823,conflito_njud_existe
F:\Projetos\DIVISOR\data\processed\JORNAIS_DIVIDIDOS\JORNAIS_DIVIDIDOS\NJUD 1836\BOLETIM_RADIO_TJRN_05_03_2026_B10_ESMARN_EDITAL_PROVA_PRATICA_1782542916_CORPO.mp3,05/03/2026,1823,conflito_njud_existe
F:\Projetos\DIVISOR\data\processed\JORNAIS_DIVIDIDOS\JORNAIS_DIVIDIDOS\NJUD 1836\BOLETIM_RADIO_TJRN_05_03_2026_B8_DPERN_JARDIM_PRIMAVERA__1782542916_CABECA.mp3,05/03/2026,1823,conflito_njud_existe
F:\Projetos\DIVISOR\data\processed\JORNAIS_DIVIDIDOS\JORNAIS_DIVIDIDOS\NJUD 1836\BOLETIM_RADIO_TJRN_05_03_2026_B8_DPERN_JARDIM_PRIMAVERA__1782542916_CORPO.mp3,05/03/2026,1823,conflito_njud_existe
F:\Projetos\DIVISOR\data\processed\JORNAIS_DIVIDIDOS\JORNAIS_DIVIDIDOS\NJUD 1836\BOLETIM_RADIO_TJRN_05_03_2026_B9_TRTRN_ASSISTENTE_VIRTUAL_1782542916_CABECA.mp3,05/03/2026,1823,conflito_njud_existe
F:\Projetos\DIVISOR\data\processed\JORNAIS_DIVIDIDOS\JORNAIS_DIVIDIDOS\NJUD 1836\BOLETIM_RADIO_TJRN_05_03_2026_B9_TRTRN_ASSISTENTE_VIRTUAL_1782542916_CORPO.mp3,05/03/2026,1823,conflito_njud_existe
F:\Projetos\DIVISOR\data\processed\JORNAIS_DIVIDIDOS\JORNAIS_DIVIDIDOS\NJUD 1836\BOLETIM_RADIO_TJRN_06_03_2026_B1_TJRN_DETERMINA_RESTITUICAO_DOBRO_CABECA.mp3,06/03/2026,1824,conflito_njud_existe
F:\Projetos\DIVISOR\data\processed\JORNAIS_DIVIDIDOS\JORNAIS_DIVIDIDOS\NJUD 1836\BOLETIM_RADIO_TJRN_06_03_2026_B1_TJRN_DETERMINA_RESTITUICAO_DOBRO_CORPO.mp3,06/03/2026,1824,conflito_njud_existe
F:\Projetos\DIVISOR\data\processed\JORNAIS_DIVIDIDOS\JORNAIS_DIVIDIDOS\NJUD 1837\BOLETIM_RADIO_TJRN_06_03_2026_B2_TJRN_VALOR_COPARTICIPACAO__CABECA.mp3,06/03/2026,1824,conflito_njud_existe
F:\Projetos\DIVISOR\data\processed\JORNAIS_DIVIDIDOS\JORNAIS_DIVIDIDOS\NJUD 1837\BOLETIM_RADIO_TJRN_06_03_2026_B2_TJRN_VALOR_COPARTICIPACAO__CORPO.mp3,06/03/2026,1824,conflito_njud_existe
F:\Projetos\DIVISOR\data\processed\JORNAIS_DIVIDIDOS\JORNAIS_DIVIDIDOS\NJUD 1837\BOLETIM_RADIO_TJRN_06_03_2026_B3_TJRN_CAMPESTRE_PROCESSO_SELETIVO__CABECA.mp3,06/03/2026,1824,conflito_njud_existe
F:\Projetos\DIVISOR\data\processed\JORNAIS_DIVIDIDOS\JORNAIS_DIVIDIDOS\NJUD 1837\BOLETIM_RADIO_TJRN_06_03_2026_B3_TJRN_CAMPESTRE_PROCESSO_SELETIVO__CORPO.mp3,06/03/2026,1824,conflito_njud_existe
F:\Projetos\DIVISOR\data\processed\JORNAIS_DIVIDIDOS\JORNAIS_DIVIDIDOS\NJUD 1837\BOLETIM_RADIO_TJRN_06_03_2026_B4_TJRN_REDE_SOCIAL_DECISAO__CABECA.mp3,06/03/2026,1824,conflito_njud_existe
F:\Projetos\DIVISOR\data\processed\JORNAIS_DIVIDIDOS\JORNAIS_DIVIDIDOS\NJUD 1837\BOLETIM_RADIO_TJRN_06_03_2026_B4_TJRN_REDE_SOCIAL_DECISAO__CORPO.mp3,06/03/2026,1824,conflito_njud_existe
F:\Projetos\DIVISOR\data\processed\JORNAIS_DIVIDIDOS\JORNAIS_DIVIDIDOS\NJUD 1837\BOLETIM_RADIO_TJRN_06_03_2026_B5_TJRN_HOMEM_CONDENADO_ROUBO_CABECA.mp3,06/03/2026,1824,conflito_njud_existe
F:\Projetos\DIVISOR\data\processed\JORNAIS_DIVIDIDOS\JORNAIS_DIVIDIDOS\NJUD 1837\BOLETIM_RADIO_TJRN_06_03_2026_B5_TJRN_HOMEM_CONDENADO_ROUBO_CORPO.mp3,06/03/2026,1824,conflito_njud_existe
F:\Projetos\DIVISOR\data\processed\JORNAIS_DIVIDIDOS\JORNAIS_DIVIDIDOS\NJUD 1838\BOLETIM_RADIO_TJRN_06_03_2026_B6_TJRN_FUNDACAO_EX_EMPREGADOS_TELERN__CABECA.mp3,06/03/2026,1824,conflito_njud_existe
F:\Projetos\DIVISOR\data\processed\JORNAIS_DIVIDIDOS\JORNAIS_DIVIDIDOS\NJUD 1838\BOLETIM_RADIO_TJRN_06_03_2026_B6_TJRN_FUNDACAO_EX_EMPREGADOS_TELERN__CORPO.mp3,06/03/2026,1824,conflito_njud_existe
F:\Projetos\DIVISOR\data\processed\JORNAIS_DIVIDIDOS\JORNAIS_DIVIDIDOS\NJUD 1838\BOLETIM_RADIO_TJRN_06_03_2026_B7_TJRN_DESOCUPACAO_IMOVEIS_FELIPE_CAMARAO__CABECA.mp3,06/03/2026,1824,conflito_njud_existe
F:\Projetos\DIVISOR\data\processed\JORNAIS_DIVIDIDOS\JORNAIS_DIVIDIDOS\NJUD 1838\BOLETIM_RADIO_TJRN_06_03_2026_B7_TJRN_DESOCUPACAO_IMOVEIS_FELIPE_CAMARAO__CORPO.mp3,06/03/2026,1824,conflito_njud_existe
F:\Projetos\DIVISOR\data\processed\JORNAIS_DIVIDIDOS\JORNAIS_DIVIDIDOS\NJUD 1838\BOLETIM_RADIO_TJRN_06_03_2026_B8_TJRN_PAU_FERROS_PROCESSO_SELETIVO__CABECA.mp3,06/03/2026,1824,conflito_njud_existe
F:\Projetos\DIVISOR\data\processed\JORNAIS_DIVIDIDOS\JORNAIS_DIVIDIDOS\NJUD 1838\BOLETIM_RADIO_TJRN_06_03_2026_B8_TJRN_PAU_FERROS_PROCESSO_SELETIVO__CORPO.mp3,06/03/2026,1824,conflito_njud_existe
F:\Projetos\DIVISOR\data\processed\JORNAIS_DIVIDIDOS\JORNAIS_DIVIDIDOS\NJUD 1838\BOLETIM_RADIO_TJRN_06_03_2026_B9_TRTRN_PROCURADORA_CHEFE_UNIAO_CABECA.mp3,06/03/2026,1824,conflito_njud_existe
F:\Projetos\DIVISOR\data\processed\JORNAIS_DIVIDIDOS\JORNAIS_DIVIDIDOS\NJUD 1838\BOLETIM_RADIO_TJRN_06_03_2026_B9_TRTRN_PROCURADORA_CHEFE_UNIAO_CORPO.mp3,06/03/2026,1824,conflito_njud_existe
F:\Projetos\DIVISOR\data\processed\JORNAIS_DIVIDIDOS\JORNAIS_DIVIDIDOS\NJUD 1839\BOLETIM_RADIO_TJRN_06_03_2026_B10_DPERN_MEDICAMENTO_ALTO_CUSTO_CABECA.mp3,06/03/2026,1824,conflito_njud_existe
F:\Projetos\DIVISOR\data\processed\JORNAIS_DIVIDIDOS\JORNAIS_DIVIDIDOS\NJUD 1839\BOLETIM_RADIO_TJRN_06_03_2026_B10_DPERN_MEDICAMENTO_ALTO_CUSTO_CORPO.mp3,06/03/2026,1824,conflito_njud_existe
F:\Projetos\DIVISOR\data\processed\JORNAIS_DIVIDIDOS\JORNAIS_DIVIDIDOS\NJUD 1839\BOLETIM_RADIO_TJRN_09_03_2026_B5_TJRN_SUSPENDE_ATO_PARELHAS_CABECA.mp3,09/03/2026,1825,conflito_njud_existe
F:\Projetos\DIVISOR\data\processed\JORNAIS_DIVIDIDOS\JORNAIS_DIVIDIDOS\NJUD 1839\BOLETIM_RADIO_TJRN_09_03_2026_B5_TJRN_SUSPENDE_ATO_PARELHAS_CORPO.mp3,09/03/2026,1825,conflito_njud_existe
F:\Projetos\DIVISOR\data\processed\JORNAIS_DIVIDIDOS\JORNAIS_DIVIDIDOS\NJUD 1839\BOLETIM_RADIO_TJRN_09_03_2026_B6_TJRN_ENCONTRO_JUIZES_VIRTUAL__CABECA.mp3,09/03/2026,1825,conflito_njud_existe
F:\Projetos\DIVISOR\data\processed\JORNAIS_DIVIDIDOS\JORNAIS_DIVIDIDOS\NJUD 1839\BOLETIM_RADIO_TJRN_09_03_2026_B6_TJRN_ENCONTRO_JUIZES_VIRTUAL__CORPO.mp3,09/03/2026,1825,conflito_njud_existe
F:\Projetos\DIVISOR\data\processed\JORNAIS_DIVIDIDOS\JORNAIS_DIVIDIDOS\NJUD 1839\BOLETIM_RADIO_TJRN_09_03_2026_B7_TJRN_MUTIRAO_CONCILIACAO__CABECA.mp3,09/03/2026,1825,conflito_njud_existe
F:\Projetos\DIVISOR\data\processed\JORNAIS_DIVIDIDOS\JORNAIS_DIVIDIDOS\NJUD 1839\BOLETIM_RADIO_TJRN_09_03_2026_B7_TJRN_MUTIRAO_CONCILIACAO__CORPO.mp3,09/03/2026,1825,conflito_njud_existe
F:\Projetos\DIVISOR\data\processed\JORNAIS_DIVIDIDOS\JORNAIS_DIVIDIDOS\NJUD 1840\BOLETIM_RADIO_TJRN_09_03_2026_B1_DESCREDENCIAMENTO_PLANO_SAUDE_CABECA.mp3,09/03/2026,1825,conflito_njud_existe
F:\Projetos\DIVISOR\data\processed\JORNAIS_DIVIDIDOS\JORNAIS_DIVIDIDOS\NJUD 1840\BOLETIM_RADIO_TJRN_09_03_2026_B1_DESCREDENCIAMENTO_PLANO_SAUDE_CORPO.mp3,09/03/2026,1825,conflito_njud_existe
F:\Projetos\DIVISOR\data\processed\JORNAIS_DIVIDIDOS\JORNAIS_DIVIDIDOS\NJUD 1840\BOLETIM_RADIO_TJRN_09_03_2026_B2_INDENIZACAO_FAMILIA_MORTE_IDOSA_CABECA.mp3,09/03/2026,1825,conflito_njud_existe
F:\Projetos\DIVISOR\data\processed\JORNAIS_DIVIDIDOS\JORNAIS_DIVIDIDOS\NJUD 1840\BOLETIM_RADIO_TJRN_09_03_2026_B2_INDENIZACAO_FAMILIA_MORTE_IDOSA_CORPO.mp3,09/03/2026,1825,conflito_njud_existe
F:\Projetos\DIVISOR\data\processed\JORNAIS_DIVIDIDOS\JORNAIS_DIVIDIDOS\NJUD 1840\BOLETIM_RADIO_TJRN_09_03_2026_B3_CIRURGIA_GLAUCOMA_AVANCADO_CABECA.mp3,09/03/2026,1825,conflito_njud_existe
F:\Projetos\DIVISOR\data\processed\JORNAIS_DIVIDIDOS\JORNAIS_DIVIDIDOS\NJUD 1840\BOLETIM_RADIO_TJRN_09_03_2026_B3_CIRURGIA_GLAUCOMA_AVANCADO_CORPO.mp3,09/03/2026,1825,conflito_njud_existe
F:\Projetos\DIVISOR\data\processed\JORNAIS_DIVIDIDOS\JORNAIS_DIVIDIDOS\NJUD 1840\BOLETIM_RADIO_TJRN_09_03_2026_B9_TJRN_EMPRESAS_CONDENADAS_RESTITUIR_VALORES_CABECA.mp3,09/03/2026,1825,conflito_njud_existe
F:\Projetos\DIVISOR\data\processed\JORNAIS_DIVIDIDOS\JORNAIS_DIVIDIDOS\NJUD 1840\BOLETIM_RADIO_TJRN_09_03_2026_B9_TJRN_EMPRESAS_CONDENADAS_RESTITUIR_VALORES_CORPO.mp3,09/03/2026,1825,conflito_njud_existe
F:\Projetos\DIVISOR\data\processed\JORNAIS_DIVIDIDOS\JORNAIS_DIVIDIDOS\NJUD 1841\BOLETIM_RADIO_TJRN_09_03_2026_B10_TRTRN_ACORDO_CEJUSC_MOSSORO__CABECA.mp3,09/03/2026,1825,conflito_njud_existe
F:\Projetos\DIVISOR\data\processed\JORNAIS_DIVIDIDOS\JORNAIS_DIVIDIDOS\NJUD 1841\BOLETIM_RADIO_TJRN_09_03_2026_B10_TRTRN_ACORDO_CEJUSC_MOSSORO__CORPO.mp3,09/03/2026,1825,conflito_njud_existe
F:\Projetos\DIVISOR\data\processed\JORNAIS_DIVIDIDOS\JORNAIS_DIVIDIDOS\NJUD 1841\BOLETIM_RADIO_TJRN_09_03_2026_B4_ANULACAO_ATO_POSSE_CONCURSO_CABECA.mp3,09/03/2026,1825,conflito_njud_existe
F:\Projetos\DIVISOR\data\processed\JORNAIS_DIVIDIDOS\JORNAIS_DIVIDIDOS\NJUD 1841\BOLETIM_RADIO_TJRN_09_03_2026_B4_ANULACAO_ATO_POSSE_CONCURSO_CORPO.mp3,09/03/2026,1825,conflito_njud_existe
F:\Projetos\DIVISOR\data\processed\JORNAIS_DIVIDIDOS\JORNAIS_DIVIDIDOS\NJUD 1841\BOLETIM_RADIO_TJRN_09_03_2026_B8_FURTO_ESTACIONAMENTO_INDENIZACAO_CABECA.mp3,09/03/2026,1825,conflito_njud_existe
F:\Projetos\DIVISOR\data\processed\JORNAIS_DIVIDIDOS\JORNAIS_DIVIDIDOS\NJUD 1841\BOLETIM_RADIO_TJRN_09_03_2026_B8_FURTO_ESTACIONAMENTO_INDENIZACAO_CORPO.mp3,09/03/2026,1825,conflito_njud_existe
F:\Projetos\DIVISOR\data\processed\JORNAIS_DIVIDIDOS\JORNAIS_DIVIDIDOS\NJUD 1841\BOLETIM_RADIO_TJRN_10_03_2026_B1_TJRN_DEFEITO_MAQUINA_VENDAS_PREJUIZO_CABECA.mp3,10/03/2026,1826,conflito_njud_existe
F:\Projetos\DIVISOR\data\processed\JORNAIS_DIVIDIDOS\JORNAIS_DIVIDIDOS\NJUD 1841\BOLETIM_RADIO_TJRN_10_03_2026_B1_TJRN_DEFEITO_MAQUINA_VENDAS_PREJUIZO_CORPO.mp3,10/03/2026,1826,conflito_njud_existe
F:\Projetos\DIVISOR\data\processed\JORNAIS_DIVIDIDOS\JORNAIS_DIVIDIDOS\NJUD 1842\BOLETIM_RADIO_TJRN_10_03_2026_B2_TJRN_FURTO_ESTACIONAMENTO__CABECA.mp3,10/03/2026,1826,conflito_njud_existe
F:\Projetos\DIVISOR\data\processed\JORNAIS_DIVIDIDOS\JORNAIS_DIVIDIDOS\NJUD 1842\BOLETIM_RADIO_TJRN_10_03_2026_B2_TJRN_FURTO_ESTACIONAMENTO__CORPO.mp3,10/03/2026,1826,conflito_njud_existe
F:\Projetos\DIVISOR\data\processed\JORNAIS_DIVIDIDOS\JORNAIS_DIVIDIDOS\NJUD 1842\BOLETIM_RADIO_TJRN_10_03_2026_B3_TJRN_PLANO_SAUDE_SENSOR_GLICOSE_CABECA.mp3,10/03/2026,1826,conflito_njud_existe
F:\Projetos\DIVISOR\data\processed\JORNAIS_DIVIDIDOS\JORNAIS_DIVIDIDOS\NJUD 1842\BOLETIM_RADIO_TJRN_10_03_2026_B3_TJRN_PLANO_SAUDE_SENSOR_GLICOSE_CORPO.mp3,10/03/2026,1826,conflito_njud_existe
F:\Projetos\DIVISOR\data\processed\JORNAIS_DIVIDIDOS\JORNAIS_DIVIDIDOS\NJUD 1842\BOLETIM_RADIO_TJRN_10_03_2026_B4_TJRN_NEGA_BLOQUEIO_VERBAS__CABECA.mp3,10/03/2026,1826,conflito_njud_existe
F:\Projetos\DIVISOR\data\processed\JORNAIS_DIVIDIDOS\JORNAIS_DIVIDIDOS\NJUD 1842\BOLETIM_RADIO_TJRN_10_03_2026_B4_TJRN_NEGA_BLOQUEIO_VERBAS__CORPO.mp3,10/03/2026,1826,conflito_njud_existe
F:\Projetos\DIVISOR\data\processed\JORNAIS_DIVIDIDOS\JORNAIS_DIVIDIDOS\NJUD 1842\BOLETIM_RADIO_TJRN_10_03_2026_B5_TJRN_COMARCA_SAO_MIGUEL__CABECA.mp3,10/03/2026,1826,conflito_njud_existe
F:\Projetos\DIVISOR\data\processed\JORNAIS_DIVIDIDOS\JORNAIS_DIVIDIDOS\NJUD 1842\BOLETIM_RADIO_TJRN_10_03_2026_B5_TJRN_COMARCA_SAO_MIGUEL__CORPO.mp3,10/03/2026,1826,conflito_njud_existe
F:\Projetos\DIVISOR\data\processed\JORNAIS_DIVIDIDOS\JORNAIS_DIVIDIDOS\NJUD 1843\BOLETIM_RADIO_TJRN_10_03_2026_B6_TJRN_PARTICIPACAO_ATLETA_CAMPEONATO_CABECA.mp3,10/03/2026,1826,conflito_njud_existe
F:\Projetos\DIVISOR\data\processed\JORNAIS_DIVIDIDOS\JORNAIS_DIVIDIDOS\NJUD 1843\BOLETIM_RADIO_TJRN_10_03_2026_B6_TJRN_PARTICIPACAO_ATLETA_CAMPEONATO_CORPO.mp3,10/03/2026,1826,conflito_njud_existe
F:\Projetos\DIVISOR\data\processed\JORNAIS_DIVIDIDOS\JORNAIS_DIVIDIDOS\NJUD 1843\BOLETIM_RADIO_TJRN_10_03_2026_B7_TJRN_PARNAMIRIM_ESTAGIO_DIREITO__CABECA.mp3,10/03/2026,1826,conflito_njud_existe
F:\Projetos\DIVISOR\data\processed\JORNAIS_DIVIDIDOS\JORNAIS_DIVIDIDOS\NJUD 1843\BOLETIM_RADIO_TJRN_10_03_2026_B7_TJRN_PARNAMIRIM_ESTAGIO_DIREITO__CORPO.mp3,10/03/2026,1826,conflito_njud_existe
F:\Projetos\DIVISOR\data\processed\JORNAIS_DIVIDIDOS\JORNAIS_DIVIDIDOS\NJUD 1843\BOLETIM_RADIO_TJRN_10_03_2026_B8_TJRN_EMPRESA_SETOR_INFORMATICA__CABECA.mp3,10/03/2026,1826,conflito_njud_existe
F:\Projetos\DIVISOR\data\processed\JORNAIS_DIVIDIDOS\JORNAIS_DIVIDIDOS\NJUD 1843\BOLETIM_RADIO_TJRN_10_03_2026_B8_TJRN_EMPRESA_SETOR_INFORMATICA__CORPO.mp3,10/03/2026,1826,conflito_njud_existe
F:\Projetos\DIVISOR\data\processed\JORNAIS_DIVIDIDOS\JORNAIS_DIVIDIDOS\NJUD 1843\BOLETIM_RADIO_TJRN_10_03_2026_B9_TJRN_PRESTADOR_SERVICOS_ACUSADO__CABECA.mp3,10/03/2026,1826,conflito_njud_existe
F:\Projetos\DIVISOR\data\processed\JORNAIS_DIVIDIDOS\JORNAIS_DIVIDIDOS\NJUD 1843\BOLETIM_RADIO_TJRN_10_03_2026_B9_TJRN_PRESTADOR_SERVICOS_ACUSADO__CORPO.mp3,10/03/2026,1826,conflito_njud_existe
F:\Projetos\DIVISOR\data\processed\JORNAIS_DIVIDIDOS\JORNAIS_DIVIDIDOS\NJUD 1844\BOLETIM_RADIO_TJRN_10_03_2026_B10_TJRN_TERMO_GUIA_UNICA_ARRECADACAO__CABECA.mp3,10/03/2026,1826,conflito_njud_existe
F:\Projetos\DIVISOR\data\processed\JORNAIS_DIVIDIDOS\JORNAIS_DIVIDIDOS\NJUD 1844\BOLETIM_RADIO_TJRN_10_03_2026_B10_TJRN_TERMO_GUIA_UNICA_ARRECADACAO__CORPO.mp3,10/03/2026,1826,conflito_njud_existe
F:\Projetos\DIVISOR\data\processed\JORNAIS_DIVIDIDOS\JORNAIS_DIVIDIDOS\NJUD 1844\BOLETIM_RADIO_TJRN_11_03_2026_B1_TJRN_NEGLIGENCIA_MEDICA_ (1)_CABECA.mp3,11/03/2026,1827,conflito_njud_existe
F:\Projetos\DIVISOR\data\processed\JORNAIS_DIVIDIDOS\JORNAIS_DIVIDIDOS\NJUD 1844\BOLETIM_RADIO_TJRN_11_03_2026_B1_TJRN_NEGLIGENCIA_MEDICA_ (1)_CORPO.mp3,11/03/2026,1827,conflito_njud_existe
F:\Projetos\DIVISOR\data\processed\JORNAIS_DIVIDIDOS\JORNAIS_DIVIDIDOS\NJUD 1844\BOLETIM_RADIO_TJRN_11_03_2026_B2_TJRN_EMPRESA_ONIBUS_CONDENADA_ (1)_CABECA.mp3,11/03/2026,1827,conflito_njud_existe
F:\Projetos\DIVISOR\data\processed\JORNAIS_DIVIDIDOS\JORNAIS_DIVIDIDOS\NJUD 1844\BOLETIM_RADIO_TJRN_11_03_2026_B2_TJRN_EMPRESA_ONIBUS_CONDENADA_ (1)_CORPO.mp3,11/03/2026,1827,conflito_njud_existe
F:\Projetos\DIVISOR\data\processed\JORNAIS_DIVIDIDOS\JORNAIS_DIVIDIDOS\NJUD 1844\BOLETIM_RADIO_TJRN_11_03_2026_B3_TJRN_ACUSADO_MATAR_PREFEITO_ (1)_CABECA.mp3,11/03/2026,1827,conflito_njud_existe
F:\Projetos\DIVISOR\data\processed\JORNAIS_DIVIDIDOS\JORNAIS_DIVIDIDOS\NJUD 1844\BOLETIM_RADIO_TJRN_11_03_2026_B3_TJRN_ACUSADO_MATAR_PREFEITO_ (1)_CORPO.mp3,11/03/2026,1827,conflito_njud_existe
F:\Projetos\DIVISOR\data\processed\JORNAIS_DIVIDIDOS\JORNAIS_DIVIDIDOS\NJUD 1845\BOLETIM_RADIO_TJRN_11_03_2026_B4_TJRN_JUIZADO_VIOLENCIA_DOMESTICA (1)_CABECA.mp3,11/03/2026,1827,conflito_njud_existe
F:\Projetos\DIVISOR\data\processed\JORNAIS_DIVIDIDOS\JORNAIS_DIVIDIDOS\NJUD 1845\BOLETIM_RADIO_TJRN_11_03_2026_B4_TJRN_JUIZADO_VIOLENCIA_DOMESTICA (1)_CORPO.mp3,11/03/2026,1827,conflito_njud_existe
F:\Projetos\DIVISOR\data\processed\JORNAIS_DIVIDIDOS\JORNAIS_DIVIDIDOS\NJUD 1845\BOLETIM_RADIO_TJRN_11_03_2026_B5_TJRN_LIVRO_IMPACTOS_FEMINICIDIOS_ (1)_CABECA.mp3,11/03/2026,1827,conflito_njud_existe
F:\Projetos\DIVISOR\data\processed\JORNAIS_DIVIDIDOS\JORNAIS_DIVIDIDOS\NJUD 1845\BOLETIM_RADIO_TJRN_11_03_2026_B5_TJRN_LIVRO_IMPACTOS_FEMINICIDIOS_ (1)_CORPO.mp3,11/03/2026,1827,conflito_njud_existe
F:\Projetos\DIVISOR\data\processed\JORNAIS_DIVIDIDOS\JORNAIS_DIVIDIDOS\NJUD 1845\BOLETIM_RADIO_TJRN_11_03_2026_B6_TRERN_82_ATENDIMENTOS__CABECA.mp3,11/03/2026,1827,conflito_njud_existe
F:\Projetos\DIVISOR\data\processed\JORNAIS_DIVIDIDOS\JORNAIS_DIVIDIDOS\NJUD 1845\BOLETIM_RADIO_TJRN_11_03_2026_B6_TRERN_82_ATENDIMENTOS__CORPO.mp3,11/03/2026,1827,conflito_njud_existe
F:\Projetos\DIVISOR\data\processed\JORNAIS_DIVIDIDOS\JORNAIS_DIVIDIDOS\NJUD 1845\BOLETIM_RADIO_TJRN_11_03_2026_B8_ESTAGIO_POS_ALEXANDRIA_CABECA.mp3,11/03/2026,1827,conflito_njud_existe
F:\Projetos\DIVISOR\data\processed\JORNAIS_DIVIDIDOS\JORNAIS_DIVIDIDOS\NJUD 1845\BOLETIM_RADIO_TJRN_11_03_2026_B8_ESTAGIO_POS_ALEXANDRIA_CORPO.mp3,11/03/2026,1827,conflito_njud_existe
F:\Projetos\DIVISOR\data\processed\JORNAIS_DIVIDIDOS\JORNAIS_DIVIDIDOS\NJUD 1846\BOLETIM_RADIO_TJRN_11_03_2026_B10_CRONOGRAMA_OBRAS_CABECA.mp3,11/03/2026,1827,conflito_njud_existe
F:\Projetos\DIVISOR\data\processed\JORNAIS_DIVIDIDOS\JORNAIS_DIVIDIDOS\NJUD 1846\BOLETIM_RADIO_TJRN_11_03_2026_B10_CRONOGRAMA_OBRAS_CORPO.mp3,11/03/2026,1827,conflito_njud_existe
F:\Projetos\DIVISOR\data\processed\JORNAIS_DIVIDIDOS\JORNAIS_DIVIDIDOS\NJUD 1846\BOLETIM_RADIO_TJRN_11_03_2026_B7_CNJ_TRIBUNAIS_FERRAMENTA_IA__CABECA.mp3,11/03/2026,1827,conflito_njud_existe
F:\Projetos\DIVISOR\data\processed\JORNAIS_DIVIDIDOS\JORNAIS_DIVIDIDOS\NJUD 1846\BOLETIM_RADIO_TJRN_11_03_2026_B7_CNJ_TRIBUNAIS_FERRAMENTA_IA__CORPO.mp3,11/03/2026,1827,conflito_njud_existe
F:\Projetos\DIVISOR\data\processed\JORNAIS_DIVIDIDOS\JORNAIS_DIVIDIDOS\NJUD 1846\BOLETIM_RADIO_TJRN_11_03_2026_B9_AFASTAMENTO_CURSO_FORMACAO_CABECA.mp3,11/03/2026,1827,conflito_njud_existe
F:\Projetos\DIVISOR\data\processed\JORNAIS_DIVIDIDOS\JORNAIS_DIVIDIDOS\NJUD 1846\BOLETIM_RADIO_TJRN_11_03_2026_B9_AFASTAMENTO_CURSO_FORMACAO_CORPO.mp3,11/03/2026,1827,conflito_njud_existe
F:\Projetos\DIVISOR\data\processed\JORNAIS_DIVIDIDOS\JORNAIS_DIVIDIDOS\NJUD 1846\BOLETIM_RADIO_TJRN_12_03_2026_B1_TJRN_MANTIDA_LEGALIDADE_NOMEACOES__CABECA.mp3,12/03/2026,1828,conflito_njud_existe
F:\Projetos\DIVISOR\data\processed\JORNAIS_DIVIDIDOS\JORNAIS_DIVIDIDOS\NJUD 1846\BOLETIM_RADIO_TJRN_12_03_2026_B1_TJRN_MANTIDA_LEGALIDADE_NOMEACOES__CORPO.mp3,12/03/2026,1828,conflito_njud_existe
F:\Projetos\DIVISOR\data\processed\JORNAIS_DIVIDIDOS\JORNAIS_DIVIDIDOS\NJUD 1847\BOLETIM_RADIO_TJRN_12_03_2026_B2_TJRN_EMPRESA_BLACK_FRIDAY_CABECA.mp3,12/03/2026,1828,conflito_njud_existe
F:\Projetos\DIVISOR\data\processed\JORNAIS_DIVIDIDOS\JORNAIS_DIVIDIDOS\NJUD 1847\BOLETIM_RADIO_TJRN_12_03_2026_B2_TJRN_EMPRESA_BLACK_FRIDAY_CORPO.mp3,12/03/2026,1828,conflito_njud_existe
F:\Projetos\DIVISOR\data\processed\JORNAIS_DIVIDIDOS\JORNAIS_DIVIDIDOS\NJUD 1847\BOLETIM_RADIO_TJRN_12_03_2026_B3_TJRN_EDITAL_FORMACAO_MANUTENCAO__CABECA.mp3,12/03/2026,1828,conflito_njud_existe
F:\Projetos\DIVISOR\data\processed\JORNAIS_DIVIDIDOS\JORNAIS_DIVIDIDOS\NJUD 1847\BOLETIM_RADIO_TJRN_12_03_2026_B3_TJRN_EDITAL_FORMACAO_MANUTENCAO__CORPO.mp3,12/03/2026,1828,conflito_njud_existe
F:\Projetos\DIVISOR\data\processed\JORNAIS_DIVIDIDOS\JORNAIS_DIVIDIDOS\NJUD 1847\BOLETIM_RADIO_TJRN_12_03_2026_B4_TJRN_TOUROS_PROCESSO_SELETIVO__CABECA.mp3,12/03/2026,1828,conflito_njud_existe
F:\Projetos\DIVISOR\data\processed\JORNAIS_DIVIDIDOS\JORNAIS_DIVIDIDOS\NJUD 1847\BOLETIM_RADIO_TJRN_12_03_2026_B4_TJRN_TOUROS_PROCESSO_SELETIVO__CORPO.mp3,12/03/2026,1828,conflito_njud_existe
F:\Projetos\DIVISOR\data\processed\JORNAIS_DIVIDIDOS\JORNAIS_DIVIDIDOS\NJUD 1847\BOLETIM_RADIO_TJRN_12_03_2026_B5_TJRN_COMITE_GESTOR_PENAS_PECUNIARIAS__CABECA.mp3,12/03/2026,1828,conflito_njud_existe
F:\Projetos\DIVISOR\data\processed\JORNAIS_DIVIDIDOS\JORNAIS_DIVIDIDOS\NJUD 1847\BOLETIM_RADIO_TJRN_12_03_2026_B5_TJRN_COMITE_GESTOR_PENAS_PECUNIARIAS__CORPO.mp3,12/03/2026,1828,conflito_njud_existe
F:\Projetos\DIVISOR\data\processed\JORNAIS_DIVIDIDOS\JORNAIS_DIVIDIDOS\NJUD 1848\BOLETIM_RADIO_TJRN_12_03_2026_B6_TJRN_CEJUSC_CEARA_MIRIM_ACORDO__CABECA.mp3,12/03/2026,1828,conflito_njud_existe
F:\Projetos\DIVISOR\data\processed\JORNAIS_DIVIDIDOS\JORNAIS_DIVIDIDOS\NJUD 1848\BOLETIM_RADIO_TJRN_12_03_2026_B6_TJRN_CEJUSC_CEARA_MIRIM_ACORDO__CORPO.mp3,12/03/2026,1828,conflito_njud_existe
F:\Projetos\DIVISOR\data\processed\JORNAIS_DIVIDIDOS\JORNAIS_DIVIDIDOS\NJUD 1848\BOLETIM_RADIO_TJRN_12_03_2026_B7_TJRN_EDITAL_PROJETOS_SOCIAIS__CABECA.mp3,12/03/2026,1828,conflito_njud_existe
F:\Projetos\DIVISOR\data\processed\JORNAIS_DIVIDIDOS\JORNAIS_DIVIDIDOS\NJUD 1848\BOLETIM_RADIO_TJRN_12_03_2026_B7_TJRN_EDITAL_PROJETOS_SOCIAIS__CORPO.mp3,12/03/2026,1828,conflito_njud_existe
F:\Projetos\DIVISOR\data\processed\JORNAIS_DIVIDIDOS\JORNAIS_DIVIDIDOS\NJUD 1848\BOLETIM_RADIO_TJRN_12_03_2026_B8_TJRN_VARA_ANGICOS_EDITAL__CABECA.mp3,12/03/2026,1828,conflito_njud_existe
F:\Projetos\DIVISOR\data\processed\JORNAIS_DIVIDIDOS\JORNAIS_DIVIDIDOS\NJUD 1848\BOLETIM_RADIO_TJRN_12_03_2026_B8_TJRN_VARA_ANGICOS_EDITAL__CORPO.mp3,12/03/2026,1828,conflito_njud_existe
F:\Projetos\DIVISOR\data\processed\JORNAIS_DIVIDIDOS\JORNAIS_DIVIDIDOS\NJUD 1848\BOLETIM_RADIO_TJRN_12_03_2026_B9_DPERN_EDITAL_DOACAO_VEICULOS__CABECA.mp3,12/03/2026,1828,conflito_njud_existe
F:\Projetos\DIVISOR\data\processed\JORNAIS_DIVIDIDOS\JORNAIS_DIVIDIDOS\NJUD 1848\BOLETIM_RADIO_TJRN_12_03_2026_B9_DPERN_EDITAL_DOACAO_VEICULOS__CORPO.mp3,12/03/2026,1828,conflito_njud_existe
F:\Projetos\DIVISOR\data\processed\JORNAIS_DIVIDIDOS\JORNAIS_DIVIDIDOS\NJUD 1866\BOLETIM_RADIO_TJRN_04_05_2026_B2_TJRN_JURI_ACUSADO_MATAR_PERSONAL__1782542565_CABECA.mp3,04/05/2026,1862,conflito_njud_existe
F:\Projetos\DIVISOR\data\processed\JORNAIS_DIVIDIDOS\JORNAIS_DIVIDIDOS\NJUD 1866\BOLETIM_RADIO_TJRN_04_05_2026_B2_TJRN_JURI_ACUSADO_MATAR_PERSONAL__1782542565_CORPO.mp3,04/05/2026,1862,conflito_njud_existe
F:\Projetos\DIVISOR\data\processed\JORNAIS_DIVIDIDOS\JORNAIS_DIVIDIDOS\NJUD 1871\BOLETIM_RADIO_TJRN_06_05_2026_B3_PENA_REDEFINIDA_TRAFICO_1782542565_CABECA.mp3,06/05/2026,1864,conflito_njud_existe
F:\Projetos\DIVISOR\data\processed\JORNAIS_DIVIDIDOS\JORNAIS_DIVIDIDOS\NJUD 1871\BOLETIM_RADIO_TJRN_06_05_2026_B3_PENA_REDEFINIDA_TRAFICO_1782542565_CORPO.mp3,06/05/2026,1864,conflito_njud_existe
F:\Projetos\DIVISOR\data\processed\JORNAIS_DIVIDIDOS\JORNAIS_DIVIDIDOS\NJUD 1888\BOLETIM_RADIO_TJRN_02_06_2026_B2_TJRN_SUSPENDE_EDITAIS__CABECA.mp3,02/06/2026,1883,conflito_njud_existe
F:\Projetos\DIVISOR\data\processed\JORNAIS_DIVIDIDOS\JORNAIS_DIVIDIDOS\NJUD 1888\BOLETIM_RADIO_TJRN_02_06_2026_B2_TJRN_SUSPENDE_EDITAIS__CORPO.mp3,02/06/2026,1883,conflito_njud_existe
F:\Projetos\DIVISOR\data\processed\JORNAIS_DIVIDIDOS\JORNAIS_DIVIDIDOS\NJUD 1889\BOLETIM_RADIO_TJRN_02_06_2026_B3_TJRN_SAAE_EXTREMOZ_INDENIZAR_CABECA.mp3,02/06/2026,1883,conflito_njud_existe
F:\Projetos\DIVISOR\data\processed\JORNAIS_DIVIDIDOS\JORNAIS_DIVIDIDOS\NJUD 1889\BOLETIM_RADIO_TJRN_02_06_2026_B3_TJRN_SAAE_EXTREMOZ_INDENIZAR_CORPO.mp3,02/06/2026,1883,conflito_njud_existe
F:\Projetos\DIVISOR\data\processed\JORNAIS_DIVIDIDOS\JORNAIS_DIVIDIDOS\NJUD 1889\BOLETIM_RADIO_TJRN_02_06_2026_B4_TJRN_JULGADO_IMPROCEDENTE_PEDIDO_PAGAMENTO_CABECA.mp3,02/06/2026,1883,conflito_njud_existe
F:\Projetos\DIVISOR\data\processed\JORNAIS_DIVIDIDOS\JORNAIS_DIVIDIDOS\NJUD 1889\BOLETIM_RADIO_TJRN_02_06_2026_B4_TJRN_JULGADO_IMPROCEDENTE_PEDIDO_PAGAMENTO_CORPO.mp3,02/06/2026,1883,conflito_njud_existe
F:\Projetos\DIVISOR\data\processed\JORNAIS_DIVIDIDOS\JORNAIS_DIVIDIDOS\NJUD 1889\BOLETIM_RADIO_TJRN_02_06_2026_B5_TJRN_MANTIDA_PRISAO_ACUSADO_FACCAO__CABECA.mp3,02/06/2026,1883,conflito_njud_existe
F:\Projetos\DIVISOR\data\processed\JORNAIS_DIVIDIDOS\JORNAIS_DIVIDIDOS\NJUD 1889\BOLETIM_RADIO_TJRN_02_06_2026_B5_TJRN_MANTIDA_PRISAO_ACUSADO_FACCAO__CORPO.mp3,02/06/2026,1883,conflito_njud_existe
F:\Projetos\DIVISOR\data\processed\JORNAIS_DIVIDIDOS\JORNAIS_DIVIDIDOS\NJUD 1889\BOLETIM_RADIO_TJRN_02_06_2026_B6_TJRN_PENAS_PECUNIARIAS_JUCURUTU__CABECA.mp3,02/06/2026,1883,conflito_njud_existe
F:\Projetos\DIVISOR\data\processed\JORNAIS_DIVIDIDOS\JORNAIS_DIVIDIDOS\NJUD 1889\BOLETIM_RADIO_TJRN_02_06_2026_B6_TJRN_PENAS_PECUNIARIAS_JUCURUTU__CORPO.mp3,02/06/2026,1883,conflito_njud_existe
F:\Projetos\DIVISOR\data\processed\JORNAIS_DIVIDIDOS\JORNAIS_DIVIDIDOS\NJUD 1890\BOLETIM_RADIO_TJRN_02_06_2026_B10_TJRN_JUIZADO_NATAL_ESTAGIO__CABECA.mp3,02/06/2026,1883,conflito_njud_existe
F:\Projetos\DIVISOR\data\processed\JORNAIS_DIVIDIDOS\JORNAIS_DIVIDIDOS\NJUD 1890\BOLETIM_RADIO_TJRN_02_06_2026_B10_TJRN_JUIZADO_NATAL_ESTAGIO__CORPO.mp3,02/06/2026,1883,conflito_njud_existe
F:\Projetos\DIVISOR\data\processed\JORNAIS_DIVIDIDOS\JORNAIS_DIVIDIDOS\NJUD 1890\BOLETIM_RADIO_TJRN_02_06_2026_B7_TJRN_JUIZADO_VIOLENCIA_DOMESTICA__CABECA.mp3,02/06/2026,1883,conflito_njud_existe
F:\Projetos\DIVISOR\data\processed\JORNAIS_DIVIDIDOS\JORNAIS_DIVIDIDOS\NJUD 1890\BOLETIM_RADIO_TJRN_02_06_2026_B7_TJRN_JUIZADO_VIOLENCIA_DOMESTICA__CORPO.mp3,02/06/2026,1883,conflito_njud_existe
F:\Projetos\DIVISOR\data\processed\JORNAIS_DIVIDIDOS\JORNAIS_DIVIDIDOS\NJUD 1890\BOLETIM_RADIO_TJRN_02_06_2026_B8_TJRN_DECISAO_DESCARTA_SUPOSTO_FISHING_CABECA.mp3,02/06/2026,1883,conflito_njud_existe
F:\Projetos\DIVISOR\data\processed\JORNAIS_DIVIDIDOS\JORNAIS_DIVIDIDOS\NJUD 1890\BOLETIM_RADIO_TJRN_02_06_2026_B8_TJRN_DECISAO_DESCARTA_SUPOSTO_FISHING_CORPO.mp3,02/06/2026,1883,conflito_njud_existe
F:\Projetos\DIVISOR\data\processed\JORNAIS_DIVIDIDOS\JORNAIS_DIVIDIDOS\NJUD 1890\BOLETIM_RADIO_TJRN_02_06_2026_B9_TJRN_DECISAO_REVOGADA_EX_PREFEITO_CABECA.mp3,02/06/2026,1883,conflito_njud_existe
F:\Projetos\DIVISOR\data\processed\JORNAIS_DIVIDIDOS\JORNAIS_DIVIDIDOS\NJUD 1890\BOLETIM_RADIO_TJRN_02_06_2026_B9_TJRN_DECISAO_REVOGADA_EX_PREFEITO_CORPO.mp3,02/06/2026,1883,conflito_njud_existe
F:\Projetos\DIVISOR\data\processed\JORNAIS_DIVIDIDOS\JORNAIS_DIVIDIDOS\NJUD 1891\BOLETIM_RADIO_TJRN_03_06_2026_B1_TJRN_HOMEM_CONDENADO_COLISAO_CARRO_CABECA.mp3,03/06/2026,1884,conflito_njud_existe
F:\Projetos\DIVISOR\data\processed\JORNAIS_DIVIDIDOS\JORNAIS_DIVIDIDOS\NJUD 1891\BOLETIM_RADIO_TJRN_03_06_2026_B1_TJRN_HOMEM_CONDENADO_COLISAO_CARRO_CORPO.mp3,03/06/2026,1884,conflito_njud_existe
F:\Projetos\DIVISOR\data\processed\JORNAIS_DIVIDIDOS\JORNAIS_DIVIDIDOS\NJUD 1891\BOLETIM_RADIO_TJRN_03_06_2026_B2_TJRN_CASAMENTO_COMUNITARIO_TOUROS_CABECA.mp3,03/06/2026,1884,conflito_njud_existe
F:\Projetos\DIVISOR\data\processed\JORNAIS_DIVIDIDOS\JORNAIS_DIVIDIDOS\NJUD 1891\BOLETIM_RADIO_TJRN_03_06_2026_B2_TJRN_CASAMENTO_COMUNITARIO_TOUROS_CORPO.mp3,03/06/2026,1884,conflito_njud_existe
F:\Projetos\DIVISOR\data\processed\JORNAIS_DIVIDIDOS\JORNAIS_DIVIDIDOS\NJUD 1891\BOLETIM_RADIO_TJRN_03_06_2026_B3_TJRN_RESULTADO_DEFINITIVO_HETEROIDENTIFICACAO__CABECA.mp3,03/06/2026,1884,conflito_njud_existe
F:\Projetos\DIVISOR\data\processed\JORNAIS_DIVIDIDOS\JORNAIS_DIVIDIDOS\NJUD 1891\BOLETIM_RADIO_TJRN_03_06_2026_B3_TJRN_RESULTADO_DEFINITIVO_HETEROIDENTIFICACAO__CORPO.mp3,03/06/2026,1884,conflito_njud_existe
F:\Projetos\DIVISOR\data\processed\JORNAIS_DIVIDIDOS\JORNAIS_DIVIDIDOS\NJUD 1891\BOLETIM_RADIO_TJRN_03_06_2026_B4_TJRN_PROJETO_COLHENDO_PALAVRAS__CABECA.mp3,03/06/2026,1884,conflito_njud_existe
F:\Projetos\DIVISOR\data\processed\JORNAIS_DIVIDIDOS\JORNAIS_DIVIDIDOS\NJUD 1891\BOLETIM_RADIO_TJRN_03_06_2026_B4_TJRN_PROJETO_COLHENDO_PALAVRAS__CORPO.mp3,03/06/2026,1884,conflito_njud_existe
F:\Projetos\DIVISOR\data\processed\JORNAIS_DIVIDIDOS\JORNAIS_DIVIDIDOS\NJUD 1892\BOLETIM_RADIO_TJRN_03_06_2026_B5_TJRN_CONSIDERA_LEGAL_REVERSAO_NOGUEIRAO__CABECA.mp3,03/06/2026,1884,conflito_njud_existe
F:\Projetos\DIVISOR\data\processed\JORNAIS_DIVIDIDOS\JORNAIS_DIVIDIDOS\NJUD 1892\BOLETIM_RADIO_TJRN_03_06_2026_B5_TJRN_CONSIDERA_LEGAL_REVERSAO_NOGUEIRAO__CORPO.mp3,03/06/2026,1884,conflito_njud_existe
F:\Projetos\DIVISOR\data\processed\JORNAIS_DIVIDIDOS\JORNAIS_DIVIDIDOS\NJUD 1892\BOLETIM_RADIO_TJRN_03_06_2026_B6_TJRN_ANALISE_FORO_CABECA.mp3,03/06/2026,1884,conflito_njud_existe
F:\Projetos\DIVISOR\data\processed\JORNAIS_DIVIDIDOS\JORNAIS_DIVIDIDOS\NJUD 1892\BOLETIM_RADIO_TJRN_03_06_2026_B6_TJRN_ANALISE_FORO_CORPO.mp3,03/06/2026,1884,conflito_njud_existe
F:\Projetos\DIVISOR\data\processed\JORNAIS_DIVIDIDOS\JORNAIS_DIVIDIDOS\NJUD 1892\BOLETIM_RADIO_TJRN_03_06_2026_B7_TJRN_PEDIDO_SUSPENDER_LICITACAO_NISIA__CABECA.mp3,03/06/2026,1884,conflito_njud_existe
F:\Projetos\DIVISOR\data\processed\JORNAIS_DIVIDIDOS\JORNAIS_DIVIDIDOS\NJUD 1892\BOLETIM_RADIO_TJRN_03_06_2026_B7_TJRN_PEDIDO_SUSPENDER_LICITACAO_NISIA__CORPO.mp3,03/06/2026,1884,conflito_njud_existe
F:\Projetos\DIVISOR\data\processed\JORNAIS_DIVIDIDOS\JORNAIS_DIVIDIDOS\NJUD 1893\BOLETIM_RADIO_TJRN_03_06_2026_B10_TRTRN_PUBLICACAO_INCIDENTES_DADOS_PESSOAIS__CABECA.mp3,03/06/2026,1884,conflito_njud_existe
F:\Projetos\DIVISOR\data\processed\JORNAIS_DIVIDIDOS\JORNAIS_DIVIDIDOS\NJUD 1893\BOLETIM_RADIO_TJRN_03_06_2026_B10_TRTRN_PUBLICACAO_INCIDENTES_DADOS_PESSOAIS__CORPO.mp3,03/06/2026,1884,conflito_njud_existe
F:\Projetos\DIVISOR\data\processed\JORNAIS_DIVIDIDOS\JORNAIS_DIVIDIDOS\NJUD 1893\BOLETIM_RADIO_TJRN_03_06_2026_B9_TJRN_ACUSADO_HOMICIDIO_CASA_JOGOS__CABECA.mp3,03/06/2026,1884,conflito_njud_existe
F:\Projetos\DIVISOR\data\processed\JORNAIS_DIVIDIDOS\JORNAIS_DIVIDIDOS\NJUD 1893\BOLETIM_RADIO_TJRN_03_06_2026_B9_TJRN_ACUSADO_HOMICIDIO_CASA_JOGOS__CORPO.mp3,03/06/2026,1884,conflito_njud_existe
F:\Projetos\DIVISOR\data\processed\JORNAIS_DIVIDIDOS\JORNAIS_DIVIDIDOS\NJUD 1893\BOLETIM_RADIO_TJRN_08_06_2026_B1_TJRN_CONDENA_PORTAL_DE_NOTICIAS__CABECA.mp3,08/06/2026,1886,conflito_njud_existe
F:\Projetos\DIVISOR\data\processed\JORNAIS_DIVIDIDOS\JORNAIS_DIVIDIDOS\NJUD 1893\BOLETIM_RADIO_TJRN_08_06_2026_B1_TJRN_CONDENA_PORTAL_DE_NOTICIAS__CORPO.mp3,08/06/2026,1886,conflito_njud_existe
F:\Projetos\DIVISOR\data\processed\JORNAIS_DIVIDIDOS\JORNAIS_DIVIDIDOS\NJUD 1894\BOLETIM_RADIO_TJRN_08_06_2026_B4_TJRN_TURMA_RECURSAL_ESTAGIO_CABECA.mp3,08/06/2026,1886,conflito_njud_existe
F:\Projetos\DIVISOR\data\processed\JORNAIS_DIVIDIDOS\JORNAIS_DIVIDIDOS\NJUD 1894\BOLETIM_RADIO_TJRN_08_06_2026_B4_TJRN_TURMA_RECURSAL_ESTAGIO_CORPO.mp3,08/06/2026,1886,conflito_njud_existe
F:\Projetos\DIVISOR\data\processed\JORNAIS_DIVIDIDOS\JORNAIS_DIVIDIDOS\NJUD 1894\BOLETIM_RADIO_TJRN_08_06_2026_B6_TJRN_FRAUDE_EMPRESTIMOS_PIX__CABECA.mp3,08/06/2026,1886,conflito_njud_existe
F:\Projetos\DIVISOR\data\processed\JORNAIS_DIVIDIDOS\JORNAIS_DIVIDIDOS\NJUD 1894\BOLETIM_RADIO_TJRN_08_06_2026_B6_TJRN_FRAUDE_EMPRESTIMOS_PIX__CORPO.mp3,08/06/2026,1886,conflito_njud_existe
F:\Projetos\DIVISOR\data\processed\JORNAIS_DIVIDIDOS\JORNAIS_DIVIDIDOS\NJUD 1895\BOLETIM_RADIO_TJRN_08_06_2026_B10_MPRN_MULTIRAO_EXAMES_CNH_CABECA.mp3,08/06/2026,1886,conflito_njud_existe
F:\Projetos\DIVISOR\data\processed\JORNAIS_DIVIDIDOS\JORNAIS_DIVIDIDOS\NJUD 1895\BOLETIM_RADIO_TJRN_08_06_2026_B10_MPRN_MULTIRAO_EXAMES_CNH_CORPO.mp3,08/06/2026,1886,conflito_njud_existe
F:\Projetos\DIVISOR\data\processed\JORNAIS_DIVIDIDOS\JORNAIS_DIVIDIDOS\NJUD 1895\BOLETIM_RADIO_TJRN_08_06_2026_B7_TJRN_EMPRESA_INDENIZAR_MORADOR_CABECA.mp3,08/06/2026,1886,conflito_njud_existe
F:\Projetos\DIVISOR\data\processed\JORNAIS_DIVIDIDOS\JORNAIS_DIVIDIDOS\NJUD 1895\BOLETIM_RADIO_TJRN_08_06_2026_B7_TJRN_EMPRESA_INDENIZAR_MORADOR_CORPO.mp3,08/06/2026,1886,conflito_njud_existe
F:\Projetos\DIVISOR\data\processed\JORNAIS_DIVIDIDOS\JORNAIS_DIVIDIDOS\NJUD 1895\BOLETIM_RADIO_TJRN_08_06_2026_B8_TJRN_DECLARA_LEGAIS_MULTAS_CAERN_CABECA.mp3,08/06/2026,1886,conflito_njud_existe
F:\Projetos\DIVISOR\data\processed\JORNAIS_DIVIDIDOS\JORNAIS_DIVIDIDOS\NJUD 1895\BOLETIM_RADIO_TJRN_08_06_2026_B8_TJRN_DECLARA_LEGAIS_MULTAS_CAERN_CORPO.mp3,08/06/2026,1886,conflito_njud_existe
F:\Projetos\DIVISOR\data\processed\JORNAIS_DIVIDIDOS\JORNAIS_DIVIDIDOS\NJUD 1895\BOLETIM_RADIO_TJRN_08_06_2026_B9_TJRN_COMISSAO_SOLUCOES_FUNDIARIAS__CABECA.mp3,08/06/2026,1886,conflito_njud_existe
F:\Projetos\DIVISOR\data\processed\JORNAIS_DIVIDIDOS\JORNAIS_DIVIDIDOS\NJUD 1895\BOLETIM_RADIO_TJRN_08_06_2026_B9_TJRN_COMISSAO_SOLUCOES_FUNDIARIAS__CORPO.mp3,08/06/2026,1886,conflito_njud_existe
F:\Projetos\DIVISOR\data\processed\JORNAIS_DIVIDIDOS\JORNAIS_DIVIDIDOS\NJUD 1896\BOLETIM_RADIO_TJRN_08_06_2026_B11_MPRN_PROJETO_ADOCAO_E_LEGAL_CABECA.mp3,08/06/2026,1886,conflito_njud_existe
F:\Projetos\DIVISOR\data\processed\JORNAIS_DIVIDIDOS\JORNAIS_DIVIDIDOS\NJUD 1896\BOLETIM_RADIO_TJRN_08_06_2026_B11_MPRN_PROJETO_ADOCAO_E_LEGAL_CORPO.mp3,08/06/2026,1886,conflito_njud_existe
F:\Projetos\DIVISOR\data\processed\JORNAIS_DIVIDIDOS\JORNAIS_DIVIDIDOS\NJUD 1896\BOLETIM_RADIO_TJRN_09_06_2026_B1_TJRN_DESEMBARGADORES_INDICADOS__CABECA.mp3,09/06/2026,1887,conflito_njud_existe
F:\Projetos\DIVISOR\data\processed\JORNAIS_DIVIDIDOS\JORNAIS_DIVIDIDOS\NJUD 1896\BOLETIM_RADIO_TJRN_09_06_2026_B1_TJRN_DESEMBARGADORES_INDICADOS__CORPO.mp3,09/06/2026,1887,conflito_njud_existe
F:\Projetos\DIVISOR\data\processed\JORNAIS_DIVIDIDOS\JORNAIS_DIVIDIDOS\NJUD 1896\BOLETIM_RADIO_TJRN_09_06_2026_B2_TJRN_ALEXANDRIA_EVENTO_ESTUPRO_VUNERAVEL__CABECA.mp3,09/06/2026,1887,conflito_njud_existe
F:\Projetos\DIVISOR\data\processed\JORNAIS_DIVIDIDOS\JORNAIS_DIVIDIDOS\NJUD 1896\BOLETIM_RADIO_TJRN_09_06_2026_B2_TJRN_ALEXANDRIA_EVENTO_ESTUPRO_VUNERAVEL__CORPO.mp3,09/06/2026,1887,conflito_njud_existe
F:\Projetos\DIVISOR\data\processed\JORNAIS_DIVIDIDOS\JORNAIS_DIVIDIDOS\NJUD 1896\BOLETIM_RADIO_TJRN_09_06_2026_B3_TJRN_REPOJURN_ARTIGOS_INTELIGENCIA_ARTIFICIAL__CABECA.mp3,09/06/2026,1887,conflito_njud_existe
F:\Projetos\DIVISOR\data\processed\JORNAIS_DIVIDIDOS\JORNAIS_DIVIDIDOS\NJUD 1896\BOLETIM_RADIO_TJRN_09_06_2026_B3_TJRN_REPOJURN_ARTIGOS_INTELIGENCIA_ARTIFICIAL__CORPO.mp3,09/06/2026,1887,conflito_njud_existe
F:\Projetos\DIVISOR\data\processed\JORNAIS_DIVIDIDOS\JORNAIS_DIVIDIDOS\NJUD 1897\BOLETIM_RADIO_TJRN_09_06_2026_B4_TJRN_VAGA_ESTAGIO_JORNALISMO__CABECA.mp3,09/06/2026,1887,conflito_njud_existe
F:\Projetos\DIVISOR\data\processed\JORNAIS_DIVIDIDOS\JORNAIS_DIVIDIDOS\NJUD 1897\BOLETIM_RADIO_TJRN_09_06_2026_B4_TJRN_VAGA_ESTAGIO_JORNALISMO__CORPO.mp3,09/06/2026,1887,conflito_njud_existe
F:\Projetos\DIVISOR\data\processed\JORNAIS_DIVIDIDOS\JORNAIS_DIVIDIDOS\NJUD 1897\BOLETIM_RADIO_TJRN_09_06_2026_B5_TJRN_SUSPENSAO_MONITORACAO_ELETRONICA__CABECA.mp3,09/06/2026,1887,conflito_njud_existe
F:\Projetos\DIVISOR\data\processed\JORNAIS_DIVIDIDOS\JORNAIS_DIVIDIDOS\NJUD 1897\BOLETIM_RADIO_TJRN_09_06_2026_B5_TJRN_SUSPENSAO_MONITORACAO_ELETRONICA__CORPO.mp3,09/06/2026,1887,conflito_njud_existe
F:\Projetos\DIVISOR\data\processed\JORNAIS_DIVIDIDOS\JORNAIS_DIVIDIDOS\NJUD 1897\BOLETIM_RADIO_TJRN_09_06_2026_B6_TJRN_VARA_FAMILIA_ESTAGIO__CABECA.mp3,09/06/2026,1887,conflito_njud_existe
F:\Projetos\DIVISOR\data\processed\JORNAIS_DIVIDIDOS\JORNAIS_DIVIDIDOS\NJUD 1897\BOLETIM_RADIO_TJRN_09_06_2026_B6_TJRN_VARA_FAMILIA_ESTAGIO__CORPO.mp3,09/06/2026,1887,conflito_njud_existe
F:\Projetos\DIVISOR\data\processed\JORNAIS_DIVIDIDOS\JORNAIS_DIVIDIDOS\NJUD 1897\BOLETIM_RADIO_TJRN_09_06_2026_B7_TJRN_EMPRESA_VIAGEM_APLICATIVO_INDENIZACAO__CABECA.mp3,09/06/2026,1887,conflito_njud_existe
F:\Projetos\DIVISOR\data\processed\JORNAIS_DIVIDIDOS\JORNAIS_DIVIDIDOS\NJUD 1897\BOLETIM_RADIO_TJRN_09_06_2026_B7_TJRN_EMPRESA_VIAGEM_APLICATIVO_INDENIZACAO__CORPO.mp3,09/06/2026,1887,conflito_njud_existe
F:\Projetos\DIVISOR\data\processed\JORNAIS_DIVIDIDOS\JORNAIS_DIVIDIDOS\NJUD 1898\BOLETIM_RADIO_TJRN_09_06_2026_B10_DPERN_DEFENSORES_MIRINS__CABECA.mp3,09/06/2026,1887,conflito_njud_existe
F:\Projetos\DIVISOR\data\processed\JORNAIS_DIVIDIDOS\JORNAIS_DIVIDIDOS\NJUD 1898\BOLETIM_RADIO_TJRN_09_06_2026_B10_DPERN_DEFENSORES_MIRINS__CORPO.mp3,09/06/2026,1887,conflito_njud_existe
F:\Projetos\DIVISOR\data\processed\JORNAIS_DIVIDIDOS\JORNAIS_DIVIDIDOS\NJUD 1898\BOLETIM_RADIO_TJRN_09_06_2026_B11_MPRN_EVENTO_AGENTES_SEGURANCA__CABECA.mp3,09/06/2026,1887,conflito_njud_existe
F:\Projetos\DIVISOR\data\processed\JORNAIS_DIVIDIDOS\JORNAIS_DIVIDIDOS\NJUD 1898\BOLETIM_RADIO_TJRN_09_06_2026_B11_MPRN_EVENTO_AGENTES_SEGURANCA__CORPO.mp3,09/06/2026,1887,conflito_njud_existe
F:\Projetos\DIVISOR\data\processed\JORNAIS_DIVIDIDOS\JORNAIS_DIVIDIDOS\NJUD 1898\BOLETIM_RADIO_TJRN_09_06_2026_B8_ESMARN_COMPROMISSO_AMBIENTAL_CABECA.mp3,09/06/2026,1887,conflito_njud_existe
F:\Projetos\DIVISOR\data\processed\JORNAIS_DIVIDIDOS\JORNAIS_DIVIDIDOS\NJUD 1898\BOLETIM_RADIO_TJRN_09_06_2026_B8_ESMARN_COMPROMISSO_AMBIENTAL_CORPO.mp3,09/06/2026,1887,conflito_njud_existe
F:\Projetos\DIVISOR\data\processed\JORNAIS_DIVIDIDOS\JORNAIS_DIVIDIDOS\NJUD 1898\BOLETIM_RADIO_TJRN_09_06_2026_B9_OABRN_ESA_ESPECIALISTAS_IA_ADVOCACIA__CABECA.mp3,09/06/2026,1887,conflito_njud_existe
F:\Projetos\DIVISOR\data\processed\JORNAIS_DIVIDIDOS\JORNAIS_DIVIDIDOS\NJUD 1898\BOLETIM_RADIO_TJRN_09_06_2026_B9_OABRN_ESA_ESPECIALISTAS_IA_ADVOCACIA__CORPO.mp3,09/06/2026,1887,conflito_njud_existe
F:\Projetos\DIVISOR\data\processed\JORNAIS_DIVIDIDOS\JORNAIS_DIVIDIDOS\NJUD 1899\BOLETIM_RADIO_TJRN_10_06_2026_B1_TJRN_MUNICIPIO_REGULARIZAR_PAGAMENTO_ESTADIO__CABECA.mp3,10/06/2026,1888,conflito_njud_existe
F:\Projetos\DIVISOR\data\processed\JORNAIS_DIVIDIDOS\JORNAIS_DIVIDIDOS\NJUD 1899\BOLETIM_RADIO_TJRN_10_06_2026_B1_TJRN_MUNICIPIO_REGULARIZAR_PAGAMENTO_ESTADIO__CORPO.mp3,10/06/2026,1888,conflito_njud_existe
F:\Projetos\DIVISOR\data\processed\JORNAIS_DIVIDIDOS\JORNAIS_DIVIDIDOS\NJUD 1899\BOLETIM_RADIO_TJRN_10_06_2026_B2_TJRN_VARA_FAMILIA_RETIFICA_EDITAL_CABECA.mp3,10/06/2026,1888,conflito_njud_existe
F:\Projetos\DIVISOR\data\processed\JORNAIS_DIVIDIDOS\JORNAIS_DIVIDIDOS\NJUD 1899\BOLETIM_RADIO_TJRN_10_06_2026_B2_TJRN_VARA_FAMILIA_RETIFICA_EDITAL_CORPO.mp3,10/06/2026,1888,conflito_njud_existe
F:\Projetos\DIVISOR\data\processed\JORNAIS_DIVIDIDOS\JORNAIS_DIVIDIDOS\NJUD 1899\BOLETIM_RADIO_TJRN_10_06_2026_B3_TJRN_FERRAMENTA_DESENVOLVIDA__CABECA.mp3,10/06/2026,1888,conflito_njud_existe
F:\Projetos\DIVISOR\data\processed\JORNAIS_DIVIDIDOS\JORNAIS_DIVIDIDOS\NJUD 1899\BOLETIM_RADIO_TJRN_10_06_2026_B3_TJRN_FERRAMENTA_DESENVOLVIDA__CORPO.mp3,10/06/2026,1888,conflito_njud_existe
F:\Projetos\DIVISOR\data\processed\JORNAIS_DIVIDIDOS\JORNAIS_DIVIDIDOS\NJUD 1902\BOLETIM_RADIO_TJRN_16_04_2026_B8_CMN_PACOTE_GRATUIDADE_TRANSPORTE_PUBLICO__CABECA.mp3,16/04/2026,1852,conflito_njud_existe
F:\Projetos\DIVISOR\data\processed\JORNAIS_DIVIDIDOS\JORNAIS_DIVIDIDOS\NJUD 1902\BOLETIM_RADIO_TJRN_16_04_2026_B8_CMN_PACOTE_GRATUIDADE_TRANSPORTE_PUBLICO__CORPO.mp3,16/04/2026,1852,conflito_njud_existe
F:\Projetos\DIVISOR\data\processed\JORNAIS_DIVIDIDOS\JORNAIS_DIVIDIDOS\NJUD 1902\BOLETIM_RADIO_TJRN_16_04_2026_B9_TJRN_ACAO_INTEGRADA_EMISSAO_DOCUMENTOS__CABECA.mp3,16/04/2026,1852,conflito_njud_existe
F:\Projetos\DIVISOR\data\processed\JORNAIS_DIVIDIDOS\JORNAIS_DIVIDIDOS\NJUD 1902\BOLETIM_RADIO_TJRN_16_04_2026_B9_TJRN_ACAO_INTEGRADA_EMISSAO_DOCUMENTOS__CORPO.mp3,16/04/2026,1852,conflito_njud_existe
F:\Projetos\DIVISOR\data\processed\JORNAIS_DIVIDIDOS\JORNAIS_DIVIDIDOS\NJUD 1903\BOLETIM_RADIO_TJRN_16_04_2026_B10_OABRN_PADRONIZACAO_PROCESSOS__CABECA.mp3,16/04/2026,1852,conflito_njud_existe
F:\Projetos\DIVISOR\data\processed\JORNAIS_DIVIDIDOS\JORNAIS_DIVIDIDOS\NJUD 1903\BOLETIM_RADIO_TJRN_16_04_2026_B10_OABRN_PADRONIZACAO_PROCESSOS__CORPO.mp3,16/04/2026,1852,conflito_njud_existe
F:\Projetos\DIVISOR\data\processed\JORNAIS_DIVIDIDOS\JORNAIS_DIVIDIDOS\NJUD 1903\BOLETIM_RADIO_TJRN_16_04_2026_B7_MPRN_VERBAS_PECUNIARIAS__CABECA.mp3,16/04/2026,1852,conflito_njud_existe
F:\Projetos\DIVISOR\data\processed\JORNAIS_DIVIDIDOS\JORNAIS_DIVIDIDOS\NJUD 1903\BOLETIM_RADIO_TJRN_16_04_2026_B7_MPRN_VERBAS_PECUNIARIAS__CORPO.mp3,16/04/2026,1852,conflito_njud_existe
F:\Projetos\DIVISOR\data\processed\JORNAIS_DIVIDIDOS\JORNAIS_DIVIDIDOS\NJUD 1903\BOLETIM_RADIO_TJRN_17_04_2026_B1_TJRN_PACIENTE_INDENIZADO_FALHA_PLANO_CABECA.mp3,17/04/2026,1853,conflito_njud_existe
F:\Projetos\DIVISOR\data\processed\JORNAIS_DIVIDIDOS\JORNAIS_DIVIDIDOS\NJUD 1903\BOLETIM_RADIO_TJRN_17_04_2026_B1_TJRN_PACIENTE_INDENIZADO_FALHA_PLANO_CORPO.mp3,17/04/2026,1853,conflito_njud_existe
F:\Projetos\DIVISOR\data\processed\JORNAIS_DIVIDIDOS\JORNAIS_DIVIDIDOS\NJUD 1903\BOLETIM_RADIO_TJRN_17_04_2026_B2_TJRN_RECONHECE_COMPETENCIA_IELMO_MARINHO_TAXA__CABECA.mp3,17/04/2026,1853,conflito_njud_existe
F:\Projetos\DIVISOR\data\processed\JORNAIS_DIVIDIDOS\JORNAIS_DIVIDIDOS\NJUD 1903\BOLETIM_RADIO_TJRN_17_04_2026_B2_TJRN_RECONHECE_COMPETENCIA_IELMO_MARINHO_TAXA__CORPO.mp3,17/04/2026,1853,conflito_njud_existe
F:\Projetos\DIVISOR\data\processed\JORNAIS_DIVIDIDOS\JORNAIS_DIVIDIDOS\NJUD 1904\BOLETIM_RADIO_TJRN_17_04_2026_B3_TJRN_DETERMINA_EXCLUSAO_48_HORAS__CABECA.mp3,17/04/2026,1853,conflito_njud_existe
F:\Projetos\DIVISOR\data\processed\JORNAIS_DIVIDIDOS\JORNAIS_DIVIDIDOS\NJUD 1904\BOLETIM_RADIO_TJRN_17_04_2026_B3_TJRN_DETERMINA_EXCLUSAO_48_HORAS__CORPO.mp3,17/04/2026,1853,conflito_njud_existe
F:\Projetos\DIVISOR\data\processed\JORNAIS_DIVIDIDOS\JORNAIS_DIVIDIDOS\NJUD 1904\BOLETIM_RADIO_TJRN_17_04_2026_B4_TJRN_PARTICIPA_EXPANSAO_PLATAFORMA__CABECA.mp3,17/04/2026,1853,conflito_njud_existe
F:\Projetos\DIVISOR\data\processed\JORNAIS_DIVIDIDOS\JORNAIS_DIVIDIDOS\NJUD 1904\BOLETIM_RADIO_TJRN_17_04_2026_B4_TJRN_PARTICIPA_EXPANSAO_PLATAFORMA__CORPO.mp3,17/04/2026,1853,conflito_njud_existe
F:\Projetos\DIVISOR\data\processed\JORNAIS_DIVIDIDOS\JORNAIS_DIVIDIDOS\NJUD 1904\BOLETIM_RADIO_TJRN_17_04_2026_B7_FUNDO_INFANCIA_GROSSOS_CABECA.mp3,17/04/2026,1853,conflito_njud_existe
F:\Projetos\DIVISOR\data\processed\JORNAIS_DIVIDIDOS\JORNAIS_DIVIDIDOS\NJUD 1904\BOLETIM_RADIO_TJRN_17_04_2026_B7_FUNDO_INFANCIA_GROSSOS_CORPO.mp3,17/04/2026,1853,conflito_njud_existe
F:\Projetos\DIVISOR\data\processed\JORNAIS_DIVIDIDOS\JORNAIS_DIVIDIDOS\NJUD 1904\BOLETIM_RADIO_TJRN_17_04_2026_B8_CONDENACAO_PAGAMENTO_FUNCARTE_CABECA.mp3,17/04/2026,1853,conflito_njud_existe
F:\Projetos\DIVISOR\data\processed\JORNAIS_DIVIDIDOS\JORNAIS_DIVIDIDOS\NJUD 1904\BOLETIM_RADIO_TJRN_17_04_2026_B8_CONDENACAO_PAGAMENTO_FUNCARTE_CORPO.mp3,17/04/2026,1853,conflito_njud_existe
F:\Projetos\DIVISOR\data\processed\JORNAIS_DIVIDIDOS\JORNAIS_DIVIDIDOS\NJUD 1905\BOLETIM_RADIO_TJRN_17_04_2026_B10_ACUMULO_FUNCOES_POLICIAL_CIVIL_CABECA.mp3,17/04/2026,1853,conflito_njud_existe
F:\Projetos\DIVISOR\data\processed\JORNAIS_DIVIDIDOS\JORNAIS_DIVIDIDOS\NJUD 1905\BOLETIM_RADIO_TJRN_17_04_2026_B10_ACUMULO_FUNCOES_POLICIAL_CIVIL_CORPO.mp3,17/04/2026,1853,conflito_njud_existe
F:\Projetos\DIVISOR\data\processed\JORNAIS_DIVIDIDOS\JORNAIS_DIVIDIDOS\NJUD 1905\BOLETIM_RADIO_TJRN_17_04_2026_B5_TRTRN_PROJETO_ACESSIBILIDADE_ATITUDINAL__CABECA.mp3,17/04/2026,1853,conflito_njud_existe
F:\Projetos\DIVISOR\data\processed\JORNAIS_DIVIDIDOS\JORNAIS_DIVIDIDOS\NJUD 1905\BOLETIM_RADIO_TJRN_17_04_2026_B5_TRTRN_PROJETO_ACESSIBILIDADE_ATITUDINAL__CORPO.mp3,17/04/2026,1853,conflito_njud_existe
F:\Projetos\DIVISOR\data\processed\JORNAIS_DIVIDIDOS\JORNAIS_DIVIDIDOS\NJUD 1905\BOLETIM_RADIO_TJRN_17_04_2026_B6_MPRN_JURI_CONDENACAO_HOMEM_MORTE_CABECA.mp3,17/04/2026,1853,conflito_njud_existe
F:\Projetos\DIVISOR\data\processed\JORNAIS_DIVIDIDOS\JORNAIS_DIVIDIDOS\NJUD 1905\BOLETIM_RADIO_TJRN_17_04_2026_B6_MPRN_JURI_CONDENACAO_HOMEM_MORTE_CORPO.mp3,17/04/2026,1853,conflito_njud_existe
F:\Projetos\DIVISOR\data\processed\JORNAIS_DIVIDIDOS\JORNAIS_DIVIDIDOS\NJUD 1905\BOLETIM_RADIO_TJRN_17_04_2026_B9_CONDENACAO_COSERN_INDENIZACAO_CABECA.mp3,17/04/2026,1853,conflito_njud_existe
F:\Projetos\DIVISOR\data\processed\JORNAIS_DIVIDIDOS\JORNAIS_DIVIDIDOS\NJUD 1905\BOLETIM_RADIO_TJRN_17_04_2026_B9_CONDENACAO_COSERN_INDENIZACAO_CORPO.mp3,17/04/2026,1853,conflito_njud_existe
F:\Projetos\DIVISOR\data\processed\JORNAIS_DIVIDIDOS\JORNAIS_DIVIDIDOS\NJUD 1906\BOLETIM_RADIO_TJRN_22_04_2026_B1_FORUM_NACIONAL_MEDIACAO_CABECA.mp3,22/04/2026,1855,conflito_njud_existe
F:\Projetos\DIVISOR\data\processed\JORNAIS_DIVIDIDOS\JORNAIS_DIVIDIDOS\NJUD 1906\BOLETIM_RADIO_TJRN_22_04_2026_B1_FORUM_NACIONAL_MEDIACAO_CORPO.mp3,22/04/2026,1855,conflito_njud_existe
F:\Projetos\DIVISOR\data\processed\JORNAIS_DIVIDIDOS\JORNAIS_DIVIDIDOS\NJUD 1906\BOLETIM_RADIO_TJRN_22_04_2026_B2_ENCERRAMENTO_REGISTRE_SE_CABECA.mp3,22/04/2026,1855,conflito_njud_existe
F:\Projetos\DIVISOR\data\processed\JORNAIS_DIVIDIDOS\JORNAIS_DIVIDIDOS\NJUD 1906\BOLETIM_RADIO_TJRN_22_04_2026_B2_ENCERRAMENTO_REGISTRE_SE_CORPO.mp3,22/04/2026,1855,conflito_njud_existe
F:\Projetos\DIVISOR\data\processed\JORNAIS_DIVIDIDOS\JORNAIS_DIVIDIDOS\NJUD 1906\BOLETIM_RADIO_TJRN_22_04_2026_B3_PENAS_PECUNIARIAS_ACARI_CABECA.mp3,22/04/2026,1855,conflito_njud_existe
F:\Projetos\DIVISOR\data\processed\JORNAIS_DIVIDIDOS\JORNAIS_DIVIDIDOS\NJUD 1906\BOLETIM_RADIO_TJRN_22_04_2026_B3_PENAS_PECUNIARIAS_ACARI_CORPO.mp3,22/04/2026,1855,conflito_njud_existe
F:\Projetos\DIVISOR\data\processed\JORNAIS_DIVIDIDOS\JORNAIS_DIVIDIDOS\NJUD 1906\BOLETIM_RADIO_TJRN_22_04_2026_B4_INDENIZACAO_ENERGIA_CABECA.mp3,22/04/2026,1855,conflito_njud_existe
F:\Projetos\DIVISOR\data\processed\JORNAIS_DIVIDIDOS\JORNAIS_DIVIDIDOS\NJUD 1906\BOLETIM_RADIO_TJRN_22_04_2026_B4_INDENIZACAO_ENERGIA_CORPO.mp3,22/04/2026,1855,conflito_njud_existe
F:\Projetos\DIVISOR\data\processed\JORNAIS_DIVIDIDOS\JORNAIS_DIVIDIDOS\NJUD 1907\BOLETIM_RADIO_TJRN_22_04_2026_B5_PAGAMENTO_ADICIONAL_RISCO_VIDA_CABECA.mp3,22/04/2026,1855,conflito_njud_existe
F:\Projetos\DIVISOR\data\processed\JORNAIS_DIVIDIDOS\JORNAIS_DIVIDIDOS\NJUD 1907\BOLETIM_RADIO_TJRN_22_04_2026_B5_PAGAMENTO_ADICIONAL_RISCO_VIDA_CORPO.mp3,22/04/2026,1855,conflito_njud_existe
F:\Projetos\DIVISOR\data\processed\JORNAIS_DIVIDIDOS\JORNAIS_DIVIDIDOS\NJUD 1907\BOLETIM_RADIO_TJRN_22_04_2026_B6_USUCAPIAO_NEGADO_CABECA.mp3,22/04/2026,1855,conflito_njud_existe
F:\Projetos\DIVISOR\data\processed\JORNAIS_DIVIDIDOS\JORNAIS_DIVIDIDOS\NJUD 1907\BOLETIM_RADIO_TJRN_22_04_2026_B6_USUCAPIAO_NEGADO_CORPO.mp3,22/04/2026,1855,conflito_njud_existe
F:\Projetos\DIVISOR\data\processed\JORNAIS_DIVIDIDOS\JORNAIS_DIVIDIDOS\NJUD 1907\BOLETIM_RADIO_TJRN_22_04_2026_B7_GARANTIA_TRATAMENTO_PACIENTE_CABECA.mp3,22/04/2026,1855,conflito_njud_existe
F:\Projetos\DIVISOR\data\processed\JORNAIS_DIVIDIDOS\JORNAIS_DIVIDIDOS\NJUD 1907\BOLETIM_RADIO_TJRN_22_04_2026_B7_GARANTIA_TRATAMENTO_PACIENTE_CORPO.mp3,22/04/2026,1855,conflito_njud_existe
F:\Projetos\DIVISOR\data\processed\JORNAIS_DIVIDIDOS\JORNAIS_DIVIDIDOS\NJUD 1907\BOLETIM_RADIO_TJRN_22_04_2026_B8_ESTAGIO_POS_JOAO_CAMARA_CABECA.mp3,22/04/2026,1855,conflito_njud_existe
F:\Projetos\DIVISOR\data\processed\JORNAIS_DIVIDIDOS\JORNAIS_DIVIDIDOS\NJUD 1907\BOLETIM_RADIO_TJRN_22_04_2026_B8_ESTAGIO_POS_JOAO_CAMARA_CORPO.mp3,22/04/2026,1855,conflito_njud_existe
F:\Projetos\DIVISOR\data\processed\JORNAIS_DIVIDIDOS\JORNAIS_DIVIDIDOS\NJUD 1908\BOLETIM_RADIO_TJRN_22_04_2026_B10_MPRN_RECOMENDA_RETIRADA_PLACAS_AREZ_CABECA.mp3,22/04/2026,1855,conflito_njud_existe
F:\Projetos\DIVISOR\data\processed\JORNAIS_DIVIDIDOS\JORNAIS_DIVIDIDOS\NJUD 1908\BOLETIM_RADIO_TJRN_22_04_2026_B10_MPRN_RECOMENDA_RETIRADA_PLACAS_AREZ_CORPO.mp3,22/04/2026,1855,conflito_njud_existe
F:\Projetos\DIVISOR\data\processed\JORNAIS_DIVIDIDOS\JORNAIS_DIVIDIDOS\NJUD 1908\BOLETIM_RADIO_TJRN_22_04_2026_B9_TRTRN_CONTRATO_INTERMITENTE_FALHA_CTPS_CABECA.mp3,22/04/2026,1855,conflito_njud_existe
F:\Projetos\DIVISOR\data\processed\JORNAIS_DIVIDIDOS\JORNAIS_DIVIDIDOS\NJUD 1908\BOLETIM_RADIO_TJRN_22_04_2026_B9_TRTRN_CONTRATO_INTERMITENTE_FALHA_CTPS_CORPO.mp3,22/04/2026,1855,conflito_njud_existe
F:\Projetos\DIVISOR\data\processed\JORNAIS_DIVIDIDOS\JORNAIS_DIVIDIDOS\NJUD 1908\BOLETIM_RADIO_TJRN_23_04_2026_B1_ROUBO_MAJORADO_CONDENACAO_CABECA.mp3,23/04/2026,1856,conflito_njud_existe
F:\Projetos\DIVISOR\data\processed\JORNAIS_DIVIDIDOS\JORNAIS_DIVIDIDOS\NJUD 1908\BOLETIM_RADIO_TJRN_23_04_2026_B1_ROUBO_MAJORADO_CONDENACAO_CORPO.mp3,23/04/2026,1856,conflito_njud_existe
F:\Projetos\DIVISOR\data\processed\JORNAIS_DIVIDIDOS\JORNAIS_DIVIDIDOS\NJUD 1908\BOLETIM_RADIO_TJRN_23_04_2026_B2_DANOS_MORAIS_MESA_MADEIRA_CABECA.mp3,23/04/2026,1856,conflito_njud_existe
F:\Projetos\DIVISOR\data\processed\JORNAIS_DIVIDIDOS\JORNAIS_DIVIDIDOS\NJUD 1908\BOLETIM_RADIO_TJRN_23_04_2026_B2_DANOS_MORAIS_MESA_MADEIRA_CORPO.mp3,23/04/2026,1856,conflito_njud_existe
F:\Projetos\DIVISOR\data\processed\JORNAIS_DIVIDIDOS\JORNAIS_DIVIDIDOS\NJUD 1909\BOLETIM_RADIO_TJRN_23_04_2026_B3_IRREGULARIDADE_LEILAO_CABECA.mp3,23/04/2026,1856,conflito_njud_existe
F:\Projetos\DIVISOR\data\processed\JORNAIS_DIVIDIDOS\JORNAIS_DIVIDIDOS\NJUD 1909\BOLETIM_RADIO_TJRN_23_04_2026_B3_IRREGULARIDADE_LEILAO_CORPO.mp3,23/04/2026,1856,conflito_njud_existe
F:\Projetos\DIVISOR\data\processed\JORNAIS_DIVIDIDOS\JORNAIS_DIVIDIDOS\NJUD 1909\BOLETIM_RADIO_TJRN_23_04_2026_B4_FALHA_SEGURANCA_DADOS_CABECA.mp3,23/04/2026,1856,conflito_njud_existe
F:\Projetos\DIVISOR\data\processed\JORNAIS_DIVIDIDOS\JORNAIS_DIVIDIDOS\NJUD 1909\BOLETIM_RADIO_TJRN_23_04_2026_B4_FALHA_SEGURANCA_DADOS_CORPO.mp3,23/04/2026,1856,conflito_njud_existe
F:\Projetos\DIVISOR\data\processed\JORNAIS_DIVIDIDOS\JORNAIS_DIVIDIDOS\NJUD 1909\BOLETIM_RADIO_TJRN_23_04_2026_B5_EMPRESA_ONIBUS_CONDENACAO_CABECA.mp3,23/04/2026,1856,conflito_njud_existe
F:\Projetos\DIVISOR\data\processed\JORNAIS_DIVIDIDOS\JORNAIS_DIVIDIDOS\NJUD 1909\BOLETIM_RADIO_TJRN_23_04_2026_B5_EMPRESA_ONIBUS_CONDENACAO_CORPO.mp3,23/04/2026,1856,conflito_njud_existe
F:\Projetos\DIVISOR\data\processed\JORNAIS_DIVIDIDOS\JORNAIS_DIVIDIDOS\NJUD 1909\BOLETIM_RADIO_TJRN_23_04_2026_B6_GRUPO_APOIO_METAS_ESTAGIO_CABECA.mp3,23/04/2026,1856,conflito_njud_existe
F:\Projetos\DIVISOR\data\processed\JORNAIS_DIVIDIDOS\JORNAIS_DIVIDIDOS\NJUD 1909\BOLETIM_RADIO_TJRN_23_04_2026_B6_GRUPO_APOIO_METAS_ESTAGIO_CORPO.mp3,23/04/2026,1856,conflito_njud_existe
F:\Projetos\DIVISOR\data\processed\JORNAIS_DIVIDIDOS\JORNAIS_DIVIDIDOS\NJUD 1910\BOLETIM_RADIO_TJRN_23_04_2026_B10_TRT_RN_LEILAO_2026_CABECA.mp3,23/04/2026,1856,conflito_njud_existe
F:\Projetos\DIVISOR\data\processed\JORNAIS_DIVIDIDOS\JORNAIS_DIVIDIDOS\NJUD 1910\BOLETIM_RADIO_TJRN_23_04_2026_B10_TRT_RN_LEILAO_2026_CORPO.mp3,23/04/2026,1856,conflito_njud_existe
F:\Projetos\DIVISOR\data\processed\JORNAIS_DIVIDIDOS\JORNAIS_DIVIDIDOS\NJUD 1910\BOLETIM_RADIO_TJRN_23_04_2026_B7_TCE_RN_TREINAMENTO_GESTORES_TRANSPARENCIA__CABECA.mp3,23/04/2026,1856,conflito_njud_existe
F:\Projetos\DIVISOR\data\processed\JORNAIS_DIVIDIDOS\JORNAIS_DIVIDIDOS\NJUD 1910\BOLETIM_RADIO_TJRN_23_04_2026_B7_TCE_RN_TREINAMENTO_GESTORES_TRANSPARENCIA__CORPO.mp3,23/04/2026,1856,conflito_njud_existe
F:\Projetos\DIVISOR\data\processed\JORNAIS_DIVIDIDOS\JORNAIS_DIVIDIDOS\NJUD 1910\BOLETIM_RADIO_TJRN_23_04_2026_B8_MPRN_RECOMENDA_REGULARIZACAO_LIXO_CABECA.mp3,23/04/2026,1856,conflito_njud_existe
F:\Projetos\DIVISOR\data\processed\JORNAIS_DIVIDIDOS\JORNAIS_DIVIDIDOS\NJUD 1910\BOLETIM_RADIO_TJRN_23_04_2026_B8_MPRN_RECOMENDA_REGULARIZACAO_LIXO_CORPO.mp3,23/04/2026,1856,conflito_njud_existe
F:\Projetos\DIVISOR\data\processed\JORNAIS_DIVIDIDOS\JORNAIS_DIVIDIDOS\NJUD 1910\BOLETIM_RADIO_TJRN_23_04_2026_B9_TRE_RN_APERFEICOAMENTO_MAGISTRATURA__CABECA.mp3,23/04/2026,1856,conflito_njud_existe
F:\Projetos\DIVISOR\data\processed\JORNAIS_DIVIDIDOS\JORNAIS_DIVIDIDOS\NJUD 1910\BOLETIM_RADIO_TJRN_23_04_2026_B9_TRE_RN_APERFEICOAMENTO_MAGISTRATURA__CORPO.mp3,23/04/2026,1856,conflito_njud_existe
F:\Projetos\DIVISOR\data\processed\JORNAIS_DIVIDIDOS\JORNAIS_DIVIDIDOS\NJUD 1911\BOLETIM_RADIO_TJRN_24_04_2026_B1_ATRASO_TRANSPORTE_INDENIZACAO_CABECA.mp3,24/04/2026,1857,conflito_njud_existe
F:\Projetos\DIVISOR\data\processed\JORNAIS_DIVIDIDOS\JORNAIS_DIVIDIDOS\NJUD 1911\BOLETIM_RADIO_TJRN_24_04_2026_B1_ATRASO_TRANSPORTE_INDENIZACAO_CORPO.mp3,24/04/2026,1857,conflito_njud_existe
F:\Projetos\DIVISOR\data\processed\JORNAIS_DIVIDIDOS\JORNAIS_DIVIDIDOS\NJUD 1911\BOLETIM_RADIO_TJRN_24_04_2026_B2_BLOQUEIO_INDEVIDO_APLICATIVO_CABECA.mp3,24/04/2026,1857,conflito_njud_existe
F:\Projetos\DIVISOR\data\processed\JORNAIS_DIVIDIDOS\JORNAIS_DIVIDIDOS\NJUD 1911\BOLETIM_RADIO_TJRN_24_04_2026_B2_BLOQUEIO_INDEVIDO_APLICATIVO_CORPO.mp3,24/04/2026,1857,conflito_njud_existe
F:\Projetos\DIVISOR\data\processed\JORNAIS_DIVIDIDOS\JORNAIS_DIVIDIDOS\NJUD 1911\BOLETIM_RADIO_TJRN_24_04_2026_B3_PERDA_AUDITIVA_MOTORISTA_AMBULANCIA_CABECA.mp3,24/04/2026,1857,conflito_njud_existe
F:\Projetos\DIVISOR\data\processed\JORNAIS_DIVIDIDOS\JORNAIS_DIVIDIDOS\NJUD 1911\BOLETIM_RADIO_TJRN_24_04_2026_B3_PERDA_AUDITIVA_MOTORISTA_AMBULANCIA_CORPO.mp3,24/04/2026,1857,conflito_njud_existe
F:\Projetos\DIVISOR\data\processed\JORNAIS_DIVIDIDOS\JORNAIS_DIVIDIDOS\NJUD 1911\BOLETIM_RADIO_TJRN_24_04_2026_B4_RETROATIVO_GRATIFICACAO_DENTISTA_CABECA.mp3,24/04/2026,1857,conflito_njud_existe
F:\Projetos\DIVISOR\data\processed\JORNAIS_DIVIDIDOS\JORNAIS_DIVIDIDOS\NJUD 1911\BOLETIM_RADIO_TJRN_24_04_2026_B4_RETROATIVO_GRATIFICACAO_DENTISTA_CORPO.mp3,24/04/2026,1857,conflito_njud_existe
F:\Projetos\DIVISOR\data\processed\JORNAIS_DIVIDIDOS\JORNAIS_DIVIDIDOS\NJUD 1912\BOLETIM_RADIO_TJRN_24_04_2026_B5_REGULARIZACAO_EMPREENDIMENTO_PONTA_NEGRA_CABECA.mp3,24/04/2026,1857,conflito_njud_existe
F:\Projetos\DIVISOR\data\processed\JORNAIS_DIVIDIDOS\JORNAIS_DIVIDIDOS\NJUD 1912\BOLETIM_RADIO_TJRN_24_04_2026_B5_REGULARIZACAO_EMPREENDIMENTO_PONTA_NEGRA_CORPO.mp3,24/04/2026,1857,conflito_njud_existe
F:\Projetos\DIVISOR\data\processed\JORNAIS_DIVIDIDOS\JORNAIS_DIVIDIDOS\NJUD 1912\BOLETIM_RADIO_TJRN_24_04_2026_B6_ESTAGIO_DIREITO_VARA_CIVEL_CABECA.mp3,24/04/2026,1857,conflito_njud_existe
F:\Projetos\DIVISOR\data\processed\JORNAIS_DIVIDIDOS\JORNAIS_DIVIDIDOS\NJUD 1912\BOLETIM_RADIO_TJRN_24_04_2026_B6_ESTAGIO_DIREITO_VARA_CIVEL_CORPO.mp3,24/04/2026,1857,conflito_njud_existe
F:\Projetos\DIVISOR\data\processed\JORNAIS_DIVIDIDOS\JORNAIS_DIVIDIDOS\NJUD 1912\BOLETIM_RADIO_TJRN_24_04_2026_B7_TRT_DIALOGO_CONCILIACAO_CABECA.mp3,24/04/2026,1857,conflito_njud_existe
F:\Projetos\DIVISOR\data\processed\JORNAIS_DIVIDIDOS\JORNAIS_DIVIDIDOS\NJUD 1912\BOLETIM_RADIO_TJRN_24_04_2026_B7_TRT_DIALOGO_CONCILIACAO_CORPO.mp3,24/04/2026,1857,conflito_njud_existe
F:\Projetos\DIVISOR\data\processed\JORNAIS_DIVIDIDOS\JORNAIS_DIVIDIDOS\NJUD 1912\BOLETIM_RADIO_TJRN_24_04_2026_B8_LIBERACAO_1_MILHAO_HENRIQUE_LAJES_CABECA.mp3,24/04/2026,1857,conflito_njud_existe
F:\Projetos\DIVISOR\data\processed\JORNAIS_DIVIDIDOS\JORNAIS_DIVIDIDOS\NJUD 1912\BOLETIM_RADIO_TJRN_24_04_2026_B8_LIBERACAO_1_MILHAO_HENRIQUE_LAJES_CORPO.mp3,24/04/2026,1857,conflito_njud_existe
F:\Projetos\DIVISOR\data\processed\JORNAIS_DIVIDIDOS\JORNAIS_DIVIDIDOS\NJUD 1913\BOLETIM_RADIO_TJRN_24_04_2026_B10_PROJETO_LAIS_SAUDE_CABECA.mp3,24/04/2026,1857,conflito_njud_existe
F:\Projetos\DIVISOR\data\processed\JORNAIS_DIVIDIDOS\JORNAIS_DIVIDIDOS\NJUD 1913\BOLETIM_RADIO_TJRN_24_04_2026_B10_PROJETO_LAIS_SAUDE_CORPO.mp3,24/04/2026,1857,conflito_njud_existe
F:\Projetos\DIVISOR\data\processed\JORNAIS_DIVIDIDOS\JORNAIS_DIVIDIDOS\NJUD 1913\BOLETIM_RADIO_TJRN_24_04_2026_B9_CENTRAL_ESTADUAL_LIBRAS_CABECA.mp3,24/04/2026,1857,conflito_njud_existe
F:\Projetos\DIVISOR\data\processed\JORNAIS_DIVIDIDOS\JORNAIS_DIVIDIDOS\NJUD 1913\BOLETIM_RADIO_TJRN_24_04_2026_B9_CENTRAL_ESTADUAL_LIBRAS_CORPO.mp3,24/04/2026,1857,conflito_njud_existe
F:\Projetos\DIVISOR\data\processed\JORNAIS_DIVIDIDOS\JORNAIS_DIVIDIDOS\NJUD 1916\BOLETIM_RADIO_TJRN_27_04_2026_B1_PLANO_SAUDE_CIRURGIA_BARIATRICA_CABECA.mp3,27/04/2026,1858,conflito_njud_existe
F:\Projetos\DIVISOR\data\processed\JORNAIS_DIVIDIDOS\JORNAIS_DIVIDIDOS\NJUD 1916\BOLETIM_RADIO_TJRN_27_04_2026_B1_PLANO_SAUDE_CIRURGIA_BARIATRICA_CORPO.mp3,27/04/2026,1858,conflito_njud_existe
F:\Projetos\DIVISOR\data\processed\JORNAIS_DIVIDIDOS\JORNAIS_DIVIDIDOS\NJUD 1916\BOLETIM_RADIO_TJRN_27_04_2026_B2_CONDOMINIO_LICENCAS_LEGAIS_CABECA.mp3,27/04/2026,1858,conflito_njud_existe
F:\Projetos\DIVISOR\data\processed\JORNAIS_DIVIDIDOS\JORNAIS_DIVIDIDOS\NJUD 1916\BOLETIM_RADIO_TJRN_27_04_2026_B2_CONDOMINIO_LICENCAS_LEGAIS_CORPO.mp3,27/04/2026,1858,conflito_njud_existe
F:\Projetos\DIVISOR\data\processed\JORNAIS_DIVIDIDOS\JORNAIS_DIVIDIDOS\NJUD 1916\BOLETIM_RADIO_TJRN_27_04_2026_B3_TERAPIAS_CRIANCA_TEA_CABECA.mp3,27/04/2026,1858,conflito_njud_existe
F:\Projetos\DIVISOR\data\processed\JORNAIS_DIVIDIDOS\JORNAIS_DIVIDIDOS\NJUD 1916\BOLETIM_RADIO_TJRN_27_04_2026_B3_TERAPIAS_CRIANCA_TEA_CORPO.mp3,27/04/2026,1858,conflito_njud_existe
F:\Projetos\DIVISOR\data\processed\JORNAIS_DIVIDIDOS\JORNAIS_DIVIDIDOS\NJUD 1916\BOLETIM_RADIO_TJRN_27_04_2026_B8_TJRN_SESSAO_ORDINARIA_HIBRIDA__CABECA.mp3,27/04/2026,1858,conflito_njud_existe
F:\Projetos\DIVISOR\data\processed\JORNAIS_DIVIDIDOS\JORNAIS_DIVIDIDOS\NJUD 1916\BOLETIM_RADIO_TJRN_27_04_2026_B8_TJRN_SESSAO_ORDINARIA_HIBRIDA__CORPO.mp3,27/04/2026,1858,conflito_njud_existe
F:\Projetos\DIVISOR\data\processed\JORNAIS_DIVIDIDOS\JORNAIS_DIVIDIDOS\NJUD 1917\BOLETIM_RADIO_TJRN_27_04_2026_B4_CORTE_LUZ_SISTEMA_SOLAR_CABECA.mp3,27/04/2026,1858,conflito_njud_existe
F:\Projetos\DIVISOR\data\processed\JORNAIS_DIVIDIDOS\JORNAIS_DIVIDIDOS\NJUD 1917\BOLETIM_RADIO_TJRN_27_04_2026_B4_CORTE_LUZ_SISTEMA_SOLAR_CORPO.mp3,27/04/2026,1858,conflito_njud_existe
F:\Projetos\DIVISOR\data\processed\JORNAIS_DIVIDIDOS\JORNAIS_DIVIDIDOS\NJUD 1917\BOLETIM_RADIO_TJRN_27_04_2026_B5_ADICIONAL_INSALUBRIDADE_TECNICO_SAMU_CABECA.mp3,27/04/2026,1858,conflito_njud_existe
F:\Projetos\DIVISOR\data\processed\JORNAIS_DIVIDIDOS\JORNAIS_DIVIDIDOS\NJUD 1917\BOLETIM_RADIO_TJRN_27_04_2026_B5_ADICIONAL_INSALUBRIDADE_TECNICO_SAMU_CORPO.mp3,27/04/2026,1858,conflito_njud_existe
F:\Projetos\DIVISOR\data\processed\JORNAIS_DIVIDIDOS\JORNAIS_DIVIDIDOS\NJUD 1917\BOLETIM_RADIO_TJRN_27_04_2026_B6_ESTAGIO_JARDIM_PIRANHAS_CABECA.mp3,27/04/2026,1858,conflito_njud_existe
F:\Projetos\DIVISOR\data\processed\JORNAIS_DIVIDIDOS\JORNAIS_DIVIDIDOS\NJUD 1917\BOLETIM_RADIO_TJRN_27_04_2026_B6_ESTAGIO_JARDIM_PIRANHAS_CORPO.mp3,27/04/2026,1858,conflito_njud_existe
F:\Projetos\DIVISOR\data\processed\JORNAIS_DIVIDIDOS\JORNAIS_DIVIDIDOS\NJUD 1917\BOLETIM_RADIO_TJRN_27_04_2026_B7_CONVOCACAO_HETEROIDENTIFICACAO_ENAM_CABECA.mp3,27/04/2026,1858,conflito_njud_existe
F:\Projetos\DIVISOR\data\processed\JORNAIS_DIVIDIDOS\JORNAIS_DIVIDIDOS\NJUD 1917\BOLETIM_RADIO_TJRN_27_04_2026_B7_CONVOCACAO_HETEROIDENTIFICACAO_ENAM_CORPO.mp3,27/04/2026,1858,conflito_njud_existe
F:\Projetos\DIVISOR\data\processed\JORNAIS_DIVIDIDOS\JORNAIS_DIVIDIDOS\NJUD 1918\BOLETIM_RADIO_TJRN_27_04_2026_B10_TRTRN_EVENTO_PREPARATORIO_CONCILIACAO__CABECA.mp3,27/04/2026,1858,conflito_njud_existe
F:\Projetos\DIVISOR\data\processed\JORNAIS_DIVIDIDOS\JORNAIS_DIVIDIDOS\NJUD 1918\BOLETIM_RADIO_TJRN_27_04_2026_B10_TRTRN_EVENTO_PREPARATORIO_CONCILIACAO__CORPO.mp3,27/04/2026,1858,conflito_njud_existe
F:\Projetos\DIVISOR\data\processed\JORNAIS_DIVIDIDOS\JORNAIS_DIVIDIDOS\NJUD 1918\BOLETIM_RADIO_TJRN_27_04_2026_B9_MPRN_BLOQUEIO_PARNAMIRIM__CABECA.mp3,27/04/2026,1858,conflito_njud_existe
F:\Projetos\DIVISOR\data\processed\JORNAIS_DIVIDIDOS\JORNAIS_DIVIDIDOS\NJUD 1918\BOLETIM_RADIO_TJRN_27_04_2026_B9_MPRN_BLOQUEIO_PARNAMIRIM__CORPO.mp3,27/04/2026,1858,conflito_njud_existe
F:\Projetos\DIVISOR\data\processed\JORNAIS_DIVIDIDOS\JORNAIS_DIVIDIDOS\NJUD 1918\BOLETIM_RADIO_TJRN_28_04_2026_B1_TJRN_CASO_POLLYANA__CABECA.mp3,28/04/2026,1859,conflito_njud_existe
F:\Projetos\DIVISOR\data\processed\JORNAIS_DIVIDIDOS\JORNAIS_DIVIDIDOS\NJUD 1918\BOLETIM_RADIO_TJRN_28_04_2026_B1_TJRN_CASO_POLLYANA__CORPO.mp3,28/04/2026,1859,conflito_njud_existe
F:\Projetos\DIVISOR\data\processed\JORNAIS_DIVIDIDOS\JORNAIS_DIVIDIDOS\NJUD 1918\BOLETIM_RADIO_TJRN_28_04_2026_B2_TJRN_3_CAMARA_INGRESSOS_COOPERADOS__CABECA.mp3,28/04/2026,1859,conflito_njud_existe
F:\Projetos\DIVISOR\data\processed\JORNAIS_DIVIDIDOS\JORNAIS_DIVIDIDOS\NJUD 1918\BOLETIM_RADIO_TJRN_28_04_2026_B2_TJRN_3_CAMARA_INGRESSOS_COOPERADOS__CORPO.mp3,28/04/2026,1859,conflito_njud_existe
F:\Projetos\DIVISOR\data\processed\JORNAIS_DIVIDIDOS\JORNAIS_DIVIDIDOS\NJUD 1919\BOLETIM_RADIO_TJRN_28_04_2026_B3_TJRN_EMPRESA_VESTUARIO_INDENIZACAO__CABECA.mp3,28/04/2026,1859,conflito_njud_existe
F:\Projetos\DIVISOR\data\processed\JORNAIS_DIVIDIDOS\JORNAIS_DIVIDIDOS\NJUD 1919\BOLETIM_RADIO_TJRN_28_04_2026_B3_TJRN_EMPRESA_VESTUARIO_INDENIZACAO__CORPO.mp3,28/04/2026,1859,conflito_njud_existe
F:\Projetos\DIVISOR\data\processed\JORNAIS_DIVIDIDOS\JORNAIS_DIVIDIDOS\NJUD 1919\BOLETIM_RADIO_TJRN_28_04_2026_B4_TJRN_CITACAO_CONJUGE__CABECA.mp3,28/04/2026,1859,conflito_njud_existe
F:\Projetos\DIVISOR\data\processed\JORNAIS_DIVIDIDOS\JORNAIS_DIVIDIDOS\NJUD 1919\BOLETIM_RADIO_TJRN_28_04_2026_B4_TJRN_CITACAO_CONJUGE__CORPO.mp3,28/04/2026,1859,conflito_njud_existe
F:\Projetos\DIVISOR\data\processed\JORNAIS_DIVIDIDOS\JORNAIS_DIVIDIDOS\NJUD 1919\BOLETIM_RADIO_TJRN_28_04_2026_B5_TJRN_JUSTICA_POTIGUAR_NESGA_ISENCAO__CABECA.mp3,28/04/2026,1859,conflito_njud_existe
F:\Projetos\DIVISOR\data\processed\JORNAIS_DIVIDIDOS\JORNAIS_DIVIDIDOS\NJUD 1919\BOLETIM_RADIO_TJRN_28_04_2026_B5_TJRN_JUSTICA_POTIGUAR_NESGA_ISENCAO__CORPO.mp3,28/04/2026,1859,conflito_njud_existe
F:\Projetos\DIVISOR\data\processed\JORNAIS_DIVIDIDOS\JORNAIS_DIVIDIDOS\NJUD 1919\BOLETIM_RADIO_TJRN_28_04_2026_B6_TJRN_OPERACAO_RECEPTOR__CABECA.mp3,28/04/2026,1859,conflito_njud_existe
F:\Projetos\DIVISOR\data\processed\JORNAIS_DIVIDIDOS\JORNAIS_DIVIDIDOS\NJUD 1919\BOLETIM_RADIO_TJRN_28_04_2026_B6_TJRN_OPERACAO_RECEPTOR__CORPO.mp3,28/04/2026,1859,conflito_njud_existe
F:\Projetos\DIVISOR\data\processed\JORNAIS_DIVIDIDOS\JORNAIS_DIVIDIDOS\NJUD 1920\BOLETIM_RADIO_TJRN_28_04_2026_B10_TJRN_COOPERACAO_TECNICA_CABECA.mp3,28/04/2026,1859,conflito_njud_existe
F:\Projetos\DIVISOR\data\processed\JORNAIS_DIVIDIDOS\JORNAIS_DIVIDIDOS\NJUD 1920\BOLETIM_RADIO_TJRN_28_04_2026_B10_TJRN_COOPERACAO_TECNICA_CORPO.mp3,28/04/2026,1859,conflito_njud_existe
F:\Projetos\DIVISOR\data\processed\JORNAIS_DIVIDIDOS\JORNAIS_DIVIDIDOS\NJUD 1920\BOLETIM_RADIO_TJRN_28_04_2026_B7_MPRN_MANUNTENCAO_SERVICOS_SUS__CABECA.mp3,28/04/2026,1859,conflito_njud_existe
F:\Projetos\DIVISOR\data\processed\JORNAIS_DIVIDIDOS\JORNAIS_DIVIDIDOS\NJUD 1920\BOLETIM_RADIO_TJRN_28_04_2026_B7_MPRN_MANUNTENCAO_SERVICOS_SUS__CORPO.mp3,28/04/2026,1859,conflito_njud_existe
F:\Projetos\DIVISOR\data\processed\JORNAIS_DIVIDIDOS\JORNAIS_DIVIDIDOS\NJUD 1920\BOLETIM_RADIO_TJRN_28_04_2026_B8_OABRN_LOCAIS_PROVA_ENAM_CABECA.mp3,28/04/2026,1859,conflito_njud_existe
F:\Projetos\DIVISOR\data\processed\JORNAIS_DIVIDIDOS\JORNAIS_DIVIDIDOS\NJUD 1920\BOLETIM_RADIO_TJRN_28_04_2026_B8_OABRN_LOCAIS_PROVA_ENAM_CORPO.mp3,28/04/2026,1859,conflito_njud_existe
F:\Projetos\DIVISOR\data\processed\JORNAIS_DIVIDIDOS\JORNAIS_DIVIDIDOS\NJUD 1920\BOLETIM_RADIO_TJRN_28_04_2026_B9_DPERN_DECISAO_INDIGENAS_WARAO_CABECA.mp3,28/04/2026,1859,conflito_njud_existe
F:\Projetos\DIVISOR\data\processed\JORNAIS_DIVIDIDOS\JORNAIS_DIVIDIDOS\NJUD 1920\BOLETIM_RADIO_TJRN_28_04_2026_B9_DPERN_DECISAO_INDIGENAS_WARAO_CORPO.mp3,28/04/2026,1859,conflito_njud_existe
F:\Projetos\DIVISOR\data\processed\JORNAIS_DIVIDIDOS\JORNAIS_DIVIDIDOS\NJUD 1921\BOLETIM_RADIO_TJRN_29_04_2026_B1_INSCRICOES_PREMIO_INNOVARE_CABECA.mp3,29/04/2026,1860,conflito_njud_existe
F:\Projetos\DIVISOR\data\processed\JORNAIS_DIVIDIDOS\JORNAIS_DIVIDIDOS\NJUD 1921\BOLETIM_RADIO_TJRN_29_04_2026_B1_INSCRICOES_PREMIO_INNOVARE_CORPO.mp3,29/04/2026,1860,conflito_njud_existe
F:\Projetos\DIVISOR\data\processed\JORNAIS_DIVIDIDOS\JORNAIS_DIVIDIDOS\NJUD 1921\BOLETIM_RADIO_TJRN_29_04_2026_B2_CUSTEIO_MATERIAIS_CIRURGICOS_CABECA.mp3,29/04/2026,1860,conflito_njud_existe
F:\Projetos\DIVISOR\data\processed\JORNAIS_DIVIDIDOS\JORNAIS_DIVIDIDOS\NJUD 1921\BOLETIM_RADIO_TJRN_29_04_2026_B2_CUSTEIO_MATERIAIS_CIRURGICOS_CORPO.mp3,29/04/2026,1860,conflito_njud_existe
F:\Projetos\DIVISOR\data\processed\JORNAIS_DIVIDIDOS\JORNAIS_DIVIDIDOS\NJUD 1921\BOLETIM_RADIO_TJRN_29_04_2026_B3_INDENIZACAO_GELADEIRA_DEFEITUOSA_CABECA.mp3,29/04/2026,1860,conflito_njud_existe
F:\Projetos\DIVISOR\data\processed\JORNAIS_DIVIDIDOS\JORNAIS_DIVIDIDOS\NJUD 1921\BOLETIM_RADIO_TJRN_29_04_2026_B3_INDENIZACAO_GELADEIRA_DEFEITUOSA_CORPO.mp3,29/04/2026,1860,conflito_njud_existe
F:\Projetos\DIVISOR\data\processed\JORNAIS_DIVIDIDOS\JORNAIS_DIVIDIDOS\NJUD 1921\BOLETIM_RADIO_TJRN_29_04_2026_B8_TJRN_PROGRAMA_JUSTICA_E_ESCOLA__CABECA.mp3,29/04/2026,1860,conflito_njud_existe
F:\Projetos\DIVISOR\data\processed\JORNAIS_DIVIDIDOS\JORNAIS_DIVIDIDOS\NJUD 1921\BOLETIM_RADIO_TJRN_29_04_2026_B8_TJRN_PROGRAMA_JUSTICA_E_ESCOLA__CORPO.mp3,29/04/2026,1860,conflito_njud_existe
F:\Projetos\DIVISOR\data\processed\JORNAIS_DIVIDIDOS\JORNAIS_DIVIDIDOS\NJUD 1922\BOLETIM_RADIO_TJRN_29_04_2026_B4_EMPRESA_PENDENCIAS_TRIBUTARIAS_CABECA.mp3,29/04/2026,1860,conflito_njud_existe
F:\Projetos\DIVISOR\data\processed\JORNAIS_DIVIDIDOS\JORNAIS_DIVIDIDOS\NJUD 1922\BOLETIM_RADIO_TJRN_29_04_2026_B4_EMPRESA_PENDENCIAS_TRIBUTARIAS_CORPO.mp3,29/04/2026,1860,conflito_njud_existe
F:\Projetos\DIVISOR\data\processed\JORNAIS_DIVIDIDOS\JORNAIS_DIVIDIDOS\NJUD 1922\BOLETIM_RADIO_TJRN_29_04_2026_B5_HOMICIDIO_CULPOSO_NEGADO_RECURSO_CABECA.mp3,29/04/2026,1860,conflito_njud_existe
F:\Projetos\DIVISOR\data\processed\JORNAIS_DIVIDIDOS\JORNAIS_DIVIDIDOS\NJUD 1922\BOLETIM_RADIO_TJRN_29_04_2026_B5_HOMICIDIO_CULPOSO_NEGADO_RECURSO_CORPO.mp3,29/04/2026,1860,conflito_njud_existe
F:\Projetos\DIVISOR\data\processed\JORNAIS_DIVIDIDOS\JORNAIS_DIVIDIDOS\NJUD 1922\BOLETIM_RADIO_TJRN_29_04_2026_B6_DANOS_MORAIS_FOGAO_DEFEITUOSO_CABECA.mp3,29/04/2026,1860,conflito_njud_existe
F:\Projetos\DIVISOR\data\processed\JORNAIS_DIVIDIDOS\JORNAIS_DIVIDIDOS\NJUD 1922\BOLETIM_RADIO_TJRN_29_04_2026_B6_DANOS_MORAIS_FOGAO_DEFEITUOSO_CORPO.mp3,29/04/2026,1860,conflito_njud_existe
F:\Projetos\DIVISOR\data\processed\JORNAIS_DIVIDIDOS\JORNAIS_DIVIDIDOS\NJUD 1922\BOLETIM_RADIO_TJRN_29_04_2026_B7_SEGUNDA_SEMANA_PAUTA_VERDE_CABECA.mp3,29/04/2026,1860,conflito_njud_existe
F:\Projetos\DIVISOR\data\processed\JORNAIS_DIVIDIDOS\JORNAIS_DIVIDIDOS\NJUD 1922\BOLETIM_RADIO_TJRN_29_04_2026_B7_SEGUNDA_SEMANA_PAUTA_VERDE_CORPO.mp3,29/04/2026,1860,conflito_njud_existe
F:\Projetos\DIVISOR\data\processed\JORNAIS_DIVIDIDOS\JORNAIS_DIVIDIDOS\NJUD 1927\BOLETIM_RADIO_TJRN_15_04_2026_B6_TJRN_NOMEIA_TRES_CANDIDATOS__CABECA.mp3,15/04/2026,1851,conflito_njud_existe
F:\Projetos\DIVISOR\data\processed\JORNAIS_DIVIDIDOS\JORNAIS_DIVIDIDOS\NJUD 1927\BOLETIM_RADIO_TJRN_15_04_2026_B6_TJRN_NOMEIA_TRES_CANDIDATOS__CORPO.mp3,15/04/2026,1851,conflito_njud_existe
F:\Projetos\DIVISOR\data\processed\JORNAIS_DIVIDIDOS\_trabalho\BOLETIM_RADIO_TJRN_15_04_2026_B10_TRE_RN_CARTILHA_PROPAGANDA_ELEITORAL_.mp3,15/04/2026,1851,conflito_njud_existe
F:\Projetos\DIVISOR\data\processed\JORNAIS_DIVIDIDOS\_trabalho\BOLETIM_RADIO_TJRN_15_04_2026_B1_TJRN_ADVOGADA_CONSTRANGIDA_.mp3,15/04/2026,1851,conflito_njud_existe
F:\Projetos\DIVISOR\data\processed\JORNAIS_DIVIDIDOS\_trabalho\BOLETIM_RADIO_TJRN_15_04_2026_B2_TJRN_EMPRESARIA_INDENIZADA_.mp3,15/04/2026,1851,conflito_njud_existe
F:\Projetos\DIVISOR\data\processed\JORNAIS_DIVIDIDOS\_trabalho\BOLETIM_RADIO_TJRN_15_04_2026_B3_TJRN_COLISAO_E_FUGA_CONDUTOR_.mp3,15/04/2026,1851,conflito_njud_existe
F:\Projetos\DIVISOR\data\processed\JORNAIS_DIVIDIDOS\_trabalho\BOLETIM_RADIO_TJRN_15_04_2026_B4_TJRN_VARA_CIVEL_NATAL_PREMIO_ADVOGADOS_.mp3,15/04/2026,1851,conflito_njud_existe
F:\Projetos\DIVISOR\data\processed\JORNAIS_DIVIDIDOS\_trabalho\BOLETIM_RADIO_TJRN_15_04_2026_B5_TJRN_SELECAO_ESTAGIO_PAU_FERROS_.mp3,15/04/2026,1851,conflito_njud_existe
F:\Projetos\DIVISOR\data\processed\JORNAIS_DIVIDIDOS\_trabalho\BOLETIM_RADIO_TJRN_15_04_2026_B6_TJRN_NOMEIA_TRES_CANDIDATOS_.mp3,15/04/2026,1851,conflito_njud_existe
F:\Projetos\DIVISOR\data\processed\JORNAIS_DIVIDIDOS\_trabalho\BOLETIM_RADIO_TJRN_15_04_2026_B7_TRTRN_PROGRAMA_REGISTRE_SE.mp3,15/04/2026,1851,conflito_njud_existe
F:\Projetos\DIVISOR\data\processed\JORNAIS_DIVIDIDOS\_trabalho\BOLETIM_RADIO_TJRN_15_04_2026_B8_DPERN_INSCRICAO_CANDIDATO_PM.mp3,15/04/2026,1851,conflito_njud_existe
F:\Projetos\DIVISOR\data\processed\JORNAIS_DIVIDIDOS\_trabalho\BOLETIM_RADIO_TJRN_15_04_2026_B9_MPRN_IMPLEMENTACAO_CAMERAS_VIDEOMONITORAMENTO_.mp3,15/04/2026,1851,conflito_njud_existe
F:\Projetos\DIVISOR\data\processed\JORNAIS_DIVIDIDOS\_trabalho\BOLETIM_RADIO_TJRN_16_04_2026_B1_TJRN_PACIENTE_INDENIZADO_CICATRIZ_QUEIXO.mp3,16/04/2026,1852,conflito_njud_existe
F:\Projetos\DIVISOR\data\processed\JORNAIS_DIVIDIDOS\_trabalho\BOLETIM_RADIO_TJRN_16_04_2026_B2_TJRN_ACUSADO_VARIOS_DELITOS_GOIANINHA_.mp3,16/04/2026,1852,conflito_njud_existe
F:\Projetos\DIVISOR\data\processed\JORNAIS_DIVIDIDOS\_trabalho\BOLETIM_RADIO_TJRN_16_04_2026_B3_TJRN_CONDENA_MOTORISTA_ACIDENTE_MOTOCICLISTA_.mp3,16/04/2026,1852,conflito_njud_existe
F:\Projetos\DIVISOR\data\processed\JORNAIS_DIVIDIDOS\_trabalho\BOLETIM_RADIO_TJRN_16_04_2026_B4_TJRN_CANCELAMENTO_PASSAGENS_AEREAS_COLOMBIA_.mp3,16/04/2026,1852,conflito_njud_existe
F:\Projetos\DIVISOR\data\processed\JORNAIS_DIVIDIDOS\_trabalho\BOLETIM_RADIO_TJRN_16_04_2026_B5_TJRN_MUNICIPIO_NATAL_CONDENADO_TRANSBORDAMENTO_.mp3,16/04/2026,1852,conflito_njud_existe
F:\Projetos\DIVISOR\data\processed\JORNAIS_DIVIDIDOS\_trabalho\BOLETIM_RADIO_TJRN_16_04_2026_B6_TJRN_CONDENA_LOJA_INDENIZACAO_.mp3,16/04/2026,1852,conflito_njud_existe
F:\Projetos\DIVISOR\data\processed\JORNAIS_DIVIDIDOS\_trabalho\BOLETIM_RADIO_TJRN_26_08_2026_B10_TRTRN_SUPERA_META.mp3,26/08/2026,1943,conflito_njud_existe
F:\Projetos\DIVISOR\data\processed\JORNAIS_DIVIDIDOS\_trabalho\BOLETIM_RADIO_TJRN_26_08_2026_B1_RESPONSAVEL_INTERINO_MARCELINO_VIEIRA.mp3,26/08/2026,1943,conflito_njud_existe
F:\Projetos\DIVISOR\data\processed\JORNAIS_DIVIDIDOS\_trabalho\BOLETIM_RADIO_TJRN_26_08_2026_B2_PESQUISA_JURISPRUDENCIA_INTERAMERICANA_NJUD.mp3,26/08/2026,1943,conflito_njud_existe
F:\Projetos\DIVISOR\data\processed\JORNAIS_DIVIDIDOS\_trabalho\BOLETIM_RADIO_TJRN_26_08_2026_B2_TJRN_MANTEM_COBRANCA_MULTA_BANCO_NJUD_1918.mp3,26/08/2026,1943,conflito_njud_existe
F:\Projetos\DIVISOR\data\processed\JORNAIS_DIVIDIDOS\_trabalho\BOLETIM_RADIO_TJRN_26_08_2026_B3_INDENIZACAO_FRAUDE_TELEFONIA_NJUD_.mp3,26/08/2026,1943,conflito_njud_existe
F:\Projetos\DIVISOR\data\processed\JORNAIS_DIVIDIDOS\_trabalho\BOLETIM_RADIO_TJRN_26_08_2026_B3_TJRN_PLATAFORMA_ENSINO_INDENIZACAO_NJUD_1918.mp3,26/08/2026,1943,conflito_njud_existe
F:\Projetos\DIVISOR\data\processed\JORNAIS_DIVIDIDOS\_trabalho\BOLETIM_RADIO_TJRN_26_08_2026_B4_CIRURGIA_TORNOZELO_NJUD.mp3,26/08/2026,1943,conflito_njud_existe
F:\Projetos\DIVISOR\data\processed\JORNAIS_DIVIDIDOS\_trabalho\BOLETIM_RADIO_TJRN_26_08_2026_B5_PROPAGANDA_ENGANOSA_IMOVEL_NJUD_.mp3,26/08/2026,1943,conflito_njud_existe
F:\Projetos\DIVISOR\data\processed\JORNAIS_DIVIDIDOS\_trabalho\BOLETIM_RADIO_TJRN_26_08_2026_B5_TJRN_OPERADORA_SAUDE_CONDENADA_NJUD_1918.mp3,26/08/2026,1943,conflito_njud_existe
F:\Projetos\DIVISOR\data\processed\JORNAIS_DIVIDIDOS\_trabalho\BOLETIM_RADIO_TJRN_26_08_2026_B6_INDENIZACAO_GRIFE_FALSIFICADA.mp3,26/08/2026,1943,conflito_njud_existe
F:\Projetos\DIVISOR\data\processed\JORNAIS_DIVIDIDOS\_trabalho\BOLETIM_RADIO_TJRN_26_08_2026_B7_FACULDADE_CONDENADA_COBRANCA_INDEVIDA.mp3,26/08/2026,1943,conflito_njud_existe
F:\Projetos\DIVISOR\data\processed\JORNAIS_DIVIDIDOS\_trabalho\BOLETIM_RADIO_TJRN_26_08_2026_B8_CNJ_VIDEOS_CUIDADOS.mp3,26/08/2026,1943,conflito_njud_existe
F:\Projetos\DIVISOR\data\processed\JORNAIS_DIVIDIDOS\_trabalho\BOLETIM_RADIO_TJRN_26_08_2026_B8_TJRN_ESMARN_ISCRICOES_WORKSHOP_APOSENTADORIA_NJUD_1918.mp3,26/08/2026,1943,conflito_njud_existe
F:\Projetos\DIVISOR\data\processed\JORNAIS_DIVIDIDOS\_trabalho\BOLETIM_RADIO_TJRN_26_08_2026_B9_PLATAFORMA_AUXILIO_PENAS_PECUNIARIAS.mp3,26/08/2026,1943,conflito_njud_existe
F:\Projetos\DIVISOR\data\processed\JORNAIS_DIVIDIDOS_JUN_JUL_AGO_2026\BOLETIM_RADIO_TJRN_01_06_2026_B10_TJRN_CAMPANHA_MES_PROTEGIDA_CABECA.mp3,01/06/2026,1882,conflito_njud_existe
F:\Projetos\DIVISOR\data\processed\JORNAIS_DIVIDIDOS_JUN_JUL_AGO_2026\BOLETIM_RADIO_TJRN_01_06_2026_B10_TJRN_CAMPANHA_MES_PROTEGIDA_CORPO.mp3,01/06/2026,1882,conflito_njud_existe
F:\Projetos\DIVISOR\data\processed\JORNAIS_DIVIDIDOS_JUN_JUL_AGO_2026\BOLETIM_RADIO_TJRN_01_06_2026_B1_TJRN_CONSUMIDORA_INDENIZADA_PARTO__CABECA.mp3,01/06/2026,1882,conflito_njud_existe
F:\Projetos\DIVISOR\data\processed\JORNAIS_DIVIDIDOS_JUN_JUL_AGO_2026\BOLETIM_RADIO_TJRN_01_06_2026_B1_TJRN_CONSUMIDORA_INDENIZADA_PARTO__CORPO.mp3,01/06/2026,1882,conflito_njud_existe
F:\Projetos\DIVISOR\data\processed\JORNAIS_DIVIDIDOS_JUN_JUL_AGO_2026\BOLETIM_RADIO_TJRN_01_06_2026_B2_TJRN_PERMISSAO_USO_IMOVEL_CABECA.mp3,01/06/2026,1882,conflito_njud_existe
F:\Projetos\DIVISOR\data\processed\JORNAIS_DIVIDIDOS_JUN_JUL_AGO_2026\BOLETIM_RADIO_TJRN_01_06_2026_B2_TJRN_PERMISSAO_USO_IMOVEL_CORPO.mp3,01/06/2026,1882,conflito_njud_existe
F:\Projetos\DIVISOR\data\processed\JORNAIS_DIVIDIDOS_JUN_JUL_AGO_2026\BOLETIM_RADIO_TJRN_01_06_2026_B3_TJRN_PLANO_SAUDE_FORNECER_CIRURGIA_CABECA.mp3,01/06/2026,1882,conflito_njud_existe
F:\Projetos\DIVISOR\data\processed\JORNAIS_DIVIDIDOS_JUN_JUL_AGO_2026\BOLETIM_RADIO_TJRN_01_06_2026_B3_TJRN_PLANO_SAUDE_FORNECER_CIRURGIA_CORPO.mp3,01/06/2026,1882,conflito_njud_existe
F:\Projetos\DIVISOR\data\processed\JORNAIS_DIVIDIDOS_JUN_JUL_AGO_2026\BOLETIM_RADIO_TJRN_02_06_2026_B10_TJRN_JUIZADO_NATAL_ESTAGIO__CABECA.mp3,02/06/2026,1883,conflito_njud_existe
F:\Projetos\DIVISOR\data\processed\JORNAIS_DIVIDIDOS_JUN_JUL_AGO_2026\BOLETIM_RADIO_TJRN_02_06_2026_B10_TJRN_JUIZADO_NATAL_ESTAGIO__CORPO.mp3,02/06/2026,1883,conflito_njud_existe
F:\Projetos\DIVISOR\data\processed\JORNAIS_DIVIDIDOS_JUN_JUL_AGO_2026\BOLETIM_RADIO_TJRN_02_06_2026_B1_TJRN_ARTIGO_REPOJURN_CABECA.mp3,02/06/2026,1883,conflito_njud_existe
F:\Projetos\DIVISOR\data\processed\JORNAIS_DIVIDIDOS_JUN_JUL_AGO_2026\BOLETIM_RADIO_TJRN_02_06_2026_B1_TJRN_ARTIGO_REPOJURN_CORPO.mp3,02/06/2026,1883,conflito_njud_existe
F:\Projetos\DIVISOR\data\processed\JORNAIS_DIVIDIDOS_JUN_JUL_AGO_2026\BOLETIM_RADIO_TJRN_02_06_2026_B2_TJRN_SUSPENDE_EDITAIS__CABECA.mp3,02/06/2026,1883,conflito_njud_existe
F:\Projetos\DIVISOR\data\processed\JORNAIS_DIVIDIDOS_JUN_JUL_AGO_2026\BOLETIM_RADIO_TJRN_02_06_2026_B2_TJRN_SUSPENDE_EDITAIS__CORPO.mp3,02/06/2026,1883,conflito_njud_existe
F:\Projetos\DIVISOR\data\processed\JORNAIS_DIVIDIDOS_JUN_JUL_AGO_2026\BOLETIM_RADIO_TJRN_02_06_2026_B3_TJRN_SAAE_EXTREMOZ_INDENIZAR_CABECA.mp3,02/06/2026,1883,conflito_njud_existe
F:\Projetos\DIVISOR\data\processed\JORNAIS_DIVIDIDOS_JUN_JUL_AGO_2026\BOLETIM_RADIO_TJRN_02_06_2026_B3_TJRN_SAAE_EXTREMOZ_INDENIZAR_CORPO.mp3,02/06/2026,1883,conflito_njud_existe
F:\Projetos\DIVISOR\data\processed\JORNAIS_DIVIDIDOS_JUN_JUL_AGO_2026\BOLETIM_RADIO_TJRN_03_06_2026_B10_TRTRN_PUBLICACAO_INCIDENTES_DADOS_PESSOAIS__CABECA.mp3,03/06/2026,1884,conflito_njud_existe
F:\Projetos\DIVISOR\data\processed\JORNAIS_DIVIDIDOS_JUN_JUL_AGO_2026\BOLETIM_RADIO_TJRN_03_06_2026_B10_TRTRN_PUBLICACAO_INCIDENTES_DADOS_PESSOAIS__CORPO.mp3,03/06/2026,1884,conflito_njud_existe
F:\Projetos\DIVISOR\data\processed\JORNAIS_DIVIDIDOS_JUN_JUL_AGO_2026\BOLETIM_RADIO_TJRN_03_06_2026_B1_TJRN_HOMEM_CONDENADO_COLISAO_CARRO_CABECA.mp3,03/06/2026,1884,conflito_njud_existe
F:\Projetos\DIVISOR\data\processed\JORNAIS_DIVIDIDOS_JUN_JUL_AGO_2026\BOLETIM_RADIO_TJRN_03_06_2026_B1_TJRN_HOMEM_CONDENADO_COLISAO_CARRO_CORPO.mp3,03/06/2026,1884,conflito_njud_existe
F:\Projetos\DIVISOR\data\processed\JORNAIS_DIVIDIDOS_JUN_JUL_AGO_2026\BOLETIM_RADIO_TJRN_03_06_2026_B2_TJRN_CASAMENTO_COMUNITARIO_TOUROS_CABECA.mp3,03/06/2026,1884,conflito_njud_existe
F:\Projetos\DIVISOR\data\processed\JORNAIS_DIVIDIDOS_JUN_JUL_AGO_2026\BOLETIM_RADIO_TJRN_03_06_2026_B2_TJRN_CASAMENTO_COMUNITARIO_TOUROS_CORPO.mp3,03/06/2026,1884,conflito_njud_existe
F:\Projetos\DIVISOR\data\processed\JORNAIS_DIVIDIDOS_JUN_JUL_AGO_2026\BOLETIM_RADIO_TJRN_03_06_2026_B3_TJRN_RESULTADO_DEFINITIVO_HETEROIDENTIFICACAO__CABECA.mp3,03/06/2026,1884,conflito_njud_existe
F:\Projetos\DIVISOR\data\processed\JORNAIS_DIVIDIDOS_JUN_JUL_AGO_2026\BOLETIM_RADIO_TJRN_03_06_2026_B3_TJRN_RESULTADO_DEFINITIVO_HETEROIDENTIFICACAO__CORPO.mp3,03/06/2026,1884,conflito_njud_existe
F:\Projetos\DIVISOR\data\processed\JORNAIS_DIVIDIDOS_JUN_JUL_AGO_2026\BOLETIM_RADIO_TJRN_08_06_2026_B10_MPRN_MULTIRAO_EXAMES_CNH (1)_CABECA.mp3,08/06/2026,1886,conflito_njud_existe
F:\Projetos\DIVISOR\data\processed\JORNAIS_DIVIDIDOS_JUN_JUL_AGO_2026\BOLETIM_RADIO_TJRN_08_06_2026_B10_MPRN_MULTIRAO_EXAMES_CNH (1)_CORPO.mp3,08/06/2026,1886,conflito_njud_existe
F:\Projetos\DIVISOR\data\processed\JORNAIS_DIVIDIDOS_JUN_JUL_AGO_2026\BOLETIM_RADIO_TJRN_08_06_2026_B10_MPRN_MULTIRAO_EXAMES_CNH (2)_CABECA.mp3,08/06/2026,1886,conflito_njud_existe
F:\Projetos\DIVISOR\data\processed\JORNAIS_DIVIDIDOS_JUN_JUL_AGO_2026\BOLETIM_RADIO_TJRN_08_06_2026_B10_MPRN_MULTIRAO_EXAMES_CNH (2)_CORPO.mp3,08/06/2026,1886,conflito_njud_existe
F:\Projetos\DIVISOR\data\processed\JORNAIS_DIVIDIDOS_JUN_JUL_AGO_2026\BOLETIM_RADIO_TJRN_08_06_2026_B10_MPRN_MULTIRAO_EXAMES_CNH_CABECA.mp3,08/06/2026,1886,conflito_njud_existe
F:\Projetos\DIVISOR\data\processed\JORNAIS_DIVIDIDOS_JUN_JUL_AGO_2026\BOLETIM_RADIO_TJRN_08_06_2026_B10_MPRN_MULTIRAO_EXAMES_CNH_CORPO.mp3,08/06/2026,1886,conflito_njud_existe
F:\Projetos\DIVISOR\data\processed\JORNAIS_DIVIDIDOS_JUN_JUL_AGO_2026\BOLETIM_RADIO_TJRN_08_06_2026_B11_MPRN_PROJETO_ADOCAO_E_LEGAL (1)_CABECA.mp3,08/06/2026,1886,conflito_njud_existe
F:\Projetos\DIVISOR\data\processed\JORNAIS_DIVIDIDOS_JUN_JUL_AGO_2026\BOLETIM_RADIO_TJRN_08_06_2026_B11_MPRN_PROJETO_ADOCAO_E_LEGAL (1)_CORPO.mp3,08/06/2026,1886,conflito_njud_existe
F:\Projetos\DIVISOR\data\processed\JORNAIS_DIVIDIDOS_JUN_JUL_AGO_2026\BOLETIM_RADIO_TJRN_09_06_2026_B10_DPERN_DEFENSORES_MIRINS_ (1)_CABECA.mp3,09/06/2026,1887,conflito_njud_existe
F:\Projetos\DIVISOR\data\processed\JORNAIS_DIVIDIDOS_JUN_JUL_AGO_2026\BOLETIM_RADIO_TJRN_09_06_2026_B10_DPERN_DEFENSORES_MIRINS_ (1)_CORPO.mp3,09/06/2026,1887,conflito_njud_existe
F:\Projetos\DIVISOR\data\processed\JORNAIS_DIVIDIDOS_JUN_JUL_AGO_2026\BOLETIM_RADIO_TJRN_09_06_2026_B10_DPERN_DEFENSORES_MIRINS_ (2)_CABECA.mp3,09/06/2026,1887,conflito_njud_existe
F:\Projetos\DIVISOR\data\processed\JORNAIS_DIVIDIDOS_JUN_JUL_AGO_2026\BOLETIM_RADIO_TJRN_09_06_2026_B10_DPERN_DEFENSORES_MIRINS_ (2)_CORPO.mp3,09/06/2026,1887,conflito_njud_existe
F:\Projetos\DIVISOR\data\processed\JORNAIS_DIVIDIDOS_JUN_JUL_AGO_2026\BOLETIM_RADIO_TJRN_09_06_2026_B10_DPERN_DEFENSORES_MIRINS__CABECA.mp3,09/06/2026,1887,conflito_njud_existe
F:\Projetos\DIVISOR\data\processed\JORNAIS_DIVIDIDOS_JUN_JUL_AGO_2026\BOLETIM_RADIO_TJRN_09_06_2026_B10_DPERN_DEFENSORES_MIRINS__CORPO.mp3,09/06/2026,1887,conflito_njud_existe
F:\Projetos\DIVISOR\data\processed\JORNAIS_DIVIDIDOS_JUN_JUL_AGO_2026\BOLETIM_RADIO_TJRN_09_06_2026_B11_MPRN_EVENTO_AGENTES_SEGURANCA_ (1)_CABECA.mp3,09/06/2026,1887,conflito_njud_existe
F:\Projetos\DIVISOR\data\processed\JORNAIS_DIVIDIDOS_JUN_JUL_AGO_2026\BOLETIM_RADIO_TJRN_09_06_2026_B11_MPRN_EVENTO_AGENTES_SEGURANCA_ (1)_CORPO.mp3,09/06/2026,1887,conflito_njud_existe
F:\Projetos\DIVISOR\data\processed\JORNAIS_DIVIDIDOS_JUN_JUL_AGO_2026\BOLETIM_RADIO_TJRN_10_06_2026_B10_TRTRN_REUNIAO_NEGOCIACAO_URBANA_ (1)_CABECA.mp3,10/06/2026,1888,conflito_njud_existe
F:\Projetos\DIVISOR\data\processed\JORNAIS_DIVIDIDOS_JUN_JUL_AGO_2026\BOLETIM_RADIO_TJRN_10_06_2026_B10_TRTRN_REUNIAO_NEGOCIACAO_URBANA_ (1)_CORPO.mp3,10/06/2026,1888,conflito_njud_existe
F:\Projetos\DIVISOR\data\processed\JORNAIS_DIVIDIDOS_JUN_JUL_AGO_2026\BOLETIM_RADIO_TJRN_10_06_2026_B10_TRTRN_REUNIAO_NEGOCIACAO_URBANA__CABECA.mp3,10/06/2026,1888,conflito_njud_existe
F:\Projetos\DIVISOR\data\processed\JORNAIS_DIVIDIDOS_JUN_JUL_AGO_2026\BOLETIM_RADIO_TJRN_10_06_2026_B10_TRTRN_REUNIAO_NEGOCIACAO_URBANA__CORPO.mp3,10/06/2026,1888,conflito_njud_existe
F:\Projetos\DIVISOR\data\processed\JORNAIS_DIVIDIDOS_JUN_JUL_AGO_2026\BOLETIM_RADIO_TJRN_10_06_2026_B11_DPERN_ACAO_COLETIVA_CONCURSO_PM (1)_CABECA.mp3,10/06/2026,1888,conflito_njud_existe
F:\Projetos\DIVISOR\data\processed\JORNAIS_DIVIDIDOS_JUN_JUL_AGO_2026\BOLETIM_RADIO_TJRN_10_06_2026_B11_DPERN_ACAO_COLETIVA_CONCURSO_PM (1)_CORPO.mp3,10/06/2026,1888,conflito_njud_existe
F:\Projetos\DIVISOR\data\processed\JORNAIS_DIVIDIDOS_JUN_JUL_AGO_2026\BOLETIM_RADIO_TJRN_10_06_2026_B11_DPERN_ACAO_COLETIVA_CONCURSO_PM (2)_CABECA.mp3,10/06/2026,1888,conflito_njud_existe
F:\Projetos\DIVISOR\data\processed\JORNAIS_DIVIDIDOS_JUN_JUL_AGO_2026\BOLETIM_RADIO_TJRN_10_06_2026_B11_DPERN_ACAO_COLETIVA_CONCURSO_PM (2)_CORPO.mp3,10/06/2026,1888,conflito_njud_existe
F:\Projetos\DIVISOR\data\processed\JORNAIS_DIVIDIDOS_JUN_JUL_AGO_2026\BOLETIM_RADIO_TJRN_11_06_2026_B10_DPERN_GARANTE_DIREITOS_CRIANCA_ (1)_CABECA.mp3,11/06/2026,1889,conflito_njud_existe
F:\Projetos\DIVISOR\data\processed\JORNAIS_DIVIDIDOS_JUN_JUL_AGO_2026\BOLETIM_RADIO_TJRN_11_06_2026_B10_DPERN_GARANTE_DIREITOS_CRIANCA_ (1)_CORPO.mp3,11/06/2026,1889,conflito_njud_existe
F:\Projetos\DIVISOR\data\processed\JORNAIS_DIVIDIDOS_JUN_JUL_AGO_2026\BOLETIM_RADIO_TJRN_11_06_2026_B10_DPERN_GARANTE_DIREITOS_CRIANCA_ (2)_CABECA.mp3,11/06/2026,1889,conflito_njud_existe
F:\Projetos\DIVISOR\data\processed\JORNAIS_DIVIDIDOS_JUN_JUL_AGO_2026\BOLETIM_RADIO_TJRN_11_06_2026_B10_DPERN_GARANTE_DIREITOS_CRIANCA_ (2)_CORPO.mp3,11/06/2026,1889,conflito_njud_existe
F:\Projetos\DIVISOR\data\processed\JORNAIS_DIVIDIDOS_JUN_JUL_AGO_2026\BOLETIM_RADIO_TJRN_11_06_2026_B10_DPERN_GARANTE_DIREITOS_CRIANCA__CABECA.mp3,11/06/2026,1889,conflito_njud_existe
F:\Projetos\DIVISOR\data\processed\JORNAIS_DIVIDIDOS_JUN_JUL_AGO_2026\BOLETIM_RADIO_TJRN_11_06_2026_B10_DPERN_GARANTE_DIREITOS_CRIANCA__CORPO.mp3,11/06/2026,1889,conflito_njud_existe
F:\Projetos\DIVISOR\data\processed\JORNAIS_DIVIDIDOS_JUN_JUL_AGO_2026\BOLETIM_RADIO_TJRN_11_06_2026_B11_OABRN_INAUGURACAO_SALA_CURRAIS_NOVOS_ (1)_CABECA.mp3,11/06/2026,1889,conflito_njud_existe
F:\Projetos\DIVISOR\data\processed\JORNAIS_DIVIDIDOS_JUN_JUL_AGO_2026\BOLETIM_RADIO_TJRN_11_06_2026_B11_OABRN_INAUGURACAO_SALA_CURRAIS_NOVOS_ (1)_CORPO.mp3,11/06/2026,1889,conflito_njud_existe
F:\Projetos\DIVISOR\data\processed\JORNAIS_DIVIDIDOS_JUN_JUL_AGO_2026\BOLETIM_RADIO_TJRN_12_06_2026_B10_TRT_RN_VISITA_CAIXA_ECONOMICA_ (1)_CABECA.mp3,12/06/2026,1890,conflito_njud_existe
F:\Projetos\DIVISOR\data\processed\JORNAIS_DIVIDIDOS_JUN_JUL_AGO_2026\BOLETIM_RADIO_TJRN_12_06_2026_B10_TRT_RN_VISITA_CAIXA_ECONOMICA_ (1)_CORPO.mp3,12/06/2026,1890,conflito_njud_existe
F:\Projetos\DIVISOR\data\processed\JORNAIS_DIVIDIDOS_JUN_JUL_AGO_2026\BOLETIM_RADIO_TJRN_12_06_2026_B10_TRT_RN_VISITA_CAIXA_ECONOMICA_ (2)_CABECA.mp3,12/06/2026,1890,conflito_njud_existe
F:\Projetos\DIVISOR\data\processed\JORNAIS_DIVIDIDOS_JUN_JUL_AGO_2026\BOLETIM_RADIO_TJRN_12_06_2026_B10_TRT_RN_VISITA_CAIXA_ECONOMICA_ (2)_CORPO.mp3,12/06/2026,1890,conflito_njud_existe
F:\Projetos\DIVISOR\data\processed\JORNAIS_DIVIDIDOS_JUN_JUL_AGO_2026\BOLETIM_RADIO_TJRN_12_06_2026_B10_TRT_RN_VISITA_CAIXA_ECONOMICA__CABECA.mp3,12/06/2026,1890,conflito_njud_existe
F:\Projetos\DIVISOR\data\processed\JORNAIS_DIVIDIDOS_JUN_JUL_AGO_2026\BOLETIM_RADIO_TJRN_12_06_2026_B10_TRT_RN_VISITA_CAIXA_ECONOMICA__CORPO.mp3,12/06/2026,1890,conflito_njud_existe
F:\Projetos\DIVISOR\data\processed\JORNAIS_DIVIDIDOS_JUN_JUL_AGO_2026\BOLETIM_RADIO_TJRN_12_06_2026_B11_TRTRN_ELETRICISTA_ACIDENTADO_ (1)_CABECA.mp3,12/06/2026,1890,conflito_njud_existe
F:\Projetos\DIVISOR\data\processed\JORNAIS_DIVIDIDOS_JUN_JUL_AGO_2026\BOLETIM_RADIO_TJRN_12_06_2026_B11_TRTRN_ELETRICISTA_ACIDENTADO_ (1)_CORPO.mp3,12/06/2026,1890,conflito_njud_existe
F:\Projetos\DIVISOR\data\processed\JORNAIS_DIVIDIDOS_JUN_JUL_AGO_2026\BOLETIM_RADIO_TJRN_15_06_2026_B10_OFICIO_UNICO_FERNANDO_PEDROZA (1)_CABECA.mp3,15/06/2026,1891,conflito_njud_existe
F:\Projetos\DIVISOR\data\processed\JORNAIS_DIVIDIDOS_JUN_JUL_AGO_2026\BOLETIM_RADIO_TJRN_15_06_2026_B10_OFICIO_UNICO_FERNANDO_PEDROZA (1)_CORPO.mp3,15/06/2026,1891,conflito_njud_existe
F:\Projetos\DIVISOR\data\processed\JORNAIS_DIVIDIDOS_JUN_JUL_AGO_2026\BOLETIM_RADIO_TJRN_15_06_2026_B10_OFICIO_UNICO_FERNANDO_PEDROZA (2)_CABECA.mp3,15/06/2026,1891,conflito_njud_existe
F:\Projetos\DIVISOR\data\processed\JORNAIS_DIVIDIDOS_JUN_JUL_AGO_2026\BOLETIM_RADIO_TJRN_15_06_2026_B10_OFICIO_UNICO_FERNANDO_PEDROZA (2)_CORPO.mp3,15/06/2026,1891,conflito_njud_existe
F:\Projetos\DIVISOR\data\processed\JORNAIS_DIVIDIDOS_JUN_JUL_AGO_2026\BOLETIM_RADIO_TJRN_15_06_2026_B10_OFICIO_UNICO_FERNANDO_PEDROZA_CABECA.mp3,15/06/2026,1891,conflito_njud_existe
F:\Projetos\DIVISOR\data\processed\JORNAIS_DIVIDIDOS_JUN_JUL_AGO_2026\BOLETIM_RADIO_TJRN_15_06_2026_B10_OFICIO_UNICO_FERNANDO_PEDROZA_CORPO.mp3,15/06/2026,1891,conflito_njud_existe
F:\Projetos\DIVISOR\data\processed\JORNAIS_DIVIDIDOS_JUN_JUL_AGO_2026\BOLETIM_RADIO_TJRN_15_06_2026_B11_HOMEM_CONDENADO_POR_DIFAMAR_TIA (1)_CABECA.mp3,15/06/2026,1891,conflito_njud_existe
F:\Projetos\DIVISOR\data\processed\JORNAIS_DIVIDIDOS_JUN_JUL_AGO_2026\BOLETIM_RADIO_TJRN_15_06_2026_B11_HOMEM_CONDENADO_POR_DIFAMAR_TIA (1)_CORPO.mp3,15/06/2026,1891,conflito_njud_existe
F:\Projetos\DIVISOR\data\processed\JORNAIS_DIVIDIDOS_JUN_JUL_AGO_2026\BOLETIM_RADIO_TJRN_16_06_2026_B10_MPRN_ACORDO_GARANTIR_ACESSIBILIDADE_ESCOLAS__CABECA.mp3,16/06/2026,1892,conflito_njud_existe
F:\Projetos\DIVISOR\data\processed\JORNAIS_DIVIDIDOS_JUN_JUL_AGO_2026\BOLETIM_RADIO_TJRN_16_06_2026_B10_MPRN_ACORDO_GARANTIR_ACESSIBILIDADE_ESCOLAS__CORPO.mp3,16/06/2026,1892,conflito_njud_existe
F:\Projetos\DIVISOR\data\processed\JORNAIS_DIVIDIDOS_JUN_JUL_AGO_2026\BOLETIM_RADIO_TJRN_16_06_2026_B11_TJRN_CONSULTA_PUBLICA_2027_CABECA.mp3,16/06/2026,1892,conflito_njud_existe
F:\Projetos\DIVISOR\data\processed\JORNAIS_DIVIDIDOS_JUN_JUL_AGO_2026\BOLETIM_RADIO_TJRN_16_06_2026_B11_TJRN_CONSULTA_PUBLICA_2027_CORPO.mp3,16/06/2026,1892,conflito_njud_existe
F:\Projetos\DIVISOR\data\processed\JORNAIS_DIVIDIDOS_JUN_JUL_AGO_2026\BOLETIM_RADIO_TJRN_16_06_2026_B1_VISITA_SOCIAL_APENADO (1)_CABECA.mp3,16/06/2026,1892,conflito_njud_existe
F:\Projetos\DIVISOR\data\processed\JORNAIS_DIVIDIDOS_JUN_JUL_AGO_2026\BOLETIM_RADIO_TJRN_16_06_2026_B1_VISITA_SOCIAL_APENADO (1)_CORPO.mp3,16/06/2026,1892,conflito_njud_existe
F:\Projetos\DIVISOR\data\processed\JORNAIS_DIVIDIDOS_JUN_JUL_AGO_2026\BOLETIM_RADIO_TJRN_16_06_2026_B1_VISITA_SOCIAL_APENADO (2)_CABECA.mp3,16/06/2026,1892,conflito_njud_existe
F:\Projetos\DIVISOR\data\processed\JORNAIS_DIVIDIDOS_JUN_JUL_AGO_2026\BOLETIM_RADIO_TJRN_16_06_2026_B1_VISITA_SOCIAL_APENADO (2)_CORPO.mp3,16/06/2026,1892,conflito_njud_existe
F:\Projetos\DIVISOR\data\processed\JORNAIS_DIVIDIDOS_JUN_JUL_AGO_2026\BOLETIM_RADIO_TJRN_17_06_2026_B10_SELECAO_TABELIAO_FRUTOSO_GOMES_CABECA.mp3,17/06/2026,1893,conflito_njud_existe
F:\Projetos\DIVISOR\data\processed\JORNAIS_DIVIDIDOS_JUN_JUL_AGO_2026\BOLETIM_RADIO_TJRN_17_06_2026_B10_SELECAO_TABELIAO_FRUTOSO_GOMES_CORPO.mp3,17/06/2026,1893,conflito_njud_existe
F:\Projetos\DIVISOR\data\processed\JORNAIS_DIVIDIDOS_JUN_JUL_AGO_2026\BOLETIM_RADIO_TJRN_17_06_2026_B11_SELECAO_ESTAGIO_JUIZADOS_ADM_CABECA.mp3,17/06/2026,1893,conflito_njud_existe
F:\Projetos\DIVISOR\data\processed\JORNAIS_DIVIDIDOS_JUN_JUL_AGO_2026\BOLETIM_RADIO_TJRN_17_06_2026_B11_SELECAO_ESTAGIO_JUIZADOS_ADM_CORPO.mp3,17/06/2026,1893,conflito_njud_existe
F:\Projetos\DIVISOR\data\processed\JORNAIS_DIVIDIDOS_JUN_JUL_AGO_2026\BOLETIM_RADIO_TJRN_17_06_2026_B1_RESTITUICAO_POR_FALHA_EM_CANCELAMENTO (1)_CABECA.mp3,17/06/2026,1893,conflito_njud_existe
F:\Projetos\DIVISOR\data\processed\JORNAIS_DIVIDIDOS_JUN_JUL_AGO_2026\BOLETIM_RADIO_TJRN_17_06_2026_B1_RESTITUICAO_POR_FALHA_EM_CANCELAMENTO (1)_CORPO.mp3,17/06/2026,1893,conflito_njud_existe
F:\Projetos\DIVISOR\data\processed\JORNAIS_DIVIDIDOS_JUN_JUL_AGO_2026\BOLETIM_RADIO_TJRN_17_06_2026_B1_RESTITUICAO_POR_FALHA_EM_CANCELAMENTO_CABECA.mp3,17/06/2026,1893,conflito_njud_existe
F:\Projetos\DIVISOR\data\processed\JORNAIS_DIVIDIDOS_JUN_JUL_AGO_2026\BOLETIM_RADIO_TJRN_17_06_2026_B1_RESTITUICAO_POR_FALHA_EM_CANCELAMENTO_CORPO.mp3,17/06/2026,1893,conflito_njud_existe
F:\Projetos\DIVISOR\data\processed\JORNAIS_DIVIDIDOS_JUN_JUL_AGO_2026\BOLETIM_RADIO_TJRN_18_06_2026_B11_TRTRN_EMPRESA_CONDENADA_ASSEDIO_SEXUAL__CABECA.mp3,18/06/2026,1894,conflito_njud_existe
F:\Projetos\DIVISOR\data\processed\JORNAIS_DIVIDIDOS_JUN_JUL_AGO_2026\BOLETIM_RADIO_TJRN_18_06_2026_B11_TRTRN_EMPRESA_CONDENADA_ASSEDIO_SEXUAL__CORPO.mp3,18/06/2026,1894,conflito_njud_existe
F:\Projetos\DIVISOR\data\processed\JORNAIS_DIVIDIDOS_JUN_JUL_AGO_2026\BOLETIM_RADIO_TJRN_18_06_2026_B1_SEMANA_JUIZADOS_PALESTRA_CABECA.mp3,18/06/2026,1894,conflito_njud_existe
F:\Projetos\DIVISOR\data\processed\JORNAIS_DIVIDIDOS_JUN_JUL_AGO_2026\BOLETIM_RADIO_TJRN_18_06_2026_B1_SEMANA_JUIZADOS_PALESTRA_CORPO.mp3,18/06/2026,1894,conflito_njud_existe
F:\Projetos\DIVISOR\data\processed\JORNAIS_DIVIDIDOS_JUN_JUL_AGO_2026\BOLETIM_RADIO_TJRN_18_06_2026_B2_ESTAGIO_CE_MULHER_CABECA.mp3,18/06/2026,1894,conflito_njud_existe
F:\Projetos\DIVISOR\data\processed\JORNAIS_DIVIDIDOS_JUN_JUL_AGO_2026\BOLETIM_RADIO_TJRN_18_06_2026_B2_ESTAGIO_CE_MULHER_CORPO.mp3,18/06/2026,1894,conflito_njud_existe
F:\Projetos\DIVISOR\data\processed\JORNAIS_DIVIDIDOS_JUN_JUL_AGO_2026\BOLETIM_RADIO_TJRN_18_06_2026_B3_MUNICIPIO_CONDENADO_A_PAGAMENTO_CABECA.mp3,18/06/2026,1894,conflito_njud_existe
F:\Projetos\DIVISOR\data\processed\JORNAIS_DIVIDIDOS_JUN_JUL_AGO_2026\BOLETIM_RADIO_TJRN_18_06_2026_B3_MUNICIPIO_CONDENADO_A_PAGAMENTO_CORPO.mp3,18/06/2026,1894,conflito_njud_existe
F:\Projetos\DIVISOR\data\processed\JORNAIS_DIVIDIDOS_JUN_JUL_AGO_2026\BOLETIM_RADIO_TJRN_26_01_2026_B10_MPRN_REFORCO_SEGURANCA_TERMINAL_ASSU_CABECA.mp3,26/01/2026,1797,conflito_njud_existe
F:\Projetos\DIVISOR\data\processed\JORNAIS_DIVIDIDOS_JUN_JUL_AGO_2026\BOLETIM_RADIO_TJRN_26_01_2026_B10_MPRN_REFORCO_SEGURANCA_TERMINAL_ASSU_CORPO.mp3,26/01/2026,1797,conflito_njud_existe
F:\Projetos\DIVISOR\data\processed\JORNAIS_DIVIDIDOS_JUN_JUL_AGO_2026\BOLETIM_RADIO_TJRN_26_01_2026_B1_TJRN_CONDENA_EMPRESAS_ENERGIA_SOLAR_NJUD_1913_CABECA.mp3,26/01/2026,1797,conflito_njud_existe
F:\Projetos\DIVISOR\data\processed\JORNAIS_DIVIDIDOS_JUN_JUL_AGO_2026\BOLETIM_RADIO_TJRN_26_01_2026_B1_TJRN_CONDENA_EMPRESAS_ENERGIA_SOLAR_NJUD_1913_CORPO.mp3,26/01/2026,1797,conflito_njud_existe
F:\Projetos\DIVISOR\data\processed\JORNAIS_DIVIDIDOS_JUN_JUL_AGO_2026\BOLETIM_RADIO_TJRN_26_01_2026_B1_TJRN_HOMEM_CONDENADO_HOSPEDAGEM_CABECA.mp3,26/01/2026,1797,conflito_njud_existe
F:\Projetos\DIVISOR\data\processed\JORNAIS_DIVIDIDOS_JUN_JUL_AGO_2026\BOLETIM_RADIO_TJRN_26_01_2026_B1_TJRN_HOMEM_CONDENADO_HOSPEDAGEM_CORPO.mp3,26/01/2026,1797,conflito_njud_existe
F:\Projetos\DIVISOR\data\processed\JORNAIS_DIVIDIDOS_JUN_JUL_AGO_2026\BOLETIM_RADIO_TJRN_26_01_2026_B2_TJRN_ABSOLVE_EX_PREFEITO__CABECA.mp3,26/01/2026,1797,conflito_njud_existe
F:\Projetos\DIVISOR\data\processed\JORNAIS_DIVIDIDOS_JUN_JUL_AGO_2026\BOLETIM_RADIO_TJRN_26_01_2026_B2_TJRN_ABSOLVE_EX_PREFEITO__CORPO.mp3,26/01/2026,1797,conflito_njud_existe
F:\Projetos\DIVISOR\data\processed\JORNAIS_DIVIDIDOS_JUN_JUL_AGO_2026\BOLETIM_RADIO_TJRN_26_01_2026_B2_TJRN_CNJ_INSTITUI_ESTATUTO__CABECA.mp3,26/01/2026,1797,conflito_njud_existe
F:\Projetos\DIVISOR\data\processed\JORNAIS_DIVIDIDOS_JUN_JUL_AGO_2026\BOLETIM_RADIO_TJRN_26_01_2026_B2_TJRN_CNJ_INSTITUI_ESTATUTO__CORPO.mp3,26/01/2026,1797,conflito_njud_existe
F:\Projetos\DIVISOR\data\processed\JORNAIS_DIVIDIDOS_JUN_JUL_AGO_2026\BOLETIM_RADIO_TJRN_26_01_2026_B3_TJRN_CAERN_CONDENADA_FALHA_ABASTECIMENTO__CABECA.mp3,26/01/2026,1797,conflito_njud_existe
F:\Projetos\DIVISOR\data\processed\JORNAIS_DIVIDIDOS_JUN_JUL_AGO_2026\BOLETIM_RADIO_TJRN_26_01_2026_B3_TJRN_CAERN_CONDENADA_FALHA_ABASTECIMENTO__CORPO.mp3,26/01/2026,1797,conflito_njud_existe
F:\Projetos\DIVISOR\data\processed\JORNAIS_DIVIDIDOS_JUN_JUL_AGO_2026\BOLETIM_RADIO_TJRN_26_01_2026_B3_TJRN_UNIDADE_DELITOS_ESTAGIO__CABECA.mp3,26/01/2026,1797,conflito_njud_existe
F:\Projetos\DIVISOR\data\processed\JORNAIS_DIVIDIDOS_JUN_JUL_AGO_2026\BOLETIM_RADIO_TJRN_26_01_2026_B3_TJRN_UNIDADE_DELITOS_ESTAGIO__CORPO.mp3,26/01/2026,1797,conflito_njud_existe
F:\Projetos\DIVISOR\data\processed\JORNAIS_DIVIDIDOS_JUN_JUL_AGO_2026\BOLETIM_RADIO_TJRN_26_01_2026_B4_TJRN_E_TRE_PROCEDIMENTOS_CERTIDOES_NJUD_1913_CABECA.mp3,26/01/2026,1797,conflito_njud_existe
F:\Projetos\DIVISOR\data\processed\JORNAIS_DIVIDIDOS_JUN_JUL_AGO_2026\BOLETIM_RADIO_TJRN_26_01_2026_B4_TJRN_E_TRE_PROCEDIMENTOS_CERTIDOES_NJUD_1913_CORPO.mp3,26/01/2026,1797,conflito_njud_existe
F:\Projetos\DIVISOR\data\processed\JORNAIS_DIVIDIDOS_JUN_JUL_AGO_2026\BOLETIM_RADIO_TJRN_26_02_2026_B10_INDENIZACAO_ATRASO_GARRAFA_VINHO_CABECA.mp3,26/02/2026,1818,conflito_njud_existe
F:\Projetos\DIVISOR\data\processed\JORNAIS_DIVIDIDOS_JUN_JUL_AGO_2026\BOLETIM_RADIO_TJRN_26_02_2026_B10_INDENIZACAO_ATRASO_GARRAFA_VINHO_CORPO.mp3,26/02/2026,1818,conflito_njud_existe
F:\Projetos\DIVISOR\data\processed\JORNAIS_DIVIDIDOS_JUN_JUL_AGO_2026\BOLETIM_RADIO_TJRN_26_02_2026_B1_CONDENACAO_COLISAO_TRASEIRA_NJUD_1914_CABECA.mp3,26/02/2026,1818,conflito_njud_existe
F:\Projetos\DIVISOR\data\processed\JORNAIS_DIVIDIDOS_JUN_JUL_AGO_2026\BOLETIM_RADIO_TJRN_26_02_2026_B1_CONDENACAO_COLISAO_TRASEIRA_NJUD_1914_CORPO.mp3,26/02/2026,1818,conflito_njud_existe
F:\Projetos\DIVISOR\data\processed\JORNAIS_DIVIDIDOS_JUN_JUL_AGO_2026\BOLETIM_RADIO_TJRN_26_02_2026_B1_TJRN_JUIZ_ALCEU_NOVO_DESEMBARGADOR__CABECA.mp3,26/02/2026,1818,conflito_njud_existe
F:\Projetos\DIVISOR\data\processed\JORNAIS_DIVIDIDOS_JUN_JUL_AGO_2026\BOLETIM_RADIO_TJRN_26_02_2026_B1_TJRN_JUIZ_ALCEU_NOVO_DESEMBARGADOR__CORPO.mp3,26/02/2026,1818,conflito_njud_existe
F:\Projetos\DIVISOR\data\processed\JORNAIS_DIVIDIDOS_JUN_JUL_AGO_2026\BOLETIM_RADIO_TJRN_26_02_2026_B2_CURSO_PREVENCAO_ASSEDIO_NJUD_1915_CABECA.mp3,26/02/2026,1818,conflito_njud_existe
F:\Projetos\DIVISOR\data\processed\JORNAIS_DIVIDIDOS_JUN_JUL_AGO_2026\BOLETIM_RADIO_TJRN_26_02_2026_B2_CURSO_PREVENCAO_ASSEDIO_NJUD_1915_CORPO.mp3,26/02/2026,1818,conflito_njud_existe
F:\Projetos\DIVISOR\data\processed\JORNAIS_DIVIDIDOS_JUN_JUL_AGO_2026\BOLETIM_RADIO_TJRN_26_02_2026_B2_TJRN_PLANO_SAUDE_NEGAR_EXAME__CABECA.mp3,26/02/2026,1818,conflito_njud_existe
F:\Projetos\DIVISOR\data\processed\JORNAIS_DIVIDIDOS_JUN_JUL_AGO_2026\BOLETIM_RADIO_TJRN_26_02_2026_B2_TJRN_PLANO_SAUDE_NEGAR_EXAME__CORPO.mp3,26/02/2026,1818,conflito_njud_existe
F:\Projetos\DIVISOR\data\processed\JORNAIS_DIVIDIDOS_JUN_JUL_AGO_2026\BOLETIM_RADIO_TJRN_26_02_2026_B3_ECOPONTO_MIGUEL_SEABRA_CABECA.mp3,26/02/2026,1818,conflito_njud_existe
F:\Projetos\DIVISOR\data\processed\JORNAIS_DIVIDIDOS_JUN_JUL_AGO_2026\BOLETIM_RADIO_TJRN_26_02_2026_B3_ECOPONTO_MIGUEL_SEABRA_CORPO.mp3,26/02/2026,1818,conflito_njud_existe
F:\Projetos\DIVISOR\data\processed\JORNAIS_DIVIDIDOS_JUN_JUL_AGO_2026\BOLETIM_RADIO_TJRN_26_02_2026_B3_TJRN_CONSUMIDORA_INDENIZADA_GELADEIRA_DEFEITO__CABECA.mp3,26/02/2026,1818,conflito_njud_existe
F:\Projetos\DIVISOR\data\processed\JORNAIS_DIVIDIDOS_JUN_JUL_AGO_2026\BOLETIM_RADIO_TJRN_26_02_2026_B3_TJRN_CONSUMIDORA_INDENIZADA_GELADEIRA_DEFEITO__CORPO.mp3,26/02/2026,1818,conflito_njud_existe
F:\Projetos\DIVISOR\data\processed\JORNAIS_DIVIDIDOS_JUN_JUL_AGO_2026\BOLETIM_RADIO_TJRN_26_02_2026_B4_DESATIVACAO_CONTA_MOTORISTA_NJUD_1914_CABECA.mp3,26/02/2026,1818,conflito_njud_existe
F:\Projetos\DIVISOR\data\processed\JORNAIS_DIVIDIDOS_JUN_JUL_AGO_2026\BOLETIM_RADIO_TJRN_26_02_2026_B4_DESATIVACAO_CONTA_MOTORISTA_NJUD_1914_CORPO.mp3,26/02/2026,1818,conflito_njud_existe
F:\Projetos\DIVISOR\data\processed\JORNAIS_DIVIDIDOS_JUN_JUL_AGO_2026\BOLETIM_RADIO_TJRN_26_08_2026_B10_TRTRN_FEIRART__CABECA.mp3,26/08/2026,1943,conflito_njud_existe
F:\Projetos\DIVISOR\data\processed\JORNAIS_DIVIDIDOS_JUN_JUL_AGO_2026\BOLETIM_RADIO_TJRN_26_08_2026_B10_TRTRN_FEIRART__CORPO.mp3,26/08/2026,1943,conflito_njud_existe
F:\Projetos\DIVISOR\data\processed\JORNAIS_DIVIDIDOS_JUN_JUL_AGO_2026\BOLETIM_RADIO_TJRN_26_08_2026_B10_TRTRN_SUPERA_META_CABECA.mp3,26/08/2026,1943,conflito_njud_existe
F:\Projetos\DIVISOR\data\processed\JORNAIS_DIVIDIDOS_JUN_JUL_AGO_2026\BOLETIM_RADIO_TJRN_26_08_2026_B10_TRTRN_SUPERA_META_CORPO.mp3,26/08/2026,1943,conflito_njud_existe
F:\Projetos\DIVISOR\data\processed\JORNAIS_DIVIDIDOS_JUN_JUL_AGO_2026\BOLETIM_RADIO_TJRN_26_08_2026_B1_RESPONSAVEL_INTERINO_MARCELINO_VIEIRA_CABECA.mp3,26/08/2026,1943,conflito_njud_existe
F:\Projetos\DIVISOR\data\processed\JORNAIS_DIVIDIDOS_JUN_JUL_AGO_2026\BOLETIM_RADIO_TJRN_26_08_2026_B1_RESPONSAVEL_INTERINO_MARCELINO_VIEIRA_CORPO.mp3,26/08/2026,1943,conflito_njud_existe
F:\Projetos\DIVISOR\data\processed\JORNAIS_DIVIDIDOS_JUN_JUL_AGO_2026\BOLETIM_RADIO_TJRN_26_08_2026_B1_TJRN_VARA_FAMILIA_ESTAGIO_RESULTADO_CABECA.mp3,26/08/2026,1943,conflito_njud_existe
F:\Projetos\DIVISOR\data\processed\JORNAIS_DIVIDIDOS_JUN_JUL_AGO_2026\BOLETIM_RADIO_TJRN_26_08_2026_B1_TJRN_VARA_FAMILIA_ESTAGIO_RESULTADO_CORPO.mp3,26/08/2026,1943,conflito_njud_existe
F:\Projetos\DIVISOR\data\processed\JORNAIS_DIVIDIDOS_JUN_JUL_AGO_2026\BOLETIM_RADIO_TJRN_26_08_2026_B2_PESQUISA_JURISPRUDENCIA_INTERAMERICANA_NJUD_CABECA.mp3,26/08/2026,1943,conflito_njud_existe
F:\Projetos\DIVISOR\data\processed\JORNAIS_DIVIDIDOS_JUN_JUL_AGO_2026\BOLETIM_RADIO_TJRN_26_08_2026_B2_PESQUISA_JURISPRUDENCIA_INTERAMERICANA_NJUD_CORPO.mp3,26/08/2026,1943,conflito_njud_existe
F:\Projetos\DIVISOR\data\processed\JORNAIS_DIVIDIDOS_JUN_JUL_AGO_2026\BOLETIM_RADIO_TJRN_26_08_2026_B2_TJRN_MANTEM_COBRANCA_MULTA_BANCO_NJUD_1918_CABECA.mp3,26/08/2026,1943,conflito_njud_existe
F:\Projetos\DIVISOR\data\processed\JORNAIS_DIVIDIDOS_JUN_JUL_AGO_2026\BOLETIM_RADIO_TJRN_26_08_2026_B2_TJRN_MANTEM_COBRANCA_MULTA_BANCO_NJUD_1918_CORPO.mp3,26/08/2026,1943,conflito_njud_existe
F:\Projetos\DIVISOR\data\processed\JORNAIS_DIVIDIDOS_JUN_JUL_AGO_2026\BOLETIM_RADIO_TJRN_26_08_2026_B3_INDENIZACAO_FRAUDE_TELEFONIA_NJUD__CABECA.mp3,26/08/2026,1943,conflito_njud_existe
F:\Projetos\DIVISOR\data\processed\JORNAIS_DIVIDIDOS_JUN_JUL_AGO_2026\BOLETIM_RADIO_TJRN_26_08_2026_B3_INDENIZACAO_FRAUDE_TELEFONIA_NJUD__CORPO.mp3,26/08/2026,1943,conflito_njud_existe
F:\Projetos\DIVISOR\data\processed\JORNAIS_DIVIDIDOS_JUN_JUL_AGO_2026\BOLETIM_RADIO_TJRN_26_08_2026_B3_TJRN_PLATAFORMA_ENSINO_INDENIZACAO_NJUD_1918_CABECA.mp3,26/08/2026,1943,conflito_njud_existe
F:\Projetos\DIVISOR\data\processed\JORNAIS_DIVIDIDOS_JUN_JUL_AGO_2026\BOLETIM_RADIO_TJRN_26_08_2026_B3_TJRN_PLATAFORMA_ENSINO_INDENIZACAO_NJUD_1918_CORPO.mp3,26/08/2026,1943,conflito_njud_existe
